{"player": {"id": 15606, "objectId": 54537, "name": "KJ Martin", "longName": "Katey Martin", "mobileName": "Martin", "indexName": "Martin, KJ", "battingName": "KJ Martin", "fieldingName": "Martin", "slug": "katey-martin", "gender": "F", "playingRole": "wicketkeeper batter", "battingStyles": ["rhb"], "bowlingStyles": [], "longBattingStyles": ["right-hand bat"], "longBowlingStyles": [], "image": {"id": 305778, "objectId": 1225735, "slug": "katey-martin-portrait", "url": "/db/PICTURES/CMS/305700/305778.png", "width": 160, "height": 202, "caption": "Katey Martin portrait", "longCaption": "Katey Martin portrait, June 2020", "credit": "Getty Images", "photographer": null, "peerUrls": null}, "countryTeamId": 5, "playingRoleType": "WK", "playingRoles": ["wicketkeeper batter"], "dateOfBirth": {"year": 1985, "month": 2, "date": 7}, "dateOfDeath": null, "fullName": "Katey Jane Martin", "nickNames": "", "alsoKnownAs": "", "height": 0, "heightUnit": null, "education": "", "country": {"id": 5, "objectId": 5, "name": "New Zealand", "shortName": "New Zealand", "image": {"id": 313127, "objectId": 1241586, "slug": "new-zealand-logo", "url": "/db/PICTURES/CMS/313100/313127.logo.png", "width": 500, "height": 500, "caption": "New Zealand logo", "longCaption": "New Zealand logo", "credit": null, "photographer": null, "peerUrls": null}}, "altCountryTeamId": null, "placeOfBirth": "Dunedin, Otago", "dobText": null, "dodText": null, "placeOfDeath": "", "intlCareerSpan": "2003 - 2021", "headshotImage": {"id": 320541, "objectId": 1261424, "slug": "katey-martin-player-page-headshot-cutout-2021", "url": "/db/PICTURES/CMS/320500/320541.png", "width": 600, "height": 436, "caption": "Katey Martin player page headshot cutout, 2021", "longCaption": "Katey Martin player page headshot cutout, 2021", "credit": null, "photographer": null, "peerUrls": {"FILM": null, "WIDE": null, "SQUARE": "/db/PICTURES/CMS/320500/320541.square.png"}}, "backgroundImage": {"id": 309733, "objectId": 1233898, "slug": "katey-martin-hits-one-off-the-middle-of-the-bat", "url": "/db/PICTURES/CMS/309700/309733.jpg", "width": 1400, "height": 868, "caption": "Katey Martin hits one off the middle of the bat", "longCaption": "Katey Martin hits one off the middle of the bat, Australia v New Zealand, 3rd women's T20I, Allan Border Field, September 30, 2020", "credit": "Getty Images", "photographer": null, "peerUrls": {"FILM": "/db/PICTURES/CMS/309700/309733.14.jpg", "WIDE": "/db/PICTURES/CMS/309700/309733.jpg", "SQUARE": "/db/PICTURES/CMS/309700/309733.10.jpg"}}, "externalLinks": [], "fieldingStyles": ["wicketkeeper"], "otherStyles": [], "matchPlayerTypes": [1], "hasRecords": true, "hasStats": true, "hasMatches": true, "totalStories": 13, "totalVideos": 0, "totalImages": 10}, "teams": [{"team": {"id": 2614, "objectId": 2563, "scribeId": 2563, "slug": "new-zealand-women", "name": "NZ Women", "longName": "New Zealand Women", "abbreviation": "NZ-W", "isCountry": false, "primaryColor": null, "image": {"id": 313335, "objectId": 1241794, "slug": "new-zealand-women-logo", "url": "/db/PICTURES/CMS/313300/313335.logo.png", "width": 500, "height": 500, "caption": "New Zealand Women logo", "longCaption": "New Zealand Women logo", "credit": null, "photographer": null, "peerUrls": null}}, "current": false}, {"team": {"id": 2627, "objectId": 2576, "scribeId": 2576, "slug": "otago-women", "name": "Otago Women", "longName": "Otago Women", "abbreviation": "OTG-W", "isCountry": false, "primaryColor": null, "image": null}, "current": false}]}