{"summary": {"recordClassId": 2, "type": "BOWLING", "groups": [{"type": "CAREER_AVERAGES", "stats": [{"bl": null, "tt": "overview", "sp": "2006-2021", "mt": 233, "in": 4, "pr": null, "ov": 7, "cd": 35, "md": 0, "wk": 0, "fwk": 0, "fw": 0, "tw": 0, "bbi": null, "bbm": null, "bwa": null, "bwe": 5, "bwsr": null}]}, {"type": "OPPOSITION_TEAM", "stats": [{"bl": null, "tt": "vs Afghanistan", "sp": "2015-2019", "mt": 2, "in": null, "pr": "opposition=40", "ov": null, "cd": null, "md": null, "wk": null, "fwk": null, "fw": null, "tw": null, "bbi": null, "bbm": null, "bwa": null, "bwe": null, "bwsr": null}, {"bl": null, "tt": "vs Australia", "sp": "2007-2020", "mt": 30, "in": 1, "pr": "opposition=2", "ov": 2, "cd": 16, "md": 0, "wk": 0, "fwk": 0, "fw": 0, "tw": 0, "bbi": null, "bbm": null, "bwa": null, "bwe": 8, "bwsr": null}, {"bl": null, "tt": "vs Bangladesh", "sp": "2007-2021", "mt": 25, "in": 2, "pr": "opposition=25", "ov": 3, "cd": 5, "md": 0, "wk": 0, "fwk": 0, "fw": 0, "tw": 0, "bbi": null, "bbm": null, "bwa": null, "bwe": 1.66, "bwsr": null}, {"bl": null, "tt": "vs Canada", "sp": "2011-2011", "mt": 1, "in": null, "pr": "opposition=17", "ov": null, "cd": null, "md": null, "wk": null, "fwk": null, "fw": null, "tw": null, "bbi": null, "bbm": null, "bwa": null, "bwe": null, "bwsr": null}, {"bl": null, "tt": "vs England", "sp": "2007-2019", "mt": 35, "in": 1, "pr": "opposition=1", "ov": 2, "cd": 14, "md": 0, "wk": 0, "fwk": 0, "fw": 0, "tw": 0, "bbi": null, "bbm": null, "bwa": null, "bwe": 7, "bwsr": null}, {"bl": null, "tt": "vs India", "sp": "2009-2020", "mt": 35, "in": null, "pr": "opposition=6", "ov": null, "cd": null, "md": null, "wk": null, "fwk": null, "fw": null, "tw": null, "bbi": null, "bbm": null, "bwa": null, "bwe": null, "bwsr": null}, {"bl": null, "tt": "vs Ireland", "sp": "2008-2017", "mt": 3, "in": null, "pr": "opposition=29", "ov": null, "cd": null, "md": null, "wk": null, "fwk": null, "fw": null, "tw": null, "bbi": null, "bbm": null, "bwa": null, "bwe": null, "bwsr": null}, {"bl": null, "tt": "vs Kenya", "sp": "2007-2011", "mt": 2, "in": null, "pr": "opposition=26", "ov": null, "cd": null, "md": null, "wk": null, "fwk": null, "fw": null, "tw": null, "bbi": null, "bbm": null, "bwa": null, "bwe": null, "bwsr": null}, {"bl": null, "tt": "vs Pakistan", "sp": "2009-2019", "mt": 27, "in": null, "pr": "opposition=7", "ov": null, "cd": null, "md": null, "wk": null, "fwk": null, "fw": null, "tw": null, "bbi": null, "bbm": null, "bwa": null, "bwe": null, "bwsr": null}, {"bl": null, "tt": "vs Scotland", "sp": "2008-2015", "mt": 2, "in": null, "pr": "opposition=30", "ov": null, "cd": null, "md": null, "wk": null, "fwk": null, "fw": null, "tw": null, "bbi": null, "bbm": null, "bwa": null, "bwe": null, "bwsr": null}, {"bl": null, "tt": "vs South Africa", "sp": "2007-2019", "mt": 13, "in": null, "pr": "opposition=3", "ov": null, "cd": null, "md": null, "wk": null, "fwk": null, "fw": null, "tw": null, "bbi": null, "bbm": null, "bwa": null, "bwe": null, "bwsr": null}, {"bl": null, "tt": "vs Sri Lanka", "sp": "2006-2019", "mt": 34, "in": null, "pr": "opposition=8", "ov": null, "cd": null, "md": null, "wk": null, "fwk": null, "fw": null, "tw": null, "bbi": null, "bbm": null, "bwa": null, "bwe": null, "bwsr": null}, {"bl": null, "tt": "vs West Indies", "sp": "2006-2019", "mt": 18, "in": null, "pr": "opposition=4", "ov": null, "cd": null, "md": null, "wk": null, "fwk": null, "fw": null, "tw": null, "bbi": null, "bbm": null, "bwa": null, "bwe": null, "bwsr": null}, {"bl": null, "tt": "vs Zimbabwe", "sp": "2011-2015", "mt": 6, "in": null, "pr": "opposition=9", "ov": null, "cd": null, "md": null, "wk": null, "fwk": null, "fw": null, "tw": null, "bbi": null, "bbm": null, "bwa": null, "bwe": null, "bwsr": null}]}, {"type": "HOST_COUNTRY", "stats": [{"bl": null, "tt": "in Australia", "sp": "2007-2020", "mt": 18, "in": 1, "pr": "host=2", "ov": 2, "cd": 16, "md": 0, "wk": 0, "fwk": 0, "fw": 0, "tw": 0, "bbi": null, "bbm": null, "bwa": null, "bwe": 8, "bwsr": null}, {"bl": null, "tt": "in Bangladesh", "sp": "2008-2013", "mt": 11, "in": 1, "pr": "host=25", "ov": 2, "cd": 3, "md": 0, "wk": 0, "fwk": 0, "fw": 0, "tw": 0, "bbi": null, "bbm": null, "bwa": null, "bwe": 1.5, "bwsr": null}, {"bl": null, "tt": "in England", "sp": "2008-2019", "mt": 29, "in": 1, "pr": "host=1", "ov": 2, "cd": 14, "md": 0, "wk": 0, "fwk": 0, "fw": 0, "tw": 0, "bbi": null, "bbm": null, "bwa": null, "bwe": 7, "bwsr": null}, {"bl": null, "tt": "in India", "sp": "2010-2017", "mt": 18, "in": null, "pr": "host=6", "ov": null, "cd": null, "md": null, "wk": null, "fwk": null, "fw": null, "tw": null, "bbi": null, "bbm": null, "bwa": null, "bwe": null, "bwsr": null}, {"bl": null, "tt": "in Ireland", "sp": "2017-2017", "mt": 4, "in": null, "pr": "host=29", "ov": null, "cd": null, "md": null, "wk": null, "fwk": null, "fw": null, "tw": null, "bbi": null, "bbm": null, "bwa": null, "bwe": null, "bwsr": null}, {"bl": null, "tt": "in New Zealand", "sp": "2006-2021", "mt": 107, "in": 1, "pr": "host=5", "ov": 1, "cd": 2, "md": 0, "wk": 0, "fwk": 0, "fw": 0, "tw": 0, "bbi": null, "bbm": null, "bwa": null, "bwe": 2, "bwsr": null}, {"bl": null, "tt": "in Scotland", "sp": "2008-2008", "mt": 2, "in": null, "pr": "host=30", "ov": null, "cd": null, "md": null, "wk": null, "fwk": null, "fw": null, "tw": null, "bbi": null, "bbm": null, "bwa": null, "bwe": null, "bwsr": null}, {"bl": null, "tt": "in South Africa", "sp": "2007-2009", "mt": 8, "in": null, "pr": "host=3", "ov": null, "cd": null, "md": null, "wk": null, "fwk": null, "fw": null, "tw": null, "bbi": null, "bbm": null, "bwa": null, "bwe": null, "bwsr": null}, {"bl": null, "tt": "in Sri Lanka", "sp": "2009-2012", "mt": 12, "in": null, "pr": "host=8", "ov": null, "cd": null, "md": null, "wk": null, "fwk": null, "fw": null, "tw": null, "bbi": null, "bbm": null, "bwa": null, "bwe": null, "bwsr": null}, {"bl": null, "tt": "in U.A.E.", "sp": "2009-2018", "mt": 11, "in": null, "pr": "host=27", "ov": null, "cd": null, "md": null, "wk": null, "fwk": null, "fw": null, "tw": null, "bbi": null, "bbm": null, "bwa": null, "bwe": null, "bwsr": null}, {"bl": null, "tt": "in West Indies", "sp": "2007-2012", "mt": 8, "in": null, "pr": "host=4", "ov": null, "cd": null, "md": null, "wk": null, "fwk": null, "fw": null, "tw": null, "bbi": null, "bbm": null, "bwa": null, "bwe": null, "bwsr": null}, {"bl": null, "tt": "in Zimbabwe", "sp": "2011-2015", "mt": 5, "in": null, "pr": "host=9", "ov": null, "cd": null, "md": null, "wk": null, "fwk": null, "fw": null, "tw": null, "bbi": null, "bbm": null, "bwa": null, "bwe": null, "bwsr": null}]}, {"type": "CONTINENT", "stats": [{"bl": null, "tt": "in Africa", "sp": "2007-2015", "mt": 13, "in": null, "pr": "continent=1", "ov": null, "cd": null, "md": null, "wk": null, "fwk": null, "fw": null, "tw": null, "bbi": null, "bbm": null, "bwa": null, "bwe": null, "bwsr": null}, {"bl": null, "tt": "in Americas", "sp": "2007-2012", "mt": 8, "in": null, "pr": "continent=3", "ov": null, "cd": null, "md": null, "wk": null, "fwk": null, "fw": null, "tw": null, "bbi": null, "bbm": null, "bwa": null, "bwe": null, "bwsr": null}, {"bl": null, "tt": "in Asia", "sp": "2008-2018", "mt": 52, "in": 1, "pr": "continent=2", "ov": 2, "cd": 3, "md": 0, "wk": 0, "fwk": 0, "fw": 0, "tw": 0, "bbi": null, "bbm": null, "bwa": null, "bwe": 1.5, "bwsr": null}, {"bl": null, "tt": "in Europe", "sp": "2008-2019", "mt": 35, "in": 1, "pr": "continent=4", "ov": 2, "cd": 14, "md": 0, "wk": 0, "fwk": 0, "fw": 0, "tw": 0, "bbi": null, "bbm": null, "bwa": null, "bwe": 7, "bwsr": null}, {"bl": null, "tt": "in Oceania", "sp": "2006-2021", "mt": 125, "in": 2, "pr": "continent=5", "ov": 3, "cd": 18, "md": 0, "wk": 0, "fwk": 0, "fw": 0, "tw": 0, "bbi": null, "bbm": null, "bwa": null, "bwe": 6, "bwsr": null}]}, {"type": "HOME_OR_AWAY", "stats": [{"bl": null, "tt": "home", "sp": "2006-2021", "mt": 107, "in": 1, "pr": "home_or_away=1", "ov": 1, "cd": 2, "md": 0, "wk": 0, "fwk": 0, "fw": 0, "tw": 0, "bbi": null, "bbm": null, "bwa": null, "bwe": 2, "bwsr": null}, {"bl": null, "tt": "away", "sp": "2007-2020", "mt": 76, "in": 3, "pr": "home_or_away=2", "ov": 6, "cd": 33, "md": 0, "wk": 0, "fwk": 0, "fw": 0, "tw": 0, "bbi": null, "bbm": null, "bwa": null, "bwe": 5.5, "bwsr": null}, {"bl": null, "tt": "neutral", "sp": "2007-2019", "mt": 50, "in": null, "pr": "home_or_away=3", "ov": null, "cd": null, "md": null, "wk": null, "fwk": null, "fw": null, "tw": null, "bbi": null, "bbm": null, "bwa": null, "bwe": null, "bwsr": null}]}, {"type": "YEAR", "stats": [{"bl": null, "tt": "year 2006", "sp": null, "mt": 4, "in": null, "pr": "year=2006", "ov": null, "cd": null, "md": null, "wk": null, "fwk": null, "fw": null, "tw": null, "bbi": null, "bbm": null, "bwa": null, "bwe": null, "bwsr": null}, {"bl": null, "tt": "year 2007", "sp": null, "mt": 29, "in": 2, "pr": "year=2007", "ov": 3, "cd": 18, "md": 0, "wk": 0, "fwk": 0, "fw": 0, "tw": 0, "bbi": null, "bbm": null, "bwa": null, "bwe": 6, "bwsr": null}, {"bl": null, "tt": "year 2008", "sp": null, "mt": 16, "in": 1, "pr": "year=2008", "ov": 2, "cd": 14, "md": 0, "wk": 0, "fwk": 0, "fw": 0, "tw": 0, "bbi": null, "bbm": null, "bwa": null, "bwe": 7, "bwsr": null}, {"bl": null, "tt": "year 2009", "sp": null, "mt": 24, "in": null, "pr": "year=2009", "ov": null, "cd": null, "md": null, "wk": null, "fwk": null, "fw": null, "tw": null, "bbi": null, "bbm": null, "bwa": null, "bwe": null, "bwsr": null}, {"bl": null, "tt": "year 2010", "sp": null, "mt": 20, "in": 1, "pr": "year=2010", "ov": 2, "cd": 3, "md": 0, "wk": 0, "fwk": 0, "fw": 0, "tw": 0, "bbi": null, "bbm": null, "bwa": null, "bwe": 1.5, "bwsr": null}, {"bl": null, "tt": "year 2011", "sp": null, "mt": 17, "in": null, "pr": "year=2011", "ov": null, "cd": null, "md": null, "wk": null, "fwk": null, "fw": null, "tw": null, "bbi": null, "bbm": null, "bwa": null, "bwe": null, "bwsr": null}, {"bl": null, "tt": "year 2012", "sp": null, "mt": 6, "in": null, "pr": "year=2012", "ov": null, "cd": null, "md": null, "wk": null, "fwk": null, "fw": null, "tw": null, "bbi": null, "bbm": null, "bwa": null, "bwe": null, "bwsr": null}, {"bl": null, "tt": "year 2013", "sp": null, "mt": 13, "in": null, "pr": "year=2013", "ov": null, "cd": null, "md": null, "wk": null, "fwk": null, "fw": null, "tw": null, "bbi": null, "bbm": null, "bwa": null, "bwe": null, "bwsr": null}, {"bl": null, "tt": "year 2014", "sp": null, "mt": 13, "in": null, "pr": "year=2014", "ov": null, "cd": null, "md": null, "wk": null, "fwk": null, "fw": null, "tw": null, "bbi": null, "bbm": null, "bwa": null, "bwe": null, "bwsr": null}, {"bl": null, "tt": "year 2015", "sp": null, "mt": 27, "in": null, "pr": "year=2015", "ov": null, "cd": null, "md": null, "wk": null, "fwk": null, "fw": null, "tw": null, "bbi": null, "bbm": null, "bwa": null, "bwe": null, "bwsr": null}, {"bl": null, "tt": "year 2016", "sp": null, "mt": 7, "in": null, "pr": "year=2016", "ov": null, "cd": null, "md": null, "wk": null, "fwk": null, "fw": null, "tw": null, "bbi": null, "bbm": null, "bwa": null, "bwe": null, "bwsr": null}, {"bl": null, "tt": "year 2017", "sp": null, "mt": 20, "in": null, "pr": "year=2017", "ov": null, "cd": null, "md": null, "wk": null, "fwk": null, "fw": null, "tw": null, "bbi": null, "bbm": null, "bwa": null, "bwe": null, "bwsr": null}, {"bl": null, "tt": "year 2018", "sp": null, "mt": 11, "in": null, "pr": "year=2018", "ov": null, "cd": null, "md": null, "wk": null, "fwk": null, "fw": null, "tw": null, "bbi": null, "bbm": null, "bwa": null, "bwe": null, "bwsr": null}, {"bl": null, "tt": "year 2019", "sp": null, "mt": 21, "in": null, "pr": "year=2019", "ov": null, "cd": null, "md": null, "wk": null, "fwk": null, "fw": null, "tw": null, "bbi": null, "bbm": null, "bwa": null, "bwe": null, "bwsr": null}, {"bl": null, "tt": "year 2020", "sp": null, "mt": 4, "in": null, "pr": "year=2020", "ov": null, "cd": null, "md": null, "wk": null, "fwk": null, "fw": null, "tw": null, "bbi": null, "bbm": null, "bwa": null, "bwe": null, "bwsr": null}, {"bl": null, "tt": "year 2021", "sp": null, "mt": 1, "in": null, "pr": "year=2021", "ov": null, "cd": null, "md": null, "wk": null, "fwk": null, "fw": null, "tw": null, "bbi": null, "bbm": null, "bwa": null, "bwe": null, "bwsr": null}]}, {"type": "SEASON", "stats": [{"bl": null, "tt": "season 2005/06", "sp": null, "mt": 2, "in": null, "pr": "season=2005/06", "ov": null, "cd": null, "md": null, "wk": null, "fwk": null, "fw": null, "tw": null, "bbi": null, "bbm": null, "bwa": null, "bwe": null, "bwsr": null}, {"bl": null, "tt": "season 2006/07", "sp": null, "mt": 22, "in": 1, "pr": "season=2006/07", "ov": 2, "cd": 16, "md": 0, "wk": 0, "fwk": 0, "fw": 0, "tw": 0, "bbi": null, "bbm": null, "bwa": null, "bwe": 8, "bwsr": null}, {"bl": null, "tt": "season 2007/08", "sp": null, "mt": 14, "in": 1, "pr": "season=2007/08", "ov": 1, "cd": 2, "md": 0, "wk": 0, "fwk": 0, "fw": 0, "tw": 0, "bbi": null, "bbm": null, "bwa": null, "bwe": 2, "bwsr": null}, {"bl": null, "tt": "season 2008", "sp": null, "mt": 7, "in": 1, "pr": "season=2008", "ov": 2, "cd": 14, "md": 0, "wk": 0, "fwk": 0, "fw": 0, "tw": 0, "bbi": null, "bbm": null, "bwa": null, "bwe": 7, "bwsr": null}, {"bl": null, "tt": "season 2008/09", "sp": null, "mt": 18, "in": null, "pr": "season=2008/09", "ov": null, "cd": null, "md": null, "wk": null, "fwk": null, "fw": null, "tw": null, "bbi": null, "bbm": null, "bwa": null, "bwe": null, "bwsr": null}, {"bl": null, "tt": "season 2009", "sp": null, "mt": 2, "in": null, "pr": "season=2009", "ov": null, "cd": null, "md": null, "wk": null, "fwk": null, "fw": null, "tw": null, "bbi": null, "bbm": null, "bwa": null, "bwe": null, "bwsr": null}, {"bl": null, "tt": "season 2009/10", "sp": null, "mt": 15, "in": null, "pr": "season=2009/10", "ov": null, "cd": null, "md": null, "wk": null, "fwk": null, "fw": null, "tw": null, "bbi": null, "bbm": null, "bwa": null, "bwe": null, "bwsr": null}, {"bl": null, "tt": "season 2010", "sp": null, "mt": 4, "in": null, "pr": "season=2010", "ov": null, "cd": null, "md": null, "wk": null, "fwk": null, "fw": null, "tw": null, "bbi": null, "bbm": null, "bwa": null, "bwe": null, "bwsr": null}, {"bl": null, "tt": "season 2010/11", "sp": null, "mt": 23, "in": 1, "pr": "season=2010/11", "ov": 2, "cd": 3, "md": 0, "wk": 0, "fwk": 0, "fw": 0, "tw": 0, "bbi": null, "bbm": null, "bwa": null, "bwe": 1.5, "bwsr": null}, {"bl": null, "tt": "season 2011/12", "sp": null, "mt": 3, "in": null, "pr": "season=2011/12", "ov": null, "cd": null, "md": null, "wk": null, "fwk": null, "fw": null, "tw": null, "bbi": null, "bbm": null, "bwa": null, "bwe": null, "bwsr": null}, {"bl": null, "tt": "season 2012", "sp": null, "mt": 2, "in": null, "pr": "season=2012", "ov": null, "cd": null, "md": null, "wk": null, "fwk": null, "fw": null, "tw": null, "bbi": null, "bbm": null, "bwa": null, "bwe": null, "bwsr": null}, {"bl": null, "tt": "season 2012/13", "sp": null, "mt": 7, "in": null, "pr": "season=2012/13", "ov": null, "cd": null, "md": null, "wk": null, "fwk": null, "fw": null, "tw": null, "bbi": null, "bbm": null, "bwa": null, "bwe": null, "bwsr": null}, {"bl": null, "tt": "season 2013", "sp": null, "mt": 6, "in": null, "pr": "season=2013", "ov": null, "cd": null, "md": null, "wk": null, "fwk": null, "fw": null, "tw": null, "bbi": null, "bbm": null, "bwa": null, "bwe": null, "bwsr": null}, {"bl": null, "tt": "season 2013/14", "sp": null, "mt": 12, "in": null, "pr": "season=2013/14", "ov": null, "cd": null, "md": null, "wk": null, "fwk": null, "fw": null, "tw": null, "bbi": null, "bbm": null, "bwa": null, "bwe": null, "bwsr": null}, {"bl": null, "tt": "season 2014/15", "sp": null, "mt": 22, "in": null, "pr": "season=2014/15", "ov": null, "cd": null, "md": null, "wk": null, "fwk": null, "fw": null, "tw": null, "bbi": null, "bbm": null, "bwa": null, "bwe": null, "bwsr": null}, {"bl": null, "tt": "season 2015", "sp": null, "mt": 7, "in": null, "pr": "season=2015", "ov": null, "cd": null, "md": null, "wk": null, "fwk": null, "fw": null, "tw": null, "bbi": null, "bbm": null, "bwa": null, "bwe": null, "bwsr": null}, {"bl": null, "tt": "season 2015/16", "sp": null, "mt": 5, "in": null, "pr": "season=2015/16", "ov": null, "cd": null, "md": null, "wk": null, "fwk": null, "fw": null, "tw": null, "bbi": null, "bbm": null, "bwa": null, "bwe": null, "bwsr": null}, {"bl": null, "tt": "season 2016/17", "sp": null, "mt": 12, "in": null, "pr": "season=2016/17", "ov": null, "cd": null, "md": null, "wk": null, "fwk": null, "fw": null, "tw": null, "bbi": null, "bbm": null, "bwa": null, "bwe": null, "bwsr": null}, {"bl": null, "tt": "season 2017", "sp": null, "mt": 7, "in": null, "pr": "season=2017", "ov": null, "cd": null, "md": null, "wk": null, "fwk": null, "fw": null, "tw": null, "bbi": null, "bbm": null, "bwa": null, "bwe": null, "bwsr": null}, {"bl": null, "tt": "season 2017/18", "sp": null, "mt": 14, "in": null, "pr": "season=2017/18", "ov": null, "cd": null, "md": null, "wk": null, "fwk": null, "fw": null, "tw": null, "bbi": null, "bbm": null, "bwa": null, "bwe": null, "bwsr": null}, {"bl": null, "tt": "season 2018/19", "sp": null, "mt": 14, "in": null, "pr": "season=2018/19", "ov": null, "cd": null, "md": null, "wk": null, "fwk": null, "fw": null, "tw": null, "bbi": null, "bbm": null, "bwa": null, "bwe": null, "bwsr": null}, {"bl": null, "tt": "season 2019", "sp": null, "mt": 10, "in": null, "pr": "season=2019", "ov": null, "cd": null, "md": null, "wk": null, "fwk": null, "fw": null, "tw": null, "bbi": null, "bbm": null, "bwa": null, "bwe": null, "bwsr": null}, {"bl": null, "tt": "season 2019/20", "sp": null, "mt": 4, "in": null, "pr": "season=2019/20", "ov": null, "cd": null, "md": null, "wk": null, "fwk": null, "fw": null, "tw": null, "bbi": null, "bbm": null, "bwa": null, "bwe": null, "bwsr": null}, {"bl": null, "tt": "season 2020/21", "sp": null, "mt": 1, "in": null, "pr": "season=2020/21", "ov": null, "cd": null, "md": null, "wk": null, "fwk": null, "fw": null, "tw": null, "bbi": null, "bbm": null, "bwa": null, "bwe": null, "bwsr": null}]}, {"type": "CAPTAINS_INVOLVED", "stats": [{"bl": null, "tt": "*SP Fleming", "sp": "2006-2007", "mt": 21, "in": 1, "pr": "captain_involve=2121", "ov": 2, "cd": 16, "md": 0, "wk": 0, "fwk": 0, "fw": 0, "tw": 0, "bbi": null, "bbm": null, "bwa": null, "bwe": 8, "bwsr": null}, {"bl": null, "tt": "*TWM Latham", "sp": "2017-2021", "mt": 11, "in": null, "pr": "captain_involve=59148", "ov": null, "cd": null, "md": null, "wk": null, "fwk": null, "fw": null, "tw": null, "bbi": null, "bbm": null, "bwa": null, "bwe": null, "bwsr": null}, {"bl": null, "tt": "*BB McCullum", "sp": "2009-2015", "mt": 45, "in": null, "pr": "captain_involve=10384", "ov": null, "cd": null, "md": null, "wk": null, "fwk": null, "fw": null, "tw": null, "bbi": null, "bbm": null, "bwa": null, "bwe": null, "bwsr": null}, {"bl": null, "tt": "*KD Mills", "sp": "2013-2013", "mt": 1, "in": null, "pr": "captain_involve=10303", "ov": null, "cd": null, "md": null, "wk": null, "fwk": null, "fw": null, "tw": null, "bbi": null, "bbm": null, "bwa": null, "bwe": null, "bwsr": null}, {"bl": null, "tt": "*TG Southee", "sp": "2018-2018", "mt": 1, "in": null, "pr": "captain_involve=49108", "ov": null, "cd": null, "md": null, "wk": null, "fwk": null, "fw": null, "tw": null, "bbi": null, "bbm": null, "bwa": null, "bwe": null, "bwsr": null}, {"bl": null, "tt": "*LRPL Taylor", "sp": "2010-2012", "mt": 20, "in": null, "pr": "captain_involve=44930", "ov": null, "cd": null, "md": null, "wk": null, "fwk": null, "fw": null, "tw": null, "bbi": null, "bbm": null, "bwa": null, "bwe": null, "bwsr": null}, {"bl": null, "tt": "*DL Vettori", "sp": "2006-2011", "mt": 73, "in": 3, "pr": "captain_involve=4380", "ov": 5, "cd": 19, "md": 0, "wk": 0, "fwk": 0, "fw": 0, "tw": 0, "bbi": null, "bbm": null, "bwa": null, "bwe": 3.8, "bwsr": null}, {"bl": null, "tt": "*KS Williamson", "sp": "2014-2020", "mt": 61, "in": null, "pr": "captain_involve=51088", "ov": null, "cd": null, "md": null, "wk": null, "fwk": null, "fw": null, "tw": null, "bbi": null, "bbm": null, "bwa": null, "bwe": null, "bwsr": null}]}, {"type": "CAPTAIN", "stats": [{"bl": null, "tt": "is captain", "sp": "2010-2012", "mt": 20, "in": null, "pr": "captain=1", "ov": null, "cd": null, "md": null, "wk": null, "fwk": null, "fw": null, "tw": null, "bbi": null, "bbm": null, "bwa": null, "bwe": null, "bwsr": null}, {"bl": null, "tt": "is not captain", "sp": "2006-2021", "mt": 213, "in": 4, "pr": "captain=0", "ov": 7, "cd": 35, "md": 0, "wk": 0, "fwk": 0, "fw": 0, "tw": 0, "bbi": null, "bbm": null, "bwa": null, "bwe": 5, "bwsr": null}]}, {"type": "KEEPER", "stats": [{"bl": null, "tt": "is not keeper", "sp": "2006-2021", "mt": 233, "in": 4, "pr": "keeper=0", "ov": 7, "cd": 35, "md": 0, "wk": 0, "fwk": 0, "fw": 0, "tw": 0, "bbi": null, "bbm": null, "bwa": null, "bwe": 5, "bwsr": null}]}, {"type": "TOSS", "stats": [{"bl": null, "tt": "won the toss", "sp": "2006-2021", "mt": 118, "in": 2, "pr": "toss=1", "ov": 3, "cd": 16, "md": 0, "wk": 0, "fwk": 0, "fw": 0, "tw": 0, "bbi": null, "bbm": null, "bwa": null, "bwe": 5.33, "bwsr": null}, {"bl": null, "tt": "lost the toss", "sp": "2006-2020", "mt": 115, "in": 2, "pr": "toss=2", "ov": 4, "cd": 19, "md": 0, "wk": 0, "fwk": 0, "fw": 0, "tw": 0, "bbi": null, "bbm": null, "bwa": null, "bwe": 4.75, "bwsr": null}]}, {"type": "BATTING_FIELDING_SEQUENCE_AND_TOSS", "stats": [{"bl": null, "tt": "won toss &amp; batted", "sp": "2006-2021", "mt": 59, "in": 1, "pr": "batting_fielding_first=1;toss=1", "ov": 1, "cd": 2, "md": 0, "wk": 0, "fwk": 0, "fw": 0, "tw": 0, "bbi": null, "bbm": null, "bwa": null, "bwe": 2, "bwsr": null}, {"bl": null, "tt": "won toss &amp; fielded", "sp": "2006-2020", "mt": 59, "in": 1, "pr": "batting_fielding_first=2;toss=1", "ov": 2, "cd": 14, "md": 0, "wk": 0, "fwk": 0, "fw": 0, "tw": 0, "bbi": null, "bbm": null, "bwa": null, "bwe": 7, "bwsr": null}, {"bl": null, "tt": "lost toss &amp; sent in", "sp": "2006-2020", "mt": 59, "in": 1, "pr": "batting_fielding_first=1;toss=2", "ov": 2, "cd": 3, "md": 0, "wk": 0, "fwk": 0, "fw": 0, "tw": 0, "bbi": null, "bbm": null, "bwa": null, "bwe": 1.5, "bwsr": null}, {"bl": null, "tt": "lost toss &amp; fielded", "sp": "2007-2020", "mt": 56, "in": 1, "pr": "batting_fielding_first=2;toss=2", "ov": 2, "cd": 16, "md": 0, "wk": 0, "fwk": 0, "fw": 0, "tw": 0, "bbi": null, "bbm": null, "bwa": null, "bwe": 8, "bwsr": null}]}, {"type": "BATTING_FIELDING_SEQUENCE", "stats": [{"bl": null, "tt": "matches batting first", "sp": "2006-2021", "mt": 118, "in": 2, "pr": "batting_fielding_first=1", "ov": 3, "cd": 5, "md": 0, "wk": 0, "fwk": 0, "fw": 0, "tw": 0, "bbi": null, "bbm": null, "bwa": null, "bwe": 1.66, "bwsr": null}, {"bl": null, "tt": "matches fielding first", "sp": "2006-2020", "mt": 115, "in": 2, "pr": "batting_fielding_first=2", "ov": 4, "cd": 30, "md": 0, "wk": 0, "fwk": 0, "fw": 0, "tw": 0, "bbi": null, "bbm": null, "bwa": null, "bwe": 7.5, "bwsr": null}]}, {"type": "TEAM_INNINGS", "stats": [{"bl": null, "tt": "1st team innings", "sp": "2006-2021", "mt": 229, "in": 4, "pr": "innings_number=1;innings_number=2", "ov": 7, "cd": 35, "md": 0, "wk": 0, "fwk": 0, "fw": 0, "tw": 0, "bbi": null, "bbm": null, "bwa": null, "bwe": 5, "bwsr": null}]}, {"type": "MATCH_INNINGS", "stats": [{"bl": null, "tt": "1st match innings", "sp": "2006-2020", "mt": 114, "in": 2, "pr": "innings_number=1", "ov": 4, "cd": 30, "md": 0, "wk": 0, "fwk": 0, "fw": 0, "tw": 0, "bbi": null, "bbm": null, "bwa": null, "bwe": 7.5, "bwsr": null}, {"bl": null, "tt": "2nd match innings", "sp": "2006-2021", "mt": 115, "in": 2, "pr": "innings_number=2", "ov": 3, "cd": 5, "md": 0, "wk": 0, "fwk": 0, "fw": 0, "tw": 0, "bbi": null, "bbm": null, "bwa": null, "bwe": 1.66, "bwsr": null}]}, {"type": "FLOODLIT", "stats": [{"bl": null, "tt": "day match", "sp": "2006-2021", "mt": 104, "in": 3, "pr": "floodlit=1", "ov": 5, "cd": 19, "md": 0, "wk": 0, "fwk": 0, "fw": 0, "tw": 0, "bbi": null, "bbm": null, "bwa": null, "bwe": 3.8, "bwsr": null}, {"bl": null, "tt": "day/night match", "sp": "2006-2020", "mt": 129, "in": 1, "pr": "floodlit=2", "ov": 2, "cd": 16, "md": 0, "wk": 0, "fwk": 0, "fw": 0, "tw": 0, "bbi": null, "bbm": null, "bwa": null, "bwe": 8, "bwsr": null}]}, {"type": "RESULT", "stats": [{"bl": null, "tt": "won match", "sp": "2006-2021", "mt": 120, "in": 1, "pr": "result=1", "ov": 1, "cd": 2, "md": 0, "wk": 0, "fwk": 0, "fw": 0, "tw": 0, "bbi": null, "bbm": null, "bwa": null, "bwe": 2, "bwsr": null}, {"bl": null, "tt": "lost match", "sp": "2006-2020", "mt": 95, "in": 3, "pr": "result=2", "ov": 6, "cd": 33, "md": 0, "wk": 0, "fwk": 0, "fw": 0, "tw": 0, "bbi": null, "bbm": null, "bwa": null, "bwe": 5.5, "bwsr": null}, {"bl": null, "tt": "tied match", "sp": "2008-2019", "mt": 3, "in": null, "pr": "result=3", "ov": null, "cd": null, "md": null, "wk": null, "fwk": null, "fw": null, "tw": null, "bbi": null, "bbm": null, "bwa": null, "bwe": null, "bwsr": null}, {"bl": null, "tt": "no result", "sp": "2007-2018", "mt": 15, "in": null, "pr": "result=5", "ov": null, "cd": null, "md": null, "wk": null, "fwk": null, "fw": null, "tw": null, "bbi": null, "bbm": null, "bwa": null, "bwe": null, "bwsr": null}]}, {"type": "BATTING_FIELDING_SEQUENCE_AND_RESULT", "stats": [{"bl": null, "tt": "won batting first", "sp": "2006-2021", "mt": 56, "in": 1, "pr": "batting_fielding_first=1;result=1", "ov": 1, "cd": 2, "md": 0, "wk": 0, "fwk": 0, "fw": 0, "tw": 0, "bbi": null, "bbm": null, "bwa": null, "bwe": 2, "bwsr": null}, {"bl": null, "tt": "won fielding first", "sp": "2006-2020", "mt": 64, "in": null, "pr": "batting_fielding_first=2;result=1", "ov": null, "cd": null, "md": null, "wk": null, "fwk": null, "fw": null, "tw": null, "bbi": null, "bbm": null, "bwa": null, "bwe": null, "bwsr": null}, {"bl": null, "tt": "lost batting first", "sp": "2006-2019", "mt": 55, "in": 1, "pr": "batting_fielding_first=1;result=2", "ov": 2, "cd": 3, "md": 0, "wk": 0, "fwk": 0, "fw": 0, "tw": 0, "bbi": null, "bbm": null, "bwa": null, "bwe": 1.5, "bwsr": null}, {"bl": null, "tt": "lost fielding first", "sp": "2007-2020", "mt": 40, "in": 2, "pr": "batting_fielding_first=2;result=2", "ov": 4, "cd": 30, "md": 0, "wk": 0, "fwk": 0, "fw": 0, "tw": 0, "bbi": null, "bbm": null, "bwa": null, "bwe": 7.5, "bwsr": null}, {"bl": null, "tt": "tied batting first", "sp": "2014-2019", "mt": 2, "in": null, "pr": "batting_fielding_first=1;result=3", "ov": null, "cd": null, "md": null, "wk": null, "fwk": null, "fw": null, "tw": null, "bbi": null, "bbm": null, "bwa": null, "bwe": null, "bwsr": null}, {"bl": null, "tt": "tied fielding first", "sp": "2008-2008", "mt": 1, "in": null, "pr": "batting_fielding_first=2;result=3", "ov": null, "cd": null, "md": null, "wk": null, "fwk": null, "fw": null, "tw": null, "bbi": null, "bbm": null, "bwa": null, "bwe": null, "bwsr": null}, {"bl": null, "tt": "no result batting first", "sp": "2007-2017", "mt": 5, "in": null, "pr": "batting_fielding_first=1;result=5", "ov": null, "cd": null, "md": null, "wk": null, "fwk": null, "fw": null, "tw": null, "bbi": null, "bbm": null, "bwa": null, "bwe": null, "bwsr": null}, {"bl": null, "tt": "no result fielding first", "sp": "2007-2018", "mt": 10, "in": null, "pr": "batting_fielding_first=2;result=5", "ov": null, "cd": null, "md": null, "wk": null, "fwk": null, "fw": null, "tw": null, "bbi": null, "bbm": null, "bwa": null, "bwe": null, "bwsr": null}]}, {"type": "TOURNAMENT_TYPE", "stats": [{"bl": null, "tt": "2 team series", "sp": "2006-2021", "mt": 171, "in": 3, "pr": "tournament_type=2", "ov": 5, "cd": 19, "md": 0, "wk": 0, "fwk": 0, "fw": 0, "tw": 0, "bbi": null, "bbm": null, "bwa": null, "bwe": 3.8, "bwsr": null}, {"bl": null, "tt": "3-4 team tournaments", "sp": "2007-2017", "mt": 20, "in": 1, "pr": "tournament_type=3", "ov": 2, "cd": 16, "md": 0, "wk": 0, "fwk": 0, "fw": 0, "tw": 0, "bbi": null, "bbm": null, "bwa": null, "bwe": 8, "bwsr": null}, {"bl": null, "tt": "5+ team tournaments", "sp": "2007-2021", "mt": 45, "in": null, "pr": "tournament_type=5", "ov": null, "cd": null, "md": null, "wk": null, "fwk": null, "fw": null, "tw": null, "bbi": null, "bbm": null, "bwa": null, "bwe": null, "bwsr": null}]}, {"type": "MATCH_NUMBER", "stats": [{"bl": null, "tt": "only match in series", "sp": "2011-2015", "mt": 2, "in": null, "pr": "match_number=0", "ov": null, "cd": null, "md": null, "wk": null, "fwk": null, "fw": null, "tw": null, "bbi": null, "bbm": null, "bwa": null, "bwe": null, "bwsr": null}, {"bl": null, "tt": "1st match in series", "sp": "2006-2020", "mt": 41, "in": 1, "pr": "match_number=1", "ov": 2, "cd": 14, "md": 0, "wk": 0, "fwk": 0, "fw": 0, "tw": 0, "bbi": null, "bbm": null, "bwa": null, "bwe": 7, "bwsr": null}, {"bl": null, "tt": "2nd match in series", "sp": "2006-2020", "mt": 38, "in": 1, "pr": "match_number=2", "ov": 1, "cd": 2, "md": 0, "wk": 0, "fwk": 0, "fw": 0, "tw": 0, "bbi": null, "bbm": null, "bwa": null, "bwe": 2, "bwsr": null}, {"bl": null, "tt": "3rd match in series", "sp": "2007-2021", "mt": 40, "in": 1, "pr": "match_number=3", "ov": 2, "cd": 3, "md": 0, "wk": 0, "fwk": 0, "fw": 0, "tw": 0, "bbi": null, "bbm": null, "bwa": null, "bwe": 1.5, "bwsr": null}, {"bl": null, "tt": "4th match in series", "sp": "2006-2019", "mt": 24, "in": null, "pr": "match_number=4", "ov": null, "cd": null, "md": null, "wk": null, "fwk": null, "fw": null, "tw": null, "bbi": null, "bbm": null, "bwa": null, "bwe": null, "bwsr": null}, {"bl": null, "tt": "5th match in series", "sp": "2006-2019", "mt": 23, "in": null, "pr": "match_number=5", "ov": null, "cd": null, "md": null, "wk": null, "fwk": null, "fw": null, "tw": null, "bbi": null, "bbm": null, "bwa": null, "bwe": null, "bwsr": null}, {"bl": null, "tt": "6th match in series", "sp": "2011-2015", "mt": 2, "in": null, "pr": "match_number=6", "ov": null, "cd": null, "md": null, "wk": null, "fwk": null, "fw": null, "tw": null, "bbi": null, "bbm": null, "bwa": null, "bwe": null, "bwsr": null}, {"bl": null, "tt": "7th match in series", "sp": "2015-2015", "mt": 1, "in": null, "pr": "match_number=7", "ov": null, "cd": null, "md": null, "wk": null, "fwk": null, "fw": null, "tw": null, "bbi": null, "bbm": null, "bwa": null, "bwe": null, "bwsr": null}]}, {"type": "MAJOR_TROPHY", "stats": [{"bl": null, "tt": "World Cup", "sp": "2007-2019", "mt": 33, "in": null, "pr": "trophy=12", "ov": null, "cd": null, "md": null, "wk": null, "fwk": null, "fw": null, "tw": null, "bbi": null, "bbm": null, "bwa": null, "bwe": null, "bwsr": null}, {"bl": null, "tt": "Chappell-Hadlee", "sp": "2007-2020", "mt": 20, "in": null, "pr": "trophy=65", "ov": null, "cd": null, "md": null, "wk": null, "fwk": null, "fw": null, "tw": null, "bbi": null, "bbm": null, "bwa": null, "bwe": null, "bwsr": null}, {"bl": null, "tt": "ICC Champions Trophy", "sp": "2009-2017", "mt": 11, "in": null, "pr": "trophy=44", "ov": null, "cd": null, "md": null, "wk": null, "fwk": null, "fw": null, "tw": null, "bbi": null, "bbm": null, "bwa": null, "bwe": null, "bwsr": null}]}, {"type": "FINAL_TYPE", "stats": [{"bl": null, "tt": "tournament finals", "sp": "2009-2019", "mt": 3, "in": null, "pr": "final_type=1", "ov": null, "cd": null, "md": null, "wk": null, "fwk": null, "fw": null, "tw": null, "bbi": null, "bbm": null, "bwa": null, "bwe": null, "bwsr": null}, {"bl": null, "tt": "tournament semi-finals", "sp": "2007-2019", "mt": 5, "in": null, "pr": "final_type=3", "ov": null, "cd": null, "md": null, "wk": null, "fwk": null, "fw": null, "tw": null, "bbi": null, "bbm": null, "bwa": null, "bwe": null, "bwsr": null}, {"bl": null, "tt": "tournament quarter-finals", "sp": "2011-2015", "mt": 2, "in": null, "pr": "final_type=4", "ov": null, "cd": null, "md": null, "wk": null, "fwk": null, "fw": null, "tw": null, "bbi": null, "bbm": null, "bwa": null, "bwe": null, "bwsr": null}, {"bl": null, "tt": "preliminary matches", "sp": "2007-2021", "mt": 55, "in": 1, "pr": "final_type=0", "ov": 2, "cd": 16, "md": 0, "wk": 0, "fwk": 0, "fw": 0, "tw": 0, "bbi": null, "bbm": null, "bwa": null, "bwe": 8, "bwsr": null}]}, {"type": "BOWLING_POSITION", "stats": [{"bl": null, "tt": "6th position", "sp": "2008-2008", "mt": 1, "in": 1, "pr": "bowling_positionval1=bowling_position;bowling_positionmin1=6;bowling_positionmax1=6", "ov": 2, "cd": 14, "md": 0, "wk": 0, "fwk": 0, "fw": 0, "tw": 0, "bbi": null, "bbm": null, "bwa": null, "bwe": 7, "bwsr": null}, {"bl": null, "tt": "7th position", "sp": "2007-2010", "mt": 3, "in": 3, "pr": "bowling_positionval1=bowling_position;bowling_positionmin1=7;bowling_positionmax1=7", "ov": 5, "cd": 21, "md": 0, "wk": 0, "fwk": 0, "fw": 0, "tw": 0, "bbi": null, "bbm": null, "bwa": null, "bwe": 4.2, "bwsr": null}]}]}}