{"summary": {"recordClassId": 2, "type": "BATTING", "groups": [{"type": "CAREER_AVERAGES", "stats": [{"tt": "overview", "sp": "2006-2021", "mt": 233, "in": 217, "pr": null, "rn": 8581, "fo": 712, "si": 146, "ft": 51, "hn": 21, "bf": 10287, "dk": 9, "no": 39, "hs": "181*", "bta": 48.2, "btsr": 83.41}]}, {"type": "OPPOSITION_TEAM", "stats": [{"tt": "vs Afghanistan", "sp": "2015-2019", "mt": 2, "in": 2, "pr": "opposition=40", "rn": 72, "fo": 8, "si": 1, "ft": 0, "hn": 0, "bf": 93, "dk": 0, "no": 1, "hs": "48", "bta": 72, "btsr": 77.41}, {"tt": "vs Australia", "sp": "2007-2020", "mt": 30, "in": 29, "pr": "opposition=2", "rn": 1007, "fo": 93, "si": 13, "ft": 6, "hn": 2, "bf": 1281, "dk": 0, "no": 2, "hs": "117", "bta": 37.29, "btsr": 78.61}, {"tt": "vs Bangladesh", "sp": "2007-2021", "mt": 25, "in": 24, "pr": "opposition=25", "rn": 1010, "fo": 80, "si": 24, "ft": 8, "hn": 2, "bf": 1183, "dk": 0, "no": 6, "hs": "107*", "bta": 56.11, "btsr": 85.37}, {"tt": "vs Canada", "sp": "2011-2011", "mt": 1, "in": 1, "pr": "opposition=17", "rn": 74, "fo": 6, "si": 5, "ft": 1, "hn": 0, "bf": 44, "dk": 0, "no": 0, "hs": "74", "bta": 74, "btsr": 168.18}, {"tt": "vs England", "sp": "2007-2019", "mt": 35, "in": 34, "pr": "opposition=1", "rn": 1424, "fo": 125, "si": 21, "ft": 5, "hn": 5, "bf": 1710, "dk": 1, "no": 5, "hs": "181*", "bta": 49.1, "btsr": 83.27}, {"tt": "vs India", "sp": "2009-2020", "mt": 35, "in": 34, "pr": "opposition=6", "rn": 1385, "fo": 120, "si": 18, "ft": 8, "hn": 3, "bf": 1634, "dk": 1, "no": 5, "hs": "112*", "bta": 47.75, "btsr": 84.76}, {"tt": "vs Ireland", "sp": "2008-2017", "mt": 3, "in": 3, "pr": "opposition=29", "rn": 168, "fo": 16, "si": 4, "ft": 3, "hn": 0, "bf": 148, "dk": 0, "no": 1, "hs": "59*", "bta": 84, "btsr": 113.51}, {"tt": "vs Kenya", "sp": "2007-2011", "mt": 2, "in": 1, "pr": "opposition=26", "rn": 85, "fo": 8, "si": 1, "ft": 1, "hn": 0, "bf": 107, "dk": 0, "no": 0, "hs": "85", "bta": 85, "btsr": 79.43}, {"tt": "vs Pakistan", "sp": "2009-2019", "mt": 27, "in": 25, "pr": "opposition=7", "rn": 1071, "fo": 69, "si": 20, "ft": 7, "hn": 3, "bf": 1294, "dk": 2, "no": 8, "hs": "131*", "bta": 63, "btsr": 82.76}, {"tt": "vs Scotland", "sp": "2008-2015", "mt": 2, "in": 2, "pr": "opposition=30", "rn": 70, "fo": 9, "si": 2, "ft": 1, "hn": 0, "bf": 55, "dk": 0, "no": 1, "hs": "61*", "bta": 70, "btsr": 127.27}, {"tt": "vs South Africa", "sp": "2007-2019", "mt": 13, "in": 13, "pr": "opposition=3", "rn": 387, "fo": 33, "si": 5, "ft": 2, "hn": 1, "bf": 540, "dk": 0, "no": 2, "hs": "102*", "bta": 35.18, "btsr": 71.66}, {"tt": "vs Sri Lanka", "sp": "2006-2019", "mt": 34, "in": 29, "pr": "opposition=8", "rn": 881, "fo": 69, "si": 17, "ft": 5, "hn": 2, "bf": 1086, "dk": 5, "no": 3, "hs": "137", "bta": 33.88, "btsr": 81.12}, {"tt": "vs West Indies", "sp": "2006-2019", "mt": 18, "in": 17, "pr": "opposition=4", "rn": 705, "fo": 60, "si": 9, "ft": 4, "hn": 1, "bf": 849, "dk": 0, "no": 4, "hs": "110", "bta": 54.23, "btsr": 83.03}, {"tt": "vs Zimbabwe", "sp": "2011-2015", "mt": 6, "in": 3, "pr": "opposition=9", "rn": 242, "fo": 16, "si": 6, "ft": 0, "hn": 2, "bf": 263, "dk": 0, "no": 1, "hs": "119", "bta": 121, "btsr": 92.01}]}, {"type": "HOST_COUNTRY", "stats": [{"tt": "in Australia", "sp": "2007-2020", "mt": 18, "in": 18, "pr": "host=2", "rn": 589, "fo": 48, "si": 10, "ft": 5, "hn": 0, "bf": 769, "dk": 0, "no": 1, "hs": "84", "bta": 34.64, "btsr": 76.59}, {"tt": "in Bangladesh", "sp": "2008-2013", "mt": 11, "in": 11, "pr": "host=25", "rn": 451, "fo": 25, "si": 16, "ft": 1, "hn": 2, "bf": 578, "dk": 0, "no": 2, "hs": "107*", "bta": 50.11, "btsr": 78.02}, {"tt": "in England", "sp": "2008-2019", "mt": 29, "in": 28, "pr": "host=1", "rn": 1133, "fo": 97, "si": 12, "ft": 8, "hn": 2, "bf": 1418, "dk": 1, "no": 2, "hs": "119*", "bta": 43.57, "btsr": 79.9}, {"tt": "in India", "sp": "2010-2017", "mt": 18, "in": 16, "pr": "host=6", "rn": 526, "fo": 39, "si": 11, "ft": 3, "hn": 0, "bf": 681, "dk": 1, "no": 0, "hs": "95", "bta": 32.87, "btsr": 77.23}, {"tt": "in Ireland", "sp": "2017-2017", "mt": 4, "in": 4, "pr": "host=29", "rn": 194, "fo": 18, "si": 0, "ft": 3, "hn": 0, "bf": 220, "dk": 0, "no": 1, "hs": "60*", "bta": 64.66, "btsr": 88.18}, {"tt": "in New Zealand", "sp": "2006-2021", "mt": 107, "in": 99, "pr": "host=5", "rn": 4078, "fo": 370, "si": 57, "ft": 22, "hn": 12, "bf": 4698, "dk": 3, "no": 25, "hs": "181*", "bta": 55.1, "btsr": 86.8}, {"tt": "in Scotland", "sp": "2008-2008", "mt": 2, "in": 2, "pr": "host=30", "rn": 120, "fo": 13, "si": 6, "ft": 2, "hn": 0, "bf": 65, "dk": 0, "no": 2, "hs": "61*", "bta": null, "btsr": 184.61}, {"tt": "in South Africa", "sp": "2007-2009", "mt": 8, "in": 8, "pr": "host=3", "rn": 157, "fo": 11, "si": 5, "ft": 1, "hn": 0, "bf": 227, "dk": 0, "no": 1, "hs": "72", "bta": 22.42, "btsr": 69.16}, {"tt": "in Sri Lanka", "sp": "2009-2012", "mt": 12, "in": 10, "pr": "host=8", "rn": 384, "fo": 31, "si": 10, "ft": 2, "hn": 1, "bf": 454, "dk": 0, "no": 1, "hs": "131*", "bta": 42.66, "btsr": 84.58}, {"tt": "in U.A.E.", "sp": "2009-2018", "mt": 11, "in": 10, "pr": "host=27", "rn": 462, "fo": 25, "si": 7, "ft": 3, "hn": 1, "bf": 603, "dk": 2, "no": 3, "hs": "105*", "bta": 66, "btsr": 76.61}, {"tt": "in West Indies", "sp": "2007-2012", "mt": 8, "in": 8, "pr": "host=4", "rn": 245, "fo": 19, "si": 6, "ft": 1, "hn": 1, "bf": 311, "dk": 2, "no": 0, "hs": "110", "bta": 30.62, "btsr": 78.77}, {"tt": "in Zimbabwe", "sp": "2011-2015", "mt": 5, "in": 3, "pr": "host=9", "rn": 242, "fo": 16, "si": 6, "ft": 0, "hn": 2, "bf": 263, "dk": 0, "no": 1, "hs": "119", "bta": 121, "btsr": 92.01}]}, {"type": "CONTINENT", "stats": [{"tt": "in Africa", "sp": "2007-2015", "mt": 13, "in": 11, "pr": "continent=1", "rn": 399, "fo": 27, "si": 11, "ft": 1, "hn": 2, "bf": 490, "dk": 0, "no": 2, "hs": "119", "bta": 44.33, "btsr": 81.42}, {"tt": "in Americas", "sp": "2007-2012", "mt": 8, "in": 8, "pr": "continent=3", "rn": 245, "fo": 19, "si": 6, "ft": 1, "hn": 1, "bf": 311, "dk": 2, "no": 0, "hs": "110", "bta": 30.62, "btsr": 78.77}, {"tt": "in Asia", "sp": "2008-2018", "mt": 52, "in": 47, "pr": "continent=2", "rn": 1823, "fo": 120, "si": 44, "ft": 9, "hn": 4, "bf": 2316, "dk": 3, "no": 6, "hs": "131*", "bta": 44.46, "btsr": 78.71}, {"tt": "in Europe", "sp": "2008-2019", "mt": 35, "in": 34, "pr": "continent=4", "rn": 1447, "fo": 128, "si": 18, "ft": 13, "hn": 2, "bf": 1703, "dk": 1, "no": 5, "hs": "119*", "bta": 49.89, "btsr": 84.96}, {"tt": "in Oceania", "sp": "2006-2021", "mt": 125, "in": 117, "pr": "continent=5", "rn": 4667, "fo": 418, "si": 67, "ft": 27, "hn": 12, "bf": 5467, "dk": 3, "no": 26, "hs": "181*", "bta": 51.28, "btsr": 85.36}]}, {"type": "HOME_OR_AWAY", "stats": [{"tt": "home", "sp": "2006-2021", "mt": 107, "in": 99, "pr": "home_or_away=1", "rn": 4078, "fo": 370, "si": 57, "ft": 22, "hn": 12, "bf": 4698, "dk": 3, "no": 25, "hs": "181*", "bta": 55.1, "btsr": 86.8}, {"tt": "away", "sp": "2007-2020", "mt": 76, "in": 72, "pr": "home_or_away=2", "rn": 2802, "fo": 214, "si": 57, "ft": 16, "hn": 7, "bf": 3452, "dk": 1, "no": 7, "hs": "119*", "bta": 43.1, "btsr": 81.17}, {"tt": "neutral", "sp": "2007-2019", "mt": 50, "in": 46, "pr": "home_or_away=3", "rn": 1701, "fo": 128, "si": 32, "ft": 13, "hn": 2, "bf": 2137, "dk": 5, "no": 7, "hs": "131*", "bta": 43.61, "btsr": 79.59}]}, {"type": "YEAR", "stats": [{"tt": "year 2006", "sp": null, "mt": 4, "in": 4, "pr": "year=2006", "rn": 189, "fo": 23, "si": 4, "ft": 0, "hn": 1, "bf": 198, "dk": 0, "no": 1, "hs": "128*", "bta": 63, "btsr": 95.45}, {"tt": "year 2007", "sp": null, "mt": 29, "in": 26, "pr": "year=2007", "rn": 663, "fo": 61, "si": 12, "ft": 4, "hn": 1, "bf": 826, "dk": 4, "no": 3, "hs": "117", "bta": 28.82, "btsr": 80.26}, {"tt": "year 2008", "sp": null, "mt": 16, "in": 14, "pr": "year=2008", "rn": 465, "fo": 41, "si": 15, "ft": 2, "hn": 1, "bf": 544, "dk": 0, "no": 4, "hs": "103", "bta": 46.5, "btsr": 85.47}, {"tt": "year 2009", "sp": null, "mt": 24, "in": 23, "pr": "year=2009", "rn": 631, "fo": 49, "si": 13, "ft": 5, "hn": 0, "bf": 831, "dk": 2, "no": 3, "hs": "76", "bta": 31.55, "btsr": 75.93}, {"tt": "year 2010", "sp": null, "mt": 20, "in": 19, "pr": "year=2010", "rn": 676, "fo": 48, "si": 20, "ft": 7, "hn": 0, "bf": 834, "dk": 0, "no": 1, "hs": "95", "bta": 37.55, "btsr": 81.05}, {"tt": "year 2011", "sp": null, "mt": 17, "in": 13, "pr": "year=2011", "rn": 561, "fo": 37, "si": 19, "ft": 2, "hn": 2, "bf": 662, "dk": 0, "no": 2, "hs": "131*", "bta": 51, "btsr": 84.74}, {"tt": "year 2012", "sp": null, "mt": 6, "in": 5, "pr": "year=2012", "rn": 223, "fo": 17, "si": 7, "ft": 1, "hn": 1, "bf": 248, "dk": 0, "no": 0, "hs": "110", "bta": 44.6, "btsr": 89.91}, {"tt": "year 2013", "sp": null, "mt": 13, "in": 13, "pr": "year=2013", "rn": 510, "fo": 41, "si": 10, "ft": 3, "hn": 2, "bf": 654, "dk": 1, "no": 2, "hs": "107*", "bta": 46.36, "btsr": 77.98}, {"tt": "year 2014", "sp": null, "mt": 13, "in": 13, "pr": "year=2014", "rn": 662, "fo": 58, "si": 6, "ft": 3, "hn": 3, "bf": 751, "dk": 0, "no": 3, "hs": "112*", "bta": 66.2, "btsr": 88.14}, {"tt": "year 2015", "sp": null, "mt": 27, "in": 25, "pr": "year=2015", "rn": 1046, "fo": 85, "si": 12, "ft": 4, "hn": 4, "bf": 1281, "dk": 1, "no": 7, "hs": "119*", "bta": 58.11, "btsr": 81.65}, {"tt": "year 2016", "sp": null, "mt": 7, "in": 7, "pr": "year=2016", "rn": 200, "fo": 15, "si": 2, "ft": 1, "hn": 0, "bf": 271, "dk": 1, "no": 1, "hs": "61", "bta": 33.33, "btsr": 73.8}, {"tt": "year 2017", "sp": null, "mt": 20, "in": 20, "pr": "year=2017", "rn": 968, "fo": 91, "si": 1, "ft": 7, "hn": 2, "bf": 1182, "dk": 0, "no": 4, "hs": "107", "bta": 60.5, "btsr": 81.89}, {"tt": "year 2018", "sp": null, "mt": 11, "in": 10, "pr": "year=2018", "rn": 639, "fo": 48, "si": 7, "ft": 4, "hn": 2, "bf": 719, "dk": 0, "no": 3, "hs": "181*", "bta": 91.28, "btsr": 88.87}, {"tt": "year 2019", "sp": null, "mt": 21, "in": 20, "pr": "year=2019", "rn": 943, "fo": 80, "si": 12, "ft": 7, "hn": 1, "bf": 1090, "dk": 0, "no": 3, "hs": "137", "bta": 55.47, "btsr": 86.51}, {"tt": "year 2020", "sp": null, "mt": 4, "in": 4, "pr": "year=2020", "rn": 198, "fo": 17, "si": 6, "ft": 1, "hn": 1, "bf": 182, "dk": 0, "no": 2, "hs": "109*", "bta": 99, "btsr": 108.79}, {"tt": "year 2021", "sp": null, "mt": 1, "in": 1, "pr": "year=2021", "rn": 7, "fo": 1, "si": 0, "ft": 0, "hn": 0, "bf": 14, "dk": 0, "no": 0, "hs": "7", "bta": 7, "btsr": 50}]}, {"type": "SEASON", "stats": [{"tt": "season 2005/06", "sp": null, "mt": 2, "in": 2, "pr": "season=NaN", "rn": 46, "fo": 9, "si": 0, "ft": 0, "hn": 0, "bf": 39, "dk": 0, "no": 0, "hs": "31", "bta": 23, "btsr": 117.94}, {"tt": "season 2006/07", "sp": null, "mt": 22, "in": 20, "pr": "season=NaN", "rn": 660, "fo": 68, "si": 10, "ft": 3, "hn": 2, "bf": 832, "dk": 4, "no": 1, "hs": "128*", "bta": 34.73, "btsr": 79.32}, {"tt": "season 2007/08", "sp": null, "mt": 14, "in": 12, "pr": "season=NaN", "rn": 290, "fo": 21, "si": 9, "ft": 1, "hn": 0, "bf": 340, "dk": 0, "no": 5, "hs": "50", "bta": 41.42, "btsr": 85.29}, {"tt": "season 2008", "sp": null, "mt": 7, "in": 7, "pr": "season=2008", "rn": 183, "fo": 20, "si": 6, "ft": 2, "hn": 0, "bf": 180, "dk": 0, "no": 2, "hs": "61*", "bta": 36.6, "btsr": 101.66}, {"tt": "season 2008/09", "sp": null, "mt": 18, "in": 16, "pr": "season=NaN", "rn": 591, "fo": 46, "si": 14, "ft": 4, "hn": 1, "bf": 728, "dk": 0, "no": 3, "hs": "103", "bta": 45.46, "btsr": 81.18}, {"tt": "season 2009", "sp": null, "mt": 2, "in": 2, "pr": "season=2009", "rn": 13, "fo": 2, "si": 0, "ft": 0, "hn": 0, "bf": 19, "dk": 0, "no": 0, "hs": "11", "bta": 6.5, "btsr": 68.42}, {"tt": "season 2009/10", "sp": null, "mt": 15, "in": 15, "pr": "season=NaN", "rn": 474, "fo": 32, "si": 15, "ft": 5, "hn": 0, "bf": 604, "dk": 2, "no": 0, "hs": "78", "bta": 31.6, "btsr": 78.47}, {"tt": "season 2010", "sp": null, "mt": 4, "in": 3, "pr": "season=2010", "rn": 119, "fo": 12, "si": 1, "ft": 1, "hn": 0, "bf": 161, "dk": 0, "no": 0, "hs": "95", "bta": 39.66, "btsr": 73.91}, {"tt": "season 2010/11", "sp": null, "mt": 23, "in": 20, "pr": "season=NaN", "rn": 679, "fo": 39, "si": 25, "ft": 4, "hn": 1, "bf": 851, "dk": 0, "no": 3, "hs": "131*", "bta": 39.94, "btsr": 79.78}, {"tt": "season 2011/12", "sp": null, "mt": 3, "in": 2, "pr": "season=NaN", "rn": 130, "fo": 10, "si": 3, "ft": 0, "hn": 1, "bf": 141, "dk": 0, "no": 0, "hs": "119", "bta": 65, "btsr": 92.19}, {"tt": "season 2012", "sp": null, "mt": 2, "in": 2, "pr": "season=2012", "rn": 138, "fo": 9, "si": 5, "ft": 0, "hn": 1, "bf": 153, "dk": 0, "no": 0, "hs": "110", "bta": 69, "btsr": 90.19}, {"tt": "season 2012/13", "sp": null, "mt": 7, "in": 6, "pr": "season=NaN", "rn": 235, "fo": 22, "si": 3, "ft": 1, "hn": 1, "bf": 302, "dk": 0, "no": 0, "hs": "100", "bta": 39.16, "btsr": 77.81}, {"tt": "season 2013", "sp": null, "mt": 6, "in": 6, "pr": "season=2013", "rn": 197, "fo": 14, "si": 5, "ft": 3, "hn": 0, "bf": 248, "dk": 1, "no": 1, "hs": "71", "bta": 39.4, "btsr": 79.43}, {"tt": "season 2013/14", "sp": null, "mt": 12, "in": 12, "pr": "season=NaN", "rn": 573, "fo": 54, "si": 5, "ft": 2, "hn": 3, "bf": 655, "dk": 0, "no": 2, "hs": "112*", "bta": 57.3, "btsr": 87.48}, {"tt": "season 2014/15", "sp": null, "mt": 22, "in": 22, "pr": "season=NaN", "rn": 806, "fo": 64, "si": 9, "ft": 4, "hn": 2, "bf": 1052, "dk": 0, "no": 6, "hs": "105*", "bta": 50.37, "btsr": 76.61}, {"tt": "season 2015", "sp": null, "mt": 7, "in": 6, "pr": "season=2015", "rn": 487, "fo": 38, "si": 8, "ft": 1, "hn": 3, "bf": 513, "dk": 0, "no": 2, "hs": "119*", "bta": 121.75, "btsr": 94.93}, {"tt": "season 2015/16", "sp": null, "mt": 5, "in": 4, "pr": "season=NaN", "rn": 86, "fo": 7, "si": 1, "ft": 1, "hn": 0, "bf": 92, "dk": 1, "no": 2, "hs": "61", "bta": 43, "btsr": 93.47}, {"tt": "season 2016/17", "sp": null, "mt": 12, "in": 12, "pr": "season=NaN", "rn": 437, "fo": 40, "si": 2, "ft": 1, "hn": 2, "bf": 577, "dk": 1, "no": 1, "hs": "107", "bta": 39.72, "btsr": 75.73}, {"tt": "season 2017", "sp": null, "mt": 7, "in": 7, "pr": "season=2017", "rn": 342, "fo": 33, "si": 0, "ft": 4, "hn": 0, "bf": 419, "dk": 0, "no": 1, "hs": "63", "bta": 57, "btsr": 81.62}, {"tt": "season 2017/18", "sp": null, "mt": 14, "in": 14, "pr": "season=NaN", "rn": 781, "fo": 66, "si": 6, "ft": 4, "hn": 2, "bf": 863, "dk": 0, "no": 4, "hs": "181*", "bta": 78.1, "btsr": 90.49}, {"tt": "season 2018/19", "sp": null, "mt": 14, "in": 13, "pr": "season=NaN", "rn": 759, "fo": 59, "si": 11, "ft": 6, "hn": 1, "bf": 857, "dk": 0, "no": 4, "hs": "137", "bta": 84.33, "btsr": 88.56}, {"tt": "season 2019", "sp": null, "mt": 10, "in": 9, "pr": "season=2019", "rn": 350, "fo": 29, "si": 2, "ft": 3, "hn": 0, "bf": 465, "dk": 0, "no": 0, "hs": "82", "bta": 38.88, "btsr": 75.26}, {"tt": "season 2019/20", "sp": null, "mt": 4, "in": 4, "pr": "season=NaN", "rn": 198, "fo": 17, "si": 6, "ft": 1, "hn": 1, "bf": 182, "dk": 0, "no": 2, "hs": "109*", "bta": 99, "btsr": 108.79}, {"tt": "season 2020/21", "sp": null, "mt": 1, "in": 1, "pr": "season=NaN", "rn": 7, "fo": 1, "si": 0, "ft": 0, "hn": 0, "bf": 14, "dk": 0, "no": 0, "hs": "7", "bta": 7, "btsr": 50}]}, {"type": "CAPTAINS_INVOLVED", "stats": [{"tt": "*SP Fleming", "sp": "2006-2007", "mt": 21, "in": 19, "pr": "captain_involve=2121", "rn": 563, "fo": 63, "si": 6, "ft": 3, "hn": 1, "bf": 708, "dk": 3, "no": 0, "hs": "117", "bta": 29.63, "btsr": 79.51}, {"tt": "*TWM Latham", "sp": "2017-2021", "mt": 11, "in": 10, "pr": "captain_involve=59148", "rn": 556, "fo": 53, "si": 6, "ft": 6, "hn": 1, "bf": 594, "dk": 0, "no": 4, "hs": "109*", "bta": 92.66, "btsr": 93.6}, {"tt": "*BB McCullum", "sp": "2009-2015", "mt": 45, "in": 44, "pr": "captain_involve=10384", "rn": 1749, "fo": 152, "si": 17, "ft": 9, "hn": 6, "bf": 2171, "dk": 1, "no": 8, "hs": "119*", "bta": 48.58, "btsr": 80.56}, {"tt": "*KD Mills", "sp": "2013-2013", "mt": 1, "in": 1, "pr": "captain_involve=10303", "rn": 107, "fo": 9, "si": 3, "ft": 0, "hn": 1, "bf": 93, "dk": 0, "no": 1, "hs": "107*", "bta": null, "btsr": 115.05}, {"tt": "*TG Southee", "sp": "2018-2018", "mt": 1, "in": 1, "pr": "captain_involve=49108", "rn": 10, "fo": 0, "si": 0, "ft": 0, "hn": 0, "bf": 26, "dk": 0, "no": 0, "hs": "10", "bta": 10, "btsr": 38.46}, {"tt": "*LRPL Taylor", "sp": "2010-2012", "mt": 20, "in": 17, "pr": "captain_involve=44930", "rn": 795, "fo": 61, "si": 22, "ft": 6, "hn": 2, "bf": 904, "dk": 0, "no": 0, "hs": "119", "bta": 46.76, "btsr": 87.94}, {"tt": "*DL Vettori", "sp": "2006-2011", "mt": 73, "in": 66, "pr": "captain_involve=4380", "rn": 2037, "fo": 151, "si": 62, "ft": 12, "hn": 3, "bf": 2512, "dk": 3, "no": 14, "hs": "131*", "bta": 39.17, "btsr": 81.09}, {"tt": "*KS Williamson", "sp": "2014-2020", "mt": 61, "in": 59, "pr": "captain_involve=51088", "rn": 2764, "fo": 223, "si": 30, "ft": 15, "hn": 7, "bf": 3279, "dk": 2, "no": 12, "hs": "181*", "bta": 58.8, "btsr": 84.29}]}, {"type": "CAPTAIN", "stats": [{"tt": "is captain", "sp": "2010-2012", "mt": 20, "in": 17, "pr": "captain=1", "rn": 795, "fo": 61, "si": 22, "ft": 6, "hn": 2, "bf": 904, "dk": 0, "no": 0, "hs": "119", "bta": 46.76, "btsr": 87.94}, {"tt": "is not captain", "sp": "2006-2021", "mt": 213, "in": 200, "pr": "captain=0", "rn": 7786, "fo": 651, "si": 124, "ft": 45, "hn": 19, "bf": 9383, "dk": 9, "no": 39, "hs": "181*", "bta": 48.36, "btsr": 82.97}]}, {"type": "KEEPER", "stats": [{"tt": "is not keeper", "sp": "2006-2021", "mt": 233, "in": 217, "pr": "keeper=0", "rn": 8581, "fo": 712, "si": 146, "ft": 51, "hn": 21, "bf": 10287, "dk": 9, "no": 39, "hs": "181*", "bta": 48.2, "btsr": 83.41}]}, {"type": "TOSS", "stats": [{"tt": "won the toss", "sp": "2006-2021", "mt": 118, "in": 109, "pr": "toss=1", "rn": 4726, "fo": 395, "si": 83, "ft": 29, "hn": 11, "bf": 5494, "dk": 5, "no": 19, "hs": "181*", "bta": 52.51, "btsr": 86.02}, {"tt": "lost the toss", "sp": "2006-2020", "mt": 115, "in": 108, "pr": "toss=2", "rn": 3855, "fo": 317, "si": 63, "ft": 22, "hn": 10, "bf": 4793, "dk": 4, "no": 20, "hs": "137", "bta": 43.8, "btsr": 80.42}]}, {"type": "BATTING_FIELDING_SEQUENCE_AND_TOSS", "stats": [{"tt": "won toss &amp; batted", "sp": "2006-2021", "mt": 59, "in": 59, "pr": "batting_fielding_first=1;toss=1", "rn": 2860, "fo": 221, "si": 48, "ft": 18, "hn": 7, "bf": 3362, "dk": 3, "no": 9, "hs": "131*", "bta": 57.2, "btsr": 85.06}, {"tt": "won toss &amp; fielded", "sp": "2006-2020", "mt": 59, "in": 50, "pr": "batting_fielding_first=2;toss=1", "rn": 1866, "fo": 174, "si": 35, "ft": 11, "hn": 4, "bf": 2132, "dk": 2, "no": 10, "hs": "181*", "bta": 46.65, "btsr": 87.52}, {"tt": "lost toss &amp; sent in", "sp": "2006-2020", "mt": 59, "in": 59, "pr": "batting_fielding_first=1;toss=2", "rn": 2400, "fo": 189, "si": 41, "ft": 17, "hn": 7, "bf": 2900, "dk": 1, "no": 9, "hs": "137", "bta": 48, "btsr": 82.75}, {"tt": "lost toss &amp; fielded", "sp": "2007-2020", "mt": 56, "in": 49, "pr": "batting_fielding_first=2;toss=2", "rn": 1455, "fo": 128, "si": 22, "ft": 5, "hn": 3, "bf": 1893, "dk": 3, "no": 11, "hs": "112*", "bta": 38.28, "btsr": 76.86}]}, {"type": "BATTING_FIELDING_SEQUENCE", "stats": [{"tt": "matches batting first", "sp": "2006-2021", "mt": 118, "in": 118, "pr": "batting_fielding_first=1", "rn": 5260, "fo": 410, "si": 89, "ft": 35, "hn": 14, "bf": 6262, "dk": 4, "no": 18, "hs": "137", "bta": 52.6, "btsr": 83.99}, {"tt": "matches fielding first", "sp": "2006-2020", "mt": 115, "in": 99, "pr": "batting_fielding_first=2", "rn": 3321, "fo": 302, "si": 57, "ft": 16, "hn": 7, "bf": 4025, "dk": 5, "no": 21, "hs": "181*", "bta": 42.57, "btsr": 82.5}]}, {"type": "TEAM_INNINGS", "stats": [{"tt": "1st team innings", "sp": "2006-2021", "mt": 227, "in": 217, "pr": null, "rn": 8581, "fo": 712, "si": 146, "ft": 51, "hn": 21, "bf": 10287, "dk": 9, "no": 39, "hs": "181*", "bta": 48.2, "btsr": 83.41}]}, {"type": "MATCH_INNINGS", "stats": [{"tt": "1st match innings", "sp": "2006-2021", "mt": 118, "in": 118, "pr": "innings_number=1", "rn": 5260, "fo": 410, "si": 89, "ft": 35, "hn": 14, "bf": 6262, "dk": 4, "no": 18, "hs": "137", "bta": 52.6, "btsr": 83.99}, {"tt": "2nd match innings", "sp": "2006-2020", "mt": 109, "in": 99, "pr": "innings_number=2", "rn": 3321, "fo": 302, "si": 57, "ft": 16, "hn": 7, "bf": 4025, "dk": 5, "no": 21, "hs": "181*", "bta": 42.57, "btsr": 82.5}]}, {"type": "FLOODLIT", "stats": [{"tt": "day match", "sp": "2006-2021", "mt": 104, "in": 95, "pr": "floodlit=1", "rn": 3966, "fo": 330, "si": 76, "ft": 23, "hn": 12, "bf": 4498, "dk": 5, "no": 19, "hs": "181*", "bta": 52.18, "btsr": 88.17}, {"tt": "day/night match", "sp": "2006-2020", "mt": 129, "in": 122, "pr": "floodlit=2", "rn": 4615, "fo": 382, "si": 70, "ft": 28, "hn": 9, "bf": 5789, "dk": 4, "no": 20, "hs": "131*", "bta": 45.24, "btsr": 79.72}]}, {"type": "RESULT", "stats": [{"tt": "won match", "sp": "2006-2021", "mt": 120, "in": 111, "pr": "result=1", "rn": 5269, "fo": 459, "si": 87, "ft": 35, "hn": 14, "bf": 6015, "dk": 4, "no": 29, "hs": "181*", "bta": 64.25, "btsr": 87.59}, {"tt": "lost match", "sp": "2006-2020", "mt": 95, "in": 95, "pr": "result=2", "rn": 3045, "fo": 226, "si": 57, "ft": 15, "hn": 7, "bf": 3954, "dk": 5, "no": 7, "hs": "128*", "bta": 34.6, "btsr": 77.01}, {"tt": "tied match", "sp": "2008-2019", "mt": 3, "in": 3, "pr": "result=3", "rn": 80, "fo": 6, "si": 1, "ft": 0, "hn": 0, "bf": 96, "dk": 0, "no": 0, "hs": "48", "bta": 26.66, "btsr": 83.33}, {"tt": "no result", "sp": "2007-2018", "mt": 15, "in": 8, "pr": "result=5", "rn": 187, "fo": 21, "si": 1, "ft": 1, "hn": 0, "bf": 222, "dk": 0, "no": 3, "hs": "75", "bta": 37.4, "btsr": 84.23}]}, {"type": "BATTING_FIELDING_SEQUENCE_AND_RESULT", "stats": [{"tt": "won batting first", "sp": "2006-2021", "mt": 56, "in": 56, "pr": "batting_fielding_first=1;result=1", "rn": 3074, "fo": 238, "si": 53, "ft": 24, "hn": 8, "bf": 3450, "dk": 1, "no": 9, "hs": "137", "bta": 65.4, "btsr": 89.1}, {"tt": "won fielding first", "sp": "2006-2020", "mt": 64, "in": 55, "pr": "batting_fielding_first=2;result=1", "rn": 2195, "fo": 221, "si": 34, "ft": 11, "hn": 6, "bf": 2565, "dk": 3, "no": 20, "hs": "181*", "bta": 62.71, "btsr": 85.57}, {"tt": "lost batting first", "sp": "2006-2019", "mt": 55, "in": 55, "pr": "batting_fielding_first=1;result=2", "rn": 2005, "fo": 155, "si": 35, "ft": 10, "hn": 6, "bf": 2588, "dk": 3, "no": 7, "hs": "128*", "bta": 41.77, "btsr": 77.47}, {"tt": "lost fielding first", "sp": "2007-2020", "mt": 40, "in": 40, "pr": "batting_fielding_first=2;result=2", "rn": 1040, "fo": 71, "si": 22, "ft": 5, "hn": 1, "bf": 1366, "dk": 2, "no": 0, "hs": "110", "bta": 26, "btsr": 76.13}, {"tt": "tied batting first", "sp": "2014-2019", "mt": 2, "in": 2, "pr": "batting_fielding_first=1;result=3", "rn": 32, "fo": 2, "si": 0, "ft": 0, "hn": 0, "bf": 49, "dk": 0, "no": 0, "hs": "17", "bta": 16, "btsr": 65.3}, {"tt": "tied fielding first", "sp": "2008-2008", "mt": 1, "in": 1, "pr": "batting_fielding_first=2;result=3", "rn": 48, "fo": 4, "si": 1, "ft": 0, "hn": 0, "bf": 47, "dk": 0, "no": 0, "hs": "48", "bta": 48, "btsr": 102.12}, {"tt": "no result batting first", "sp": "2007-2017", "mt": 5, "in": 5, "pr": "batting_fielding_first=1;result=5", "rn": 149, "fo": 15, "si": 1, "ft": 1, "hn": 0, "bf": 175, "dk": 0, "no": 2, "hs": "75", "bta": 49.66, "btsr": 85.14}, {"tt": "no result fielding first", "sp": "2007-2018", "mt": 10, "in": 3, "pr": "batting_fielding_first=2;result=5", "rn": 38, "fo": 6, "si": 0, "ft": 0, "hn": 0, "bf": 47, "dk": 0, "no": 1, "hs": "25", "bta": 19, "btsr": 80.85}]}, {"type": "TOURNAMENT_TYPE", "stats": [{"tt": "2 team series", "sp": "2006-2021", "mt": 171, "in": 159, "pr": "tournament_type=2", "rn": 6578, "fo": 542, "si": 114, "ft": 35, "hn": 20, "bf": 7710, "dk": 6, "no": 32, "hs": "181*", "bta": 51.79, "btsr": 85.31}, {"tt": "3-4 team tournaments", "sp": "2007-2017", "mt": 20, "in": 19, "pr": "tournament_type=3", "rn": 728, "fo": 72, "si": 11, "ft": 8, "hn": 0, "bf": 830, "dk": 0, "no": 3, "hs": "95", "bta": 45.5, "btsr": 87.71}, {"tt": "5+ team tournaments", "sp": "2007-2021", "mt": 45, "in": 42, "pr": "tournament_type=5", "rn": 1290, "fo": 100, "si": 21, "ft": 8, "hn": 1, "bf": 1785, "dk": 3, "no": 4, "hs": "131*", "bta": 33.94, "btsr": 72.26}]}, {"type": "MATCH_NUMBER", "stats": [{"tt": "only match in series", "sp": "2011-2015", "mt": 2, "in": 2, "pr": "match_number=0", "rn": 8, "fo": 1, "si": 0, "ft": 0, "hn": 0, "bf": 24, "dk": 0, "no": 0, "hs": "7", "bta": 4, "btsr": 33.33}, {"tt": "1st match in series", "sp": "2006-2020", "mt": 41, "in": 38, "pr": "match_number=1", "rn": 1681, "fo": 134, "si": 30, "ft": 12, "hn": 5, "bf": 1980, "dk": 2, "no": 10, "hs": "128*", "bta": 60.03, "btsr": 84.89}, {"tt": "2nd match in series", "sp": "2006-2020", "mt": 38, "in": 33, "pr": "match_number=2", "rn": 1545, "fo": 131, "si": 26, "ft": 8, "hn": 5, "bf": 1729, "dk": 1, "no": 10, "hs": "119*", "bta": 67.17, "btsr": 89.35}, {"tt": "3rd match in series", "sp": "2007-2021", "mt": 40, "in": 38, "pr": "match_number=3", "rn": 1539, "fo": 120, "si": 32, "ft": 7, "hn": 6, "bf": 1817, "dk": 2, "no": 4, "hs": "137", "bta": 45.26, "btsr": 84.7}, {"tt": "4th match in series", "sp": "2006-2019", "mt": 24, "in": 24, "pr": "match_number=4", "rn": 984, "fo": 85, "si": 19, "ft": 3, "hn": 3, "bf": 1131, "dk": 1, "no": 4, "hs": "181*", "bta": 49.2, "btsr": 87}, {"tt": "5th match in series", "sp": "2006-2019", "mt": 23, "in": 21, "pr": "match_number=5", "rn": 709, "fo": 63, "si": 5, "ft": 4, "hn": 1, "bf": 895, "dk": 0, "no": 4, "hs": "102", "bta": 41.7, "btsr": 79.21}, {"tt": "6th match in series", "sp": "2011-2015", "mt": 2, "in": 2, "pr": "match_number=6", "rn": 101, "fo": 7, "si": 2, "ft": 1, "hn": 0, "bf": 112, "dk": 0, "no": 0, "hs": "96", "bta": 50.5, "btsr": 90.17}, {"tt": "7th match in series", "sp": "2015-2015", "mt": 1, "in": 1, "pr": "match_number=7", "rn": 11, "fo": 1, "si": 0, "ft": 0, "hn": 0, "bf": 22, "dk": 0, "no": 0, "hs": "11", "bta": 11, "btsr": 50}]}, {"type": "MAJOR_TROPHY", "stats": [{"tt": "World Cup", "sp": "2007-2019", "mt": 33, "in": 30, "pr": "trophy=12", "rn": 1002, "fo": 76, "si": 17, "ft": 6, "hn": 1, "bf": 1354, "dk": 2, "no": 3, "hs": "131*", "bta": 37.11, "btsr": 74}, {"tt": "Chappell-Hadlee", "sp": "2007-2020", "mt": 20, "in": 19, "pr": "trophy=65", "rn": 703, "fo": 65, "si": 10, "ft": 5, "hn": 2, "bf": 849, "dk": 0, "no": 1, "hs": "117", "bta": 39.05, "btsr": 82.8}, {"tt": "ICC Champions Trophy", "sp": "2009-2017", "mt": 11, "in": 11, "pr": "trophy=44", "rn": 281, "fo": 23, "si": 4, "ft": 2, "hn": 0, "bf": 417, "dk": 1, "no": 1, "hs": "72", "bta": 28.1, "btsr": 67.38}]}, {"type": "FINAL_TYPE", "stats": [{"tt": "tournament finals", "sp": "2009-2019", "mt": 3, "in": 3, "pr": "final_type=1", "rn": 61, "fo": 2, "si": 0, "ft": 0, "hn": 0, "bf": 116, "dk": 0, "no": 0, "hs": "40", "bta": 20.33, "btsr": 52.58}, {"tt": "tournament semi-finals", "sp": "2007-2019", "mt": 5, "in": 5, "pr": "final_type=3", "rn": 187, "fo": 10, "si": 3, "ft": 1, "hn": 0, "bf": 270, "dk": 0, "no": 0, "hs": "74", "bta": 37.4, "btsr": 69.25}, {"tt": "tournament quarter-finals", "sp": "2011-2015", "mt": 2, "in": 2, "pr": "final_type=4", "rn": 85, "fo": 3, "si": 1, "ft": 0, "hn": 0, "bf": 133, "dk": 0, "no": 0, "hs": "43", "bta": 42.5, "btsr": 63.9}, {"tt": "preliminary matches", "sp": "2007-2021", "mt": 55, "in": 51, "pr": "final_type=0", "rn": 1685, "fo": 157, "si": 28, "ft": 15, "hn": 1, "bf": 2096, "dk": 3, "no": 7, "hs": "131*", "bta": 38.29, "btsr": 80.39}]}, {"type": "BATTING_POSITION", "stats": [{"tt": "3rd position", "sp": "2006-2011", "mt": 29, "in": 29, "pr": "batting_positionval1=batting_position;batting_positionmin1=3;batting_positionmax1=3", "rn": 754, "fo": 81, "si": 14, "ft": 4, "hn": 2, "bf": 935, "dk": 4, "no": 4, "hs": "128*", "bta": 30.16, "btsr": 80.64}, {"tt": "4th position", "sp": "2006-2021", "mt": 179, "in": 179, "pr": "batting_positionval1=batting_position;batting_positionmin1=4;batting_positionmax1=4", "rn": 7664, "fo": 622, "si": 126, "ft": 46, "hn": 19, "bf": 9181, "dk": 5, "no": 32, "hs": "181*", "bta": 52.13, "btsr": 83.47}, {"tt": "5th position", "sp": "2007-2014", "mt": 9, "in": 9, "pr": "batting_positionval1=batting_position;batting_positionmin1=5;batting_positionmax1=5", "rn": 163, "fo": 9, "si": 6, "ft": 1, "hn": 0, "bf": 171, "dk": 0, "no": 3, "hs": "50", "bta": 27.16, "btsr": 95.32}]}]}}