{"player": {"id": 44930, "objectId": 38699, "name": "LRPL Taylor", "longName": "Ross Taylor", "mobileName": "Taylor", "indexName": "Taylor, LRPL", "battingName": "LRPL Taylor", "fieldingName": "Taylor", "slug": "ross-taylor", "gender": "M", "playingRole": "middle-order batter", "battingStyles": ["rhb"], "bowlingStyles": ["ob"], "longBattingStyles": ["right-hand bat"], "longBowlingStyles": ["right-arm offbreak"], "image": {"id": 303667, "objectId": 1222465, "slug": "ross-taylor-portrait", "url": "/db/PICTURES/CMS/303600/303667.png", "width": 160, "height": 200, "caption": "Ross Taylor portrait", "longCaption": "Ross Taylor, May 2020", "credit": "Getty Images", "photographer": null, "peerUrls": null}, "countryTeamId": 5, "playingRoleType": "P", "playingRoles": ["middle-order batter"], "dateOfBirth": {"year": 1984, "month": 3, "date": 8}, "dateOfDeath": null, "fullName": "Luteru Ross Poutoa Lote Taylor", "nickNames": "", "alsoKnownAs": "", "height": 0, "heightUnit": null, "education": "", "country": {"id": 5, "objectId": 5, "name": "New Zealand", "shortName": "New Zealand", "image": {"id": 313127, "objectId": 1241586, "slug": "new-zealand-logo", "url": "/db/PICTURES/CMS/313100/313127.logo.png", "width": 500, "height": 500, "caption": "New Zealand logo", "longCaption": "New Zealand logo", "credit": null, "photographer": null, "peerUrls": null}}, "altCountryTeamId": null, "placeOfBirth": "Lower Hutt, Wellington", "dobText": null, "dodText": null, "placeOfDeath": "", "intlCareerSpan": "2006 - 2021", "headshotImage": {"id": 316538, "objectId": 1251167, "slug": "lrpl-taylor-headshot", "url": "/db/PICTURES/CMS/316500/316538.png", "width": 600, "height": 436, "caption": "LRPL Taylor headshot", "longCaption": "LRPL Taylor headshot", "credit": null, "photographer": null, "peerUrls": {"FILM": null, "WIDE": null, "SQUARE": null}}, "backgroundImage": {"id": 198941, "objectId": 802105, "slug": "ross-taylor-acknowledges-the-applause-after-his-century", "url": "/db/PICTURES/CMS/198900/198941.jpg", "width": 900, "height": 589, "caption": "Ross Taylor acknowledges the applause after his century", "longCaption": "Ross Taylor acknowledges the applause after his century, Pakistan v New Zealand, 2nd Test, Dubai, 5th day, November 21, 2014", "credit": "Getty Images", "photographer": null, "peerUrls": {"FILM": "/db/PICTURES/CMS/198900/198941.jpg", "WIDE": "/db/PICTURES/CMS/198900/198941.3.jpg", "SQUARE": null}}, "externalLinks": [], "fieldingStyles": [], "otherStyles": [], "matchPlayerTypes": [1], "hasRecords": true, "hasStats": true, "hasMatches": true, "totalStories": 560, "totalVideos": 67, "totalImages": 830}, "teams": [{"team": {"id": 5, "objectId": 5, "scribeId": 5, "slug": "new-zealand", "name": "New Zealand", "longName": "New Zealand", "abbreviation": "NZ", "isCountry": true, "primaryColor": "#000000", "image": {"id": 313127, "objectId": 1241586, "slug": "new-zealand-logo", "url": "/db/PICTURES/CMS/313100/313127.logo.png", "width": 500, "height": 500, "caption": "New Zealand logo", "longCaption": "New Zealand logo", "credit": null, "photographer": null, "peerUrls": null}}, "current": false}, {"team": {"id": 248, "objectId": 197, "scribeId": 197, "slug": "australian-capital-territory", "name": "ACT", "longName": "Australian Capital Territory", "abbreviation": "ACT", "isCountry": false, "primaryColor": null, "image": null}, "current": false}, {"team": {"id": 2533, "objectId": 2482, "scribeId": 2482, "slug": "central-districts", "name": "Central D", "longName": "Central Districts", "abbreviation": "CD", "isCountry": false, "primaryColor": null, "image": {"id": 313331, "objectId": 1241790, "slug": "central-districts-logo", "url": "/db/PICTURES/CMS/313300/313331.logo.png", "width": 500, "height": 500, "caption": "Central Districts logo", "longCaption": "Central Districts logo", "credit": null, "photographer": null, "peerUrls": null}}, "current": false}, {"team": {"id": 2537, "objectId": 2486, "scribeId": 2486, "slug": "central-districts-under-19s", "name": "", "longName": "Central Districts Under-19s", "abbreviation": "", "isCountry": false, "primaryColor": null, "image": null}, "current": false}, {"team": {"id": 4344, "objectId": 335975, "scribeId": 335975, "slug": "delhi-capitals", "name": "Daredevils", "longName": "Delhi Daredevils", "abbreviation": "DC", "isCountry": false, "primaryColor": "#004c93", "image": {"id": 313422, "objectId": 1241881, "slug": "delhi-capitals-logo", "url": "/db/PICTURES/CMS/313400/313422.logo.png", "width": 500, "height": 500, "caption": "Delhi Capitals logo", "longCaption": "Delhi Capitals logo", "credit": null, "photographer": null, "peerUrls": null}}, "current": false}, {"team": {"id": 975, "objectId": 924, "scribeId": 924, "slug": "durham", "name": "Durham", "longName": "Durham", "abbreviation": "DURH", "isCountry": false, "primaryColor": null, "image": {"id": 313255, "objectId": 1241714, "slug": "durham-logo", "url": "/db/PICTURES/CMS/313200/313255.logo.png", "width": 500, "height": 500, "caption": "Durham logo", "longCaption": "Durham logo", "credit": null, "photographer": null, "peerUrls": null}}, "current": false}, {"team": {"id": 5153, "objectId": 642413, "scribeId": 642413, "slug": "guyana-amazon-warriors", "name": "Amazon", "longName": "Guyana Amazon Warriors", "abbreviation": "GAW", "isCountry": false, "primaryColor": null, "image": {"id": 313482, "objectId": 1241941, "slug": "guyana-amazon-warriors-logo", "url": "/db/PICTURES/CMS/313400/313482.logo.png", "width": 500, "height": 500, "caption": "Guyana Amazon Warriors logo", "longCaption": "Guyana Amazon Warriors logo", "credit": null, "photographer": null, "peerUrls": null}}, "current": false}, {"team": {"id": 5155, "objectId": 642415, "scribeId": 642415, "slug": "jamaica-tallawahs", "name": "Tallawahs", "longName": "Jamaica Tallawahs", "abbreviation": "JT", "isCountry": false, "primaryColor": null, "image": {"id": 313483, "objectId": 1241942, "slug": "jamaica-tallawahs-logo", "url": "/db/PICTURES/CMS/313400/313483.logo.png", "width": 500, "height": 500, "caption": "Jamaica Tallawahs logo", "longCaption": "Jamaica Tallawahs logo", "credit": null, "photographer": null, "peerUrls": null}}, "current": false}, {"team": {"id": 1241, "objectId": 1190, "scribeId": 1190, "slug": "middlesex", "name": "Middlesex", "longName": "Middlesex", "abbreviation": "MIDDX", "isCountry": false, "primaryColor": null, "image": {"id": 313273, "objectId": 1241732, "slug": "middlesex-logo", "url": "/db/PICTURES/CMS/313200/313273.logo.png", "width": 500, "height": 500, "caption": "Middlesex logo", "longCaption": "Middlesex logo", "credit": null, "photographer": null, "peerUrls": null}}, "current": false}, {"team": {"id": 2603, "objectId": 2552, "scribeId": 2552, "slug": "new-zealand-emerging-players", "name": "NZ Emerging", "longName": "New Zealand Emerging Players", "abbreviation": "", "isCountry": false, "primaryColor": null, "image": null}, "current": false}, {"team": {"id": 2611, "objectId": 2560, "scribeId": 2560, "slug": "new-zealand-under-19s-young-cricketers", "name": "NZ U19", "longName": "New Zealand Under-19s", "abbreviation": "NZ19", "isCountry": false, "primaryColor": null, "image": {"id": 313334, "objectId": 1241793, "slug": "new-zealand-under-19s-young-cricketers-logo", "url": "/db/PICTURES/CMS/313300/313334.logo.png", "width": 500, "height": 500, "caption": "New Zealand Under-19s (Young Cricketers) logo", "longCaption": "New Zealand Under-19s (Young Cricketers) logo", "credit": null, "photographer": null, "peerUrls": null}}, "current": false}, {"team": {"id": 4787, "objectId": 474666, "scribeId": 474666, "slug": "pune-warriors", "name": "Warriors", "longName": "Pune Warriors", "abbreviation": "PWI", "isCountry": false, "primaryColor": null, "image": {"id": 156230, "objectId": 628254, "slug": "pune-warriors", "url": "/db/PICTURES/CMS/156200/156230.png", "width": 120, "height": 80, "caption": "Pune Warriors", "longCaption": "Pune Warriors", "credit": "ESPNcricinfo Ltd", "photographer": null, "peerUrls": null}}, "current": false}, {"team": {"id": 4345, "objectId": 335977, "scribeId": 335977, "slug": "rajasthan-royals", "name": "Royals", "longName": "Rajasthan Royals", "abbreviation": "RR", "isCountry": false, "primaryColor": "#004b8c", "image": {"id": 313423, "objectId": 1241882, "slug": "rajasthan-royals-logo", "url": "/db/PICTURES/CMS/313400/313423.logo.png", "width": 500, "height": 500, "caption": "Rajasthan Royals logo", "longCaption": "Rajasthan Royals logo", "credit": null, "photographer": null, "peerUrls": null}}, "current": false}, {"team": {"id": 4340, "objectId": 335970, "scribeId": 335970, "slug": "royal-challengers-bangalore", "name": "RCB", "longName": "Royal Challengers Bangalore", "abbreviation": "RCB", "isCountry": false, "primaryColor": "#ef4022", "image": {"id": 313418, "objectId": 1241877, "slug": "royal-challengers-bangalore-logo", "url": "/db/PICTURES/CMS/313400/313418.logo.png", "width": 500, "height": 500, "caption": "Royal Challengers Bangalore logo", "longCaption": "Royal Challengers Bangalore logo", "credit": null, "photographer": null, "peerUrls": null}}, "current": false}, {"team": {"id": 5157, "objectId": 642417, "scribeId": 642417, "slug": "st-lucia-zouks", "name": "Zouks", "longName": "St Lucia Zouks", "abbreviation": "ZOUKS", "isCountry": false, "primaryColor": null, "image": {"id": 313484, "objectId": 1241943, "slug": "st-lucia-zouks-logo", "url": "/db/PICTURES/CMS/313400/313484.logo.png", "width": 500, "height": 500, "caption": "St Lucia Zouks logo", "longCaption": "St Lucia Zouks logo", "credit": null, "photographer": null, "peerUrls": null}}, "current": false}, {"team": {"id": 1422, "objectId": 1371, "scribeId": 1371, "slug": "sussex", "name": "Sussex", "longName": "Sussex", "abbreviation": "SUSS", "isCountry": false, "primaryColor": null, "image": {"id": 313278, "objectId": 1241737, "slug": "sussex-logo", "url": "/db/PICTURES/CMS/313200/313278.logo.png", "width": 500, "height": 500, "caption": "Sussex logo", "longCaption": "Sussex logo", "credit": null, "photographer": null, "peerUrls": null}}, "current": false}, {"team": {"id": 5159, "objectId": 642421, "scribeId": 642421, "slug": "trinbago-knight-riders", "name": "Red Steel", "longName": "Trinidad & Tobago Red Steel", "abbreviation": "RedSt", "isCountry": false, "primaryColor": null, "image": {"id": 313485, "objectId": 1241944, "slug": "trinbago-knight-riders-logo", "url": "/db/PICTURES/CMS/313400/313485.logo.png", "width": 500, "height": 500, "caption": "Trinbago Knight Riders logo", "longCaption": "Trinbago Knight Riders logo", "credit": null, "photographer": null, "peerUrls": null}}, "current": false}, {"team": {"id": 635, "objectId": 584, "scribeId": 584, "slug": "victoria", "name": "Victoria", "longName": "Victoria", "abbreviation": "VIC", "isCountry": false, "primaryColor": null, "image": {"id": 318595, "objectId": 1256987, "slug": "victoria-team-logo-2021", "url": "/db/PICTURES/CMS/318500/318595.jpg", "width": 500, "height": 500, "caption": "Victoria team logo 2021", "longCaption": "Victoria team logo 2021", "credit": "Unknown", "photographer": null, "peerUrls": null}}, "current": false}]}