{"summary": {"recordClassId": 3, "type": "BATTING", "groups": [{"type": "CAREER_AVERAGES", "stats": [{"tt": "overview", "sp": "2006-2020", "mt": 102, "in": 94, "pr": null, "rn": 1909, "fo": 121, "si": 71, "ft": 7, "hn": 0, "bf": 1560, "dk": 6, "no": 21, "hs": "63", "bta": 26.15, "btsr": 122.37}]}, {"type": "OPPOSITION_TEAM", "stats": [{"tt": "vs Australia", "sp": "2007-2018", "mt": 7, "in": 7, "pr": "opposition=2", "rn": 110, "fo": 5, "si": 4, "ft": 0, "hn": 0, "bf": 110, "dk": 1, "no": 2, "hs": "43*", "bta": 22, "btsr": 100}, {"tt": "vs Bangladesh", "sp": "2010-2016", "mt": 4, "in": 3, "pr": "opposition=25", "rn": 70, "fo": 7, "si": 1, "ft": 0, "hn": 0, "bf": 61, "dk": 0, "no": 1, "hs": "28", "bta": 35, "btsr": 114.75}, {"tt": "vs England", "sp": "2007-2019", "mt": 21, "in": 19, "pr": "opposition=1", "rn": 321, "fo": 19, "si": 13, "ft": 0, "hn": 0, "bf": 261, "dk": 1, "no": 2, "hs": "44", "bta": 18.88, "btsr": 122.98}, {"tt": "vs India", "sp": "2007-2020", "mt": 13, "in": 13, "pr": "opposition=6", "rn": 349, "fo": 19, "si": 14, "ft": 2, "hn": 0, "bf": 270, "dk": 0, "no": 3, "hs": "54*", "bta": 34.9, "btsr": 129.25}, {"tt": "vs Kenya", "sp": "2007-2007", "mt": 1, "in": null, "pr": "opposition=26", "rn": null, "fo": null, "si": null, "ft": null, "hn": null, "bf": null, "dk": null, "no": null, "hs": null, "bta": null, "btsr": null}, {"tt": "vs Netherlands", "sp": "2014-2014", "mt": 1, "in": 1, "pr": "opposition=15", "rn": 18, "fo": 1, "si": 1, "ft": 0, "hn": 0, "bf": 11, "dk": 0, "no": 0, "hs": "18", "bta": 18, "btsr": 163.63}, {"tt": "vs Pakistan", "sp": "2007-2018", "mt": 18, "in": 17, "pr": "opposition=7", "rn": 305, "fo": 19, "si": 13, "ft": 0, "hn": 0, "bf": 226, "dk": 1, "no": 7, "hs": "42*", "bta": 30.5, "btsr": 134.95}, {"tt": "vs Scotland", "sp": "2009-2009", "mt": 1, "in": 1, "pr": "opposition=30", "rn": 21, "fo": 1, "si": 2, "ft": 0, "hn": 0, "bf": 10, "dk": 0, "no": 1, "hs": "21*", "bta": null, "btsr": 210}, {"tt": "vs South Africa", "sp": "2007-2014", "mt": 5, "in": 5, "pr": "opposition=3", "rn": 111, "fo": 7, "si": 5, "ft": 1, "hn": 0, "bf": 95, "dk": 0, "no": 0, "hs": "62", "bta": 22.2, "btsr": 116.84}, {"tt": "vs Sri Lanka", "sp": "2006-2019", "mt": 17, "in": 16, "pr": "opposition=8", "rn": 342, "fo": 25, "si": 8, "ft": 2, "hn": 0, "bf": 298, "dk": 2, "no": 1, "hs": "62", "bta": 22.8, "btsr": 114.76}, {"tt": "vs West Indies", "sp": "2008-2020", "mt": 11, "in": 11, "pr": "opposition=4", "rn": 254, "fo": 17, "si": 10, "ft": 2, "hn": 0, "bf": 213, "dk": 1, "no": 4, "hs": "63", "bta": 36.28, "btsr": 119.24}, {"tt": "vs Zimbabwe", "sp": "2010-2011", "mt": 3, "in": 1, "pr": "opposition=9", "rn": 8, "fo": 1, "si": 0, "ft": 0, "hn": 0, "bf": 5, "dk": 0, "no": 0, "hs": "8", "bta": 8, "btsr": 160}]}, {"type": "HOST_COUNTRY", "stats": [{"tt": "in Australia", "sp": "2007-2018", "mt": 2, "in": 2, "pr": "host=2", "rn": 24, "fo": 1, "si": 0, "ft": 0, "hn": 0, "bf": 37, "dk": 1, "no": 0, "hs": "24", "bta": 12, "btsr": 64.86}, {"tt": "in Bangladesh", "sp": "2013-2014", "mt": 5, "in": 4, "pr": "host=25", "rn": 108, "fo": 8, "si": 4, "ft": 1, "hn": 0, "bf": 78, "dk": 1, "no": 0, "hs": "62", "bta": 27, "btsr": 138.46}, {"tt": "in England", "sp": "2008-2015", "mt": 7, "in": 6, "pr": "host=1", "rn": 125, "fo": 11, "si": 5, "ft": 0, "hn": 0, "bf": 99, "dk": 0, "no": 2, "hs": "32*", "bta": 31.25, "btsr": 126.26}, {"tt": "in India", "sp": "2012-2016", "mt": 6, "in": 6, "pr": "host=6", "rn": 116, "fo": 5, "si": 4, "ft": 0, "hn": 0, "bf": 99, "dk": 0, "no": 2, "hs": "36*", "bta": 29, "btsr": 117.17}, {"tt": "in New Zealand", "sp": "2006-2020", "mt": 46, "in": 43, "pr": "host=5", "rn": 881, "fo": 55, "si": 37, "ft": 3, "hn": 0, "bf": 705, "dk": 3, "no": 11, "hs": "63", "bta": 27.53, "btsr": 124.96}, {"tt": "in South Africa", "sp": "2007-2007", "mt": 7, "in": 6, "pr": "host=3", "rn": 125, "fo": 5, "si": 8, "ft": 1, "hn": 0, "bf": 94, "dk": 0, "no": 1, "hs": "62", "bta": 25, "btsr": 132.97}, {"tt": "in Sri Lanka", "sp": "2009-2019", "mt": 10, "in": 10, "pr": "host=8", "rn": 275, "fo": 21, "si": 7, "ft": 2, "hn": 0, "bf": 204, "dk": 1, "no": 2, "hs": "62*", "bta": 34.37, "btsr": 134.8}, {"tt": "in U.A.E.", "sp": "2009-2018", "mt": 7, "in": 7, "pr": "host=27", "rn": 81, "fo": 5, "si": 1, "ft": 0, "hn": 0, "bf": 79, "dk": 0, "no": 1, "hs": "42*", "bta": 13.5, "btsr": 102.53}, {"tt": "in U.S.A.", "sp": "2010-2012", "mt": 3, "in": 3, "pr": "host=11", "rn": 42, "fo": 5, "si": 0, "ft": 0, "hn": 0, "bf": 46, "dk": 0, "no": 1, "hs": "27", "bta": 21, "btsr": 91.3}, {"tt": "in West Indies", "sp": "2010-2014", "mt": 7, "in": 6, "pr": "host=4", "rn": 124, "fo": 4, "si": 5, "ft": 0, "hn": 0, "bf": 114, "dk": 0, "no": 1, "hs": "44", "bta": 24.8, "btsr": 108.77}, {"tt": "in Zimbabwe", "sp": "2011-2011", "mt": 2, "in": 1, "pr": "host=9", "rn": 8, "fo": 1, "si": 0, "ft": 0, "hn": 0, "bf": 5, "dk": 0, "no": 0, "hs": "8", "bta": 8, "btsr": 160}]}, {"type": "CONTINENT", "stats": [{"tt": "in Africa", "sp": "2007-2011", "mt": 9, "in": 7, "pr": "continent=1", "rn": 133, "fo": 6, "si": 8, "ft": 1, "hn": 0, "bf": 99, "dk": 0, "no": 1, "hs": "62", "bta": 22.16, "btsr": 134.34}, {"tt": "in Americas", "sp": "2010-2014", "mt": 10, "in": 9, "pr": "continent=3", "rn": 166, "fo": 9, "si": 5, "ft": 0, "hn": 0, "bf": 160, "dk": 0, "no": 2, "hs": "44", "bta": 23.71, "btsr": 103.75}, {"tt": "in Asia", "sp": "2009-2019", "mt": 28, "in": 27, "pr": "continent=2", "rn": 580, "fo": 39, "si": 16, "ft": 3, "hn": 0, "bf": 460, "dk": 2, "no": 5, "hs": "62*", "bta": 26.36, "btsr": 126.08}, {"tt": "in Europe", "sp": "2008-2015", "mt": 7, "in": 6, "pr": "continent=4", "rn": 125, "fo": 11, "si": 5, "ft": 0, "hn": 0, "bf": 99, "dk": 0, "no": 2, "hs": "32*", "bta": 31.25, "btsr": 126.26}, {"tt": "in Oceania", "sp": "2006-2020", "mt": 48, "in": 45, "pr": "continent=5", "rn": 905, "fo": 56, "si": 37, "ft": 3, "hn": 0, "bf": 742, "dk": 4, "no": 11, "hs": "63", "bta": 26.61, "btsr": 121.96}]}, {"type": "HOME_OR_AWAY", "stats": [{"tt": "home", "sp": "2006-2020", "mt": 46, "in": 43, "pr": "home_or_away=1", "rn": 881, "fo": 55, "si": 37, "ft": 3, "hn": 0, "bf": 705, "dk": 3, "no": 11, "hs": "63", "bta": 27.53, "btsr": 124.96}, {"tt": "away", "sp": "2007-2019", "mt": 21, "in": 19, "pr": "home_or_away=2", "rn": 377, "fo": 27, "si": 10, "ft": 1, "hn": 0, "bf": 322, "dk": 2, "no": 3, "hs": "60", "bta": 23.56, "btsr": 117.08}, {"tt": "neutral", "sp": "2007-2018", "mt": 35, "in": 32, "pr": "home_or_away=3", "rn": 651, "fo": 39, "si": 24, "ft": 3, "hn": 0, "bf": 533, "dk": 1, "no": 7, "hs": "62*", "bta": 26.04, "btsr": 122.13}]}, {"type": "YEAR", "stats": [{"tt": "year 2006", "sp": null, "mt": 2, "in": 2, "pr": "year=2006", "rn": 25, "fo": 2, "si": 0, "ft": 0, "hn": 0, "bf": 28, "dk": 0, "no": 0, "hs": "21", "bta": 12.5, "btsr": 89.28}, {"tt": "year 2007", "sp": null, "mt": 8, "in": 7, "pr": "year=2007", "rn": 125, "fo": 5, "si": 8, "ft": 1, "hn": 0, "bf": 96, "dk": 1, "no": 1, "hs": "62", "bta": 20.83, "btsr": 130.2}, {"tt": "year 2008", "sp": null, "mt": 5, "in": 5, "pr": "year=2008", "rn": 115, "fo": 9, "si": 8, "ft": 1, "hn": 0, "bf": 84, "dk": 1, "no": 0, "hs": "63", "bta": 23, "btsr": 136.9}, {"tt": "year 2009", "sp": null, "mt": 9, "in": 9, "pr": "year=2009", "rn": 203, "fo": 14, "si": 7, "ft": 1, "hn": 0, "bf": 177, "dk": 0, "no": 1, "hs": "60", "bta": 25.37, "btsr": 114.68}, {"tt": "year 2010", "sp": null, "mt": 13, "in": 11, "pr": "year=2010", "rn": 191, "fo": 9, "si": 8, "ft": 0, "hn": 0, "bf": 179, "dk": 1, "no": 2, "hs": "44", "bta": 21.22, "btsr": 106.7}, {"tt": "year 2011", "sp": null, "mt": 2, "in": 1, "pr": "year=2011", "rn": 8, "fo": 1, "si": 0, "ft": 0, "hn": 0, "bf": 5, "dk": 0, "no": 0, "hs": "8", "bta": 8, "btsr": 160}, {"tt": "year 2012", "sp": null, "mt": 8, "in": 8, "pr": "year=2012", "rn": 186, "fo": 14, "si": 5, "ft": 1, "hn": 0, "bf": 141, "dk": 0, "no": 4, "hs": "62*", "bta": 46.5, "btsr": 131.91}, {"tt": "year 2013", "sp": null, "mt": 6, "in": 5, "pr": "year=2013", "rn": 83, "fo": 6, "si": 2, "ft": 0, "hn": 0, "bf": 68, "dk": 0, "no": 1, "hs": "32*", "bta": 20.75, "btsr": 122.05}, {"tt": "year 2014", "sp": null, "mt": 10, "in": 9, "pr": "year=2014", "rn": 184, "fo": 12, "si": 6, "ft": 1, "hn": 0, "bf": 162, "dk": 1, "no": 1, "hs": "62", "bta": 23, "btsr": 113.58}, {"tt": "year 2015", "sp": null, "mt": 1, "in": 1, "pr": "year=2015", "rn": 17, "fo": 2, "si": 0, "ft": 0, "hn": 0, "bf": 13, "dk": 0, "no": 0, "hs": "17", "bta": 17, "btsr": 130.76}, {"tt": "year 2016", "sp": null, "mt": 9, "in": 7, "pr": "year=2016", "rn": 119, "fo": 9, "si": 4, "ft": 0, "hn": 0, "bf": 93, "dk": 0, "no": 3, "hs": "36*", "bta": 29.75, "btsr": 127.95}, {"tt": "year 2017", "sp": null, "mt": 1, "in": 1, "pr": "year=2017", "rn": 20, "fo": 1, "si": 1, "ft": 0, "hn": 0, "bf": 13, "dk": 0, "no": 0, "hs": "20", "bta": 20, "btsr": 153.84}, {"tt": "year 2018", "sp": null, "mt": 10, "in": 10, "pr": "year=2018", "rn": 191, "fo": 10, "si": 6, "ft": 0, "hn": 0, "bf": 151, "dk": 0, "no": 5, "hs": "43*", "bta": 38.2, "btsr": 126.49}, {"tt": "year 2019", "sp": null, "mt": 11, "in": 11, "pr": "year=2019", "rn": 276, "fo": 16, "si": 10, "ft": 0, "hn": 0, "bf": 220, "dk": 1, "no": 1, "hs": "48", "bta": 27.6, "btsr": 125.45}, {"tt": "year 2020", "sp": null, "mt": 7, "in": 7, "pr": "year=2020", "rn": 166, "fo": 11, "si": 6, "ft": 2, "hn": 0, "bf": 130, "dk": 1, "no": 2, "hs": "54*", "bta": 33.2, "btsr": 127.69}]}, {"type": "SEASON", "stats": [{"tt": "season 2006/07", "sp": null, "mt": 2, "in": 2, "pr": "season=NaN", "rn": 25, "fo": 2, "si": 0, "ft": 0, "hn": 0, "bf": 28, "dk": 0, "no": 0, "hs": "21", "bta": 12.5, "btsr": 89.28}, {"tt": "season 2007/08", "sp": null, "mt": 10, "in": 9, "pr": "season=NaN", "rn": 146, "fo": 6, "si": 10, "ft": 1, "hn": 0, "bf": 108, "dk": 2, "no": 1, "hs": "62", "bta": 18.25, "btsr": 135.18}, {"tt": "season 2008", "sp": null, "mt": 1, "in": 1, "pr": "season=2008", "rn": 25, "fo": 3, "si": 2, "ft": 0, "hn": 0, "bf": 18, "dk": 0, "no": 0, "hs": "25", "bta": 25, "btsr": 138.88}, {"tt": "season 2008/09", "sp": null, "mt": 4, "in": 4, "pr": "season=NaN", "rn": 127, "fo": 8, "si": 7, "ft": 1, "hn": 0, "bf": 99, "dk": 0, "no": 0, "hs": "63", "bta": 31.75, "btsr": 128.28}, {"tt": "season 2009", "sp": null, "mt": 5, "in": 5, "pr": "season=2009", "rn": 127, "fo": 10, "si": 3, "ft": 1, "hn": 0, "bf": 112, "dk": 0, "no": 1, "hs": "60", "bta": 31.75, "btsr": 113.39}, {"tt": "season 2009/10", "sp": null, "mt": 5, "in": 4, "pr": "season=NaN", "rn": 33, "fo": 3, "si": 1, "ft": 0, "hn": 0, "bf": 38, "dk": 0, "no": 0, "hs": "13", "bta": 8.25, "btsr": 86.84}, {"tt": "season 2010", "sp": null, "mt": 7, "in": 6, "pr": "season=2010", "rn": 107, "fo": 4, "si": 3, "ft": 0, "hn": 0, "bf": 106, "dk": 0, "no": 0, "hs": "44", "bta": 17.83, "btsr": 100.94}, {"tt": "season 2010/11", "sp": null, "mt": 3, "in": 3, "pr": "season=NaN", "rn": 69, "fo": 3, "si": 5, "ft": 0, "hn": 0, "bf": 55, "dk": 1, "no": 2, "hs": "39*", "bta": 69, "btsr": 125.45}, {"tt": "season 2011/12", "sp": null, "mt": 2, "in": 1, "pr": "season=NaN", "rn": 8, "fo": 1, "si": 0, "ft": 0, "hn": 0, "bf": 5, "dk": 0, "no": 0, "hs": "8", "bta": 8, "btsr": 160}, {"tt": "season 2012", "sp": null, "mt": 2, "in": 2, "pr": "season=2012", "rn": 35, "fo": 2, "si": 1, "ft": 0, "hn": 0, "bf": 30, "dk": 0, "no": 2, "hs": "25*", "bta": null, "btsr": 116.66}, {"tt": "season 2012/13", "sp": null, "mt": 9, "in": 9, "pr": "season=NaN", "rn": 174, "fo": 13, "si": 5, "ft": 1, "hn": 0, "bf": 135, "dk": 0, "no": 2, "hs": "62*", "bta": 24.85, "btsr": 128.88}, {"tt": "season 2013", "sp": null, "mt": 2, "in": 1, "pr": "season=2013", "rn": 32, "fo": 2, "si": 1, "ft": 0, "hn": 0, "bf": 19, "dk": 0, "no": 1, "hs": "32*", "bta": null, "btsr": 168.42}, {"tt": "season 2013/14", "sp": null, "mt": 7, "in": 6, "pr": "season=NaN", "rn": 152, "fo": 11, "si": 4, "ft": 1, "hn": 0, "bf": 126, "dk": 1, "no": 0, "hs": "62", "bta": 25.33, "btsr": 120.63}, {"tt": "season 2014", "sp": null, "mt": 2, "in": 2, "pr": "season=2014", "rn": 49, "fo": 3, "si": 2, "ft": 0, "hn": 0, "bf": 43, "dk": 0, "no": 1, "hs": "28*", "bta": 49, "btsr": 113.95}, {"tt": "season 2014/15", "sp": null, "mt": 2, "in": 2, "pr": "season=NaN", "rn": 11, "fo": 1, "si": 0, "ft": 0, "hn": 0, "bf": 18, "dk": 0, "no": 0, "hs": "7", "bta": 5.5, "btsr": 61.11}, {"tt": "season 2015", "sp": null, "mt": 1, "in": 1, "pr": "season=2015", "rn": 17, "fo": 2, "si": 0, "ft": 0, "hn": 0, "bf": 13, "dk": 0, "no": 0, "hs": "17", "bta": 17, "btsr": 130.76}, {"tt": "season 2015/16", "sp": null, "mt": 9, "in": 7, "pr": "season=NaN", "rn": 119, "fo": 9, "si": 4, "ft": 0, "hn": 0, "bf": 93, "dk": 0, "no": 3, "hs": "36*", "bta": 29.75, "btsr": 127.95}, {"tt": "season 2017/18", "sp": null, "mt": 8, "in": 8, "pr": "season=NaN", "rn": 159, "fo": 8, "si": 7, "ft": 0, "hn": 0, "bf": 123, "dk": 0, "no": 4, "hs": "43*", "bta": 39.75, "btsr": 129.26}, {"tt": "season 2018/19", "sp": null, "mt": 7, "in": 7, "pr": "season=NaN", "rn": 164, "fo": 9, "si": 4, "ft": 0, "hn": 0, "bf": 135, "dk": 0, "no": 2, "hs": "42*", "bta": 32.8, "btsr": 121.48}, {"tt": "season 2019", "sp": null, "mt": 2, "in": 2, "pr": "season=2019", "rn": 48, "fo": 3, "si": 2, "ft": 0, "hn": 0, "bf": 30, "dk": 1, "no": 0, "hs": "48", "bta": 24, "btsr": 160}, {"tt": "season 2019/20", "sp": null, "mt": 10, "in": 10, "pr": "season=NaN", "rn": 282, "fo": 18, "si": 10, "ft": 2, "hn": 0, "bf": 222, "dk": 0, "no": 1, "hs": "54*", "bta": 31.33, "btsr": 127.02}, {"tt": "season 2020/21", "sp": null, "mt": 2, "in": 2, "pr": "season=NaN", "rn": 0, "fo": 0, "si": 0, "ft": 0, "hn": 0, "bf": 4, "dk": 1, "no": 1, "hs": "0*", "bta": 0, "btsr": 0}]}, {"type": "CAPTAINS_INVOLVED", "stats": [{"tt": "*SP Fleming", "sp": "2006-2006", "mt": 2, "in": 2, "pr": "captain_involve=2121", "rn": 25, "fo": 2, "si": 0, "ft": 0, "hn": 0, "bf": 28, "dk": 0, "no": 0, "hs": "21", "bta": 12.5, "btsr": 89.28}, {"tt": "*BB McCullum", "sp": "2008-2015", "mt": 19, "in": 17, "pr": "captain_involve=10384", "rn": 306, "fo": 19, "si": 13, "ft": 1, "hn": 0, "bf": 250, "dk": 2, "no": 3, "hs": "62", "bta": 21.85, "btsr": 122.4}, {"tt": "*KD Mills", "sp": "2013-2013", "mt": 1, "in": 1, "pr": "captain_involve=10303", "rn": 28, "fo": 3, "si": 0, "ft": 0, "hn": 0, "bf": 25, "dk": 0, "no": 0, "hs": "28", "bta": 28, "btsr": 112}, {"tt": "*TG Southee", "sp": "2017-2020", "mt": 14, "in": 14, "pr": "captain_involve=49108", "rn": 316, "fo": 23, "si": 10, "ft": 1, "hn": 0, "bf": 258, "dk": 2, "no": 2, "hs": "53", "bta": 26.33, "btsr": 122.48}, {"tt": "*LRPL Taylor", "sp": "2010-2012", "mt": 13, "in": 12, "pr": "captain_involve=44930", "rn": 263, "fo": 18, "si": 10, "ft": 1, "hn": 0, "bf": 201, "dk": 1, "no": 6, "hs": "62*", "bta": 43.83, "btsr": 130.84}, {"tt": "*DL Vettori", "sp": "2007-2010", "mt": 26, "in": 23, "pr": "captain_involve=4380", "rn": 483, "fo": 29, "si": 21, "ft": 3, "hn": 0, "bf": 408, "dk": 1, "no": 1, "hs": "63", "bta": 21.95, "btsr": 118.38}, {"tt": "*KS Williamson", "sp": "2014-2020", "mt": 27, "in": 25, "pr": "captain_involve=51088", "rn": 488, "fo": 27, "si": 17, "ft": 1, "hn": 0, "bf": 390, "dk": 0, "no": 9, "hs": "54*", "bta": 30.5, "btsr": 125.12}]}, {"type": "CAPTAIN", "stats": [{"tt": "is captain", "sp": "2010-2012", "mt": 13, "in": 12, "pr": "captain=1", "rn": 263, "fo": 18, "si": 10, "ft": 1, "hn": 0, "bf": 201, "dk": 1, "no": 6, "hs": "62*", "bta": 43.83, "btsr": 130.84}, {"tt": "is not captain", "sp": "2006-2020", "mt": 89, "in": 82, "pr": "captain=0", "rn": 1646, "fo": 103, "si": 61, "ft": 6, "hn": 0, "bf": 1359, "dk": 5, "no": 15, "hs": "63", "bta": 24.56, "btsr": 121.11}]}, {"type": "KEEPER", "stats": [{"tt": "is not keeper", "sp": "2006-2020", "mt": 102, "in": 94, "pr": "keeper=0", "rn": 1909, "fo": 121, "si": 71, "ft": 7, "hn": 0, "bf": 1560, "dk": 6, "no": 21, "hs": "63", "bta": 26.15, "btsr": 122.37}]}, {"type": "TOSS", "stats": [{"tt": "won the toss", "sp": "2006-2020", "mt": 54, "in": 48, "pr": "toss=1", "rn": 1116, "fo": 72, "si": 38, "ft": 5, "hn": 0, "bf": 923, "dk": 3, "no": 10, "hs": "63", "bta": 29.36, "btsr": 120.91}, {"tt": "lost the toss", "sp": "2007-2020", "mt": 48, "in": 46, "pr": "toss=2", "rn": 793, "fo": 49, "si": 33, "ft": 2, "hn": 0, "bf": 637, "dk": 3, "no": 11, "hs": "54*", "bta": 22.65, "btsr": 124.48}]}, {"type": "BATTING_FIELDING_SEQUENCE_AND_TOSS", "stats": [{"tt": "won toss &amp; batted", "sp": "2006-2020", "mt": 26, "in": 26, "pr": "batting_fielding_first=1;toss=1", "rn": 669, "fo": 42, "si": 19, "ft": 3, "hn": 0, "bf": 567, "dk": 0, "no": 4, "hs": "63", "bta": 30.4, "btsr": 117.98}, {"tt": "won toss &amp; fielded", "sp": "2006-2020", "mt": 28, "in": 22, "pr": "batting_fielding_first=2;toss=1", "rn": 447, "fo": 30, "si": 19, "ft": 2, "hn": 0, "bf": 356, "dk": 3, "no": 6, "hs": "62*", "bta": 27.93, "btsr": 125.56}, {"tt": "lost toss &amp; sent in", "sp": "2007-2020", "mt": 30, "in": 30, "pr": "batting_fielding_first=1;toss=2", "rn": 466, "fo": 27, "si": 21, "ft": 1, "hn": 0, "bf": 384, "dk": 0, "no": 10, "hs": "54*", "bta": 23.3, "btsr": 121.35}, {"tt": "lost toss &amp; fielded", "sp": "2007-2020", "mt": 18, "in": 16, "pr": "batting_fielding_first=2;toss=2", "rn": 327, "fo": 22, "si": 12, "ft": 1, "hn": 0, "bf": 253, "dk": 3, "no": 1, "hs": "53", "bta": 21.8, "btsr": 129.24}]}, {"type": "BATTING_FIELDING_SEQUENCE", "stats": [{"tt": "matches batting first", "sp": "2006-2020", "mt": 56, "in": 56, "pr": "batting_fielding_first=1", "rn": 1135, "fo": 69, "si": 40, "ft": 4, "hn": 0, "bf": 951, "dk": 0, "no": 14, "hs": "63", "bta": 27.02, "btsr": 119.34}, {"tt": "matches fielding first", "sp": "2006-2020", "mt": 46, "in": 38, "pr": "batting_fielding_first=2", "rn": 774, "fo": 52, "si": 31, "ft": 3, "hn": 0, "bf": 609, "dk": 6, "no": 7, "hs": "62*", "bta": 24.96, "btsr": 127.09}]}, {"type": "TEAM_INNINGS", "stats": [{"tt": "1st team innings", "sp": "2006-2020", "mt": 101, "in": 94, "pr": null, "rn": 1909, "fo": 121, "si": 71, "ft": 7, "hn": 0, "bf": 1560, "dk": 6, "no": 21, "hs": "63", "bta": 26.15, "btsr": 122.37}]}, {"type": "MATCH_INNINGS", "stats": [{"tt": "1st match innings", "sp": "2006-2020", "mt": 56, "in": 56, "pr": "innings_number=1", "rn": 1135, "fo": 69, "si": 40, "ft": 4, "hn": 0, "bf": 951, "dk": 0, "no": 14, "hs": "63", "bta": 27.02, "btsr": 119.34}, {"tt": "2nd match innings", "sp": "2006-2020", "mt": 45, "in": 38, "pr": "innings_number=2", "rn": 774, "fo": 52, "si": 31, "ft": 3, "hn": 0, "bf": 609, "dk": 6, "no": 7, "hs": "62*", "bta": 24.96, "btsr": 127.09}]}, {"type": "FLOODLIT", "stats": [{"tt": "day match", "sp": "2006-2020", "mt": 33, "in": 29, "pr": "floodlit=1", "rn": 565, "fo": 36, "si": 24, "ft": 1, "hn": 0, "bf": 468, "dk": 0, "no": 7, "hs": "62", "bta": 25.68, "btsr": 120.72}, {"tt": "day/night match", "sp": "2006-2018", "mt": 38, "in": 35, "pr": "floodlit=2", "rn": 742, "fo": 53, "si": 25, "ft": 4, "hn": 0, "bf": 598, "dk": 2, "no": 6, "hs": "63", "bta": 25.58, "btsr": 124.08}, {"tt": "night match", "sp": "2010-2020", "mt": 31, "in": 30, "pr": "floodlit=3", "rn": 602, "fo": 32, "si": 22, "ft": 2, "hn": 0, "bf": 494, "dk": 4, "no": 8, "hs": "54*", "bta": 27.36, "btsr": 121.86}]}, {"type": "RESULT", "stats": [{"tt": "won match", "sp": "2006-2020", "mt": 49, "in": 42, "pr": "result=1", "rn": 828, "fo": 53, "si": 31, "ft": 1, "hn": 0, "bf": 679, "dk": 1, "no": 14, "hs": "60", "bta": 29.57, "btsr": 121.94}, {"tt": "lost match", "sp": "2006-2020", "mt": 44, "in": 44, "pr": "result=2", "rn": 879, "fo": 55, "si": 32, "ft": 4, "hn": 0, "bf": 726, "dk": 5, "no": 6, "hs": "62", "bta": 23.13, "btsr": 121.07}, {"tt": "tied match", "sp": "2008-2020", "mt": 7, "in": 7, "pr": "result=3", "rn": 198, "fo": 13, "si": 8, "ft": 2, "hn": 0, "bf": 145, "dk": 0, "no": 1, "hs": "63", "bta": 33, "btsr": 136.55}, {"tt": "no result", "sp": "2012-2013", "mt": 2, "in": 1, "pr": "result=5", "rn": 4, "fo": 0, "si": 0, "ft": 0, "hn": 0, "bf": 10, "dk": 0, "no": 0, "hs": "4", "bta": 4, "btsr": 40}]}, {"type": "BATTING_FIELDING_SEQUENCE_AND_RESULT", "stats": [{"tt": "won batting first", "sp": "2007-2020", "mt": 30, "in": 30, "pr": "batting_fielding_first=1;result=1", "rn": 542, "fo": 36, "si": 18, "ft": 1, "hn": 0, "bf": 453, "dk": 0, "no": 10, "hs": "60", "bta": 27.1, "btsr": 119.64}, {"tt": "won fielding first", "sp": "2006-2020", "mt": 19, "in": 12, "pr": "batting_fielding_first=2;result=1", "rn": 286, "fo": 17, "si": 13, "ft": 0, "hn": 0, "bf": 226, "dk": 1, "no": 4, "hs": "48", "bta": 35.75, "btsr": 126.54}, {"tt": "lost batting first", "sp": "2006-2020", "mt": 21, "in": 21, "pr": "batting_fielding_first=1;result=2", "rn": 494, "fo": 26, "si": 18, "ft": 2, "hn": 0, "bf": 411, "dk": 0, "no": 4, "hs": "62", "bta": 29.05, "btsr": 120.19}, {"tt": "lost fielding first", "sp": "2007-2020", "mt": 23, "in": 23, "pr": "batting_fielding_first=2;result=2", "rn": 385, "fo": 29, "si": 14, "ft": 2, "hn": 0, "bf": 315, "dk": 5, "no": 2, "hs": "62", "bta": 18.33, "btsr": 122.22}, {"tt": "tied batting first", "sp": "2008-2019", "mt": 4, "in": 4, "pr": "batting_fielding_first=1;result=3", "rn": 95, "fo": 7, "si": 4, "ft": 1, "hn": 0, "bf": 77, "dk": 0, "no": 0, "hs": "63", "bta": 23.75, "btsr": 123.37}, {"tt": "tied fielding first", "sp": "2012-2020", "mt": 3, "in": 3, "pr": "batting_fielding_first=2;result=3", "rn": 103, "fo": 6, "si": 4, "ft": 1, "hn": 0, "bf": 68, "dk": 0, "no": 1, "hs": "62*", "bta": 51.5, "btsr": 151.47}, {"tt": "no result batting first", "sp": "2012-2012", "mt": 1, "in": 1, "pr": "batting_fielding_first=1;result=5", "rn": 4, "fo": 0, "si": 0, "ft": 0, "hn": 0, "bf": 10, "dk": 0, "no": 0, "hs": "4", "bta": 4, "btsr": 40}, {"tt": "no result fielding first", "sp": "2013-2013", "mt": 1, "in": null, "pr": "batting_fielding_first=2;result=5", "rn": null, "fo": null, "si": null, "ft": null, "hn": null, "bf": null, "dk": null, "no": null, "hs": null, "bta": null, "btsr": null}]}, {"type": "TOURNAMENT_TYPE", "stats": [{"tt": "2 team series", "sp": "2006-2020", "mt": 69, "in": 64, "pr": "tournament_type=2", "rn": 1255, "fo": 85, "si": 45, "ft": 4, "hn": 0, "bf": 1034, "dk": 5, "no": 13, "hs": "63", "bta": 24.6, "btsr": 121.37}, {"tt": "3-4 team tournaments", "sp": "2018-2018", "mt": 5, "in": 5, "pr": "tournament_type=3", "rn": 92, "fo": 4, "si": 3, "ft": 0, "hn": 0, "bf": 86, "dk": 0, "no": 3, "hs": "43*", "bta": 46, "btsr": 106.97}, {"tt": "5+ team tournaments", "sp": "2007-2016", "mt": 28, "in": 25, "pr": "tournament_type=5", "rn": 562, "fo": 32, "si": 23, "ft": 3, "hn": 0, "bf": 440, "dk": 1, "no": 5, "hs": "62*", "bta": 28.1, "btsr": 127.72}]}, {"type": "MATCH_NUMBER", "stats": [{"tt": "only match in series", "sp": "2007-2019", "mt": 8, "in": 7, "pr": "match_number=0", "rn": 114, "fo": 10, "si": 4, "ft": 0, "hn": 0, "bf": 113, "dk": 1, "no": 0, "hs": "33", "bta": 16.28, "btsr": 100.88}, {"tt": "1st match in series", "sp": "2006-2020", "mt": 25, "in": 24, "pr": "match_number=1", "rn": 622, "fo": 45, "si": 24, "ft": 3, "hn": 0, "bf": 462, "dk": 2, "no": 8, "hs": "63", "bta": 38.87, "btsr": 134.63}, {"tt": "2nd match in series", "sp": "2006-2020", "mt": 23, "in": 20, "pr": "match_number=2", "rn": 323, "fo": 18, "si": 7, "ft": 0, "hn": 0, "bf": 309, "dk": 0, "no": 3, "hs": "42", "bta": 19, "btsr": 104.53}, {"tt": "3rd match in series", "sp": "2010-2020", "mt": 9, "in": 9, "pr": "match_number=3", "rn": 102, "fo": 5, "si": 7, "ft": 0, "hn": 0, "bf": 72, "dk": 2, "no": 2, "hs": "27", "bta": 14.57, "btsr": 141.66}, {"tt": "4th match in series", "sp": "2019-2020", "mt": 2, "in": 2, "pr": "match_number=4", "rn": 38, "fo": 2, "si": 1, "ft": 0, "hn": 0, "bf": 28, "dk": 0, "no": 0, "hs": "24", "bta": 19, "btsr": 135.71}, {"tt": "5th match in series", "sp": "2019-2020", "mt": 2, "in": 2, "pr": "match_number=5", "rn": 56, "fo": 5, "si": 2, "ft": 1, "hn": 0, "bf": 50, "dk": 0, "no": 0, "hs": "53", "bta": 28, "btsr": 112}]}, {"type": "MAJOR_TROPHY", "stats": [{"tt": "Men's T20 World Cup", "sp": "2007-2016", "mt": 28, "in": 25, "pr": "trophy=89", "rn": 562, "fo": 32, "si": 23, "ft": 3, "hn": 0, "bf": 440, "dk": 1, "no": 5, "hs": "62*", "bta": 28.1, "btsr": 127.72}]}, {"type": "FINAL_TYPE", "stats": [{"tt": "tournament finals", "sp": "2018-2018", "mt": 1, "in": 1, "pr": "final_type=1", "rn": 43, "fo": 2, "si": 1, "ft": 0, "hn": 0, "bf": 38, "dk": 0, "no": 1, "hs": "43*", "bta": null, "btsr": 113.15}, {"tt": "tournament semi-finals", "sp": "2007-2016", "mt": 2, "in": 2, "pr": "final_type=3", "rn": 43, "fo": 2, "si": 2, "ft": 0, "hn": 0, "bf": 31, "dk": 0, "no": 1, "hs": "37*", "bta": 43, "btsr": 138.7}, {"tt": "preliminary matches", "sp": "2007-2018", "mt": 30, "in": 27, "pr": "final_type=0", "rn": 568, "fo": 32, "si": 23, "ft": 3, "hn": 0, "bf": 457, "dk": 1, "no": 6, "hs": "62*", "bta": 27.04, "btsr": 124.28}]}, {"type": "BATTING_POSITION", "stats": [{"tt": "3rd position", "sp": "2006-2013", "mt": 12, "in": 12, "pr": "batting_positionval1=batting_position;batting_positionmin1=3;batting_positionmax1=3", "rn": 180, "fo": 14, "si": 8, "ft": 1, "hn": 0, "bf": 153, "dk": 1, "no": 2, "hs": "63", "bta": 18, "btsr": 117.64}, {"tt": "4th position", "sp": "2006-2016", "mt": 41, "in": 41, "pr": "batting_positionval1=batting_position;batting_positionmin1=4;batting_positionmax1=4", "rn": 836, "fo": 53, "si": 30, "ft": 4, "hn": 0, "bf": 715, "dk": 2, "no": 5, "hs": "62*", "bta": 23.22, "btsr": 116.92}, {"tt": "5th position", "sp": "2007-2020", "mt": 33, "in": 33, "pr": "batting_positionval1=batting_position;batting_positionmin1=5;batting_positionmax1=5", "rn": 783, "fo": 49, "si": 25, "ft": 2, "hn": 0, "bf": 635, "dk": 3, "no": 11, "hs": "54*", "bta": 35.59, "btsr": 123.3}, {"tt": "6th position", "sp": "2012-2020", "mt": 8, "in": 8, "pr": "batting_positionval1=batting_position;batting_positionmin1=6;batting_positionmax1=6", "rn": 110, "fo": 5, "si": 8, "ft": 0, "hn": 0, "bf": 57, "dk": 0, "no": 3, "hs": "26", "bta": 22, "btsr": 192.98}]}]}}