{"summary": {"recordClassId": 3, "type": "BOWLING", "groups": [{"type": "CAREER_AVERAGES", "stats": [{"bl": null, "tt": "overview", "sp": "2006-2020", "mt": 102, "in": null, "pr": null, "ov": null, "cd": null, "md": null, "wk": null, "fwk": null, "fw": null, "tw": null, "bbi": null, "bbm": null, "bwa": null, "bwe": null, "bwsr": null}]}, {"type": "OPPOSITION_TEAM", "stats": [{"bl": null, "tt": "vs Australia", "sp": "2007-2018", "mt": 7, "in": null, "pr": "opposition=2", "ov": null, "cd": null, "md": null, "wk": null, "fwk": null, "fw": null, "tw": null, "bbi": null, "bbm": null, "bwa": null, "bwe": null, "bwsr": null}, {"bl": null, "tt": "vs Bangladesh", "sp": "2010-2016", "mt": 4, "in": null, "pr": "opposition=25", "ov": null, "cd": null, "md": null, "wk": null, "fwk": null, "fw": null, "tw": null, "bbi": null, "bbm": null, "bwa": null, "bwe": null, "bwsr": null}, {"bl": null, "tt": "vs England", "sp": "2007-2019", "mt": 21, "in": null, "pr": "opposition=1", "ov": null, "cd": null, "md": null, "wk": null, "fwk": null, "fw": null, "tw": null, "bbi": null, "bbm": null, "bwa": null, "bwe": null, "bwsr": null}, {"bl": null, "tt": "vs India", "sp": "2007-2020", "mt": 13, "in": null, "pr": "opposition=6", "ov": null, "cd": null, "md": null, "wk": null, "fwk": null, "fw": null, "tw": null, "bbi": null, "bbm": null, "bwa": null, "bwe": null, "bwsr": null}, {"bl": null, "tt": "vs Kenya", "sp": "2007-2007", "mt": 1, "in": null, "pr": "opposition=26", "ov": null, "cd": null, "md": null, "wk": null, "fwk": null, "fw": null, "tw": null, "bbi": null, "bbm": null, "bwa": null, "bwe": null, "bwsr": null}, {"bl": null, "tt": "vs Netherlands", "sp": "2014-2014", "mt": 1, "in": null, "pr": "opposition=15", "ov": null, "cd": null, "md": null, "wk": null, "fwk": null, "fw": null, "tw": null, "bbi": null, "bbm": null, "bwa": null, "bwe": null, "bwsr": null}, {"bl": null, "tt": "vs Pakistan", "sp": "2007-2018", "mt": 18, "in": null, "pr": "opposition=7", "ov": null, "cd": null, "md": null, "wk": null, "fwk": null, "fw": null, "tw": null, "bbi": null, "bbm": null, "bwa": null, "bwe": null, "bwsr": null}, {"bl": null, "tt": "vs Scotland", "sp": "2009-2009", "mt": 1, "in": null, "pr": "opposition=30", "ov": null, "cd": null, "md": null, "wk": null, "fwk": null, "fw": null, "tw": null, "bbi": null, "bbm": null, "bwa": null, "bwe": null, "bwsr": null}, {"bl": null, "tt": "vs South Africa", "sp": "2007-2014", "mt": 5, "in": null, "pr": "opposition=3", "ov": null, "cd": null, "md": null, "wk": null, "fwk": null, "fw": null, "tw": null, "bbi": null, "bbm": null, "bwa": null, "bwe": null, "bwsr": null}, {"bl": null, "tt": "vs Sri Lanka", "sp": "2006-2019", "mt": 17, "in": null, "pr": "opposition=8", "ov": null, "cd": null, "md": null, "wk": null, "fwk": null, "fw": null, "tw": null, "bbi": null, "bbm": null, "bwa": null, "bwe": null, "bwsr": null}, {"bl": null, "tt": "vs West Indies", "sp": "2008-2020", "mt": 11, "in": null, "pr": "opposition=4", "ov": null, "cd": null, "md": null, "wk": null, "fwk": null, "fw": null, "tw": null, "bbi": null, "bbm": null, "bwa": null, "bwe": null, "bwsr": null}, {"bl": null, "tt": "vs Zimbabwe", "sp": "2010-2011", "mt": 3, "in": null, "pr": "opposition=9", "ov": null, "cd": null, "md": null, "wk": null, "fwk": null, "fw": null, "tw": null, "bbi": null, "bbm": null, "bwa": null, "bwe": null, "bwsr": null}]}, {"type": "HOST_COUNTRY", "stats": [{"bl": null, "tt": "in Australia", "sp": "2007-2018", "mt": 2, "in": null, "pr": "host=2", "ov": null, "cd": null, "md": null, "wk": null, "fwk": null, "fw": null, "tw": null, "bbi": null, "bbm": null, "bwa": null, "bwe": null, "bwsr": null}, {"bl": null, "tt": "in Bangladesh", "sp": "2013-2014", "mt": 5, "in": null, "pr": "host=25", "ov": null, "cd": null, "md": null, "wk": null, "fwk": null, "fw": null, "tw": null, "bbi": null, "bbm": null, "bwa": null, "bwe": null, "bwsr": null}, {"bl": null, "tt": "in England", "sp": "2008-2015", "mt": 7, "in": null, "pr": "host=1", "ov": null, "cd": null, "md": null, "wk": null, "fwk": null, "fw": null, "tw": null, "bbi": null, "bbm": null, "bwa": null, "bwe": null, "bwsr": null}, {"bl": null, "tt": "in India", "sp": "2012-2016", "mt": 6, "in": null, "pr": "host=6", "ov": null, "cd": null, "md": null, "wk": null, "fwk": null, "fw": null, "tw": null, "bbi": null, "bbm": null, "bwa": null, "bwe": null, "bwsr": null}, {"bl": null, "tt": "in New Zealand", "sp": "2006-2020", "mt": 46, "in": null, "pr": "host=5", "ov": null, "cd": null, "md": null, "wk": null, "fwk": null, "fw": null, "tw": null, "bbi": null, "bbm": null, "bwa": null, "bwe": null, "bwsr": null}, {"bl": null, "tt": "in South Africa", "sp": "2007-2007", "mt": 7, "in": null, "pr": "host=3", "ov": null, "cd": null, "md": null, "wk": null, "fwk": null, "fw": null, "tw": null, "bbi": null, "bbm": null, "bwa": null, "bwe": null, "bwsr": null}, {"bl": null, "tt": "in Sri Lanka", "sp": "2009-2019", "mt": 10, "in": null, "pr": "host=8", "ov": null, "cd": null, "md": null, "wk": null, "fwk": null, "fw": null, "tw": null, "bbi": null, "bbm": null, "bwa": null, "bwe": null, "bwsr": null}, {"bl": null, "tt": "in U.A.E.", "sp": "2009-2018", "mt": 7, "in": null, "pr": "host=27", "ov": null, "cd": null, "md": null, "wk": null, "fwk": null, "fw": null, "tw": null, "bbi": null, "bbm": null, "bwa": null, "bwe": null, "bwsr": null}, {"bl": null, "tt": "in U.S.A.", "sp": "2010-2012", "mt": 3, "in": null, "pr": "host=11", "ov": null, "cd": null, "md": null, "wk": null, "fwk": null, "fw": null, "tw": null, "bbi": null, "bbm": null, "bwa": null, "bwe": null, "bwsr": null}, {"bl": null, "tt": "in West Indies", "sp": "2010-2014", "mt": 7, "in": null, "pr": "host=4", "ov": null, "cd": null, "md": null, "wk": null, "fwk": null, "fw": null, "tw": null, "bbi": null, "bbm": null, "bwa": null, "bwe": null, "bwsr": null}, {"bl": null, "tt": "in Zimbabwe", "sp": "2011-2011", "mt": 2, "in": null, "pr": "host=9", "ov": null, "cd": null, "md": null, "wk": null, "fwk": null, "fw": null, "tw": null, "bbi": null, "bbm": null, "bwa": null, "bwe": null, "bwsr": null}]}, {"type": "CONTINENT", "stats": [{"bl": null, "tt": "in Africa", "sp": "2007-2011", "mt": 9, "in": null, "pr": "continent=1", "ov": null, "cd": null, "md": null, "wk": null, "fwk": null, "fw": null, "tw": null, "bbi": null, "bbm": null, "bwa": null, "bwe": null, "bwsr": null}, {"bl": null, "tt": "in Americas", "sp": "2010-2014", "mt": 10, "in": null, "pr": "continent=3", "ov": null, "cd": null, "md": null, "wk": null, "fwk": null, "fw": null, "tw": null, "bbi": null, "bbm": null, "bwa": null, "bwe": null, "bwsr": null}, {"bl": null, "tt": "in Asia", "sp": "2009-2019", "mt": 28, "in": null, "pr": "continent=2", "ov": null, "cd": null, "md": null, "wk": null, "fwk": null, "fw": null, "tw": null, "bbi": null, "bbm": null, "bwa": null, "bwe": null, "bwsr": null}, {"bl": null, "tt": "in Europe", "sp": "2008-2015", "mt": 7, "in": null, "pr": "continent=4", "ov": null, "cd": null, "md": null, "wk": null, "fwk": null, "fw": null, "tw": null, "bbi": null, "bbm": null, "bwa": null, "bwe": null, "bwsr": null}, {"bl": null, "tt": "in Oceania", "sp": "2006-2020", "mt": 48, "in": null, "pr": "continent=5", "ov": null, "cd": null, "md": null, "wk": null, "fwk": null, "fw": null, "tw": null, "bbi": null, "bbm": null, "bwa": null, "bwe": null, "bwsr": null}]}, {"type": "HOME_OR_AWAY", "stats": [{"bl": null, "tt": "home", "sp": "2006-2020", "mt": 46, "in": null, "pr": "home_or_away=1", "ov": null, "cd": null, "md": null, "wk": null, "fwk": null, "fw": null, "tw": null, "bbi": null, "bbm": null, "bwa": null, "bwe": null, "bwsr": null}, {"bl": null, "tt": "away", "sp": "2007-2019", "mt": 21, "in": null, "pr": "home_or_away=2", "ov": null, "cd": null, "md": null, "wk": null, "fwk": null, "fw": null, "tw": null, "bbi": null, "bbm": null, "bwa": null, "bwe": null, "bwsr": null}, {"bl": null, "tt": "neutral", "sp": "2007-2018", "mt": 35, "in": null, "pr": "home_or_away=3", "ov": null, "cd": null, "md": null, "wk": null, "fwk": null, "fw": null, "tw": null, "bbi": null, "bbm": null, "bwa": null, "bwe": null, "bwsr": null}]}, {"type": "YEAR", "stats": [{"bl": null, "tt": "year 2006", "sp": null, "mt": 2, "in": null, "pr": "year=2006", "ov": null, "cd": null, "md": null, "wk": null, "fwk": null, "fw": null, "tw": null, "bbi": null, "bbm": null, "bwa": null, "bwe": null, "bwsr": null}, {"bl": null, "tt": "year 2007", "sp": null, "mt": 8, "in": null, "pr": "year=2007", "ov": null, "cd": null, "md": null, "wk": null, "fwk": null, "fw": null, "tw": null, "bbi": null, "bbm": null, "bwa": null, "bwe": null, "bwsr": null}, {"bl": null, "tt": "year 2008", "sp": null, "mt": 5, "in": null, "pr": "year=2008", "ov": null, "cd": null, "md": null, "wk": null, "fwk": null, "fw": null, "tw": null, "bbi": null, "bbm": null, "bwa": null, "bwe": null, "bwsr": null}, {"bl": null, "tt": "year 2009", "sp": null, "mt": 9, "in": null, "pr": "year=2009", "ov": null, "cd": null, "md": null, "wk": null, "fwk": null, "fw": null, "tw": null, "bbi": null, "bbm": null, "bwa": null, "bwe": null, "bwsr": null}, {"bl": null, "tt": "year 2010", "sp": null, "mt": 13, "in": null, "pr": "year=2010", "ov": null, "cd": null, "md": null, "wk": null, "fwk": null, "fw": null, "tw": null, "bbi": null, "bbm": null, "bwa": null, "bwe": null, "bwsr": null}, {"bl": null, "tt": "year 2011", "sp": null, "mt": 2, "in": null, "pr": "year=2011", "ov": null, "cd": null, "md": null, "wk": null, "fwk": null, "fw": null, "tw": null, "bbi": null, "bbm": null, "bwa": null, "bwe": null, "bwsr": null}, {"bl": null, "tt": "year 2012", "sp": null, "mt": 8, "in": null, "pr": "year=2012", "ov": null, "cd": null, "md": null, "wk": null, "fwk": null, "fw": null, "tw": null, "bbi": null, "bbm": null, "bwa": null, "bwe": null, "bwsr": null}, {"bl": null, "tt": "year 2013", "sp": null, "mt": 6, "in": null, "pr": "year=2013", "ov": null, "cd": null, "md": null, "wk": null, "fwk": null, "fw": null, "tw": null, "bbi": null, "bbm": null, "bwa": null, "bwe": null, "bwsr": null}, {"bl": null, "tt": "year 2014", "sp": null, "mt": 10, "in": null, "pr": "year=2014", "ov": null, "cd": null, "md": null, "wk": null, "fwk": null, "fw": null, "tw": null, "bbi": null, "bbm": null, "bwa": null, "bwe": null, "bwsr": null}, {"bl": null, "tt": "year 2015", "sp": null, "mt": 1, "in": null, "pr": "year=2015", "ov": null, "cd": null, "md": null, "wk": null, "fwk": null, "fw": null, "tw": null, "bbi": null, "bbm": null, "bwa": null, "bwe": null, "bwsr": null}, {"bl": null, "tt": "year 2016", "sp": null, "mt": 9, "in": null, "pr": "year=2016", "ov": null, "cd": null, "md": null, "wk": null, "fwk": null, "fw": null, "tw": null, "bbi": null, "bbm": null, "bwa": null, "bwe": null, "bwsr": null}, {"bl": null, "tt": "year 2017", "sp": null, "mt": 1, "in": null, "pr": "year=2017", "ov": null, "cd": null, "md": null, "wk": null, "fwk": null, "fw": null, "tw": null, "bbi": null, "bbm": null, "bwa": null, "bwe": null, "bwsr": null}, {"bl": null, "tt": "year 2018", "sp": null, "mt": 10, "in": null, "pr": "year=2018", "ov": null, "cd": null, "md": null, "wk": null, "fwk": null, "fw": null, "tw": null, "bbi": null, "bbm": null, "bwa": null, "bwe": null, "bwsr": null}, {"bl": null, "tt": "year 2019", "sp": null, "mt": 11, "in": null, "pr": "year=2019", "ov": null, "cd": null, "md": null, "wk": null, "fwk": null, "fw": null, "tw": null, "bbi": null, "bbm": null, "bwa": null, "bwe": null, "bwsr": null}, {"bl": null, "tt": "year 2020", "sp": null, "mt": 7, "in": null, "pr": "year=2020", "ov": null, "cd": null, "md": null, "wk": null, "fwk": null, "fw": null, "tw": null, "bbi": null, "bbm": null, "bwa": null, "bwe": null, "bwsr": null}]}, {"type": "SEASON", "stats": [{"bl": null, "tt": "season 2006/07", "sp": null, "mt": 2, "in": null, "pr": "season=2006/07", "ov": null, "cd": null, "md": null, "wk": null, "fwk": null, "fw": null, "tw": null, "bbi": null, "bbm": null, "bwa": null, "bwe": null, "bwsr": null}, {"bl": null, "tt": "season 2007/08", "sp": null, "mt": 10, "in": null, "pr": "season=2007/08", "ov": null, "cd": null, "md": null, "wk": null, "fwk": null, "fw": null, "tw": null, "bbi": null, "bbm": null, "bwa": null, "bwe": null, "bwsr": null}, {"bl": null, "tt": "season 2008", "sp": null, "mt": 1, "in": null, "pr": "season=2008", "ov": null, "cd": null, "md": null, "wk": null, "fwk": null, "fw": null, "tw": null, "bbi": null, "bbm": null, "bwa": null, "bwe": null, "bwsr": null}, {"bl": null, "tt": "season 2008/09", "sp": null, "mt": 4, "in": null, "pr": "season=2008/09", "ov": null, "cd": null, "md": null, "wk": null, "fwk": null, "fw": null, "tw": null, "bbi": null, "bbm": null, "bwa": null, "bwe": null, "bwsr": null}, {"bl": null, "tt": "season 2009", "sp": null, "mt": 5, "in": null, "pr": "season=2009", "ov": null, "cd": null, "md": null, "wk": null, "fwk": null, "fw": null, "tw": null, "bbi": null, "bbm": null, "bwa": null, "bwe": null, "bwsr": null}, {"bl": null, "tt": "season 2009/10", "sp": null, "mt": 5, "in": null, "pr": "season=2009/10", "ov": null, "cd": null, "md": null, "wk": null, "fwk": null, "fw": null, "tw": null, "bbi": null, "bbm": null, "bwa": null, "bwe": null, "bwsr": null}, {"bl": null, "tt": "season 2010", "sp": null, "mt": 7, "in": null, "pr": "season=2010", "ov": null, "cd": null, "md": null, "wk": null, "fwk": null, "fw": null, "tw": null, "bbi": null, "bbm": null, "bwa": null, "bwe": null, "bwsr": null}, {"bl": null, "tt": "season 2010/11", "sp": null, "mt": 3, "in": null, "pr": "season=2010/11", "ov": null, "cd": null, "md": null, "wk": null, "fwk": null, "fw": null, "tw": null, "bbi": null, "bbm": null, "bwa": null, "bwe": null, "bwsr": null}, {"bl": null, "tt": "season 2011/12", "sp": null, "mt": 2, "in": null, "pr": "season=2011/12", "ov": null, "cd": null, "md": null, "wk": null, "fwk": null, "fw": null, "tw": null, "bbi": null, "bbm": null, "bwa": null, "bwe": null, "bwsr": null}, {"bl": null, "tt": "season 2012", "sp": null, "mt": 2, "in": null, "pr": "season=2012", "ov": null, "cd": null, "md": null, "wk": null, "fwk": null, "fw": null, "tw": null, "bbi": null, "bbm": null, "bwa": null, "bwe": null, "bwsr": null}, {"bl": null, "tt": "season 2012/13", "sp": null, "mt": 9, "in": null, "pr": "season=2012/13", "ov": null, "cd": null, "md": null, "wk": null, "fwk": null, "fw": null, "tw": null, "bbi": null, "bbm": null, "bwa": null, "bwe": null, "bwsr": null}, {"bl": null, "tt": "season 2013", "sp": null, "mt": 2, "in": null, "pr": "season=2013", "ov": null, "cd": null, "md": null, "wk": null, "fwk": null, "fw": null, "tw": null, "bbi": null, "bbm": null, "bwa": null, "bwe": null, "bwsr": null}, {"bl": null, "tt": "season 2013/14", "sp": null, "mt": 7, "in": null, "pr": "season=2013/14", "ov": null, "cd": null, "md": null, "wk": null, "fwk": null, "fw": null, "tw": null, "bbi": null, "bbm": null, "bwa": null, "bwe": null, "bwsr": null}, {"bl": null, "tt": "season 2014", "sp": null, "mt": 2, "in": null, "pr": "season=2014", "ov": null, "cd": null, "md": null, "wk": null, "fwk": null, "fw": null, "tw": null, "bbi": null, "bbm": null, "bwa": null, "bwe": null, "bwsr": null}, {"bl": null, "tt": "season 2014/15", "sp": null, "mt": 2, "in": null, "pr": "season=2014/15", "ov": null, "cd": null, "md": null, "wk": null, "fwk": null, "fw": null, "tw": null, "bbi": null, "bbm": null, "bwa": null, "bwe": null, "bwsr": null}, {"bl": null, "tt": "season 2015", "sp": null, "mt": 1, "in": null, "pr": "season=2015", "ov": null, "cd": null, "md": null, "wk": null, "fwk": null, "fw": null, "tw": null, "bbi": null, "bbm": null, "bwa": null, "bwe": null, "bwsr": null}, {"bl": null, "tt": "season 2015/16", "sp": null, "mt": 9, "in": null, "pr": "season=2015/16", "ov": null, "cd": null, "md": null, "wk": null, "fwk": null, "fw": null, "tw": null, "bbi": null, "bbm": null, "bwa": null, "bwe": null, "bwsr": null}, {"bl": null, "tt": "season 2017/18", "sp": null, "mt": 8, "in": null, "pr": "season=2017/18", "ov": null, "cd": null, "md": null, "wk": null, "fwk": null, "fw": null, "tw": null, "bbi": null, "bbm": null, "bwa": null, "bwe": null, "bwsr": null}, {"bl": null, "tt": "season 2018/19", "sp": null, "mt": 7, "in": null, "pr": "season=2018/19", "ov": null, "cd": null, "md": null, "wk": null, "fwk": null, "fw": null, "tw": null, "bbi": null, "bbm": null, "bwa": null, "bwe": null, "bwsr": null}, {"bl": null, "tt": "season 2019", "sp": null, "mt": 2, "in": null, "pr": "season=2019", "ov": null, "cd": null, "md": null, "wk": null, "fwk": null, "fw": null, "tw": null, "bbi": null, "bbm": null, "bwa": null, "bwe": null, "bwsr": null}, {"bl": null, "tt": "season 2019/20", "sp": null, "mt": 10, "in": null, "pr": "season=2019/20", "ov": null, "cd": null, "md": null, "wk": null, "fwk": null, "fw": null, "tw": null, "bbi": null, "bbm": null, "bwa": null, "bwe": null, "bwsr": null}, {"bl": null, "tt": "season 2020/21", "sp": null, "mt": 2, "in": null, "pr": "season=2020/21", "ov": null, "cd": null, "md": null, "wk": null, "fwk": null, "fw": null, "tw": null, "bbi": null, "bbm": null, "bwa": null, "bwe": null, "bwsr": null}]}, {"type": "CAPTAINS_INVOLVED", "stats": [{"bl": null, "tt": "*SP Fleming", "sp": "2006-2006", "mt": 2, "in": null, "pr": "captain_involve=2121", "ov": null, "cd": null, "md": null, "wk": null, "fwk": null, "fw": null, "tw": null, "bbi": null, "bbm": null, "bwa": null, "bwe": null, "bwsr": null}, {"bl": null, "tt": "*BB McCullum", "sp": "2008-2015", "mt": 19, "in": null, "pr": "captain_involve=10384", "ov": null, "cd": null, "md": null, "wk": null, "fwk": null, "fw": null, "tw": null, "bbi": null, "bbm": null, "bwa": null, "bwe": null, "bwsr": null}, {"bl": null, "tt": "*KD Mills", "sp": "2013-2013", "mt": 1, "in": null, "pr": "captain_involve=10303", "ov": null, "cd": null, "md": null, "wk": null, "fwk": null, "fw": null, "tw": null, "bbi": null, "bbm": null, "bwa": null, "bwe": null, "bwsr": null}, {"bl": null, "tt": "*TG Southee", "sp": "2017-2020", "mt": 14, "in": null, "pr": "captain_involve=49108", "ov": null, "cd": null, "md": null, "wk": null, "fwk": null, "fw": null, "tw": null, "bbi": null, "bbm": null, "bwa": null, "bwe": null, "bwsr": null}, {"bl": null, "tt": "*LRPL Taylor", "sp": "2010-2012", "mt": 13, "in": null, "pr": "captain_involve=44930", "ov": null, "cd": null, "md": null, "wk": null, "fwk": null, "fw": null, "tw": null, "bbi": null, "bbm": null, "bwa": null, "bwe": null, "bwsr": null}, {"bl": null, "tt": "*DL Vettori", "sp": "2007-2010", "mt": 26, "in": null, "pr": "captain_involve=4380", "ov": null, "cd": null, "md": null, "wk": null, "fwk": null, "fw": null, "tw": null, "bbi": null, "bbm": null, "bwa": null, "bwe": null, "bwsr": null}, {"bl": null, "tt": "*KS Williamson", "sp": "2014-2020", "mt": 27, "in": null, "pr": "captain_involve=51088", "ov": null, "cd": null, "md": null, "wk": null, "fwk": null, "fw": null, "tw": null, "bbi": null, "bbm": null, "bwa": null, "bwe": null, "bwsr": null}]}, {"type": "CAPTAIN", "stats": [{"bl": null, "tt": "is captain", "sp": "2010-2012", "mt": 13, "in": null, "pr": "captain=1", "ov": null, "cd": null, "md": null, "wk": null, "fwk": null, "fw": null, "tw": null, "bbi": null, "bbm": null, "bwa": null, "bwe": null, "bwsr": null}, {"bl": null, "tt": "is not captain", "sp": "2006-2020", "mt": 89, "in": null, "pr": "captain=0", "ov": null, "cd": null, "md": null, "wk": null, "fwk": null, "fw": null, "tw": null, "bbi": null, "bbm": null, "bwa": null, "bwe": null, "bwsr": null}]}, {"type": "KEEPER", "stats": [{"bl": null, "tt": "is not keeper", "sp": "2006-2020", "mt": 102, "in": null, "pr": "keeper=0", "ov": null, "cd": null, "md": null, "wk": null, "fwk": null, "fw": null, "tw": null, "bbi": null, "bbm": null, "bwa": null, "bwe": null, "bwsr": null}]}, {"type": "TOSS", "stats": [{"bl": null, "tt": "won the toss", "sp": "2006-2020", "mt": 54, "in": null, "pr": "toss=1", "ov": null, "cd": null, "md": null, "wk": null, "fwk": null, "fw": null, "tw": null, "bbi": null, "bbm": null, "bwa": null, "bwe": null, "bwsr": null}, {"bl": null, "tt": "lost the toss", "sp": "2007-2020", "mt": 48, "in": null, "pr": "toss=2", "ov": null, "cd": null, "md": null, "wk": null, "fwk": null, "fw": null, "tw": null, "bbi": null, "bbm": null, "bwa": null, "bwe": null, "bwsr": null}]}, {"type": "BATTING_FIELDING_SEQUENCE_AND_TOSS", "stats": [{"bl": null, "tt": "won toss &amp; batted", "sp": "2006-2020", "mt": 26, "in": null, "pr": "batting_fielding_first=1;toss=1", "ov": null, "cd": null, "md": null, "wk": null, "fwk": null, "fw": null, "tw": null, "bbi": null, "bbm": null, "bwa": null, "bwe": null, "bwsr": null}, {"bl": null, "tt": "won toss &amp; fielded", "sp": "2006-2020", "mt": 28, "in": null, "pr": "batting_fielding_first=2;toss=1", "ov": null, "cd": null, "md": null, "wk": null, "fwk": null, "fw": null, "tw": null, "bbi": null, "bbm": null, "bwa": null, "bwe": null, "bwsr": null}, {"bl": null, "tt": "lost toss &amp; sent in", "sp": "2007-2020", "mt": 30, "in": null, "pr": "batting_fielding_first=1;toss=2", "ov": null, "cd": null, "md": null, "wk": null, "fwk": null, "fw": null, "tw": null, "bbi": null, "bbm": null, "bwa": null, "bwe": null, "bwsr": null}, {"bl": null, "tt": "lost toss &amp; fielded", "sp": "2007-2020", "mt": 18, "in": null, "pr": "batting_fielding_first=2;toss=2", "ov": null, "cd": null, "md": null, "wk": null, "fwk": null, "fw": null, "tw": null, "bbi": null, "bbm": null, "bwa": null, "bwe": null, "bwsr": null}]}, {"type": "BATTING_FIELDING_SEQUENCE", "stats": [{"bl": null, "tt": "matches batting first", "sp": "2006-2020", "mt": 56, "in": null, "pr": "batting_fielding_first=1", "ov": null, "cd": null, "md": null, "wk": null, "fwk": null, "fw": null, "tw": null, "bbi": null, "bbm": null, "bwa": null, "bwe": null, "bwsr": null}, {"bl": null, "tt": "matches fielding first", "sp": "2006-2020", "mt": 46, "in": null, "pr": "batting_fielding_first=2", "ov": null, "cd": null, "md": null, "wk": null, "fwk": null, "fw": null, "tw": null, "bbi": null, "bbm": null, "bwa": null, "bwe": null, "bwsr": null}]}, {"type": "TEAM_INNINGS", "stats": [{"bl": null, "tt": "1st team innings", "sp": "2006-2020", "mt": 102, "in": null, "pr": "innings_number=1;innings_number=2", "ov": null, "cd": null, "md": null, "wk": null, "fwk": null, "fw": null, "tw": null, "bbi": null, "bbm": null, "bwa": null, "bwe": null, "bwsr": null}]}, {"type": "MATCH_INNINGS", "stats": [{"bl": null, "tt": "1st match innings", "sp": "2006-2020", "mt": 46, "in": null, "pr": "innings_number=1", "ov": null, "cd": null, "md": null, "wk": null, "fwk": null, "fw": null, "tw": null, "bbi": null, "bbm": null, "bwa": null, "bwe": null, "bwsr": null}, {"bl": null, "tt": "2nd match innings", "sp": "2006-2020", "mt": 56, "in": null, "pr": "innings_number=2", "ov": null, "cd": null, "md": null, "wk": null, "fwk": null, "fw": null, "tw": null, "bbi": null, "bbm": null, "bwa": null, "bwe": null, "bwsr": null}]}, {"type": "FLOODLIT", "stats": [{"bl": null, "tt": "day match", "sp": "2006-2020", "mt": 33, "in": null, "pr": "floodlit=1", "ov": null, "cd": null, "md": null, "wk": null, "fwk": null, "fw": null, "tw": null, "bbi": null, "bbm": null, "bwa": null, "bwe": null, "bwsr": null}, {"bl": null, "tt": "day/night match", "sp": "2006-2018", "mt": 38, "in": null, "pr": "floodlit=2", "ov": null, "cd": null, "md": null, "wk": null, "fwk": null, "fw": null, "tw": null, "bbi": null, "bbm": null, "bwa": null, "bwe": null, "bwsr": null}, {"bl": null, "tt": "night match", "sp": "2010-2020", "mt": 31, "in": null, "pr": "floodlit=3", "ov": null, "cd": null, "md": null, "wk": null, "fwk": null, "fw": null, "tw": null, "bbi": null, "bbm": null, "bwa": null, "bwe": null, "bwsr": null}]}, {"type": "RESULT", "stats": [{"bl": null, "tt": "won match", "sp": "2006-2020", "mt": 49, "in": null, "pr": "result=1", "ov": null, "cd": null, "md": null, "wk": null, "fwk": null, "fw": null, "tw": null, "bbi": null, "bbm": null, "bwa": null, "bwe": null, "bwsr": null}, {"bl": null, "tt": "lost match", "sp": "2006-2020", "mt": 44, "in": null, "pr": "result=2", "ov": null, "cd": null, "md": null, "wk": null, "fwk": null, "fw": null, "tw": null, "bbi": null, "bbm": null, "bwa": null, "bwe": null, "bwsr": null}, {"bl": null, "tt": "tied match", "sp": "2008-2020", "mt": 7, "in": null, "pr": "result=3", "ov": null, "cd": null, "md": null, "wk": null, "fwk": null, "fw": null, "tw": null, "bbi": null, "bbm": null, "bwa": null, "bwe": null, "bwsr": null}, {"bl": null, "tt": "no result", "sp": "2012-2013", "mt": 2, "in": null, "pr": "result=5", "ov": null, "cd": null, "md": null, "wk": null, "fwk": null, "fw": null, "tw": null, "bbi": null, "bbm": null, "bwa": null, "bwe": null, "bwsr": null}]}, {"type": "BATTING_FIELDING_SEQUENCE_AND_RESULT", "stats": [{"bl": null, "tt": "won batting first", "sp": "2007-2020", "mt": 30, "in": null, "pr": "batting_fielding_first=1;result=1", "ov": null, "cd": null, "md": null, "wk": null, "fwk": null, "fw": null, "tw": null, "bbi": null, "bbm": null, "bwa": null, "bwe": null, "bwsr": null}, {"bl": null, "tt": "won fielding first", "sp": "2006-2020", "mt": 19, "in": null, "pr": "batting_fielding_first=2;result=1", "ov": null, "cd": null, "md": null, "wk": null, "fwk": null, "fw": null, "tw": null, "bbi": null, "bbm": null, "bwa": null, "bwe": null, "bwsr": null}, {"bl": null, "tt": "lost batting first", "sp": "2006-2020", "mt": 21, "in": null, "pr": "batting_fielding_first=1;result=2", "ov": null, "cd": null, "md": null, "wk": null, "fwk": null, "fw": null, "tw": null, "bbi": null, "bbm": null, "bwa": null, "bwe": null, "bwsr": null}, {"bl": null, "tt": "lost fielding first", "sp": "2007-2020", "mt": 23, "in": null, "pr": "batting_fielding_first=2;result=2", "ov": null, "cd": null, "md": null, "wk": null, "fwk": null, "fw": null, "tw": null, "bbi": null, "bbm": null, "bwa": null, "bwe": null, "bwsr": null}, {"bl": null, "tt": "tied batting first", "sp": "2008-2019", "mt": 4, "in": null, "pr": "batting_fielding_first=1;result=3", "ov": null, "cd": null, "md": null, "wk": null, "fwk": null, "fw": null, "tw": null, "bbi": null, "bbm": null, "bwa": null, "bwe": null, "bwsr": null}, {"bl": null, "tt": "tied fielding first", "sp": "2012-2020", "mt": 3, "in": null, "pr": "batting_fielding_first=2;result=3", "ov": null, "cd": null, "md": null, "wk": null, "fwk": null, "fw": null, "tw": null, "bbi": null, "bbm": null, "bwa": null, "bwe": null, "bwsr": null}, {"bl": null, "tt": "no result batting first", "sp": "2012-2012", "mt": 1, "in": null, "pr": "batting_fielding_first=1;result=5", "ov": null, "cd": null, "md": null, "wk": null, "fwk": null, "fw": null, "tw": null, "bbi": null, "bbm": null, "bwa": null, "bwe": null, "bwsr": null}, {"bl": null, "tt": "no result fielding first", "sp": "2013-2013", "mt": 1, "in": null, "pr": "batting_fielding_first=2;result=5", "ov": null, "cd": null, "md": null, "wk": null, "fwk": null, "fw": null, "tw": null, "bbi": null, "bbm": null, "bwa": null, "bwe": null, "bwsr": null}]}, {"type": "TOURNAMENT_TYPE", "stats": [{"bl": null, "tt": "2 team series", "sp": "2006-2020", "mt": 69, "in": null, "pr": "tournament_type=2", "ov": null, "cd": null, "md": null, "wk": null, "fwk": null, "fw": null, "tw": null, "bbi": null, "bbm": null, "bwa": null, "bwe": null, "bwsr": null}, {"bl": null, "tt": "3-4 team tournaments", "sp": "2018-2018", "mt": 5, "in": null, "pr": "tournament_type=3", "ov": null, "cd": null, "md": null, "wk": null, "fwk": null, "fw": null, "tw": null, "bbi": null, "bbm": null, "bwa": null, "bwe": null, "bwsr": null}, {"bl": null, "tt": "5+ team tournaments", "sp": "2007-2016", "mt": 28, "in": null, "pr": "tournament_type=5", "ov": null, "cd": null, "md": null, "wk": null, "fwk": null, "fw": null, "tw": null, "bbi": null, "bbm": null, "bwa": null, "bwe": null, "bwsr": null}]}, {"type": "MATCH_NUMBER", "stats": [{"bl": null, "tt": "only match in series", "sp": "2007-2019", "mt": 8, "in": null, "pr": "match_number=0", "ov": null, "cd": null, "md": null, "wk": null, "fwk": null, "fw": null, "tw": null, "bbi": null, "bbm": null, "bwa": null, "bwe": null, "bwsr": null}, {"bl": null, "tt": "1st match in series", "sp": "2006-2020", "mt": 25, "in": null, "pr": "match_number=1", "ov": null, "cd": null, "md": null, "wk": null, "fwk": null, "fw": null, "tw": null, "bbi": null, "bbm": null, "bwa": null, "bwe": null, "bwsr": null}, {"bl": null, "tt": "2nd match in series", "sp": "2006-2020", "mt": 23, "in": null, "pr": "match_number=2", "ov": null, "cd": null, "md": null, "wk": null, "fwk": null, "fw": null, "tw": null, "bbi": null, "bbm": null, "bwa": null, "bwe": null, "bwsr": null}, {"bl": null, "tt": "3rd match in series", "sp": "2010-2020", "mt": 9, "in": null, "pr": "match_number=3", "ov": null, "cd": null, "md": null, "wk": null, "fwk": null, "fw": null, "tw": null, "bbi": null, "bbm": null, "bwa": null, "bwe": null, "bwsr": null}, {"bl": null, "tt": "4th match in series", "sp": "2019-2020", "mt": 2, "in": null, "pr": "match_number=4", "ov": null, "cd": null, "md": null, "wk": null, "fwk": null, "fw": null, "tw": null, "bbi": null, "bbm": null, "bwa": null, "bwe": null, "bwsr": null}, {"bl": null, "tt": "5th match in series", "sp": "2019-2020", "mt": 2, "in": null, "pr": "match_number=5", "ov": null, "cd": null, "md": null, "wk": null, "fwk": null, "fw": null, "tw": null, "bbi": null, "bbm": null, "bwa": null, "bwe": null, "bwsr": null}]}, {"type": "MAJOR_TROPHY", "stats": [{"bl": null, "tt": "Men's T20 World Cup", "sp": "2007-2016", "mt": 28, "in": null, "pr": "trophy=89", "ov": null, "cd": null, "md": null, "wk": null, "fwk": null, "fw": null, "tw": null, "bbi": null, "bbm": null, "bwa": null, "bwe": null, "bwsr": null}]}, {"type": "FINAL_TYPE", "stats": [{"bl": null, "tt": "tournament finals", "sp": "2018-2018", "mt": 1, "in": null, "pr": "final_type=1", "ov": null, "cd": null, "md": null, "wk": null, "fwk": null, "fw": null, "tw": null, "bbi": null, "bbm": null, "bwa": null, "bwe": null, "bwsr": null}, {"bl": null, "tt": "tournament semi-finals", "sp": "2007-2016", "mt": 2, "in": null, "pr": "final_type=3", "ov": null, "cd": null, "md": null, "wk": null, "fwk": null, "fw": null, "tw": null, "bbi": null, "bbm": null, "bwa": null, "bwe": null, "bwsr": null}, {"bl": null, "tt": "preliminary matches", "sp": "2007-2018", "mt": 30, "in": null, "pr": "final_type=0", "ov": null, "cd": null, "md": null, "wk": null, "fwk": null, "fw": null, "tw": null, "bbi": null, "bbm": null, "bwa": null, "bwe": null, "bwsr": null}]}]}}