{"summary": {"recordClassId": 3, "type": "ALLROUND", "groups": [{"type": "CAREER_AVERAGES", "stats": [{"tt": "overview", "sp": "2006-2020", "mt": 102, "pr": null, "rn": 1909, "wk": null, "ct": 46, "st": 0, "hs": "63", "hn": 0, "bbi": null, "bta": 26.15, "bwa": null, "fw": null, "bbad": null}]}, {"type": "OPPOSITION_TEAM", "stats": [{"tt": "v Australia", "sp": "2007-2018", "mt": 7, "pr": "opposition=2", "rn": 110, "wk": null, "ct": 5, "st": 0, "hs": "43*", "hn": 0, "bbi": null, "bta": 22, "bwa": null, "fw": null, "bbad": null}, {"tt": "v Bangladesh", "sp": "2010-2016", "mt": 4, "pr": "opposition=25", "rn": 70, "wk": null, "ct": 3, "st": 0, "hs": "28", "hn": 0, "bbi": null, "bta": 35, "bwa": null, "fw": null, "bbad": null}, {"tt": "v England", "sp": "2007-2019", "mt": 21, "pr": "opposition=1", "rn": 321, "wk": null, "ct": 8, "st": 0, "hs": "44", "hn": 0, "bbi": null, "bta": 18.88, "bwa": null, "fw": null, "bbad": null}, {"tt": "v India", "sp": "2007-2020", "mt": 13, "pr": "opposition=6", "rn": 349, "wk": null, "ct": 4, "st": 0, "hs": "54*", "hn": 0, "bbi": null, "bta": 34.9, "bwa": null, "fw": null, "bbad": null}, {"tt": "v Kenya", "sp": "2007-2007", "mt": 1, "pr": "opposition=26", "rn": null, "wk": null, "ct": 2, "st": 0, "hs": null, "hn": null, "bbi": null, "bta": null, "bwa": null, "fw": null, "bbad": null}, {"tt": "v Netherlands", "sp": "2014-2014", "mt": 1, "pr": "opposition=15", "rn": 18, "wk": null, "ct": 0, "st": 0, "hs": "18", "hn": 0, "bbi": null, "bta": 18, "bwa": null, "fw": null, "bbad": null}, {"tt": "v Pakistan", "sp": "2007-2018", "mt": 18, "pr": "opposition=7", "rn": 305, "wk": null, "ct": 3, "st": 0, "hs": "42*", "hn": 0, "bbi": null, "bta": 30.5, "bwa": null, "fw": null, "bbad": null}, {"tt": "v Scotland", "sp": "2009-2009", "mt": 1, "pr": "opposition=30", "rn": 21, "wk": null, "ct": 1, "st": 0, "hs": "21*", "hn": 0, "bbi": null, "bta": null, "bwa": null, "fw": null, "bbad": null}, {"tt": "v South Africa", "sp": "2007-2014", "mt": 5, "pr": "opposition=3", "rn": 111, "wk": null, "ct": 1, "st": 0, "hs": "62", "hn": 0, "bbi": null, "bta": 22.2, "bwa": null, "fw": null, "bbad": null}, {"tt": "v Sri Lanka", "sp": "2006-2019", "mt": 17, "pr": "opposition=8", "rn": 342, "wk": null, "ct": 10, "st": 0, "hs": "62", "hn": 0, "bbi": null, "bta": 22.8, "bwa": null, "fw": null, "bbad": null}, {"tt": "v West Indies", "sp": "2008-2020", "mt": 11, "pr": "opposition=4", "rn": 254, "wk": null, "ct": 6, "st": 0, "hs": "63", "hn": 0, "bbi": null, "bta": 36.28, "bwa": null, "fw": null, "bbad": null}, {"tt": "v Zimbabwe", "sp": "2010-2011", "mt": 3, "pr": "opposition=9", "rn": 8, "wk": null, "ct": 3, "st": 0, "hs": "8", "hn": 0, "bbi": null, "bta": 8, "bwa": null, "fw": null, "bbad": null}]}, {"type": "HOST_COUNTRY", "stats": [{"tt": "in Australia", "sp": "2007-2018", "mt": 2, "pr": "host=2", "rn": 24, "wk": null, "ct": 4, "st": 0, "hs": "24", "hn": 0, "bbi": null, "bta": 12, "bwa": null, "fw": null, "bbad": null}, {"tt": "in Bangladesh", "sp": "2013-2014", "mt": 5, "pr": "host=25", "rn": 108, "wk": null, "ct": 2, "st": 0, "hs": "62", "hn": 0, "bbi": null, "bta": 27, "bwa": null, "fw": null, "bbad": null}, {"tt": "in England", "sp": "2008-2015", "mt": 7, "pr": "host=1", "rn": 125, "wk": null, "ct": 4, "st": 0, "hs": "32*", "hn": 0, "bbi": null, "bta": 31.25, "bwa": null, "fw": null, "bbad": null}, {"tt": "in India", "sp": "2012-2016", "mt": 6, "pr": "host=6", "rn": 116, "wk": null, "ct": 2, "st": 0, "hs": "36*", "hn": 0, "bbi": null, "bta": 29, "bwa": null, "fw": null, "bbad": null}, {"tt": "in New Zealand", "sp": "2006-2020", "mt": 46, "pr": "host=5", "rn": 881, "wk": null, "ct": 14, "st": 0, "hs": "63", "hn": 0, "bbi": null, "bta": 27.53, "bwa": null, "fw": null, "bbad": null}, {"tt": "in South Africa", "sp": "2007-2007", "mt": 7, "pr": "host=3", "rn": 125, "wk": null, "ct": 5, "st": 0, "hs": "62", "hn": 0, "bbi": null, "bta": 25, "bwa": null, "fw": null, "bbad": null}, {"tt": "in Sri Lanka", "sp": "2009-2019", "mt": 10, "pr": "host=8", "rn": 275, "wk": null, "ct": 7, "st": 0, "hs": "62*", "hn": 0, "bbi": null, "bta": 34.37, "bwa": null, "fw": null, "bbad": null}, {"tt": "in U.A.E.", "sp": "2009-2018", "mt": 7, "pr": "host=27", "rn": 81, "wk": null, "ct": 1, "st": 0, "hs": "42*", "hn": 0, "bbi": null, "bta": 13.5, "bwa": null, "fw": null, "bbad": null}, {"tt": "in U.S.A.", "sp": "2010-2012", "mt": 3, "pr": "host=11", "rn": 42, "wk": null, "ct": 0, "st": 0, "hs": "27", "hn": 0, "bbi": null, "bta": 21, "bwa": null, "fw": null, "bbad": null}, {"tt": "in West Indies", "sp": "2010-2014", "mt": 7, "pr": "host=4", "rn": 124, "wk": null, "ct": 4, "st": 0, "hs": "44", "hn": 0, "bbi": null, "bta": 24.8, "bwa": null, "fw": null, "bbad": null}, {"tt": "in Zimbabwe", "sp": "2011-2011", "mt": 2, "pr": "host=9", "rn": 8, "wk": null, "ct": 3, "st": 0, "hs": "8", "hn": 0, "bbi": null, "bta": 8, "bwa": null, "fw": null, "bbad": null}]}, {"type": "CONTINENT", "stats": [{"tt": "in Africa", "sp": "2007-2011", "mt": 9, "pr": "continent=1", "rn": 133, "wk": null, "ct": 8, "st": 0, "hs": "62", "hn": 0, "bbi": null, "bta": 22.16, "bwa": null, "fw": null, "bbad": null}, {"tt": "in Americas", "sp": "2010-2014", "mt": 10, "pr": "continent=3", "rn": 166, "wk": null, "ct": 4, "st": 0, "hs": "44", "hn": 0, "bbi": null, "bta": 23.71, "bwa": null, "fw": null, "bbad": null}, {"tt": "in Asia", "sp": "2009-2019", "mt": 28, "pr": "continent=2", "rn": 580, "wk": null, "ct": 12, "st": 0, "hs": "62*", "hn": 0, "bbi": null, "bta": 26.36, "bwa": null, "fw": null, "bbad": null}, {"tt": "in Europe", "sp": "2008-2015", "mt": 7, "pr": "continent=4", "rn": 125, "wk": null, "ct": 4, "st": 0, "hs": "32*", "hn": 0, "bbi": null, "bta": 31.25, "bwa": null, "fw": null, "bbad": null}, {"tt": "in Oceania", "sp": "2006-2020", "mt": 48, "pr": "continent=5", "rn": 905, "wk": null, "ct": 18, "st": 0, "hs": "63", "hn": 0, "bbi": null, "bta": 26.61, "bwa": null, "fw": null, "bbad": null}]}, {"type": "HOME_OR_AWAY", "stats": [{"tt": "home", "sp": "2006-2020", "mt": 46, "pr": "home_or_away=1", "rn": 881, "wk": null, "ct": 14, "st": 0, "hs": "63", "hn": 0, "bbi": null, "bta": 27.53, "bwa": null, "fw": null, "bbad": null}, {"tt": "away", "sp": "2007-2019", "mt": 21, "pr": "home_or_away=2", "rn": 377, "wk": null, "ct": 18, "st": 0, "hs": "60", "hn": 0, "bbi": null, "bta": 23.56, "bwa": null, "fw": null, "bbad": null}, {"tt": "neutral", "sp": "2007-2018", "mt": 35, "pr": "home_or_away=3", "rn": 651, "wk": null, "ct": 14, "st": 0, "hs": "62*", "hn": 0, "bbi": null, "bta": 26.04, "bwa": null, "fw": null, "bbad": null}]}, {"type": "YEAR", "stats": [{"tt": "year 2006", "sp": null, "mt": 2, "pr": "year=2006", "rn": 25, "wk": null, "ct": 1, "st": 0, "hs": "21", "hn": 0, "bbi": null, "bta": 12.5, "bwa": null, "fw": null, "bbad": null}, {"tt": "year 2007", "sp": null, "mt": 8, "pr": "year=2007", "rn": 125, "wk": null, "ct": 8, "st": 0, "hs": "62", "hn": 0, "bbi": null, "bta": 20.83, "bwa": null, "fw": null, "bbad": null}, {"tt": "year 2008", "sp": null, "mt": 5, "pr": "year=2008", "rn": 115, "wk": null, "ct": 4, "st": 0, "hs": "63", "hn": 0, "bbi": null, "bta": 23, "bwa": null, "fw": null, "bbad": null}, {"tt": "year 2009", "sp": null, "mt": 9, "pr": "year=2009", "rn": 203, "wk": null, "ct": 5, "st": 0, "hs": "60", "hn": 0, "bbi": null, "bta": 25.37, "bwa": null, "fw": null, "bbad": null}, {"tt": "year 2010", "sp": null, "mt": 13, "pr": "year=2010", "rn": 191, "wk": null, "ct": 5, "st": 0, "hs": "44", "hn": 0, "bbi": null, "bta": 21.22, "bwa": null, "fw": null, "bbad": null}, {"tt": "year 2011", "sp": null, "mt": 2, "pr": "year=2011", "rn": 8, "wk": null, "ct": 3, "st": 0, "hs": "8", "hn": 0, "bbi": null, "bta": 8, "bwa": null, "fw": null, "bbad": null}, {"tt": "year 2012", "sp": null, "mt": 8, "pr": "year=2012", "rn": 186, "wk": null, "ct": 5, "st": 0, "hs": "62*", "hn": 0, "bbi": null, "bta": 46.5, "bwa": null, "fw": null, "bbad": null}, {"tt": "year 2013", "sp": null, "mt": 6, "pr": "year=2013", "rn": 83, "wk": null, "ct": 5, "st": 0, "hs": "32*", "hn": 0, "bbi": null, "bta": 20.75, "bwa": null, "fw": null, "bbad": null}, {"tt": "year 2014", "sp": null, "mt": 10, "pr": "year=2014", "rn": 184, "wk": null, "ct": 2, "st": 0, "hs": "62", "hn": 0, "bbi": null, "bta": 23, "bwa": null, "fw": null, "bbad": null}, {"tt": "year 2015", "sp": null, "mt": 1, "pr": "year=2015", "rn": 17, "wk": null, "ct": 1, "st": 0, "hs": "17", "hn": 0, "bbi": null, "bta": 17, "bwa": null, "fw": null, "bbad": null}, {"tt": "year 2016", "sp": null, "mt": 9, "pr": "year=2016", "rn": 119, "wk": null, "ct": 3, "st": 0, "hs": "36*", "hn": 0, "bbi": null, "bta": 29.75, "bwa": null, "fw": null, "bbad": null}, {"tt": "year 2017", "sp": null, "mt": 1, "pr": "year=2017", "rn": 20, "wk": null, "ct": 1, "st": 0, "hs": "20", "hn": 0, "bbi": null, "bta": 20, "bwa": null, "fw": null, "bbad": null}, {"tt": "year 2018", "sp": null, "mt": 10, "pr": "year=2018", "rn": 191, "wk": null, "ct": 1, "st": 0, "hs": "43*", "hn": 0, "bbi": null, "bta": 38.2, "bwa": null, "fw": null, "bbad": null}, {"tt": "year 2019", "sp": null, "mt": 11, "pr": "year=2019", "rn": 276, "wk": null, "ct": 0, "st": 0, "hs": "48", "hn": 0, "bbi": null, "bta": 27.6, "bwa": null, "fw": null, "bbad": null}, {"tt": "year 2020", "sp": null, "mt": 7, "pr": "year=2020", "rn": 166, "wk": null, "ct": 2, "st": 0, "hs": "54*", "hn": 0, "bbi": null, "bta": 33.2, "bwa": null, "fw": null, "bbad": null}]}, {"type": "SEASON", "stats": [{"tt": "season 2006/07", "sp": null, "mt": 2, "pr": "season=2006/07", "rn": 25, "wk": null, "ct": 1, "st": 0, "hs": "21", "hn": 0, "bbi": null, "bta": 12.5, "bwa": null, "fw": null, "bbad": null}, {"tt": "season 2007/08", "sp": null, "mt": 10, "pr": "season=2007/08", "rn": 146, "wk": null, "ct": 10, "st": 0, "hs": "62", "hn": 0, "bbi": null, "bta": 18.25, "bwa": null, "fw": null, "bbad": null}, {"tt": "season 2008", "sp": null, "mt": 1, "pr": "season=2008", "rn": 25, "wk": null, "ct": 0, "st": 0, "hs": "25", "hn": 0, "bbi": null, "bta": 25, "bwa": null, "fw": null, "bbad": null}, {"tt": "season 2008/09", "sp": null, "mt": 4, "pr": "season=2008/09", "rn": 127, "wk": null, "ct": 2, "st": 0, "hs": "63", "hn": 0, "bbi": null, "bta": 31.75, "bwa": null, "fw": null, "bbad": null}, {"tt": "season 2009", "sp": null, "mt": 5, "pr": "season=2009", "rn": 127, "wk": null, "ct": 5, "st": 0, "hs": "60", "hn": 0, "bbi": null, "bta": 31.75, "bwa": null, "fw": null, "bbad": null}, {"tt": "season 2009/10", "sp": null, "mt": 5, "pr": "season=2009/10", "rn": 33, "wk": null, "ct": 1, "st": 0, "hs": "13", "hn": 0, "bbi": null, "bta": 8.25, "bwa": null, "fw": null, "bbad": null}, {"tt": "season 2010", "sp": null, "mt": 7, "pr": "season=2010", "rn": 107, "wk": null, "ct": 3, "st": 0, "hs": "44", "hn": 0, "bbi": null, "bta": 17.83, "bwa": null, "fw": null, "bbad": null}, {"tt": "season 2010/11", "sp": null, "mt": 3, "pr": "season=2010/11", "rn": 69, "wk": null, "ct": 1, "st": 0, "hs": "39*", "hn": 0, "bbi": null, "bta": 69, "bwa": null, "fw": null, "bbad": null}, {"tt": "season 2011/12", "sp": null, "mt": 2, "pr": "season=2011/12", "rn": 8, "wk": null, "ct": 3, "st": 0, "hs": "8", "hn": 0, "bbi": null, "bta": 8, "bwa": null, "fw": null, "bbad": null}, {"tt": "season 2012", "sp": null, "mt": 2, "pr": "season=2012", "rn": 35, "wk": null, "ct": 1, "st": 0, "hs": "25*", "hn": 0, "bbi": null, "bta": null, "bwa": null, "fw": null, "bbad": null}, {"tt": "season 2012/13", "sp": null, "mt": 9, "pr": "season=2012/13", "rn": 174, "wk": null, "ct": 6, "st": 0, "hs": "62*", "hn": 0, "bbi": null, "bta": 24.85, "bwa": null, "fw": null, "bbad": null}, {"tt": "season 2013", "sp": null, "mt": 2, "pr": "season=2013", "rn": 32, "wk": null, "ct": 1, "st": 0, "hs": "32*", "hn": 0, "bbi": null, "bta": null, "bwa": null, "fw": null, "bbad": null}, {"tt": "season 2013/14", "sp": null, "mt": 7, "pr": "season=2013/14", "rn": 152, "wk": null, "ct": 2, "st": 0, "hs": "62", "hn": 0, "bbi": null, "bta": 25.33, "bwa": null, "fw": null, "bbad": null}, {"tt": "season 2014", "sp": null, "mt": 2, "pr": "season=2014", "rn": 49, "wk": null, "ct": 1, "st": 0, "hs": "28*", "hn": 0, "bbi": null, "bta": 49, "bwa": null, "fw": null, "bbad": null}, {"tt": "season 2014/15", "sp": null, "mt": 2, "pr": "season=2014/15", "rn": 11, "wk": null, "ct": 1, "st": 0, "hs": "7", "hn": 0, "bbi": null, "bta": 5.5, "bwa": null, "fw": null, "bbad": null}, {"tt": "season 2015", "sp": null, "mt": 1, "pr": "season=2015", "rn": 17, "wk": null, "ct": 1, "st": 0, "hs": "17", "hn": 0, "bbi": null, "bta": 17, "bwa": null, "fw": null, "bbad": null}, {"tt": "season 2015/16", "sp": null, "mt": 9, "pr": "season=2015/16", "rn": 119, "wk": null, "ct": 3, "st": 0, "hs": "36*", "hn": 0, "bbi": null, "bta": 29.75, "bwa": null, "fw": null, "bbad": null}, {"tt": "season 2017/18", "sp": null, "mt": 8, "pr": "season=2017/18", "rn": 159, "wk": null, "ct": 2, "st": 0, "hs": "43*", "hn": 0, "bbi": null, "bta": 39.75, "bwa": null, "fw": null, "bbad": null}, {"tt": "season 2018/19", "sp": null, "mt": 7, "pr": "season=2018/19", "rn": 164, "wk": null, "ct": 0, "st": 0, "hs": "42*", "hn": 0, "bbi": null, "bta": 32.8, "bwa": null, "fw": null, "bbad": null}, {"tt": "season 2019", "sp": null, "mt": 2, "pr": "season=2019", "rn": 48, "wk": null, "ct": 0, "st": 0, "hs": "48", "hn": 0, "bbi": null, "bta": 24, "bwa": null, "fw": null, "bbad": null}, {"tt": "season 2019/20", "sp": null, "mt": 10, "pr": "season=2019/20", "rn": 282, "wk": null, "ct": 2, "st": 0, "hs": "54*", "hn": 0, "bbi": null, "bta": 31.33, "bwa": null, "fw": null, "bbad": null}, {"tt": "season 2020/21", "sp": null, "mt": 2, "pr": "season=2020/21", "rn": 0, "wk": null, "ct": 0, "st": 0, "hs": "0*", "hn": 0, "bbi": null, "bta": 0, "bwa": null, "fw": null, "bbad": null}]}, {"type": "CAPTAINS_INVOLVED", "stats": [{"tt": "*SP Fleming", "sp": "2006-2006", "mt": 2, "pr": "captain_involve=2121", "rn": 25, "wk": null, "ct": 1, "st": 0, "hs": "21", "hn": 0, "bbi": null, "bta": 12.5, "bwa": null, "fw": null, "bbad": null}, {"tt": "*BB McCullum", "sp": "2008-2015", "mt": 19, "pr": "captain_involve=10384", "rn": 306, "wk": null, "ct": 8, "st": 0, "hs": "62", "hn": 0, "bbi": null, "bta": 21.85, "bwa": null, "fw": null, "bbad": null}, {"tt": "*KD Mills", "sp": "2013-2013", "mt": 1, "pr": "captain_involve=10303", "rn": 28, "wk": null, "ct": 2, "st": 0, "hs": "28", "hn": 0, "bbi": null, "bta": 28, "bwa": null, "fw": null, "bbad": null}, {"tt": "*TG Southee", "sp": "2017-2020", "mt": 14, "pr": "captain_involve=49108", "rn": 316, "wk": null, "ct": 1, "st": 0, "hs": "53", "hn": 0, "bbi": null, "bta": 26.33, "bwa": null, "fw": null, "bbad": null}, {"tt": "*LRPL Taylor", "sp": "2010-2012", "mt": 13, "pr": "captain_involve=44930", "rn": 263, "wk": null, "ct": 9, "st": 0, "hs": "62*", "hn": 0, "bbi": null, "bta": 43.83, "bwa": null, "fw": null, "bbad": null}, {"tt": "*DL Vettori", "sp": "2007-2010", "mt": 26, "pr": "captain_involve=4380", "rn": 483, "wk": null, "ct": 18, "st": 0, "hs": "63", "hn": 0, "bbi": null, "bta": 21.95, "bwa": null, "fw": null, "bbad": null}, {"tt": "*KS Williamson", "sp": "2014-2020", "mt": 27, "pr": "captain_involve=51088", "rn": 488, "wk": null, "ct": 7, "st": 0, "hs": "54*", "hn": 0, "bbi": null, "bta": 30.5, "bwa": null, "fw": null, "bbad": null}]}, {"type": "CAPTAIN", "stats": [{"tt": "is captain", "sp": "2010-2012", "mt": 13, "pr": "captain=1", "rn": 263, "wk": null, "ct": 9, "st": 0, "hs": "62*", "hn": 0, "bbi": null, "bta": 43.83, "bwa": null, "fw": null, "bbad": null}, {"tt": "is not captain", "sp": "2006-2020", "mt": 89, "pr": "captain=0", "rn": 1646, "wk": null, "ct": 37, "st": 0, "hs": "63", "hn": 0, "bbi": null, "bta": 24.56, "bwa": null, "fw": null, "bbad": null}]}, {"type": "KEEPER", "stats": [{"tt": "is not keeper", "sp": "2006-2020", "mt": 102, "pr": "keeper=0", "rn": 1909, "wk": null, "ct": 46, "st": 0, "hs": "63", "hn": 0, "bbi": null, "bta": 26.15, "bwa": null, "fw": null, "bbad": null}]}, {"type": "TOSS", "stats": [{"tt": "won the toss", "sp": "2006-2020", "mt": 54, "pr": "toss=1", "rn": 1116, "wk": null, "ct": 25, "st": 0, "hs": "63", "hn": 0, "bbi": null, "bta": 29.36, "bwa": null, "fw": null, "bbad": null}, {"tt": "lost the toss", "sp": "2007-2020", "mt": 48, "pr": "toss=2", "rn": 793, "wk": null, "ct": 21, "st": 0, "hs": "54*", "hn": 0, "bbi": null, "bta": 22.65, "bwa": null, "fw": null, "bbad": null}]}, {"type": "BATTING_FIELDING_SEQUENCE_AND_TOSS", "stats": [{"tt": "won toss &amp; batted", "sp": "2006-2020", "mt": 26, "pr": "batting_fielding_first=1;toss=1", "rn": 669, "wk": null, "ct": 13, "st": 0, "hs": "63", "hn": 0, "bbi": null, "bta": 30.4, "bwa": null, "fw": null, "bbad": null}, {"tt": "won toss &amp; fielded", "sp": "2006-2020", "mt": 28, "pr": "batting_fielding_first=2;toss=1", "rn": 447, "wk": null, "ct": 12, "st": 0, "hs": "62*", "hn": 0, "bbi": null, "bta": 27.93, "bwa": null, "fw": null, "bbad": null}, {"tt": "lost toss &amp; sent in", "sp": "2007-2020", "mt": 30, "pr": "batting_fielding_first=1;toss=2", "rn": 466, "wk": null, "ct": 12, "st": 0, "hs": "54*", "hn": 0, "bbi": null, "bta": 23.3, "bwa": null, "fw": null, "bbad": null}, {"tt": "lost toss &amp; fielded", "sp": "2007-2020", "mt": 18, "pr": "batting_fielding_first=2;toss=2", "rn": 327, "wk": null, "ct": 9, "st": 0, "hs": "53", "hn": 0, "bbi": null, "bta": 21.8, "bwa": null, "fw": null, "bbad": null}]}, {"type": "BATTING_FIELDING_SEQUENCE", "stats": [{"tt": "matches batting first", "sp": "2006-2020", "mt": 56, "pr": "batting_fielding_first=1", "rn": 1135, "wk": null, "ct": 25, "st": 0, "hs": "63", "hn": 0, "bbi": null, "bta": 27.02, "bwa": null, "fw": null, "bbad": null}, {"tt": "matches fielding first", "sp": "2006-2020", "mt": 46, "pr": "batting_fielding_first=2", "rn": 774, "wk": null, "ct": 21, "st": 0, "hs": "62*", "hn": 0, "bbi": null, "bta": 24.96, "bwa": null, "fw": null, "bbad": null}]}, {"type": "TEAM_INNINGS", "stats": [{"tt": "1st team innings", "sp": "2006-2020", "mt": 102, "pr": "innings_number=2;innings_number=1", "rn": 1909, "wk": null, "ct": 46, "st": 0, "hs": "63", "hn": 0, "bbi": null, "bta": 26.15, "bwa": null, "fw": null, "bbad": null}]}, {"type": "MATCH_INNINGS", "stats": [{"tt": "1st match innings", "sp": "2006-2020", "mt": 102, "pr": "innings_number=1", "rn": 1135, "wk": null, "ct": 21, "st": 0, "hs": "63", "hn": 0, "bbi": null, "bta": 27.02, "bwa": null, "fw": null, "bbad": null}, {"tt": "2nd match innings", "sp": "2006-2020", "mt": 101, "pr": "innings_number=2", "rn": 774, "wk": null, "ct": 25, "st": 0, "hs": "62*", "hn": 0, "bbi": null, "bta": 24.96, "bwa": null, "fw": null, "bbad": null}]}, {"type": "FLOODLIT", "stats": [{"tt": "day match", "sp": "2006-2020", "mt": 33, "pr": "floodlit=1", "rn": 565, "wk": null, "ct": 19, "st": 0, "hs": "62", "hn": 0, "bbi": null, "bta": 25.68, "bwa": null, "fw": null, "bbad": null}, {"tt": "day/night match", "sp": "2006-2018", "mt": 38, "pr": "floodlit=2", "rn": 742, "wk": null, "ct": 22, "st": 0, "hs": "63", "hn": 0, "bbi": null, "bta": 25.58, "bwa": null, "fw": null, "bbad": null}, {"tt": "night match", "sp": "2010-2020", "mt": 31, "pr": "floodlit=3", "rn": 602, "wk": null, "ct": 5, "st": 0, "hs": "54*", "hn": 0, "bbi": null, "bta": 27.36, "bwa": null, "fw": null, "bbad": null}]}, {"type": "RESULT", "stats": [{"tt": "won match", "sp": "2006-2020", "mt": 49, "pr": "result=1", "rn": 828, "wk": null, "ct": 26, "st": 0, "hs": "60", "hn": 0, "bbi": null, "bta": 29.57, "bwa": null, "fw": null, "bbad": null}, {"tt": "lost match", "sp": "2006-2020", "mt": 44, "pr": "result=2", "rn": 879, "wk": null, "ct": 16, "st": 0, "hs": "62", "hn": 0, "bbi": null, "bta": 23.13, "bwa": null, "fw": null, "bbad": null}, {"tt": "tied match", "sp": "2008-2020", "mt": 7, "pr": "result=3", "rn": 198, "wk": null, "ct": 4, "st": 0, "hs": "63", "hn": 0, "bbi": null, "bta": 33, "bwa": null, "fw": null, "bbad": null}, {"tt": "no result", "sp": "2012-2013", "mt": 2, "pr": "result=5", "rn": 4, "wk": null, "ct": 0, "st": 0, "hs": "4", "hn": 0, "bbi": null, "bta": 4, "bwa": null, "fw": null, "bbad": null}]}, {"type": "BATTING_FIELDING_SEQUENCE_AND_RESULT", "stats": [{"tt": "won batting first", "sp": "2007-2020", "mt": 30, "pr": "batting_fielding_first=1;result=1", "rn": 542, "wk": null, "ct": 16, "st": 0, "hs": "60", "hn": 0, "bbi": null, "bta": 27.1, "bwa": null, "fw": null, "bbad": null}, {"tt": "won fielding first", "sp": "2006-2020", "mt": 19, "pr": "batting_fielding_first=2;result=1", "rn": 286, "wk": null, "ct": 10, "st": 0, "hs": "48", "hn": 0, "bbi": null, "bta": 35.75, "bwa": null, "fw": null, "bbad": null}, {"tt": "lost batting first", "sp": "2006-2020", "mt": 21, "pr": "batting_fielding_first=1;result=2", "rn": 494, "wk": null, "ct": 7, "st": 0, "hs": "62", "hn": 0, "bbi": null, "bta": 29.05, "bwa": null, "fw": null, "bbad": null}, {"tt": "lost fielding first", "sp": "2007-2020", "mt": 23, "pr": "batting_fielding_first=2;result=2", "rn": 385, "wk": null, "ct": 9, "st": 0, "hs": "62", "hn": 0, "bbi": null, "bta": 18.33, "bwa": null, "fw": null, "bbad": null}, {"tt": "tied batting first", "sp": "2008-2019", "mt": 4, "pr": "batting_fielding_first=1;result=3", "rn": 95, "wk": null, "ct": 2, "st": 0, "hs": "63", "hn": 0, "bbi": null, "bta": 23.75, "bwa": null, "fw": null, "bbad": null}, {"tt": "tied fielding first", "sp": "2012-2020", "mt": 3, "pr": "batting_fielding_first=2;result=3", "rn": 103, "wk": null, "ct": 2, "st": 0, "hs": "62*", "hn": 0, "bbi": null, "bta": 51.5, "bwa": null, "fw": null, "bbad": null}, {"tt": "no result batting first", "sp": "2012-2012", "mt": 1, "pr": "batting_fielding_first=1;result=5", "rn": 4, "wk": null, "ct": 0, "st": 0, "hs": "4", "hn": 0, "bbi": null, "bta": 4, "bwa": null, "fw": null, "bbad": null}, {"tt": "no result fielding first", "sp": "2013-2013", "mt": 1, "pr": "batting_fielding_first=2;result=5", "rn": null, "wk": null, "ct": 0, "st": 0, "hs": null, "hn": null, "bbi": null, "bta": null, "bwa": null, "fw": null, "bbad": null}]}, {"type": "TOURNAMENT_TYPE", "stats": [{"tt": "2 team series", "sp": "2006-2020", "mt": 69, "pr": "tournament_type=2", "rn": 1255, "wk": null, "ct": 31, "st": 0, "hs": "63", "hn": 0, "bbi": null, "bta": 24.6, "bwa": null, "fw": null, "bbad": null}, {"tt": "3-4 team tournaments", "sp": "2018-2018", "mt": 5, "pr": "tournament_type=3", "rn": 92, "wk": null, "ct": 1, "st": 0, "hs": "43*", "hn": 0, "bbi": null, "bta": 46, "bwa": null, "fw": null, "bbad": null}, {"tt": "5+ team tournaments", "sp": "2007-2016", "mt": 28, "pr": "tournament_type=5", "rn": 562, "wk": null, "ct": 14, "st": 0, "hs": "62*", "hn": 0, "bbi": null, "bta": 28.1, "bwa": null, "fw": null, "bbad": null}]}, {"type": "MATCH_NUMBER", "stats": [{"tt": "only match in series", "sp": "2007-2019", "mt": 8, "pr": "match_number=0", "rn": 114, "wk": null, "ct": 8, "st": 0, "hs": "33", "hn": 0, "bbi": null, "bta": 16.28, "bwa": null, "fw": null, "bbad": null}, {"tt": "1st match in series", "sp": "2006-2020", "mt": 25, "pr": "match_number=1", "rn": 622, "wk": null, "ct": 10, "st": 0, "hs": "63", "hn": 0, "bbi": null, "bta": 38.87, "bwa": null, "fw": null, "bbad": null}, {"tt": "2nd match in series", "sp": "2006-2020", "mt": 23, "pr": "match_number=2", "rn": 323, "wk": null, "ct": 12, "st": 0, "hs": "42", "hn": 0, "bbi": null, "bta": 19, "bwa": null, "fw": null, "bbad": null}, {"tt": "3rd match in series", "sp": "2010-2020", "mt": 9, "pr": "match_number=3", "rn": 102, "wk": null, "ct": 1, "st": 0, "hs": "27", "hn": 0, "bbi": null, "bta": 14.57, "bwa": null, "fw": null, "bbad": null}, {"tt": "4th match in series", "sp": "2019-2020", "mt": 2, "pr": "match_number=4", "rn": 38, "wk": null, "ct": 0, "st": 0, "hs": "24", "hn": 0, "bbi": null, "bta": 19, "bwa": null, "fw": null, "bbad": null}, {"tt": "5th match in series", "sp": "2019-2020", "mt": 2, "pr": "match_number=5", "rn": 56, "wk": null, "ct": 0, "st": 0, "hs": "53", "hn": 0, "bbi": null, "bta": 28, "bwa": null, "fw": null, "bbad": null}]}, {"type": "MAJOR_TROPHY", "stats": [{"tt": "Men's T20 World Cup", "sp": "2007-2016", "mt": 28, "pr": "trophy=89", "rn": 562, "wk": null, "ct": 14, "st": 0, "hs": "62*", "hn": 0, "bbi": null, "bta": 28.1, "bwa": null, "fw": null, "bbad": null}]}, {"type": "FINAL_TYPE", "stats": [{"tt": "tournament finals", "sp": "2018-2018", "mt": 1, "pr": "final_type=1", "rn": 43, "wk": null, "ct": 0, "st": 0, "hs": "43*", "hn": 0, "bbi": null, "bta": null, "bwa": null, "fw": null, "bbad": null}, {"tt": "tournament semi-finals", "sp": "2007-2016", "mt": 2, "pr": "final_type=3", "rn": 43, "wk": null, "ct": 0, "st": 0, "hs": "37*", "hn": 0, "bbi": null, "bta": 43, "bwa": null, "fw": null, "bbad": null}, {"tt": "preliminary matches", "sp": "2007-2018", "mt": 30, "pr": "final_type=0", "rn": 568, "wk": null, "ct": 15, "st": 0, "hs": "62*", "hn": 0, "bbi": null, "bta": 27.04, "bwa": null, "fw": null, "bbad": null}]}]}}