{"summary": {"recordClassId": 3, "type": "FIELDING", "groups": [{"type": "CAREER_AVERAGES", "stats": [{"tt": "overview", "sp": "2006-2020", "mt": 102, "in": 102, "pr": null, "ds": 46, "ct": 46, "st": 0, "ck": 0, "cf": 46, "mds": "3 (3ct 0st)", "dspi": 0.45}]}, {"type": "OPPOSITION_TEAM", "stats": [{"tt": "vs Australia", "sp": "2007-2018", "mt": 7, "in": 7, "pr": "opposition=2", "ds": 5, "ct": 5, "st": 0, "ck": 0, "cf": 5, "mds": "3 (3ct 0st)", "dspi": 0.714}, {"tt": "vs Bangladesh", "sp": "2010-2016", "mt": 4, "in": 4, "pr": "opposition=25", "ds": 3, "ct": 3, "st": 0, "ck": 0, "cf": 3, "mds": "2 (2ct 0st)", "dspi": 0.75}, {"tt": "vs England", "sp": "2007-2019", "mt": 21, "in": 21, "pr": "opposition=1", "ds": 8, "ct": 8, "st": 0, "ck": 0, "cf": 8, "mds": "1 (1ct 0st)", "dspi": 0.38}, {"tt": "vs India", "sp": "2007-2020", "mt": 13, "in": 13, "pr": "opposition=6", "ds": 4, "ct": 4, "st": 0, "ck": 0, "cf": 4, "mds": "1 (1ct 0st)", "dspi": 0.307}, {"tt": "vs Kenya", "sp": "2007-2007", "mt": 1, "in": 1, "pr": "opposition=26", "ds": 2, "ct": 2, "st": 0, "ck": 0, "cf": 2, "mds": "2 (2ct 0st)", "dspi": 2}, {"tt": "vs Netherlands", "sp": "2014-2014", "mt": 1, "in": 1, "pr": "opposition=15", "ds": 0, "ct": 0, "st": 0, "ck": 0, "cf": 0, "mds": "0", "dspi": 0}, {"tt": "vs Pakistan", "sp": "2007-2018", "mt": 18, "in": 18, "pr": "opposition=7", "ds": 3, "ct": 3, "st": 0, "ck": 0, "cf": 3, "mds": "1 (1ct 0st)", "dspi": 0.166}, {"tt": "vs Scotland", "sp": "2009-2009", "mt": 1, "in": 1, "pr": "opposition=30", "ds": 1, "ct": 1, "st": 0, "ck": 0, "cf": 1, "mds": "1 (1ct 0st)", "dspi": 1}, {"tt": "vs South Africa", "sp": "2007-2014", "mt": 5, "in": 5, "pr": "opposition=3", "ds": 1, "ct": 1, "st": 0, "ck": 0, "cf": 1, "mds": "1 (1ct 0st)", "dspi": 0.2}, {"tt": "vs Sri Lanka", "sp": "2006-2019", "mt": 17, "in": 17, "pr": "opposition=8", "ds": 10, "ct": 10, "st": 0, "ck": 0, "cf": 10, "mds": "3 (3ct 0st)", "dspi": 0.588}, {"tt": "vs West Indies", "sp": "2008-2020", "mt": 11, "in": 11, "pr": "opposition=4", "ds": 6, "ct": 6, "st": 0, "ck": 0, "cf": 6, "mds": "2 (2ct 0st)", "dspi": 0.545}, {"tt": "vs Zimbabwe", "sp": "2010-2011", "mt": 3, "in": 3, "pr": "opposition=9", "ds": 3, "ct": 3, "st": 0, "ck": 0, "cf": 3, "mds": "2 (2ct 0st)", "dspi": 1}]}, {"type": "HOST_COUNTRY", "stats": [{"tt": "in Australia", "sp": "2007-2018", "mt": 2, "in": 2, "pr": "host=2", "ds": 4, "ct": 4, "st": 0, "ck": 0, "cf": 4, "mds": "3 (3ct 0st)", "dspi": 2}, {"tt": "in Bangladesh", "sp": "2013-2014", "mt": 5, "in": 5, "pr": "host=25", "ds": 2, "ct": 2, "st": 0, "ck": 0, "cf": 2, "mds": "2 (2ct 0st)", "dspi": 0.4}, {"tt": "in England", "sp": "2008-2015", "mt": 7, "in": 7, "pr": "host=1", "ds": 4, "ct": 4, "st": 0, "ck": 0, "cf": 4, "mds": "1 (1ct 0st)", "dspi": 0.571}, {"tt": "in India", "sp": "2012-2016", "mt": 6, "in": 6, "pr": "host=6", "ds": 2, "ct": 2, "st": 0, "ck": 0, "cf": 2, "mds": "1 (1ct 0st)", "dspi": 0.333}, {"tt": "in New Zealand", "sp": "2006-2020", "mt": 46, "in": 46, "pr": "host=5", "ds": 14, "ct": 14, "st": 0, "ck": 0, "cf": 14, "mds": "1 (1ct 0st)", "dspi": 0.304}, {"tt": "in South Africa", "sp": "2007-2007", "mt": 7, "in": 7, "pr": "host=3", "ds": 5, "ct": 5, "st": 0, "ck": 0, "cf": 5, "mds": "2 (2ct 0st)", "dspi": 0.714}, {"tt": "in Sri Lanka", "sp": "2009-2019", "mt": 10, "in": 10, "pr": "host=8", "ds": 7, "ct": 7, "st": 0, "ck": 0, "cf": 7, "mds": "3 (3ct 0st)", "dspi": 0.7}, {"tt": "in U.A.E.", "sp": "2009-2018", "mt": 7, "in": 7, "pr": "host=27", "ds": 1, "ct": 1, "st": 0, "ck": 0, "cf": 1, "mds": "1 (1ct 0st)", "dspi": 0.142}, {"tt": "in U.S.A.", "sp": "2010-2012", "mt": 3, "in": 3, "pr": "host=11", "ds": 0, "ct": 0, "st": 0, "ck": 0, "cf": 0, "mds": "0", "dspi": 0}, {"tt": "in West Indies", "sp": "2010-2014", "mt": 7, "in": 7, "pr": "host=4", "ds": 4, "ct": 4, "st": 0, "ck": 0, "cf": 4, "mds": "1 (1ct 0st)", "dspi": 0.571}, {"tt": "in Zimbabwe", "sp": "2011-2011", "mt": 2, "in": 2, "pr": "host=9", "ds": 3, "ct": 3, "st": 0, "ck": 0, "cf": 3, "mds": "2 (2ct 0st)", "dspi": 1.5}]}, {"type": "CONTINENT", "stats": [{"tt": "in Africa", "sp": "2007-2011", "mt": 9, "in": 9, "pr": "continent=1", "ds": 8, "ct": 8, "st": 0, "ck": 0, "cf": 8, "mds": "2 (2ct 0st)", "dspi": 0.888}, {"tt": "in Americas", "sp": "2010-2014", "mt": 10, "in": 10, "pr": "continent=3", "ds": 4, "ct": 4, "st": 0, "ck": 0, "cf": 4, "mds": "1 (1ct 0st)", "dspi": 0.4}, {"tt": "in Asia", "sp": "2009-2019", "mt": 28, "in": 28, "pr": "continent=2", "ds": 12, "ct": 12, "st": 0, "ck": 0, "cf": 12, "mds": "3 (3ct 0st)", "dspi": 0.428}, {"tt": "in Europe", "sp": "2008-2015", "mt": 7, "in": 7, "pr": "continent=4", "ds": 4, "ct": 4, "st": 0, "ck": 0, "cf": 4, "mds": "1 (1ct 0st)", "dspi": 0.571}, {"tt": "in Oceania", "sp": "2006-2020", "mt": 48, "in": 48, "pr": "continent=5", "ds": 18, "ct": 18, "st": 0, "ck": 0, "cf": 18, "mds": "3 (3ct 0st)", "dspi": 0.375}]}, {"type": "HOME_OR_AWAY", "stats": [{"tt": "home", "sp": "2006-2020", "mt": 46, "in": 46, "pr": "home_or_away=1", "ds": 14, "ct": 14, "st": 0, "ck": 0, "cf": 14, "mds": "1 (1ct 0st)", "dspi": 0.304}, {"tt": "away", "sp": "2007-2019", "mt": 21, "in": 21, "pr": "home_or_away=2", "ds": 18, "ct": 18, "st": 0, "ck": 0, "cf": 18, "mds": "3 (3ct 0st)", "dspi": 0.857}, {"tt": "neutral", "sp": "2007-2018", "mt": 35, "in": 35, "pr": "home_or_away=3", "ds": 14, "ct": 14, "st": 0, "ck": 0, "cf": 14, "mds": "2 (2ct 0st)", "dspi": 0.4}]}, {"type": "YEAR", "stats": [{"tt": "year 2006", "sp": null, "mt": 2, "in": 2, "pr": "year=2006", "ds": 1, "ct": 1, "st": 0, "ck": 0, "cf": 1, "mds": "1 (1ct 0st)", "dspi": 0.5}, {"tt": "year 2007", "sp": null, "mt": 8, "in": 8, "pr": "year=2007", "ds": 8, "ct": 8, "st": 0, "ck": 0, "cf": 8, "mds": "3 (3ct 0st)", "dspi": 1}, {"tt": "year 2008", "sp": null, "mt": 5, "in": 5, "pr": "year=2008", "ds": 4, "ct": 4, "st": 0, "ck": 0, "cf": 4, "mds": "1 (1ct 0st)", "dspi": 0.8}, {"tt": "year 2009", "sp": null, "mt": 9, "in": 9, "pr": "year=2009", "ds": 5, "ct": 5, "st": 0, "ck": 0, "cf": 5, "mds": "3 (3ct 0st)", "dspi": 0.555}, {"tt": "year 2010", "sp": null, "mt": 13, "in": 13, "pr": "year=2010", "ds": 5, "ct": 5, "st": 0, "ck": 0, "cf": 5, "mds": "1 (1ct 0st)", "dspi": 0.384}, {"tt": "year 2011", "sp": null, "mt": 2, "in": 2, "pr": "year=2011", "ds": 3, "ct": 3, "st": 0, "ck": 0, "cf": 3, "mds": "2 (2ct 0st)", "dspi": 1.5}, {"tt": "year 2012", "sp": null, "mt": 8, "in": 8, "pr": "year=2012", "ds": 5, "ct": 5, "st": 0, "ck": 0, "cf": 5, "mds": "2 (2ct 0st)", "dspi": 0.625}, {"tt": "year 2013", "sp": null, "mt": 6, "in": 6, "pr": "year=2013", "ds": 5, "ct": 5, "st": 0, "ck": 0, "cf": 5, "mds": "2 (2ct 0st)", "dspi": 0.833}, {"tt": "year 2014", "sp": null, "mt": 10, "in": 10, "pr": "year=2014", "ds": 2, "ct": 2, "st": 0, "ck": 0, "cf": 2, "mds": "1 (1ct 0st)", "dspi": 0.2}, {"tt": "year 2015", "sp": null, "mt": 1, "in": 1, "pr": "year=2015", "ds": 1, "ct": 1, "st": 0, "ck": 0, "cf": 1, "mds": "1 (1ct 0st)", "dspi": 1}, {"tt": "year 2016", "sp": null, "mt": 9, "in": 9, "pr": "year=2016", "ds": 3, "ct": 3, "st": 0, "ck": 0, "cf": 3, "mds": "1 (1ct 0st)", "dspi": 0.333}, {"tt": "year 2017", "sp": null, "mt": 1, "in": 1, "pr": "year=2017", "ds": 1, "ct": 1, "st": 0, "ck": 0, "cf": 1, "mds": "1 (1ct 0st)", "dspi": 1}, {"tt": "year 2018", "sp": null, "mt": 10, "in": 10, "pr": "year=2018", "ds": 1, "ct": 1, "st": 0, "ck": 0, "cf": 1, "mds": "1 (1ct 0st)", "dspi": 0.1}, {"tt": "year 2019", "sp": null, "mt": 11, "in": 11, "pr": "year=2019", "ds": 0, "ct": 0, "st": 0, "ck": 0, "cf": 0, "mds": "0", "dspi": 0}, {"tt": "year 2020", "sp": null, "mt": 7, "in": 7, "pr": "year=2020", "ds": 2, "ct": 2, "st": 0, "ck": 0, "cf": 2, "mds": "1 (1ct 0st)", "dspi": 0.285}]}, {"type": "SEASON", "stats": [{"tt": "season 2006/07", "sp": null, "mt": 2, "in": 2, "pr": "season=2006/07", "ds": 1, "ct": 1, "st": 0, "ck": 0, "cf": 1, "mds": "1 (1ct 0st)", "dspi": 0.5}, {"tt": "season 2007/08", "sp": null, "mt": 10, "in": 10, "pr": "season=2007/08", "ds": 10, "ct": 10, "st": 0, "ck": 0, "cf": 10, "mds": "3 (3ct 0st)", "dspi": 1}, {"tt": "season 2008", "sp": null, "mt": 1, "in": 1, "pr": "season=2008", "ds": 0, "ct": 0, "st": 0, "ck": 0, "cf": 0, "mds": "0", "dspi": 0}, {"tt": "season 2008/09", "sp": null, "mt": 4, "in": 4, "pr": "season=2008/09", "ds": 2, "ct": 2, "st": 0, "ck": 0, "cf": 2, "mds": "1 (1ct 0st)", "dspi": 0.5}, {"tt": "season 2009", "sp": null, "mt": 5, "in": 5, "pr": "season=2009", "ds": 5, "ct": 5, "st": 0, "ck": 0, "cf": 5, "mds": "3 (3ct 0st)", "dspi": 1}, {"tt": "season 2009/10", "sp": null, "mt": 5, "in": 5, "pr": "season=2009/10", "ds": 1, "ct": 1, "st": 0, "ck": 0, "cf": 1, "mds": "1 (1ct 0st)", "dspi": 0.2}, {"tt": "season 2010", "sp": null, "mt": 7, "in": 7, "pr": "season=2010", "ds": 3, "ct": 3, "st": 0, "ck": 0, "cf": 3, "mds": "1 (1ct 0st)", "dspi": 0.428}, {"tt": "season 2010/11", "sp": null, "mt": 3, "in": 3, "pr": "season=2010/11", "ds": 1, "ct": 1, "st": 0, "ck": 0, "cf": 1, "mds": "1 (1ct 0st)", "dspi": 0.333}, {"tt": "season 2011/12", "sp": null, "mt": 2, "in": 2, "pr": "season=2011/12", "ds": 3, "ct": 3, "st": 0, "ck": 0, "cf": 3, "mds": "2 (2ct 0st)", "dspi": 1.5}, {"tt": "season 2012", "sp": null, "mt": 2, "in": 2, "pr": "season=2012", "ds": 1, "ct": 1, "st": 0, "ck": 0, "cf": 1, "mds": "1 (1ct 0st)", "dspi": 0.5}, {"tt": "season 2012/13", "sp": null, "mt": 9, "in": 9, "pr": "season=2012/13", "ds": 6, "ct": 6, "st": 0, "ck": 0, "cf": 6, "mds": "2 (2ct 0st)", "dspi": 0.666}, {"tt": "season 2013", "sp": null, "mt": 2, "in": 2, "pr": "season=2013", "ds": 1, "ct": 1, "st": 0, "ck": 0, "cf": 1, "mds": "1 (1ct 0st)", "dspi": 0.5}, {"tt": "season 2013/14", "sp": null, "mt": 7, "in": 7, "pr": "season=2013/14", "ds": 2, "ct": 2, "st": 0, "ck": 0, "cf": 2, "mds": "2 (2ct 0st)", "dspi": 0.285}, {"tt": "season 2014", "sp": null, "mt": 2, "in": 2, "pr": "season=2014", "ds": 1, "ct": 1, "st": 0, "ck": 0, "cf": 1, "mds": "1 (1ct 0st)", "dspi": 0.5}, {"tt": "season 2014/15", "sp": null, "mt": 2, "in": 2, "pr": "season=2014/15", "ds": 1, "ct": 1, "st": 0, "ck": 0, "cf": 1, "mds": "1 (1ct 0st)", "dspi": 0.5}, {"tt": "season 2015", "sp": null, "mt": 1, "in": 1, "pr": "season=2015", "ds": 1, "ct": 1, "st": 0, "ck": 0, "cf": 1, "mds": "1 (1ct 0st)", "dspi": 1}, {"tt": "season 2015/16", "sp": null, "mt": 9, "in": 9, "pr": "season=2015/16", "ds": 3, "ct": 3, "st": 0, "ck": 0, "cf": 3, "mds": "1 (1ct 0st)", "dspi": 0.333}, {"tt": "season 2017/18", "sp": null, "mt": 8, "in": 8, "pr": "season=2017/18", "ds": 2, "ct": 2, "st": 0, "ck": 0, "cf": 2, "mds": "1 (1ct 0st)", "dspi": 0.25}, {"tt": "season 2018/19", "sp": null, "mt": 7, "in": 7, "pr": "season=2018/19", "ds": 0, "ct": 0, "st": 0, "ck": 0, "cf": 0, "mds": "0", "dspi": 0}, {"tt": "season 2019", "sp": null, "mt": 2, "in": 2, "pr": "season=2019", "ds": 0, "ct": 0, "st": 0, "ck": 0, "cf": 0, "mds": "0", "dspi": 0}, {"tt": "season 2019/20", "sp": null, "mt": 10, "in": 10, "pr": "season=2019/20", "ds": 2, "ct": 2, "st": 0, "ck": 0, "cf": 2, "mds": "1 (1ct 0st)", "dspi": 0.2}, {"tt": "season 2020/21", "sp": null, "mt": 2, "in": 2, "pr": "season=2020/21", "ds": 0, "ct": 0, "st": 0, "ck": 0, "cf": 0, "mds": "0", "dspi": 0}]}, {"type": "CAPTAINS_INVOLVED", "stats": [{"tt": "*SP Fleming", "sp": "2006-2006", "mt": 2, "in": 2, "pr": "captain_involve=2121", "ds": 1, "ct": 1, "st": 0, "ck": 0, "cf": 1, "mds": "1 (1ct 0st)", "dspi": 0.5}, {"tt": "*BB McCullum", "sp": "2008-2015", "mt": 19, "in": 19, "pr": "captain_involve=10384", "ds": 8, "ct": 8, "st": 0, "ck": 0, "cf": 8, "mds": "1 (1ct 0st)", "dspi": 0.421}, {"tt": "*KD Mills", "sp": "2013-2013", "mt": 1, "in": 1, "pr": "captain_involve=10303", "ds": 2, "ct": 2, "st": 0, "ck": 0, "cf": 2, "mds": "2 (2ct 0st)", "dspi": 2}, {"tt": "*TG Southee", "sp": "2017-2020", "mt": 14, "in": 14, "pr": "captain_involve=49108", "ds": 1, "ct": 1, "st": 0, "ck": 0, "cf": 1, "mds": "1 (1ct 0st)", "dspi": 0.071}, {"tt": "*LRPL Taylor", "sp": "2010-2012", "mt": 13, "in": 13, "pr": "captain_involve=44930", "ds": 9, "ct": 9, "st": 0, "ck": 0, "cf": 9, "mds": "2 (2ct 0st)", "dspi": 0.692}, {"tt": "*DL Vettori", "sp": "2007-2010", "mt": 26, "in": 26, "pr": "captain_involve=4380", "ds": 18, "ct": 18, "st": 0, "ck": 0, "cf": 18, "mds": "3 (3ct 0st)", "dspi": 0.692}, {"tt": "*KS Williamson", "sp": "2014-2020", "mt": 27, "in": 27, "pr": "captain_involve=51088", "ds": 7, "ct": 7, "st": 0, "ck": 0, "cf": 7, "mds": "1 (1ct 0st)", "dspi": 0.259}]}, {"type": "CAPTAIN", "stats": [{"tt": "is captain", "sp": "2010-2012", "mt": 13, "in": 13, "pr": "captain=1", "ds": 9, "ct": 9, "st": 0, "ck": 0, "cf": 9, "mds": "2 (2ct 0st)", "dspi": 0.692}, {"tt": "is not captain", "sp": "2006-2020", "mt": 89, "in": 89, "pr": "captain=0", "ds": 37, "ct": 37, "st": 0, "ck": 0, "cf": 37, "mds": "3 (3ct 0st)", "dspi": 0.415}]}, {"type": "KEEPER", "stats": [{"tt": "is not keeper", "sp": "2006-2020", "mt": 102, "in": 102, "pr": "keeper=0", "ds": 46, "ct": 46, "st": 0, "ck": 0, "cf": 46, "mds": "3 (3ct 0st)", "dspi": 0.45}]}, {"type": "TOSS", "stats": [{"tt": "won the toss", "sp": "2006-2020", "mt": 54, "in": 54, "pr": "toss=1", "ds": 25, "ct": 25, "st": 0, "ck": 0, "cf": 25, "mds": "3 (3ct 0st)", "dspi": 0.462}, {"tt": "lost the toss", "sp": "2007-2020", "mt": 48, "in": 48, "pr": "toss=2", "ds": 21, "ct": 21, "st": 0, "ck": 0, "cf": 21, "mds": "3 (3ct 0st)", "dspi": 0.437}]}, {"type": "BATTING_FIELDING_SEQUENCE_AND_TOSS", "stats": [{"tt": "won toss &amp; batted", "sp": "2006-2020", "mt": 26, "in": 26, "pr": "batting_fielding_first=1;toss=1", "ds": 13, "ct": 13, "st": 0, "ck": 0, "cf": 13, "mds": "3 (3ct 0st)", "dspi": 0.5}, {"tt": "won toss &amp; fielded", "sp": "2006-2020", "mt": 28, "in": 28, "pr": "batting_fielding_first=2;toss=1", "ds": 12, "ct": 12, "st": 0, "ck": 0, "cf": 12, "mds": "2 (2ct 0st)", "dspi": 0.428}, {"tt": "lost toss &amp; sent in", "sp": "2007-2020", "mt": 30, "in": 30, "pr": "batting_fielding_first=1;toss=2", "ds": 12, "ct": 12, "st": 0, "ck": 0, "cf": 12, "mds": "1 (1ct 0st)", "dspi": 0.4}, {"tt": "lost toss &amp; fielded", "sp": "2007-2020", "mt": 18, "in": 18, "pr": "batting_fielding_first=2;toss=2", "ds": 9, "ct": 9, "st": 0, "ck": 0, "cf": 9, "mds": "3 (3ct 0st)", "dspi": 0.5}]}, {"type": "BATTING_FIELDING_SEQUENCE", "stats": [{"tt": "matches batting first", "sp": "2006-2020", "mt": 56, "in": 56, "pr": "batting_fielding_first=1", "ds": 25, "ct": 25, "st": 0, "ck": 0, "cf": 25, "mds": "3 (3ct 0st)", "dspi": 0.446}, {"tt": "matches fielding first", "sp": "2006-2020", "mt": 46, "in": 46, "pr": "batting_fielding_first=2", "ds": 21, "ct": 21, "st": 0, "ck": 0, "cf": 21, "mds": "3 (3ct 0st)", "dspi": 0.456}]}, {"type": "TEAM_INNINGS", "stats": [{"tt": "1st team innings", "sp": "2006-2020", "mt": 102, "in": 102, "pr": "innings_number=2;innings_number=1", "ds": 46, "ct": 46, "st": 0, "ck": 0, "cf": 46, "mds": "3 (3ct 0st)", "dspi": 0.45}]}, {"type": "MATCH_INNINGS", "stats": [{"tt": "1st match innings", "sp": "2006-2020", "mt": 46, "in": 46, "pr": "innings_number=1", "ds": 21, "ct": 21, "st": 0, "ck": 0, "cf": 21, "mds": "3 (3ct 0st)", "dspi": 0.456}, {"tt": "2nd match innings", "sp": "2006-2020", "mt": 56, "in": 56, "pr": "innings_number=2", "ds": 25, "ct": 25, "st": 0, "ck": 0, "cf": 25, "mds": "3 (3ct 0st)", "dspi": 0.446}]}, {"type": "FLOODLIT", "stats": [{"tt": "day match", "sp": "2006-2020", "mt": 33, "in": 33, "pr": "floodlit=1", "ds": 19, "ct": 19, "st": 0, "ck": 0, "cf": 19, "mds": "2 (2ct 0st)", "dspi": 0.575}, {"tt": "day/night match", "sp": "2006-2018", "mt": 38, "in": 38, "pr": "floodlit=2", "ds": 22, "ct": 22, "st": 0, "ck": 0, "cf": 22, "mds": "3 (3ct 0st)", "dspi": 0.578}, {"tt": "night match", "sp": "2010-2020", "mt": 31, "in": 31, "pr": "floodlit=3", "ds": 5, "ct": 5, "st": 0, "ck": 0, "cf": 5, "mds": "1 (1ct 0st)", "dspi": 0.161}]}, {"type": "RESULT", "stats": [{"tt": "won match", "sp": "2006-2020", "mt": 49, "in": 49, "pr": "result=1", "ds": 26, "ct": 26, "st": 0, "ck": 0, "cf": 26, "mds": "3 (3ct 0st)", "dspi": 0.53}, {"tt": "lost match", "sp": "2006-2020", "mt": 44, "in": 44, "pr": "result=2", "ds": 16, "ct": 16, "st": 0, "ck": 0, "cf": 16, "mds": "3 (3ct 0st)", "dspi": 0.363}, {"tt": "tied match", "sp": "2008-2020", "mt": 7, "in": 7, "pr": "result=3", "ds": 4, "ct": 4, "st": 0, "ck": 0, "cf": 4, "mds": "2 (2ct 0st)", "dspi": 0.571}, {"tt": "no result", "sp": "2012-2013", "mt": 2, "in": 2, "pr": "result=5", "ds": 0, "ct": 0, "st": 0, "ck": 0, "cf": 0, "mds": "0", "dspi": 0}]}, {"type": "BATTING_FIELDING_SEQUENCE_AND_RESULT", "stats": [{"tt": "won batting first", "sp": "2007-2020", "mt": 30, "in": 30, "pr": "batting_fielding_first=1;result=1", "ds": 16, "ct": 16, "st": 0, "ck": 0, "cf": 16, "mds": "3 (3ct 0st)", "dspi": 0.533}, {"tt": "won fielding first", "sp": "2006-2020", "mt": 19, "in": 19, "pr": "batting_fielding_first=2;result=1", "ds": 10, "ct": 10, "st": 0, "ck": 0, "cf": 10, "mds": "2 (2ct 0st)", "dspi": 0.526}, {"tt": "lost batting first", "sp": "2006-2020", "mt": 21, "in": 21, "pr": "batting_fielding_first=1;result=2", "ds": 7, "ct": 7, "st": 0, "ck": 0, "cf": 7, "mds": "1 (1ct 0st)", "dspi": 0.333}, {"tt": "lost fielding first", "sp": "2007-2020", "mt": 23, "in": 23, "pr": "batting_fielding_first=2;result=2", "ds": 9, "ct": 9, "st": 0, "ck": 0, "cf": 9, "mds": "3 (3ct 0st)", "dspi": 0.391}, {"tt": "tied batting first", "sp": "2008-2019", "mt": 4, "in": 4, "pr": "batting_fielding_first=1;result=3", "ds": 2, "ct": 2, "st": 0, "ck": 0, "cf": 2, "mds": "1 (1ct 0st)", "dspi": 0.5}, {"tt": "tied fielding first", "sp": "2012-2020", "mt": 3, "in": 3, "pr": "batting_fielding_first=2;result=3", "ds": 2, "ct": 2, "st": 0, "ck": 0, "cf": 2, "mds": "2 (2ct 0st)", "dspi": 0.666}, {"tt": "no result batting first", "sp": "2012-2012", "mt": 1, "in": 1, "pr": "batting_fielding_first=1;result=5", "ds": 0, "ct": 0, "st": 0, "ck": 0, "cf": 0, "mds": "0", "dspi": 0}, {"tt": "no result fielding first", "sp": "2013-2013", "mt": 1, "in": 1, "pr": "batting_fielding_first=2;result=5", "ds": 0, "ct": 0, "st": 0, "ck": 0, "cf": 0, "mds": "0", "dspi": 0}]}, {"type": "TOURNAMENT_TYPE", "stats": [{"tt": "2 team series", "sp": "2006-2020", "mt": 69, "in": 69, "pr": "tournament_type=2", "ds": 31, "ct": 31, "st": 0, "ck": 0, "cf": 31, "mds": "3 (3ct 0st)", "dspi": 0.449}, {"tt": "3-4 team tournaments", "sp": "2018-2018", "mt": 5, "in": 5, "pr": "tournament_type=3", "ds": 1, "ct": 1, "st": 0, "ck": 0, "cf": 1, "mds": "1 (1ct 0st)", "dspi": 0.2}, {"tt": "5+ team tournaments", "sp": "2007-2016", "mt": 28, "in": 28, "pr": "tournament_type=5", "ds": 14, "ct": 14, "st": 0, "ck": 0, "cf": 14, "mds": "2 (2ct 0st)", "dspi": 0.5}]}, {"type": "MATCH_NUMBER", "stats": [{"tt": "only match in series", "sp": "2007-2019", "mt": 8, "in": 8, "pr": "match_number=0", "ds": 8, "ct": 8, "st": 0, "ck": 0, "cf": 8, "mds": "3 (3ct 0st)", "dspi": 1}, {"tt": "1st match in series", "sp": "2006-2020", "mt": 25, "in": 25, "pr": "match_number=1", "ds": 10, "ct": 10, "st": 0, "ck": 0, "cf": 10, "mds": "2 (2ct 0st)", "dspi": 0.4}, {"tt": "2nd match in series", "sp": "2006-2020", "mt": 23, "in": 23, "pr": "match_number=2", "ds": 12, "ct": 12, "st": 0, "ck": 0, "cf": 12, "mds": "3 (3ct 0st)", "dspi": 0.521}, {"tt": "3rd match in series", "sp": "2010-2020", "mt": 9, "in": 9, "pr": "match_number=3", "ds": 1, "ct": 1, "st": 0, "ck": 0, "cf": 1, "mds": "1 (1ct 0st)", "dspi": 0.111}, {"tt": "4th match in series", "sp": "2019-2020", "mt": 2, "in": 2, "pr": "match_number=4", "ds": 0, "ct": 0, "st": 0, "ck": 0, "cf": 0, "mds": "0", "dspi": 0}, {"tt": "5th match in series", "sp": "2019-2020", "mt": 2, "in": 2, "pr": "match_number=5", "ds": 0, "ct": 0, "st": 0, "ck": 0, "cf": 0, "mds": "0", "dspi": 0}]}, {"type": "MAJOR_TROPHY", "stats": [{"tt": "Men's T20 World Cup", "sp": "2007-2016", "mt": 28, "in": 28, "pr": "trophy=89", "ds": 14, "ct": 14, "st": 0, "ck": 0, "cf": 14, "mds": "2 (2ct 0st)", "dspi": 0.5}]}, {"type": "FINAL_TYPE", "stats": [{"tt": "tournament finals", "sp": "2018-2018", "mt": 1, "in": 1, "pr": "final_type=1", "ds": 0, "ct": 0, "st": 0, "ck": 0, "cf": 0, "mds": "0", "dspi": 0}, {"tt": "tournament semi-finals", "sp": "2007-2016", "mt": 2, "in": 2, "pr": "final_type=3", "ds": 0, "ct": 0, "st": 0, "ck": 0, "cf": 0, "mds": "0", "dspi": 0}, {"tt": "preliminary matches", "sp": "2007-2018", "mt": 30, "in": 30, "pr": "final_type=0", "ds": 15, "ct": 15, "st": 0, "ck": 0, "cf": 15, "mds": "2 (2ct 0st)", "dspi": 0.5}]}]}}