{"summary": {"recordClassId": 2, "type": "FIELDING", "groups": [{"type": "CAREER_AVERAGES", "stats": [{"tt": "overview", "sp": "2006-2021", "mt": 233, "in": 229, "pr": null, "ds": 139, "ct": 139, "st": 0, "ck": 0, "cf": 139, "mds": "4 (4ct 0st)", "dspi": 0.606}]}, {"type": "OPPOSITION_TEAM", "stats": [{"tt": "vs Afghanistan", "sp": "2015-2019", "mt": 2, "in": 2, "pr": "opposition=40", "ds": 2, "ct": 2, "st": 0, "ck": 0, "cf": 2, "mds": "2 (2ct 0st)", "dspi": 1}, {"tt": "vs Australia", "sp": "2007-2020", "mt": 30, "in": 29, "pr": "opposition=2", "ds": 16, "ct": 16, "st": 0, "ck": 0, "cf": 16, "mds": "3 (3ct 0st)", "dspi": 0.551}, {"tt": "vs Bangladesh", "sp": "2007-2021", "mt": 25, "in": 25, "pr": "opposition=25", "ds": 9, "ct": 9, "st": 0, "ck": 0, "cf": 9, "mds": "1 (1ct 0st)", "dspi": 0.36}, {"tt": "vs Canada", "sp": "2011-2011", "mt": 1, "in": 1, "pr": "opposition=17", "ds": 3, "ct": 3, "st": 0, "ck": 0, "cf": 3, "mds": "3 (3ct 0st)", "dspi": 3}, {"tt": "vs England", "sp": "2007-2019", "mt": 35, "in": 35, "pr": "opposition=1", "ds": 19, "ct": 19, "st": 0, "ck": 0, "cf": 19, "mds": "3 (3ct 0st)", "dspi": 0.542}, {"tt": "vs India", "sp": "2009-2020", "mt": 35, "in": 35, "pr": "opposition=6", "ds": 19, "ct": 19, "st": 0, "ck": 0, "cf": 19, "mds": "4 (4ct 0st)", "dspi": 0.542}, {"tt": "vs Ireland", "sp": "2008-2017", "mt": 3, "in": 3, "pr": "opposition=29", "ds": 4, "ct": 4, "st": 0, "ck": 0, "cf": 4, "mds": "2 (2ct 0st)", "dspi": 1.333}, {"tt": "vs Kenya", "sp": "2007-2011", "mt": 2, "in": 2, "pr": "opposition=26", "ds": 0, "ct": 0, "st": 0, "ck": 0, "cf": 0, "mds": "0", "dspi": 0}, {"tt": "vs Pakistan", "sp": "2009-2019", "mt": 27, "in": 27, "pr": "opposition=7", "ds": 26, "ct": 26, "st": 0, "ck": 0, "cf": 26, "mds": "3 (3ct 0st)", "dspi": 0.962}, {"tt": "vs Scotland", "sp": "2008-2015", "mt": 2, "in": 2, "pr": "opposition=30", "ds": 1, "ct": 1, "st": 0, "ck": 0, "cf": 1, "mds": "1 (1ct 0st)", "dspi": 0.5}, {"tt": "vs South Africa", "sp": "2007-2019", "mt": 13, "in": 13, "pr": "opposition=3", "ds": 5, "ct": 5, "st": 0, "ck": 0, "cf": 5, "mds": "2 (2ct 0st)", "dspi": 0.384}, {"tt": "vs Sri Lanka", "sp": "2006-2019", "mt": 34, "in": 31, "pr": "opposition=8", "ds": 24, "ct": 24, "st": 0, "ck": 0, "cf": 24, "mds": "3 (3ct 0st)", "dspi": 0.774}, {"tt": "vs West Indies", "sp": "2006-2019", "mt": 18, "in": 18, "pr": "opposition=4", "ds": 9, "ct": 9, "st": 0, "ck": 0, "cf": 9, "mds": "2 (2ct 0st)", "dspi": 0.5}, {"tt": "vs Zimbabwe", "sp": "2011-2015", "mt": 6, "in": 6, "pr": "opposition=9", "ds": 2, "ct": 2, "st": 0, "ck": 0, "cf": 2, "mds": "1 (1ct 0st)", "dspi": 0.333}]}, {"type": "HOST_COUNTRY", "stats": [{"tt": "in Australia", "sp": "2007-2020", "mt": 18, "in": 17, "pr": "host=2", "ds": 9, "ct": 9, "st": 0, "ck": 0, "cf": 9, "mds": "3 (3ct 0st)", "dspi": 0.529}, {"tt": "in Bangladesh", "sp": "2008-2013", "mt": 11, "in": 11, "pr": "host=25", "ds": 3, "ct": 3, "st": 0, "ck": 0, "cf": 3, "mds": "1 (1ct 0st)", "dspi": 0.272}, {"tt": "in England", "sp": "2008-2019", "mt": 29, "in": 29, "pr": "host=1", "ds": 11, "ct": 11, "st": 0, "ck": 0, "cf": 11, "mds": "2 (2ct 0st)", "dspi": 0.379}, {"tt": "in India", "sp": "2010-2017", "mt": 18, "in": 18, "pr": "host=6", "ds": 10, "ct": 10, "st": 0, "ck": 0, "cf": 10, "mds": "3 (3ct 0st)", "dspi": 0.555}, {"tt": "in Ireland", "sp": "2017-2017", "mt": 4, "in": 4, "pr": "host=29", "ds": 2, "ct": 2, "st": 0, "ck": 0, "cf": 2, "mds": "1 (1ct 0st)", "dspi": 0.5}, {"tt": "in New Zealand", "sp": "2006-2021", "mt": 107, "in": 104, "pr": "host=5", "ds": 64, "ct": 64, "st": 0, "ck": 0, "cf": 64, "mds": "3 (3ct 0st)", "dspi": 0.615}, {"tt": "in Scotland", "sp": "2008-2008", "mt": 2, "in": 2, "pr": "host=30", "ds": 2, "ct": 2, "st": 0, "ck": 0, "cf": 2, "mds": "2 (2ct 0st)", "dspi": 1}, {"tt": "in South Africa", "sp": "2007-2009", "mt": 8, "in": 8, "pr": "host=3", "ds": 13, "ct": 13, "st": 0, "ck": 0, "cf": 13, "mds": "3 (3ct 0st)", "dspi": 1.625}, {"tt": "in Sri Lanka", "sp": "2009-2012", "mt": 12, "in": 12, "pr": "host=8", "ds": 13, "ct": 13, "st": 0, "ck": 0, "cf": 13, "mds": "4 (4ct 0st)", "dspi": 1.083}, {"tt": "in U.A.E.", "sp": "2009-2018", "mt": 11, "in": 11, "pr": "host=27", "ds": 8, "ct": 8, "st": 0, "ck": 0, "cf": 8, "mds": "3 (3ct 0st)", "dspi": 0.727}, {"tt": "in West Indies", "sp": "2007-2012", "mt": 8, "in": 8, "pr": "host=4", "ds": 3, "ct": 3, "st": 0, "ck": 0, "cf": 3, "mds": "2 (2ct 0st)", "dspi": 0.375}, {"tt": "in Zimbabwe", "sp": "2011-2015", "mt": 5, "in": 5, "pr": "host=9", "ds": 1, "ct": 1, "st": 0, "ck": 0, "cf": 1, "mds": "1 (1ct 0st)", "dspi": 0.2}]}, {"type": "CONTINENT", "stats": [{"tt": "in Africa", "sp": "2007-2015", "mt": 13, "in": 13, "pr": "continent=1", "ds": 14, "ct": 14, "st": 0, "ck": 0, "cf": 14, "mds": "3 (3ct 0st)", "dspi": 1.076}, {"tt": "in Americas", "sp": "2007-2012", "mt": 8, "in": 8, "pr": "continent=3", "ds": 3, "ct": 3, "st": 0, "ck": 0, "cf": 3, "mds": "2 (2ct 0st)", "dspi": 0.375}, {"tt": "in Asia", "sp": "2008-2018", "mt": 52, "in": 52, "pr": "continent=2", "ds": 34, "ct": 34, "st": 0, "ck": 0, "cf": 34, "mds": "4 (4ct 0st)", "dspi": 0.653}, {"tt": "in Europe", "sp": "2008-2019", "mt": 35, "in": 35, "pr": "continent=4", "ds": 15, "ct": 15, "st": 0, "ck": 0, "cf": 15, "mds": "2 (2ct 0st)", "dspi": 0.428}, {"tt": "in Oceania", "sp": "2006-2021", "mt": 125, "in": 121, "pr": "continent=5", "ds": 73, "ct": 73, "st": 0, "ck": 0, "cf": 73, "mds": "3 (3ct 0st)", "dspi": 0.603}]}, {"type": "HOME_OR_AWAY", "stats": [{"tt": "home", "sp": "2006-2021", "mt": 107, "in": 104, "pr": "home_or_away=1", "ds": 64, "ct": 64, "st": 0, "ck": 0, "cf": 64, "mds": "3 (3ct 0st)", "dspi": 0.615}, {"tt": "away", "sp": "2007-2020", "mt": 76, "in": 75, "pr": "home_or_away=2", "ds": 41, "ct": 41, "st": 0, "ck": 0, "cf": 41, "mds": "3 (3ct 0st)", "dspi": 0.546}, {"tt": "neutral", "sp": "2007-2019", "mt": 50, "in": 50, "pr": "home_or_away=3", "ds": 34, "ct": 34, "st": 0, "ck": 0, "cf": 34, "mds": "4 (4ct 0st)", "dspi": 0.68}]}, {"type": "YEAR", "stats": [{"tt": "year 2006", "sp": null, "mt": 4, "in": 4, "pr": "year=2006", "ds": 2, "ct": 2, "st": 0, "ck": 0, "cf": 2, "mds": "2 (2ct 0st)", "dspi": 0.5}, {"tt": "year 2007", "sp": null, "mt": 29, "in": 27, "pr": "year=2007", "ds": 19, "ct": 19, "st": 0, "ck": 0, "cf": 19, "mds": "3 (3ct 0st)", "dspi": 0.703}, {"tt": "year 2008", "sp": null, "mt": 16, "in": 16, "pr": "year=2008", "ds": 7, "ct": 7, "st": 0, "ck": 0, "cf": 7, "mds": "2 (2ct 0st)", "dspi": 0.437}, {"tt": "year 2009", "sp": null, "mt": 24, "in": 24, "pr": "year=2009", "ds": 22, "ct": 22, "st": 0, "ck": 0, "cf": 22, "mds": "3 (3ct 0st)", "dspi": 0.916}, {"tt": "year 2010", "sp": null, "mt": 20, "in": 20, "pr": "year=2010", "ds": 16, "ct": 16, "st": 0, "ck": 0, "cf": 16, "mds": "4 (4ct 0st)", "dspi": 0.8}, {"tt": "year 2011", "sp": null, "mt": 17, "in": 17, "pr": "year=2011", "ds": 12, "ct": 12, "st": 0, "ck": 0, "cf": 12, "mds": "3 (3ct 0st)", "dspi": 0.705}, {"tt": "year 2012", "sp": null, "mt": 6, "in": 6, "pr": "year=2012", "ds": 4, "ct": 4, "st": 0, "ck": 0, "cf": 4, "mds": "2 (2ct 0st)", "dspi": 0.666}, {"tt": "year 2013", "sp": null, "mt": 13, "in": 13, "pr": "year=2013", "ds": 7, "ct": 7, "st": 0, "ck": 0, "cf": 7, "mds": "1 (1ct 0st)", "dspi": 0.538}, {"tt": "year 2014", "sp": null, "mt": 13, "in": 13, "pr": "year=2014", "ds": 6, "ct": 6, "st": 0, "ck": 0, "cf": 6, "mds": "3 (3ct 0st)", "dspi": 0.461}, {"tt": "year 2015", "sp": null, "mt": 27, "in": 26, "pr": "year=2015", "ds": 14, "ct": 14, "st": 0, "ck": 0, "cf": 14, "mds": "2 (2ct 0st)", "dspi": 0.538}, {"tt": "year 2016", "sp": null, "mt": 7, "in": 6, "pr": "year=2016", "ds": 3, "ct": 3, "st": 0, "ck": 0, "cf": 3, "mds": "1 (1ct 0st)", "dspi": 0.5}, {"tt": "year 2017", "sp": null, "mt": 20, "in": 20, "pr": "year=2017", "ds": 10, "ct": 10, "st": 0, "ck": 0, "cf": 10, "mds": "2 (2ct 0st)", "dspi": 0.5}, {"tt": "year 2018", "sp": null, "mt": 11, "in": 11, "pr": "year=2018", "ds": 9, "ct": 9, "st": 0, "ck": 0, "cf": 9, "mds": "3 (3ct 0st)", "dspi": 0.818}, {"tt": "year 2019", "sp": null, "mt": 21, "in": 21, "pr": "year=2019", "ds": 6, "ct": 6, "st": 0, "ck": 0, "cf": 6, "mds": "1 (1ct 0st)", "dspi": 0.285}, {"tt": "year 2020", "sp": null, "mt": 4, "in": 4, "pr": "year=2020", "ds": 2, "ct": 2, "st": 0, "ck": 0, "cf": 2, "mds": "1 (1ct 0st)", "dspi": 0.5}, {"tt": "year 2021", "sp": null, "mt": 1, "in": 1, "pr": "year=2021", "ds": 0, "ct": 0, "st": 0, "ck": 0, "cf": 0, "mds": "0", "dspi": 0}]}, {"type": "SEASON", "stats": [{"tt": "season 2005/06", "sp": null, "mt": 2, "in": 2, "pr": "season=2005/06", "ds": 0, "ct": 0, "st": 0, "ck": 0, "cf": 0, "mds": "0", "dspi": 0}, {"tt": "season 2006/07", "sp": null, "mt": 22, "in": 21, "pr": "season=2006/07", "ds": 15, "ct": 15, "st": 0, "ck": 0, "cf": 15, "mds": "3 (3ct 0st)", "dspi": 0.714}, {"tt": "season 2007/08", "sp": null, "mt": 14, "in": 13, "pr": "season=2007/08", "ds": 7, "ct": 7, "st": 0, "ck": 0, "cf": 7, "mds": "2 (2ct 0st)", "dspi": 0.538}, {"tt": "season 2008", "sp": null, "mt": 7, "in": 7, "pr": "season=2008", "ds": 6, "ct": 6, "st": 0, "ck": 0, "cf": 6, "mds": "2 (2ct 0st)", "dspi": 0.857}, {"tt": "season 2008/09", "sp": null, "mt": 18, "in": 18, "pr": "season=2008/09", "ds": 8, "ct": 8, "st": 0, "ck": 0, "cf": 8, "mds": "2 (2ct 0st)", "dspi": 0.444}, {"tt": "season 2009", "sp": null, "mt": 2, "in": 2, "pr": "season=2009", "ds": 2, "ct": 2, "st": 0, "ck": 0, "cf": 2, "mds": "2 (2ct 0st)", "dspi": 1}, {"tt": "season 2009/10", "sp": null, "mt": 15, "in": 15, "pr": "season=2009/10", "ds": 16, "ct": 16, "st": 0, "ck": 0, "cf": 16, "mds": "3 (3ct 0st)", "dspi": 1.066}, {"tt": "season 2010", "sp": null, "mt": 4, "in": 4, "pr": "season=2010", "ds": 8, "ct": 8, "st": 0, "ck": 0, "cf": 8, "mds": "4 (4ct 0st)", "dspi": 2}, {"tt": "season 2010/11", "sp": null, "mt": 23, "in": 23, "pr": "season=2010/11", "ds": 16, "ct": 16, "st": 0, "ck": 0, "cf": 16, "mds": "3 (3ct 0st)", "dspi": 0.695}, {"tt": "season 2011/12", "sp": null, "mt": 3, "in": 3, "pr": "season=2011/12", "ds": 0, "ct": 0, "st": 0, "ck": 0, "cf": 0, "mds": "0", "dspi": 0}, {"tt": "season 2012", "sp": null, "mt": 2, "in": 2, "pr": "season=2012", "ds": 2, "ct": 2, "st": 0, "ck": 0, "cf": 2, "mds": "2 (2ct 0st)", "dspi": 1}, {"tt": "season 2012/13", "sp": null, "mt": 7, "in": 7, "pr": "season=2012/13", "ds": 3, "ct": 3, "st": 0, "ck": 0, "cf": 3, "mds": "1 (1ct 0st)", "dspi": 0.428}, {"tt": "season 2013", "sp": null, "mt": 6, "in": 6, "pr": "season=2013", "ds": 3, "ct": 3, "st": 0, "ck": 0, "cf": 3, "mds": "1 (1ct 0st)", "dspi": 0.5}, {"tt": "season 2013/14", "sp": null, "mt": 12, "in": 12, "pr": "season=2013/14", "ds": 5, "ct": 5, "st": 0, "ck": 0, "cf": 5, "mds": "1 (1ct 0st)", "dspi": 0.416}, {"tt": "season 2014/15", "sp": null, "mt": 22, "in": 21, "pr": "season=2014/15", "ds": 12, "ct": 12, "st": 0, "ck": 0, "cf": 12, "mds": "3 (3ct 0st)", "dspi": 0.571}, {"tt": "season 2015", "sp": null, "mt": 7, "in": 7, "pr": "season=2015", "ds": 3, "ct": 3, "st": 0, "ck": 0, "cf": 3, "mds": "1 (1ct 0st)", "dspi": 0.428}, {"tt": "season 2015/16", "sp": null, "mt": 5, "in": 4, "pr": "season=2015/16", "ds": 4, "ct": 4, "st": 0, "ck": 0, "cf": 4, "mds": "1 (1ct 0st)", "dspi": 1}, {"tt": "season 2016/17", "sp": null, "mt": 12, "in": 12, "pr": "season=2016/17", "ds": 5, "ct": 5, "st": 0, "ck": 0, "cf": 5, "mds": "2 (2ct 0st)", "dspi": 0.416}, {"tt": "season 2017", "sp": null, "mt": 7, "in": 7, "pr": "season=2017", "ds": 4, "ct": 4, "st": 0, "ck": 0, "cf": 4, "mds": "1 (1ct 0st)", "dspi": 0.571}, {"tt": "season 2017/18", "sp": null, "mt": 14, "in": 14, "pr": "season=2017/18", "ds": 11, "ct": 11, "st": 0, "ck": 0, "cf": 11, "mds": "3 (3ct 0st)", "dspi": 0.785}, {"tt": "season 2018/19", "sp": null, "mt": 14, "in": 14, "pr": "season=2018/19", "ds": 7, "ct": 7, "st": 0, "ck": 0, "cf": 7, "mds": "1 (1ct 0st)", "dspi": 0.5}, {"tt": "season 2019", "sp": null, "mt": 10, "in": 10, "pr": "season=2019", "ds": 0, "ct": 0, "st": 0, "ck": 0, "cf": 0, "mds": "0", "dspi": 0}, {"tt": "season 2019/20", "sp": null, "mt": 4, "in": 4, "pr": "season=2019/20", "ds": 2, "ct": 2, "st": 0, "ck": 0, "cf": 2, "mds": "1 (1ct 0st)", "dspi": 0.5}, {"tt": "season 2020/21", "sp": null, "mt": 1, "in": 1, "pr": "season=2020/21", "ds": 0, "ct": 0, "st": 0, "ck": 0, "cf": 0, "mds": "0", "dspi": 0}]}, {"type": "CAPTAINS_INVOLVED", "stats": [{"tt": "*SP Fleming", "sp": "2006-2007", "mt": 21, "in": 20, "pr": "captain_involve=2121", "ds": 10, "ct": 10, "st": 0, "ck": 0, "cf": 10, "mds": "3 (3ct 0st)", "dspi": 0.5}, {"tt": "*TWM Latham", "sp": "2017-2021", "mt": 11, "in": 11, "pr": "captain_involve=59148", "ds": 4, "ct": 4, "st": 0, "ck": 0, "cf": 4, "mds": "1 (1ct 0st)", "dspi": 0.363}, {"tt": "*BB McCullum", "sp": "2009-2015", "mt": 45, "in": 44, "pr": "captain_involve=10384", "ds": 21, "ct": 21, "st": 0, "ck": 0, "cf": 21, "mds": "2 (2ct 0st)", "dspi": 0.477}, {"tt": "*KD Mills", "sp": "2013-2013", "mt": 1, "in": 1, "pr": "captain_involve=10303", "ds": 1, "ct": 1, "st": 0, "ck": 0, "cf": 1, "mds": "1 (1ct 0st)", "dspi": 1}, {"tt": "*TG Southee", "sp": "2018-2018", "mt": 1, "in": 1, "pr": "captain_involve=49108", "ds": 0, "ct": 0, "st": 0, "ck": 0, "cf": 0, "mds": "0", "dspi": 0}, {"tt": "*LRPL Taylor", "sp": "2010-2012", "mt": 20, "in": 20, "pr": "captain_involve=44930", "ds": 19, "ct": 19, "st": 0, "ck": 0, "cf": 19, "mds": "4 (4ct 0st)", "dspi": 0.95}, {"tt": "*DL Vettori", "sp": "2006-2011", "mt": 73, "in": 72, "pr": "captain_involve=4380", "ds": 52, "ct": 52, "st": 0, "ck": 0, "cf": 52, "mds": "3 (3ct 0st)", "dspi": 0.722}, {"tt": "*KS Williamson", "sp": "2014-2020", "mt": 61, "in": 60, "pr": "captain_involve=51088", "ds": 32, "ct": 32, "st": 0, "ck": 0, "cf": 32, "mds": "3 (3ct 0st)", "dspi": 0.533}]}, {"type": "CAPTAIN", "stats": [{"tt": "is captain", "sp": "2010-2012", "mt": 20, "in": 20, "pr": "captain=1", "ds": 19, "ct": 19, "st": 0, "ck": 0, "cf": 19, "mds": "4 (4ct 0st)", "dspi": 0.95}, {"tt": "is not captain", "sp": "2006-2021", "mt": 213, "in": 209, "pr": "captain=0", "ds": 120, "ct": 120, "st": 0, "ck": 0, "cf": 120, "mds": "3 (3ct 0st)", "dspi": 0.574}]}, {"type": "KEEPER", "stats": [{"tt": "is not keeper", "sp": "2006-2021", "mt": 233, "in": 229, "pr": "keeper=0", "ds": 139, "ct": 139, "st": 0, "ck": 0, "cf": 139, "mds": "4 (4ct 0st)", "dspi": 0.606}]}, {"type": "TOSS", "stats": [{"tt": "won the toss", "sp": "2006-2021", "mt": 118, "in": 116, "pr": "toss=1", "ds": 77, "ct": 77, "st": 0, "ck": 0, "cf": 77, "mds": "4 (4ct 0st)", "dspi": 0.663}, {"tt": "lost the toss", "sp": "2006-2020", "mt": 115, "in": 113, "pr": "toss=2", "ds": 62, "ct": 62, "st": 0, "ck": 0, "cf": 62, "mds": "3 (3ct 0st)", "dspi": 0.548}]}, {"type": "BATTING_FIELDING_SEQUENCE_AND_TOSS", "stats": [{"tt": "won toss &amp; batted", "sp": "2006-2021", "mt": 59, "in": 58, "pr": "batting_fielding_first=1;toss=1", "ds": 45, "ct": 45, "st": 0, "ck": 0, "cf": 45, "mds": "4 (4ct 0st)", "dspi": 0.775}, {"tt": "won toss &amp; fielded", "sp": "2006-2020", "mt": 59, "in": 58, "pr": "batting_fielding_first=2;toss=1", "ds": 32, "ct": 32, "st": 0, "ck": 0, "cf": 32, "mds": "3 (3ct 0st)", "dspi": 0.551}, {"tt": "lost toss &amp; sent in", "sp": "2006-2020", "mt": 59, "in": 57, "pr": "batting_fielding_first=1;toss=2", "ds": 30, "ct": 30, "st": 0, "ck": 0, "cf": 30, "mds": "3 (3ct 0st)", "dspi": 0.526}, {"tt": "lost toss &amp; fielded", "sp": "2007-2020", "mt": 56, "in": 56, "pr": "batting_fielding_first=2;toss=2", "ds": 32, "ct": 32, "st": 0, "ck": 0, "cf": 32, "mds": "3 (3ct 0st)", "dspi": 0.571}]}, {"type": "BATTING_FIELDING_SEQUENCE", "stats": [{"tt": "matches batting first", "sp": "2006-2021", "mt": 118, "in": 115, "pr": "batting_fielding_first=1", "ds": 75, "ct": 75, "st": 0, "ck": 0, "cf": 75, "mds": "4 (4ct 0st)", "dspi": 0.652}, {"tt": "matches fielding first", "sp": "2006-2020", "mt": 115, "in": 114, "pr": "batting_fielding_first=2", "ds": 64, "ct": 64, "st": 0, "ck": 0, "cf": 64, "mds": "3 (3ct 0st)", "dspi": 0.561}]}, {"type": "TEAM_INNINGS", "stats": [{"tt": "1st team innings", "sp": "2006-2021", "mt": 229, "in": 229, "pr": "innings_number=2;innings_number=1", "ds": 139, "ct": 139, "st": 0, "ck": 0, "cf": 139, "mds": "4 (4ct 0st)", "dspi": 0.606}]}, {"type": "MATCH_INNINGS", "stats": [{"tt": "1st match innings", "sp": "2006-2020", "mt": 114, "in": 114, "pr": "innings_number=1", "ds": 64, "ct": 64, "st": 0, "ck": 0, "cf": 64, "mds": "3 (3ct 0st)", "dspi": 0.561}, {"tt": "2nd match innings", "sp": "2006-2021", "mt": 115, "in": 115, "pr": "innings_number=2", "ds": 75, "ct": 75, "st": 0, "ck": 0, "cf": 75, "mds": "4 (4ct 0st)", "dspi": 0.652}]}, {"type": "FLOODLIT", "stats": [{"tt": "day match", "sp": "2006-2021", "mt": 104, "in": 103, "pr": "floodlit=1", "ds": 60, "ct": 60, "st": 0, "ck": 0, "cf": 60, "mds": "3 (3ct 0st)", "dspi": 0.582}, {"tt": "day/night match", "sp": "2006-2020", "mt": 129, "in": 126, "pr": "floodlit=2", "ds": 79, "ct": 79, "st": 0, "ck": 0, "cf": 79, "mds": "4 (4ct 0st)", "dspi": 0.626}]}, {"type": "RESULT", "stats": [{"tt": "won match", "sp": "2006-2021", "mt": 120, "in": 120, "pr": "result=1", "ds": 88, "ct": 88, "st": 0, "ck": 0, "cf": 88, "mds": "4 (4ct 0st)", "dspi": 0.733}, {"tt": "lost match", "sp": "2006-2020", "mt": 95, "in": 95, "pr": "result=2", "ds": 47, "ct": 47, "st": 0, "ck": 0, "cf": 47, "mds": "3 (3ct 0st)", "dspi": 0.494}, {"tt": "tied match", "sp": "2008-2019", "mt": 3, "in": 3, "pr": "result=3", "ds": 0, "ct": 0, "st": 0, "ck": 0, "cf": 0, "mds": "0", "dspi": 0}, {"tt": "no result", "sp": "2007-2018", "mt": 15, "in": 11, "pr": "result=5", "ds": 4, "ct": 4, "st": 0, "ck": 0, "cf": 4, "mds": "1 (1ct 0st)", "dspi": 0.363}]}, {"type": "BATTING_FIELDING_SEQUENCE_AND_RESULT", "stats": [{"tt": "won batting first", "sp": "2006-2021", "mt": 56, "in": 56, "pr": "batting_fielding_first=1;result=1", "ds": 44, "ct": 44, "st": 0, "ck": 0, "cf": 44, "mds": "4 (4ct 0st)", "dspi": 0.785}, {"tt": "won fielding first", "sp": "2006-2020", "mt": 64, "in": 64, "pr": "batting_fielding_first=2;result=1", "ds": 44, "ct": 44, "st": 0, "ck": 0, "cf": 44, "mds": "3 (3ct 0st)", "dspi": 0.687}, {"tt": "lost batting first", "sp": "2006-2019", "mt": 55, "in": 55, "pr": "batting_fielding_first=1;result=2", "ds": 30, "ct": 30, "st": 0, "ck": 0, "cf": 30, "mds": "3 (3ct 0st)", "dspi": 0.545}, {"tt": "lost fielding first", "sp": "2007-2020", "mt": 40, "in": 40, "pr": "batting_fielding_first=2;result=2", "ds": 17, "ct": 17, "st": 0, "ck": 0, "cf": 17, "mds": "2 (2ct 0st)", "dspi": 0.425}, {"tt": "tied batting first", "sp": "2014-2019", "mt": 2, "in": 2, "pr": "batting_fielding_first=1;result=3", "ds": 0, "ct": 0, "st": 0, "ck": 0, "cf": 0, "mds": "0", "dspi": 0}, {"tt": "tied fielding first", "sp": "2008-2008", "mt": 1, "in": 1, "pr": "batting_fielding_first=2;result=3", "ds": 0, "ct": 0, "st": 0, "ck": 0, "cf": 0, "mds": "0", "dspi": 0}, {"tt": "no result batting first", "sp": "2007-2017", "mt": 5, "in": 2, "pr": "batting_fielding_first=1;result=5", "ds": 1, "ct": 1, "st": 0, "ck": 0, "cf": 1, "mds": "1 (1ct 0st)", "dspi": 0.5}, {"tt": "no result fielding first", "sp": "2007-2018", "mt": 10, "in": 9, "pr": "batting_fielding_first=2;result=5", "ds": 3, "ct": 3, "st": 0, "ck": 0, "cf": 3, "mds": "1 (1ct 0st)", "dspi": 0.333}]}, {"type": "TOURNAMENT_TYPE", "stats": [{"tt": "2 team series", "sp": "2006-2021", "mt": 171, "in": 167, "pr": "tournament_type=2", "ds": 96, "ct": 96, "st": 0, "ck": 0, "cf": 96, "mds": "3 (3ct 0st)", "dspi": 0.574}, {"tt": "3-4 team tournaments", "sp": "2007-2017", "mt": 20, "in": 20, "pr": "tournament_type=3", "ds": 20, "ct": 20, "st": 0, "ck": 0, "cf": 20, "mds": "4 (4ct 0st)", "dspi": 1}, {"tt": "5+ team tournaments", "sp": "2007-2021", "mt": 45, "in": 45, "pr": "tournament_type=5", "ds": 23, "ct": 23, "st": 0, "ck": 0, "cf": 23, "mds": "3 (3ct 0st)", "dspi": 0.511}]}, {"type": "MATCH_NUMBER", "stats": [{"tt": "only match in series", "sp": "2011-2015", "mt": 2, "in": 2, "pr": "match_number=0", "ds": 0, "ct": 0, "st": 0, "ck": 0, "cf": 0, "mds": "0", "dspi": 0}, {"tt": "1st match in series", "sp": "2006-2020", "mt": 41, "in": 41, "pr": "match_number=1", "ds": 23, "ct": 23, "st": 0, "ck": 0, "cf": 23, "mds": "2 (2ct 0st)", "dspi": 0.56}, {"tt": "2nd match in series", "sp": "2006-2020", "mt": 38, "in": 37, "pr": "match_number=2", "ds": 25, "ct": 25, "st": 0, "ck": 0, "cf": 25, "mds": "3 (3ct 0st)", "dspi": 0.675}, {"tt": "3rd match in series", "sp": "2007-2021", "mt": 40, "in": 39, "pr": "match_number=3", "ds": 23, "ct": 23, "st": 0, "ck": 0, "cf": 23, "mds": "3 (3ct 0st)", "dspi": 0.589}, {"tt": "4th match in series", "sp": "2006-2019", "mt": 24, "in": 23, "pr": "match_number=4", "ds": 8, "ct": 8, "st": 0, "ck": 0, "cf": 8, "mds": "3 (3ct 0st)", "dspi": 0.347}, {"tt": "5th match in series", "sp": "2006-2019", "mt": 23, "in": 22, "pr": "match_number=5", "ds": 15, "ct": 15, "st": 0, "ck": 0, "cf": 15, "mds": "2 (2ct 0st)", "dspi": 0.681}, {"tt": "6th match in series", "sp": "2011-2015", "mt": 2, "in": 2, "pr": "match_number=6", "ds": 2, "ct": 2, "st": 0, "ck": 0, "cf": 2, "mds": "2 (2ct 0st)", "dspi": 1}, {"tt": "7th match in series", "sp": "2015-2015", "mt": 1, "in": 1, "pr": "match_number=7", "ds": 0, "ct": 0, "st": 0, "ck": 0, "cf": 0, "mds": "0", "dspi": 0}]}, {"type": "MAJOR_TROPHY", "stats": [{"tt": "World Cup", "sp": "2007-2019", "mt": 33, "in": 33, "pr": "trophy=12", "ds": 11, "ct": 11, "st": 0, "ck": 0, "cf": 11, "mds": "3 (3ct 0st)", "dspi": 0.333}, {"tt": "Chappell-Hadlee", "sp": "2007-2020", "mt": 20, "in": 19, "pr": "trophy=65", "ds": 9, "ct": 9, "st": 0, "ck": 0, "cf": 9, "mds": "2 (2ct 0st)", "dspi": 0.473}, {"tt": "ICC Champions Trophy", "sp": "2009-2017", "mt": 11, "in": 11, "pr": "trophy=44", "ds": 12, "ct": 12, "st": 0, "ck": 0, "cf": 12, "mds": "3 (3ct 0st)", "dspi": 1.09}]}, {"type": "FINAL_TYPE", "stats": [{"tt": "tournament finals", "sp": "2009-2019", "mt": 3, "in": 3, "pr": "final_type=1", "ds": 1, "ct": 1, "st": 0, "ck": 0, "cf": 1, "mds": "1 (1ct 0st)", "dspi": 0.333}, {"tt": "tournament semi-finals", "sp": "2007-2019", "mt": 5, "in": 5, "pr": "final_type=3", "ds": 3, "ct": 3, "st": 0, "ck": 0, "cf": 3, "mds": "3 (3ct 0st)", "dspi": 0.6}, {"tt": "tournament quarter-finals", "sp": "2011-2015", "mt": 2, "in": 2, "pr": "final_type=4", "ds": 0, "ct": 0, "st": 0, "ck": 0, "cf": 0, "mds": "0", "dspi": 0}, {"tt": "preliminary matches", "sp": "2007-2021", "mt": 55, "in": 55, "pr": "final_type=0", "ds": 39, "ct": 39, "st": 0, "ck": 0, "cf": 39, "mds": "4 (4ct 0st)", "dspi": 0.709}]}]}}