{"summary": {"recordClassId": 2, "type": "ALLROUND", "groups": [{"type": "CAREER_AVERAGES", "stats": [{"tt": "overview", "sp": "2006-2021", "mt": 233, "pr": null, "rn": 8581, "wk": 0, "ct": 139, "st": 0, "hs": "181*", "hn": 21, "bbi": "-", "bta": 48.2, "bwa": null, "fw": 0, "bbad": null}]}, {"type": "OPPOSITION_TEAM", "stats": [{"tt": "v Afghanistan", "sp": "2015-2019", "mt": 2, "pr": "opposition=40", "rn": 72, "wk": null, "ct": 2, "st": 0, "hs": "48", "hn": 0, "bbi": null, "bta": 72, "bwa": null, "fw": null, "bbad": null}, {"tt": "v Australia", "sp": "2007-2020", "mt": 30, "pr": "opposition=2", "rn": 1007, "wk": 0, "ct": 16, "st": 0, "hs": "117", "hn": 2, "bbi": "-", "bta": 37.29, "bwa": null, "fw": 0, "bbad": null}, {"tt": "v Bangladesh", "sp": "2007-2021", "mt": 25, "pr": "opposition=25", "rn": 1010, "wk": 0, "ct": 9, "st": 0, "hs": "107*", "hn": 2, "bbi": "-", "bta": 56.11, "bwa": null, "fw": 0, "bbad": null}, {"tt": "v Canada", "sp": "2011-2011", "mt": 1, "pr": "opposition=17", "rn": 74, "wk": null, "ct": 3, "st": 0, "hs": "74", "hn": 0, "bbi": null, "bta": 74, "bwa": null, "fw": null, "bbad": null}, {"tt": "v England", "sp": "2007-2019", "mt": 35, "pr": "opposition=1", "rn": 1424, "wk": 0, "ct": 19, "st": 0, "hs": "181*", "hn": 5, "bbi": "-", "bta": 49.1, "bwa": null, "fw": 0, "bbad": null}, {"tt": "v India", "sp": "2009-2020", "mt": 35, "pr": "opposition=6", "rn": 1385, "wk": null, "ct": 19, "st": 0, "hs": "112*", "hn": 3, "bbi": null, "bta": 47.75, "bwa": null, "fw": null, "bbad": null}, {"tt": "v Ireland", "sp": "2008-2017", "mt": 3, "pr": "opposition=29", "rn": 168, "wk": null, "ct": 4, "st": 0, "hs": "59*", "hn": 0, "bbi": null, "bta": 84, "bwa": null, "fw": null, "bbad": null}, {"tt": "v Kenya", "sp": "2007-2011", "mt": 2, "pr": "opposition=26", "rn": 85, "wk": null, "ct": 0, "st": 0, "hs": "85", "hn": 0, "bbi": null, "bta": 85, "bwa": null, "fw": null, "bbad": null}, {"tt": "v Pakistan", "sp": "2009-2019", "mt": 27, "pr": "opposition=7", "rn": 1071, "wk": null, "ct": 26, "st": 0, "hs": "131*", "hn": 3, "bbi": null, "bta": 63, "bwa": null, "fw": null, "bbad": null}, {"tt": "v Scotland", "sp": "2008-2015", "mt": 2, "pr": "opposition=30", "rn": 70, "wk": null, "ct": 1, "st": 0, "hs": "61*", "hn": 0, "bbi": null, "bta": 70, "bwa": null, "fw": null, "bbad": null}, {"tt": "v South Africa", "sp": "2007-2019", "mt": 13, "pr": "opposition=3", "rn": 387, "wk": null, "ct": 5, "st": 0, "hs": "102*", "hn": 1, "bbi": null, "bta": 35.18, "bwa": null, "fw": null, "bbad": null}, {"tt": "v Sri Lanka", "sp": "2006-2019", "mt": 34, "pr": "opposition=8", "rn": 881, "wk": null, "ct": 24, "st": 0, "hs": "137", "hn": 2, "bbi": null, "bta": 33.88, "bwa": null, "fw": null, "bbad": null}, {"tt": "v West Indies", "sp": "2006-2019", "mt": 18, "pr": "opposition=4", "rn": 705, "wk": null, "ct": 9, "st": 0, "hs": "110", "hn": 1, "bbi": null, "bta": 54.23, "bwa": null, "fw": null, "bbad": null}, {"tt": "v Zimbabwe", "sp": "2011-2015", "mt": 6, "pr": "opposition=9", "rn": 242, "wk": null, "ct": 2, "st": 0, "hs": "119", "hn": 2, "bbi": null, "bta": 121, "bwa": null, "fw": null, "bbad": null}]}, {"type": "HOST_COUNTRY", "stats": [{"tt": "in Australia", "sp": "2007-2020", "mt": 18, "pr": "host=2", "rn": 589, "wk": 0, "ct": 9, "st": 0, "hs": "84", "hn": 0, "bbi": "-", "bta": 34.64, "bwa": null, "fw": 0, "bbad": null}, {"tt": "in Bangladesh", "sp": "2008-2013", "mt": 11, "pr": "host=25", "rn": 451, "wk": 0, "ct": 3, "st": 0, "hs": "107*", "hn": 2, "bbi": "-", "bta": 50.11, "bwa": null, "fw": 0, "bbad": null}, {"tt": "in England", "sp": "2008-2019", "mt": 29, "pr": "host=1", "rn": 1133, "wk": 0, "ct": 11, "st": 0, "hs": "119*", "hn": 2, "bbi": "-", "bta": 43.57, "bwa": null, "fw": 0, "bbad": null}, {"tt": "in India", "sp": "2010-2017", "mt": 18, "pr": "host=6", "rn": 526, "wk": null, "ct": 10, "st": 0, "hs": "95", "hn": 0, "bbi": null, "bta": 32.87, "bwa": null, "fw": null, "bbad": null}, {"tt": "in Ireland", "sp": "2017-2017", "mt": 4, "pr": "host=29", "rn": 194, "wk": null, "ct": 2, "st": 0, "hs": "60*", "hn": 0, "bbi": null, "bta": 64.66, "bwa": null, "fw": null, "bbad": null}, {"tt": "in New Zealand", "sp": "2006-2021", "mt": 107, "pr": "host=5", "rn": 4078, "wk": 0, "ct": 64, "st": 0, "hs": "181*", "hn": 12, "bbi": "-", "bta": 55.1, "bwa": null, "fw": 0, "bbad": null}, {"tt": "in Scotland", "sp": "2008-2008", "mt": 2, "pr": "host=30", "rn": 120, "wk": null, "ct": 2, "st": 0, "hs": "61*", "hn": 0, "bbi": null, "bta": null, "bwa": null, "fw": null, "bbad": null}, {"tt": "in South Africa", "sp": "2007-2009", "mt": 8, "pr": "host=3", "rn": 157, "wk": null, "ct": 13, "st": 0, "hs": "72", "hn": 0, "bbi": null, "bta": 22.42, "bwa": null, "fw": null, "bbad": null}, {"tt": "in Sri Lanka", "sp": "2009-2012", "mt": 12, "pr": "host=8", "rn": 384, "wk": null, "ct": 13, "st": 0, "hs": "131*", "hn": 1, "bbi": null, "bta": 42.66, "bwa": null, "fw": null, "bbad": null}, {"tt": "in U.A.E.", "sp": "2009-2018", "mt": 11, "pr": "host=27", "rn": 462, "wk": null, "ct": 8, "st": 0, "hs": "105*", "hn": 1, "bbi": null, "bta": 66, "bwa": null, "fw": null, "bbad": null}, {"tt": "in West Indies", "sp": "2007-2012", "mt": 8, "pr": "host=4", "rn": 245, "wk": null, "ct": 3, "st": 0, "hs": "110", "hn": 1, "bbi": null, "bta": 30.62, "bwa": null, "fw": null, "bbad": null}, {"tt": "in Zimbabwe", "sp": "2011-2015", "mt": 5, "pr": "host=9", "rn": 242, "wk": null, "ct": 1, "st": 0, "hs": "119", "hn": 2, "bbi": null, "bta": 121, "bwa": null, "fw": null, "bbad": null}]}, {"type": "CONTINENT", "stats": [{"tt": "in Africa", "sp": "2007-2015", "mt": 13, "pr": "continent=1", "rn": 399, "wk": null, "ct": 14, "st": 0, "hs": "119", "hn": 2, "bbi": null, "bta": 44.33, "bwa": null, "fw": null, "bbad": null}, {"tt": "in Americas", "sp": "2007-2012", "mt": 8, "pr": "continent=3", "rn": 245, "wk": null, "ct": 3, "st": 0, "hs": "110", "hn": 1, "bbi": null, "bta": 30.62, "bwa": null, "fw": null, "bbad": null}, {"tt": "in Asia", "sp": "2008-2018", "mt": 52, "pr": "continent=2", "rn": 1823, "wk": 0, "ct": 34, "st": 0, "hs": "131*", "hn": 4, "bbi": "-", "bta": 44.46, "bwa": null, "fw": 0, "bbad": null}, {"tt": "in Europe", "sp": "2008-2019", "mt": 35, "pr": "continent=4", "rn": 1447, "wk": 0, "ct": 15, "st": 0, "hs": "119*", "hn": 2, "bbi": "-", "bta": 49.89, "bwa": null, "fw": 0, "bbad": null}, {"tt": "in Oceania", "sp": "2006-2021", "mt": 125, "pr": "continent=5", "rn": 4667, "wk": 0, "ct": 73, "st": 0, "hs": "181*", "hn": 12, "bbi": "-", "bta": 51.28, "bwa": null, "fw": 0, "bbad": null}]}, {"type": "HOME_OR_AWAY", "stats": [{"tt": "home", "sp": "2006-2021", "mt": 107, "pr": "home_or_away=1", "rn": 4078, "wk": 0, "ct": 64, "st": 0, "hs": "181*", "hn": 12, "bbi": "-", "bta": 55.1, "bwa": null, "fw": 0, "bbad": null}, {"tt": "away", "sp": "2007-2020", "mt": 76, "pr": "home_or_away=2", "rn": 2802, "wk": 0, "ct": 41, "st": 0, "hs": "119*", "hn": 7, "bbi": "-", "bta": 43.1, "bwa": null, "fw": 0, "bbad": null}, {"tt": "neutral", "sp": "2007-2019", "mt": 50, "pr": "home_or_away=3", "rn": 1701, "wk": null, "ct": 34, "st": 0, "hs": "131*", "hn": 2, "bbi": null, "bta": 43.61, "bwa": null, "fw": null, "bbad": null}]}, {"type": "YEAR", "stats": [{"tt": "year 2006", "sp": null, "mt": 4, "pr": "year=2006", "rn": 189, "wk": null, "ct": 2, "st": 0, "hs": "128*", "hn": 1, "bbi": null, "bta": 63, "bwa": null, "fw": null, "bbad": null}, {"tt": "year 2007", "sp": null, "mt": 29, "pr": "year=2007", "rn": 663, "wk": 0, "ct": 19, "st": 0, "hs": "117", "hn": 1, "bbi": "-", "bta": 28.82, "bwa": null, "fw": 0, "bbad": null}, {"tt": "year 2008", "sp": null, "mt": 16, "pr": "year=2008", "rn": 465, "wk": 0, "ct": 7, "st": 0, "hs": "103", "hn": 1, "bbi": "-", "bta": 46.5, "bwa": null, "fw": 0, "bbad": null}, {"tt": "year 2009", "sp": null, "mt": 24, "pr": "year=2009", "rn": 631, "wk": null, "ct": 22, "st": 0, "hs": "76", "hn": 0, "bbi": null, "bta": 31.55, "bwa": null, "fw": null, "bbad": null}, {"tt": "year 2010", "sp": null, "mt": 20, "pr": "year=2010", "rn": 676, "wk": 0, "ct": 16, "st": 0, "hs": "95", "hn": 0, "bbi": "-", "bta": 37.55, "bwa": null, "fw": 0, "bbad": null}, {"tt": "year 2011", "sp": null, "mt": 17, "pr": "year=2011", "rn": 561, "wk": null, "ct": 12, "st": 0, "hs": "131*", "hn": 2, "bbi": null, "bta": 51, "bwa": null, "fw": null, "bbad": null}, {"tt": "year 2012", "sp": null, "mt": 6, "pr": "year=2012", "rn": 223, "wk": null, "ct": 4, "st": 0, "hs": "110", "hn": 1, "bbi": null, "bta": 44.6, "bwa": null, "fw": null, "bbad": null}, {"tt": "year 2013", "sp": null, "mt": 13, "pr": "year=2013", "rn": 510, "wk": null, "ct": 7, "st": 0, "hs": "107*", "hn": 2, "bbi": null, "bta": 46.36, "bwa": null, "fw": null, "bbad": null}, {"tt": "year 2014", "sp": null, "mt": 13, "pr": "year=2014", "rn": 662, "wk": null, "ct": 6, "st": 0, "hs": "112*", "hn": 3, "bbi": null, "bta": 66.2, "bwa": null, "fw": null, "bbad": null}, {"tt": "year 2015", "sp": null, "mt": 27, "pr": "year=2015", "rn": 1046, "wk": null, "ct": 14, "st": 0, "hs": "119*", "hn": 4, "bbi": null, "bta": 58.11, "bwa": null, "fw": null, "bbad": null}, {"tt": "year 2016", "sp": null, "mt": 7, "pr": "year=2016", "rn": 200, "wk": null, "ct": 3, "st": 0, "hs": "61", "hn": 0, "bbi": null, "bta": 33.33, "bwa": null, "fw": null, "bbad": null}, {"tt": "year 2017", "sp": null, "mt": 20, "pr": "year=2017", "rn": 968, "wk": null, "ct": 10, "st": 0, "hs": "107", "hn": 2, "bbi": null, "bta": 60.5, "bwa": null, "fw": null, "bbad": null}, {"tt": "year 2018", "sp": null, "mt": 11, "pr": "year=2018", "rn": 639, "wk": null, "ct": 9, "st": 0, "hs": "181*", "hn": 2, "bbi": null, "bta": 91.28, "bwa": null, "fw": null, "bbad": null}, {"tt": "year 2019", "sp": null, "mt": 21, "pr": "year=2019", "rn": 943, "wk": null, "ct": 6, "st": 0, "hs": "137", "hn": 1, "bbi": null, "bta": 55.47, "bwa": null, "fw": null, "bbad": null}, {"tt": "year 2020", "sp": null, "mt": 4, "pr": "year=2020", "rn": 198, "wk": null, "ct": 2, "st": 0, "hs": "109*", "hn": 1, "bbi": null, "bta": 99, "bwa": null, "fw": null, "bbad": null}, {"tt": "year 2021", "sp": null, "mt": 1, "pr": "year=2021", "rn": 7, "wk": null, "ct": 0, "st": 0, "hs": "7", "hn": 0, "bbi": null, "bta": 7, "bwa": null, "fw": null, "bbad": null}]}, {"type": "SEASON", "stats": [{"tt": "season 2005/06", "sp": null, "mt": 2, "pr": "season=2005/06", "rn": 46, "wk": null, "ct": 0, "st": 0, "hs": "31", "hn": 0, "bbi": null, "bta": 23, "bwa": null, "fw": null, "bbad": null}, {"tt": "season 2006/07", "sp": null, "mt": 22, "pr": "season=2006/07", "rn": 660, "wk": 0, "ct": 15, "st": 0, "hs": "128*", "hn": 2, "bbi": "-", "bta": 34.73, "bwa": null, "fw": 0, "bbad": null}, {"tt": "season 2007/08", "sp": null, "mt": 14, "pr": "season=2007/08", "rn": 290, "wk": 0, "ct": 7, "st": 0, "hs": "50", "hn": 0, "bbi": "-", "bta": 41.42, "bwa": null, "fw": 0, "bbad": null}, {"tt": "season 2008", "sp": null, "mt": 7, "pr": "season=2008", "rn": 183, "wk": 0, "ct": 6, "st": 0, "hs": "61*", "hn": 0, "bbi": "-", "bta": 36.6, "bwa": null, "fw": 0, "bbad": null}, {"tt": "season 2008/09", "sp": null, "mt": 18, "pr": "season=2008/09", "rn": 591, "wk": null, "ct": 8, "st": 0, "hs": "103", "hn": 1, "bbi": null, "bta": 45.46, "bwa": null, "fw": null, "bbad": null}, {"tt": "season 2009", "sp": null, "mt": 2, "pr": "season=2009", "rn": 13, "wk": null, "ct": 2, "st": 0, "hs": "11", "hn": 0, "bbi": null, "bta": 6.5, "bwa": null, "fw": null, "bbad": null}, {"tt": "season 2009/10", "sp": null, "mt": 15, "pr": "season=2009/10", "rn": 474, "wk": null, "ct": 16, "st": 0, "hs": "78", "hn": 0, "bbi": null, "bta": 31.6, "bwa": null, "fw": null, "bbad": null}, {"tt": "season 2010", "sp": null, "mt": 4, "pr": "season=2010", "rn": 119, "wk": null, "ct": 8, "st": 0, "hs": "95", "hn": 0, "bbi": null, "bta": 39.66, "bwa": null, "fw": null, "bbad": null}, {"tt": "season 2010/11", "sp": null, "mt": 23, "pr": "season=2010/11", "rn": 679, "wk": 0, "ct": 16, "st": 0, "hs": "131*", "hn": 1, "bbi": "-", "bta": 39.94, "bwa": null, "fw": 0, "bbad": null}, {"tt": "season 2011/12", "sp": null, "mt": 3, "pr": "season=2011/12", "rn": 130, "wk": null, "ct": 0, "st": 0, "hs": "119", "hn": 1, "bbi": null, "bta": 65, "bwa": null, "fw": null, "bbad": null}, {"tt": "season 2012", "sp": null, "mt": 2, "pr": "season=2012", "rn": 138, "wk": null, "ct": 2, "st": 0, "hs": "110", "hn": 1, "bbi": null, "bta": 69, "bwa": null, "fw": null, "bbad": null}, {"tt": "season 2012/13", "sp": null, "mt": 7, "pr": "season=2012/13", "rn": 235, "wk": null, "ct": 3, "st": 0, "hs": "100", "hn": 1, "bbi": null, "bta": 39.16, "bwa": null, "fw": null, "bbad": null}, {"tt": "season 2013", "sp": null, "mt": 6, "pr": "season=2013", "rn": 197, "wk": null, "ct": 3, "st": 0, "hs": "71", "hn": 0, "bbi": null, "bta": 39.4, "bwa": null, "fw": null, "bbad": null}, {"tt": "season 2013/14", "sp": null, "mt": 12, "pr": "season=2013/14", "rn": 573, "wk": null, "ct": 5, "st": 0, "hs": "112*", "hn": 3, "bbi": null, "bta": 57.3, "bwa": null, "fw": null, "bbad": null}, {"tt": "season 2014/15", "sp": null, "mt": 22, "pr": "season=2014/15", "rn": 806, "wk": null, "ct": 12, "st": 0, "hs": "105*", "hn": 2, "bbi": null, "bta": 50.37, "bwa": null, "fw": null, "bbad": null}, {"tt": "season 2015", "sp": null, "mt": 7, "pr": "season=2015", "rn": 487, "wk": null, "ct": 3, "st": 0, "hs": "119*", "hn": 3, "bbi": null, "bta": 121.75, "bwa": null, "fw": null, "bbad": null}, {"tt": "season 2015/16", "sp": null, "mt": 5, "pr": "season=2015/16", "rn": 86, "wk": null, "ct": 4, "st": 0, "hs": "61", "hn": 0, "bbi": null, "bta": 43, "bwa": null, "fw": null, "bbad": null}, {"tt": "season 2016/17", "sp": null, "mt": 12, "pr": "season=2016/17", "rn": 437, "wk": null, "ct": 5, "st": 0, "hs": "107", "hn": 2, "bbi": null, "bta": 39.72, "bwa": null, "fw": null, "bbad": null}, {"tt": "season 2017", "sp": null, "mt": 7, "pr": "season=2017", "rn": 342, "wk": null, "ct": 4, "st": 0, "hs": "63", "hn": 0, "bbi": null, "bta": 57, "bwa": null, "fw": null, "bbad": null}, {"tt": "season 2017/18", "sp": null, "mt": 14, "pr": "season=2017/18", "rn": 781, "wk": null, "ct": 11, "st": 0, "hs": "181*", "hn": 2, "bbi": null, "bta": 78.1, "bwa": null, "fw": null, "bbad": null}, {"tt": "season 2018/19", "sp": null, "mt": 14, "pr": "season=2018/19", "rn": 759, "wk": null, "ct": 7, "st": 0, "hs": "137", "hn": 1, "bbi": null, "bta": 84.33, "bwa": null, "fw": null, "bbad": null}, {"tt": "season 2019", "sp": null, "mt": 10, "pr": "season=2019", "rn": 350, "wk": null, "ct": 0, "st": 0, "hs": "82", "hn": 0, "bbi": null, "bta": 38.88, "bwa": null, "fw": null, "bbad": null}, {"tt": "season 2019/20", "sp": null, "mt": 4, "pr": "season=2019/20", "rn": 198, "wk": null, "ct": 2, "st": 0, "hs": "109*", "hn": 1, "bbi": null, "bta": 99, "bwa": null, "fw": null, "bbad": null}, {"tt": "season 2020/21", "sp": null, "mt": 1, "pr": "season=2020/21", "rn": 7, "wk": null, "ct": 0, "st": 0, "hs": "7", "hn": 0, "bbi": null, "bta": 7, "bwa": null, "fw": null, "bbad": null}]}, {"type": "CAPTAINS_INVOLVED", "stats": [{"tt": "*SP Fleming", "sp": "2006-2007", "mt": 21, "pr": "captain_involve=2121", "rn": 563, "wk": 0, "ct": 10, "st": 0, "hs": "117", "hn": 1, "bbi": "-", "bta": 29.63, "bwa": null, "fw": 0, "bbad": null}, {"tt": "*TWM Latham", "sp": "2017-2021", "mt": 11, "pr": "captain_involve=59148", "rn": 556, "wk": null, "ct": 4, "st": 0, "hs": "109*", "hn": 1, "bbi": null, "bta": 92.66, "bwa": null, "fw": null, "bbad": null}, {"tt": "*BB McCullum", "sp": "2009-2015", "mt": 45, "pr": "captain_involve=10384", "rn": 1749, "wk": null, "ct": 21, "st": 0, "hs": "119*", "hn": 6, "bbi": null, "bta": 48.58, "bwa": null, "fw": null, "bbad": null}, {"tt": "*KD Mills", "sp": "2013-2013", "mt": 1, "pr": "captain_involve=10303", "rn": 107, "wk": null, "ct": 1, "st": 0, "hs": "107*", "hn": 1, "bbi": null, "bta": null, "bwa": null, "fw": null, "bbad": null}, {"tt": "*TG Southee", "sp": "2018-2018", "mt": 1, "pr": "captain_involve=49108", "rn": 10, "wk": null, "ct": 0, "st": 0, "hs": "10", "hn": 0, "bbi": null, "bta": 10, "bwa": null, "fw": null, "bbad": null}, {"tt": "*LRPL Taylor", "sp": "2010-2012", "mt": 20, "pr": "captain_involve=44930", "rn": 795, "wk": null, "ct": 19, "st": 0, "hs": "119", "hn": 2, "bbi": null, "bta": 46.76, "bwa": null, "fw": null, "bbad": null}, {"tt": "*DL Vettori", "sp": "2006-2011", "mt": 73, "pr": "captain_involve=4380", "rn": 2037, "wk": 0, "ct": 52, "st": 0, "hs": "131*", "hn": 3, "bbi": "-", "bta": 39.17, "bwa": null, "fw": 0, "bbad": null}, {"tt": "*KS Williamson", "sp": "2014-2020", "mt": 61, "pr": "captain_involve=51088", "rn": 2764, "wk": null, "ct": 32, "st": 0, "hs": "181*", "hn": 7, "bbi": null, "bta": 58.8, "bwa": null, "fw": null, "bbad": null}]}, {"type": "CAPTAIN", "stats": [{"tt": "is captain", "sp": "2010-2012", "mt": 20, "pr": "captain=1", "rn": 795, "wk": null, "ct": 19, "st": 0, "hs": "119", "hn": 2, "bbi": null, "bta": 46.76, "bwa": null, "fw": null, "bbad": null}, {"tt": "is not captain", "sp": "2006-2021", "mt": 213, "pr": "captain=0", "rn": 7786, "wk": 0, "ct": 120, "st": 0, "hs": "181*", "hn": 19, "bbi": "-", "bta": 48.36, "bwa": null, "fw": 0, "bbad": null}]}, {"type": "KEEPER", "stats": [{"tt": "is not keeper", "sp": "2006-2021", "mt": 233, "pr": "keeper=0", "rn": 8581, "wk": 0, "ct": 139, "st": 0, "hs": "181*", "hn": 21, "bbi": "-", "bta": 48.2, "bwa": null, "fw": 0, "bbad": null}]}, {"type": "TOSS", "stats": [{"tt": "won the toss", "sp": "2006-2021", "mt": 118, "pr": "toss=1", "rn": 4726, "wk": 0, "ct": 77, "st": 0, "hs": "181*", "hn": 11, "bbi": "-", "bta": 52.51, "bwa": null, "fw": 0, "bbad": null}, {"tt": "lost the toss", "sp": "2006-2020", "mt": 115, "pr": "toss=2", "rn": 3855, "wk": 0, "ct": 62, "st": 0, "hs": "137", "hn": 10, "bbi": "-", "bta": 43.8, "bwa": null, "fw": 0, "bbad": null}]}, {"type": "BATTING_FIELDING_SEQUENCE_AND_TOSS", "stats": [{"tt": "won toss &amp; batted", "sp": "2006-2021", "mt": 59, "pr": "batting_fielding_first=1;toss=1", "rn": 2860, "wk": 0, "ct": 45, "st": 0, "hs": "131*", "hn": 7, "bbi": "-", "bta": 57.2, "bwa": null, "fw": 0, "bbad": null}, {"tt": "won toss &amp; fielded", "sp": "2006-2020", "mt": 59, "pr": "batting_fielding_first=2;toss=1", "rn": 1866, "wk": 0, "ct": 32, "st": 0, "hs": "181*", "hn": 4, "bbi": "-", "bta": 46.65, "bwa": null, "fw": 0, "bbad": null}, {"tt": "lost toss &amp; sent in", "sp": "2006-2020", "mt": 59, "pr": "batting_fielding_first=1;toss=2", "rn": 2400, "wk": 0, "ct": 30, "st": 0, "hs": "137", "hn": 7, "bbi": "-", "bta": 48, "bwa": null, "fw": 0, "bbad": null}, {"tt": "lost toss &amp; fielded", "sp": "2007-2020", "mt": 56, "pr": "batting_fielding_first=2;toss=2", "rn": 1455, "wk": 0, "ct": 32, "st": 0, "hs": "112*", "hn": 3, "bbi": "-", "bta": 38.28, "bwa": null, "fw": 0, "bbad": null}]}, {"type": "BATTING_FIELDING_SEQUENCE", "stats": [{"tt": "matches batting first", "sp": "2006-2021", "mt": 118, "pr": "batting_fielding_first=1", "rn": 5260, "wk": 0, "ct": 75, "st": 0, "hs": "137", "hn": 14, "bbi": "-", "bta": 52.6, "bwa": null, "fw": 0, "bbad": null}, {"tt": "matches fielding first", "sp": "2006-2020", "mt": 115, "pr": "batting_fielding_first=2", "rn": 3321, "wk": 0, "ct": 64, "st": 0, "hs": "181*", "hn": 7, "bbi": "-", "bta": 42.57, "bwa": null, "fw": 0, "bbad": null}]}, {"type": "TEAM_INNINGS", "stats": [{"tt": "1st team innings", "sp": "2006-2021", "mt": 232, "pr": "innings_number=1;innings_number=2", "rn": 8581, "wk": 0, "ct": 139, "st": 0, "hs": "181*", "hn": 21, "bbi": "-", "bta": 48.2, "bwa": null, "fw": 0, "bbad": null}]}, {"type": "MATCH_INNINGS", "stats": [{"tt": "1st match innings", "sp": "2006-2021", "mt": 232, "pr": "innings_number=1", "rn": 5260, "wk": 0, "ct": 64, "st": 0, "hs": "137", "hn": 14, "bbi": "-", "bta": 52.6, "bwa": null, "fw": 0, "bbad": null}, {"tt": "2nd match innings", "sp": "2006-2021", "mt": 224, "pr": "innings_number=2", "rn": 3321, "wk": 0, "ct": 75, "st": 0, "hs": "181*", "hn": 7, "bbi": "-", "bta": 42.57, "bwa": null, "fw": 0, "bbad": null}]}, {"type": "FLOODLIT", "stats": [{"tt": "day match", "sp": "2006-2021", "mt": 104, "pr": "floodlit=1", "rn": 3966, "wk": 0, "ct": 60, "st": 0, "hs": "181*", "hn": 12, "bbi": "-", "bta": 52.18, "bwa": null, "fw": 0, "bbad": null}, {"tt": "day/night match", "sp": "2006-2020", "mt": 129, "pr": "floodlit=2", "rn": 4615, "wk": 0, "ct": 79, "st": 0, "hs": "131*", "hn": 9, "bbi": "-", "bta": 45.24, "bwa": null, "fw": 0, "bbad": null}]}, {"type": "RESULT", "stats": [{"tt": "won match", "sp": "2006-2021", "mt": 120, "pr": "result=1", "rn": 5269, "wk": 0, "ct": 88, "st": 0, "hs": "181*", "hn": 14, "bbi": "-", "bta": 64.25, "bwa": null, "fw": 0, "bbad": null}, {"tt": "lost match", "sp": "2006-2020", "mt": 95, "pr": "result=2", "rn": 3045, "wk": 0, "ct": 47, "st": 0, "hs": "128*", "hn": 7, "bbi": "-", "bta": 34.6, "bwa": null, "fw": 0, "bbad": null}, {"tt": "tied match", "sp": "2008-2019", "mt": 3, "pr": "result=3", "rn": 80, "wk": null, "ct": 0, "st": 0, "hs": "48", "hn": 0, "bbi": null, "bta": 26.66, "bwa": null, "fw": null, "bbad": null}, {"tt": "no result", "sp": "2007-2018", "mt": 15, "pr": "result=5", "rn": 187, "wk": null, "ct": 4, "st": 0, "hs": "75", "hn": 0, "bbi": null, "bta": 37.4, "bwa": null, "fw": null, "bbad": null}]}, {"type": "BATTING_FIELDING_SEQUENCE_AND_RESULT", "stats": [{"tt": "won batting first", "sp": "2006-2021", "mt": 56, "pr": "batting_fielding_first=1;result=1", "rn": 3074, "wk": 0, "ct": 44, "st": 0, "hs": "137", "hn": 8, "bbi": "-", "bta": 65.4, "bwa": null, "fw": 0, "bbad": null}, {"tt": "won fielding first", "sp": "2006-2020", "mt": 64, "pr": "batting_fielding_first=2;result=1", "rn": 2195, "wk": null, "ct": 44, "st": 0, "hs": "181*", "hn": 6, "bbi": null, "bta": 62.71, "bwa": null, "fw": null, "bbad": null}, {"tt": "lost batting first", "sp": "2006-2019", "mt": 55, "pr": "batting_fielding_first=1;result=2", "rn": 2005, "wk": 0, "ct": 30, "st": 0, "hs": "128*", "hn": 6, "bbi": "-", "bta": 41.77, "bwa": null, "fw": 0, "bbad": null}, {"tt": "lost fielding first", "sp": "2007-2020", "mt": 40, "pr": "batting_fielding_first=2;result=2", "rn": 1040, "wk": 0, "ct": 17, "st": 0, "hs": "110", "hn": 1, "bbi": "-", "bta": 26, "bwa": null, "fw": 0, "bbad": null}, {"tt": "tied batting first", "sp": "2014-2019", "mt": 2, "pr": "batting_fielding_first=1;result=3", "rn": 32, "wk": null, "ct": 0, "st": 0, "hs": "17", "hn": 0, "bbi": null, "bta": 16, "bwa": null, "fw": null, "bbad": null}, {"tt": "tied fielding first", "sp": "2008-2008", "mt": 1, "pr": "batting_fielding_first=2;result=3", "rn": 48, "wk": null, "ct": 0, "st": 0, "hs": "48", "hn": 0, "bbi": null, "bta": 48, "bwa": null, "fw": null, "bbad": null}, {"tt": "no result batting first", "sp": "2007-2017", "mt": 5, "pr": "batting_fielding_first=1;result=5", "rn": 149, "wk": null, "ct": 1, "st": 0, "hs": "75", "hn": 0, "bbi": null, "bta": 49.66, "bwa": null, "fw": null, "bbad": null}, {"tt": "no result fielding first", "sp": "2007-2018", "mt": 10, "pr": "batting_fielding_first=2;result=5", "rn": 38, "wk": null, "ct": 3, "st": 0, "hs": "25", "hn": 0, "bbi": null, "bta": 19, "bwa": null, "fw": null, "bbad": null}]}, {"type": "TOURNAMENT_TYPE", "stats": [{"tt": "2 team series", "sp": "2006-2021", "mt": 171, "pr": "tournament_type=2", "rn": 6578, "wk": 0, "ct": 96, "st": 0, "hs": "181*", "hn": 20, "bbi": "-", "bta": 51.79, "bwa": null, "fw": 0, "bbad": null}, {"tt": "3-4 team tournaments", "sp": "2007-2017", "mt": 20, "pr": "tournament_type=3", "rn": 728, "wk": 0, "ct": 20, "st": 0, "hs": "95", "hn": 0, "bbi": "-", "bta": 45.5, "bwa": null, "fw": 0, "bbad": null}, {"tt": "5+ team tournaments", "sp": "2007-2021", "mt": 45, "pr": "tournament_type=5", "rn": 1290, "wk": null, "ct": 23, "st": 0, "hs": "131*", "hn": 1, "bbi": null, "bta": 33.94, "bwa": null, "fw": null, "bbad": null}]}, {"type": "MATCH_NUMBER", "stats": [{"tt": "only match in series", "sp": "2011-2015", "mt": 2, "pr": "match_number=0", "rn": 8, "wk": null, "ct": 0, "st": 0, "hs": "7", "hn": 0, "bbi": null, "bta": 4, "bwa": null, "fw": null, "bbad": null}, {"tt": "1st match in series", "sp": "2006-2020", "mt": 41, "pr": "match_number=1", "rn": 1681, "wk": 0, "ct": 23, "st": 0, "hs": "128*", "hn": 5, "bbi": "-", "bta": 60.03, "bwa": null, "fw": 0, "bbad": null}, {"tt": "2nd match in series", "sp": "2006-2020", "mt": 38, "pr": "match_number=2", "rn": 1545, "wk": 0, "ct": 25, "st": 0, "hs": "119*", "hn": 5, "bbi": "-", "bta": 67.17, "bwa": null, "fw": 0, "bbad": null}, {"tt": "3rd match in series", "sp": "2007-2021", "mt": 40, "pr": "match_number=3", "rn": 1539, "wk": 0, "ct": 23, "st": 0, "hs": "137", "hn": 6, "bbi": "-", "bta": 45.26, "bwa": null, "fw": 0, "bbad": null}, {"tt": "4th match in series", "sp": "2006-2019", "mt": 24, "pr": "match_number=4", "rn": 984, "wk": null, "ct": 8, "st": 0, "hs": "181*", "hn": 3, "bbi": null, "bta": 49.2, "bwa": null, "fw": null, "bbad": null}, {"tt": "5th match in series", "sp": "2006-2019", "mt": 23, "pr": "match_number=5", "rn": 709, "wk": null, "ct": 15, "st": 0, "hs": "102", "hn": 1, "bbi": null, "bta": 41.7, "bwa": null, "fw": null, "bbad": null}, {"tt": "6th match in series", "sp": "2011-2015", "mt": 2, "pr": "match_number=6", "rn": 101, "wk": null, "ct": 2, "st": 0, "hs": "96", "hn": 0, "bbi": null, "bta": 50.5, "bwa": null, "fw": null, "bbad": null}, {"tt": "7th match in series", "sp": "2015-2015", "mt": 1, "pr": "match_number=7", "rn": 11, "wk": null, "ct": 0, "st": 0, "hs": "11", "hn": 0, "bbi": null, "bta": 11, "bwa": null, "fw": null, "bbad": null}]}, {"type": "MAJOR_TROPHY", "stats": [{"tt": "World Cup", "sp": "2007-2019", "mt": 33, "pr": "trophy=12", "rn": 1002, "wk": null, "ct": 11, "st": 0, "hs": "131*", "hn": 1, "bbi": null, "bta": 37.11, "bwa": null, "fw": null, "bbad": null}, {"tt": "Chappell-Hadlee", "sp": "2007-2020", "mt": 20, "pr": "trophy=65", "rn": 703, "wk": null, "ct": 9, "st": 0, "hs": "117", "hn": 2, "bbi": null, "bta": 39.05, "bwa": null, "fw": null, "bbad": null}, {"tt": "ICC Champions Trophy", "sp": "2009-2017", "mt": 11, "pr": "trophy=44", "rn": 281, "wk": null, "ct": 12, "st": 0, "hs": "72", "hn": 0, "bbi": null, "bta": 28.1, "bwa": null, "fw": null, "bbad": null}]}, {"type": "FINAL_TYPE", "stats": [{"tt": "tournament finals", "sp": "2009-2019", "mt": 3, "pr": "final_type=1", "rn": 61, "wk": null, "ct": 1, "st": 0, "hs": "40", "hn": 0, "bbi": null, "bta": 20.33, "bwa": null, "fw": null, "bbad": null}, {"tt": "tournament semi-finals", "sp": "2007-2019", "mt": 5, "pr": "final_type=3", "rn": 187, "wk": null, "ct": 3, "st": 0, "hs": "74", "hn": 0, "bbi": null, "bta": 37.4, "bwa": null, "fw": null, "bbad": null}, {"tt": "tournament quarter-finals", "sp": "2011-2015", "mt": 2, "pr": "final_type=4", "rn": 85, "wk": null, "ct": 0, "st": 0, "hs": "43", "hn": 0, "bbi": null, "bta": 42.5, "bwa": null, "fw": null, "bbad": null}, {"tt": "preliminary matches", "sp": "2007-2021", "mt": 55, "pr": "final_type=0", "rn": 1685, "wk": 0, "ct": 39, "st": 0, "hs": "131*", "hn": 1, "bbi": "-", "bta": 38.29, "bwa": null, "fw": 0, "bbad": null}]}]}}