{"player": {"id": 58588, "objectId": 380929, "name": "LMM Tahuhu", "longName": "Lea Tahuhu", "mobileName": "Tahuhu", "indexName": "Tahuhu, LMM", "battingName": "LMM Tahuhu", "fieldingName": "Tahuhu", "slug": "lea-tahuhu", "gender": "F", "playingRole": "bowler", "battingStyles": ["rhb"], "bowlingStyles": ["rmf"], "longBattingStyles": ["right-hand bat"], "longBowlingStyles": ["right-arm medium-fast"], "image": {"id": 305782, "objectId": 1225739, "slug": "lea-tahuhu-portrait", "url": "/db/PICTURES/CMS/305700/305782.png", "width": 160, "height": 199, "caption": "Lea Tahuhu portrait", "longCaption": "Lea Tahuhu portrait, June 2020", "credit": "Getty Images", "photographer": null, "peerUrls": null}, "countryTeamId": 5, "playingRoleType": "P", "playingRoles": ["bowler"], "dateOfBirth": {"year": 1990, "month": 9, "date": 23}, "dateOfDeath": null, "fullName": "Lea-Marie Maureen Tahuhu", "nickNames": "", "alsoKnownAs": "", "height": 0, "heightUnit": null, "education": "", "country": {"id": 5, "objectId": 5, "name": "New Zealand", "shortName": "New Zealand", "image": {"id": 313127, "objectId": 1241586, "slug": "new-zealand-logo", "url": "/db/PICTURES/CMS/313100/313127.logo.png", "width": 500, "height": 500, "caption": "New Zealand logo", "longCaption": "New Zealand logo", "credit": null, "photographer": null, "peerUrls": null}}, "altCountryTeamId": null, "placeOfBirth": "Christchurch, Canterbury", "dobText": null, "dodText": null, "placeOfDeath": "", "intlCareerSpan": "2011 - 2021", "headshotImage": {"id": 320543, "objectId": 1261426, "slug": "lea-tahuhu-player-page-headshot-cutout-2021", "url": "/db/PICTURES/CMS/320500/320543.png", "width": 600, "height": 436, "caption": "Lea Tahuhu player page headshot cutout, 2021", "longCaption": "Lea Tahuhu player page headshot cutout, 2021", "credit": null, "photographer": null, "peerUrls": {"FILM": null, "WIDE": null, "SQUARE": "/db/PICTURES/CMS/320500/320543.square.png"}}, "backgroundImage": {"id": 317117, "objectId": 1252753, "slug": "new-zealand-bowling-coach-jacob-oram-l-helps-lea-tahuhu-off-the-field-after-she-sustained-a-hamstring-injury-late-in-the-game", "url": "/db/PICTURES/CMS/317100/317117.jpg", "width": 1400, "height": 1164, "caption": "New Zealand bowling coach Jacob Oram (L) helps Lea Tahuhu off the field after she sustained a hamstring injury late in the game", "longCaption": "New Zealand bowling coach Jacob Oram (L) helps Lea Tahuhu off the field after she sustained a hamstring injury late in the game, New Zealand Women vs England Women, Christchurch, February 23, 2021", "credit": "Kai Schwoerer/Getty Images", "photographer": null, "peerUrls": {"FILM": "/db/PICTURES/CMS/317100/317117.14.jpg", "WIDE": "/db/PICTURES/CMS/317100/317117.6.jpg", "SQUARE": "/db/PICTURES/CMS/317100/317117.10.jpg"}}, "externalLinks": [], "fieldingStyles": [], "otherStyles": [], "matchPlayerTypes": [1], "hasRecords": true, "hasStats": true, "hasMatches": true, "totalStories": 26, "totalVideos": 2, "totalImages": 24}, "teams": [{"team": {"id": 2531, "objectId": 2480, "scribeId": 2480, "slug": "canterbury-women", "name": "Cant Women", "longName": "Canterbury Women", "abbreviation": "CAN-W", "isCountry": false, "primaryColor": null, "image": null}, "current": false}, {"team": {"id": 2614, "objectId": 2563, "scribeId": 2563, "slug": "new-zealand-women", "name": "NZ Women", "longName": "New Zealand Women", "abbreviation": "NZ-W", "isCountry": false, "primaryColor": null, "image": {"id": 313335, "objectId": 1241794, "slug": "new-zealand-women-logo", "url": "/db/PICTURES/CMS/313300/313335.logo.png", "width": 500, "height": 500, "caption": "New Zealand Women logo", "longCaption": "New Zealand Women logo", "credit": null, "photographer": null, "peerUrls": null}}, "current": false}, {"team": {"id": 6519, "objectId": 1146788, "scribeId": 1146788, "slug": "supernovas", "name": "Supernovas", "longName": "Supernovas", "abbreviation": "SNOVA", "isCountry": false, "primaryColor": null, "image": null}, "current": false}]}