{"summary": {"recordClassId": 2, "type": "BATTING", "groups": [{"type": "CAREER_AVERAGES", "stats": [{"tt": "overview", "sp": "2010-2020", "mt": 19, "in": 7, "pr": null, "rn": 10, "fo": 0, "si": 0, "ft": 0, "hn": 0, "bf": 35, "dk": 1, "no": 5, "hs": "4*", "bta": 5, "btsr": 28.57}]}, {"type": "OPPOSITION_TEAM", "stats": [{"tt": "vs Australia", "sp": "2011-2011", "mt": 1, "in": 1, "pr": "opposition=2", "rn": 0, "fo": 0, "si": 0, "ft": 0, "hn": 0, "bf": 0, "dk": 0, "no": 1, "hs": "0*", "bta": null, "btsr": null}, {"tt": "vs Bangladesh", "sp": "2010-2017", "mt": 4, "in": 2, "pr": "opposition=25", "rn": 0, "fo": 0, "si": 0, "ft": 0, "hn": 0, "bf": 11, "dk": 0, "no": 2, "hs": "0*", "bta": null, "btsr": 0}, {"tt": "vs India", "sp": "2014-2020", "mt": 5, "in": 1, "pr": "opposition=6", "rn": 3, "fo": 0, "si": 0, "ft": 0, "hn": 0, "bf": 7, "dk": 0, "no": 1, "hs": "3*", "bta": null, "btsr": 42.85}, {"tt": "vs Kenya", "sp": "2011-2011", "mt": 1, "in": null, "pr": "opposition=26", "rn": null, "fo": null, "si": null, "ft": null, "hn": null, "bf": null, "dk": null, "no": null, "hs": null, "bta": null, "btsr": null}, {"tt": "vs Pakistan", "sp": "2011-2011", "mt": 6, "in": 2, "pr": "opposition=7", "rn": 7, "fo": 0, "si": 0, "ft": 0, "hn": 0, "bf": 13, "dk": 0, "no": 1, "hs": "4*", "bta": 7, "btsr": 53.84}, {"tt": "vs Sri Lanka", "sp": "2011-2011", "mt": 1, "in": 1, "pr": "opposition=8", "rn": 0, "fo": 0, "si": 0, "ft": 0, "hn": 0, "bf": 4, "dk": 1, "no": 0, "hs": "0", "bta": 0, "btsr": 0}, {"tt": "vs Zimbabwe", "sp": "2011-2011", "mt": 1, "in": null, "pr": "opposition=9", "rn": null, "fo": null, "si": null, "ft": null, "hn": null, "bf": null, "dk": null, "no": null, "hs": null, "bta": null, "btsr": null}]}, {"type": "HOST_COUNTRY", "stats": [{"tt": "in Bangladesh", "sp": "2010-2010", "mt": 2, "in": 2, "pr": "host=25", "rn": 0, "fo": 0, "si": 0, "ft": 0, "hn": 0, "bf": 11, "dk": 0, "no": 2, "hs": "0*", "bta": null, "btsr": 0}, {"tt": "in India", "sp": "2011-2011", "mt": 4, "in": 2, "pr": "host=6", "rn": 0, "fo": 0, "si": 0, "ft": 0, "hn": 0, "bf": 4, "dk": 1, "no": 1, "hs": "0*", "bta": 0, "btsr": 0}, {"tt": "in Ireland", "sp": "2017-2017", "mt": 2, "in": null, "pr": "host=29", "rn": null, "fo": null, "si": null, "ft": null, "hn": null, "bf": null, "dk": null, "no": null, "hs": null, "bta": null, "btsr": null}, {"tt": "in New Zealand", "sp": "2011-2020", "mt": 11, "in": 3, "pr": "host=5", "rn": 10, "fo": 0, "si": 0, "ft": 0, "hn": 0, "bf": 20, "dk": 0, "no": 2, "hs": "4*", "bta": 10, "btsr": 50}]}, {"type": "CONTINENT", "stats": [{"tt": "in Asia", "sp": "2010-2011", "mt": 6, "in": 4, "pr": "continent=2", "rn": 0, "fo": 0, "si": 0, "ft": 0, "hn": 0, "bf": 15, "dk": 1, "no": 3, "hs": "0*", "bta": 0, "btsr": 0}, {"tt": "in Europe", "sp": "2017-2017", "mt": 2, "in": null, "pr": "continent=4", "rn": null, "fo": null, "si": null, "ft": null, "hn": null, "bf": null, "dk": null, "no": null, "hs": null, "bta": null, "btsr": null}, {"tt": "in Oceania", "sp": "2011-2020", "mt": 11, "in": 3, "pr": "continent=5", "rn": 10, "fo": 0, "si": 0, "ft": 0, "hn": 0, "bf": 20, "dk": 0, "no": 2, "hs": "4*", "bta": 10, "btsr": 50}]}, {"type": "HOME_OR_AWAY", "stats": [{"tt": "home", "sp": "2011-2020", "mt": 11, "in": 3, "pr": "home_or_away=1", "rn": 10, "fo": 0, "si": 0, "ft": 0, "hn": 0, "bf": 20, "dk": 0, "no": 2, "hs": "4*", "bta": 10, "btsr": 50}, {"tt": "away", "sp": "2010-2010", "mt": 2, "in": 2, "pr": "home_or_away=2", "rn": 0, "fo": 0, "si": 0, "ft": 0, "hn": 0, "bf": 11, "dk": 0, "no": 2, "hs": "0*", "bta": null, "btsr": 0}, {"tt": "neutral", "sp": "2011-2017", "mt": 6, "in": 2, "pr": "home_or_away=3", "rn": 0, "fo": 0, "si": 0, "ft": 0, "hn": 0, "bf": 4, "dk": 1, "no": 1, "hs": "0*", "bta": 0, "btsr": 0}]}, {"type": "YEAR", "stats": [{"tt": "year 2010", "sp": null, "mt": 2, "in": 2, "pr": "year=2010", "rn": 0, "fo": 0, "si": 0, "ft": 0, "hn": 0, "bf": 11, "dk": 0, "no": 2, "hs": "0*", "bta": null, "btsr": 0}, {"tt": "year 2011", "sp": null, "mt": 10, "in": 4, "pr": "year=2011", "rn": 7, "fo": 0, "si": 0, "ft": 0, "hn": 0, "bf": 17, "dk": 1, "no": 2, "hs": "4*", "bta": 3.5, "btsr": 41.17}, {"tt": "year 2014", "sp": null, "mt": 2, "in": 1, "pr": "year=2014", "rn": 3, "fo": 0, "si": 0, "ft": 0, "hn": 0, "bf": 7, "dk": 0, "no": 1, "hs": "3*", "bta": null, "btsr": 42.85}, {"tt": "year 2017", "sp": null, "mt": 2, "in": null, "pr": "year=2017", "rn": null, "fo": null, "si": null, "ft": null, "hn": null, "bf": null, "dk": null, "no": null, "hs": null, "bta": null, "btsr": null}, {"tt": "year 2020", "sp": null, "mt": 3, "in": null, "pr": "year=2020", "rn": null, "fo": null, "si": null, "ft": null, "hn": null, "bf": null, "dk": null, "no": null, "hs": null, "bta": null, "btsr": null}]}, {"type": "SEASON", "stats": [{"tt": "season 2010/11", "sp": null, "mt": 12, "in": 6, "pr": "season=NaN", "rn": 7, "fo": 0, "si": 0, "ft": 0, "hn": 0, "bf": 28, "dk": 1, "no": 4, "hs": "4*", "bta": 3.5, "btsr": 25}, {"tt": "season 2013/14", "sp": null, "mt": 2, "in": 1, "pr": "season=NaN", "rn": 3, "fo": 0, "si": 0, "ft": 0, "hn": 0, "bf": 7, "dk": 0, "no": 1, "hs": "3*", "bta": null, "btsr": 42.85}, {"tt": "season 2017", "sp": null, "mt": 2, "in": null, "pr": "season=2017", "rn": null, "fo": null, "si": null, "ft": null, "hn": null, "bf": null, "dk": null, "no": null, "hs": null, "bta": null, "btsr": null}, {"tt": "season 2019/20", "sp": null, "mt": 3, "in": null, "pr": "season=NaN", "rn": null, "fo": null, "si": null, "ft": null, "hn": null, "bf": null, "dk": null, "no": null, "hs": null, "bta": null, "btsr": null}]}, {"type": "CAPTAINS_INVOLVED", "stats": [{"tt": "*TWM Latham", "sp": "2017-2020", "mt": 4, "in": null, "pr": "captain_involve=59148", "rn": null, "fo": null, "si": null, "ft": null, "hn": null, "bf": null, "dk": null, "no": null, "hs": null, "bta": null, "btsr": null}, {"tt": "*BB McCullum", "sp": "2014-2014", "mt": 2, "in": 1, "pr": "captain_involve=10384", "rn": 3, "fo": 0, "si": 0, "ft": 0, "hn": 0, "bf": 7, "dk": 0, "no": 1, "hs": "3*", "bta": null, "btsr": 42.85}, {"tt": "*LRPL Taylor", "sp": "2011-2011", "mt": 4, "in": 3, "pr": "captain_involve=44930", "rn": 7, "fo": 0, "si": 0, "ft": 0, "hn": 0, "bf": 17, "dk": 1, "no": 1, "hs": "4*", "bta": 3.5, "btsr": 41.17}, {"tt": "*DL Vettori", "sp": "2010-2011", "mt": 8, "in": 3, "pr": "captain_involve=4380", "rn": 0, "fo": 0, "si": 0, "ft": 0, "hn": 0, "bf": 11, "dk": 0, "no": 3, "hs": "0*", "bta": null, "btsr": 0}, {"tt": "*KS Williamson", "sp": "2020-2020", "mt": 1, "in": null, "pr": "captain_involve=51088", "rn": null, "fo": null, "si": null, "ft": null, "hn": null, "bf": null, "dk": null, "no": null, "hs": null, "bta": null, "btsr": null}]}, {"type": "CAPTAIN", "stats": [{"tt": "is not captain", "sp": "2010-2020", "mt": 19, "in": 7, "pr": "captain=0", "rn": 10, "fo": 0, "si": 0, "ft": 0, "hn": 0, "bf": 35, "dk": 1, "no": 5, "hs": "4*", "bta": 5, "btsr": 28.57}]}, {"type": "KEEPER", "stats": [{"tt": "is not keeper", "sp": "2010-2020", "mt": 19, "in": 7, "pr": "keeper=0", "rn": 10, "fo": 0, "si": 0, "ft": 0, "hn": 0, "bf": 35, "dk": 1, "no": 5, "hs": "4*", "bta": 5, "btsr": 28.57}]}, {"type": "TOSS", "stats": [{"tt": "won the toss", "sp": "2010-2020", "mt": 8, "in": 3, "pr": "toss=1", "rn": 7, "fo": 0, "si": 0, "ft": 0, "hn": 0, "bf": 13, "dk": 0, "no": 2, "hs": "4*", "bta": 7, "btsr": 53.84}, {"tt": "lost the toss", "sp": "2010-2020", "mt": 11, "in": 4, "pr": "toss=2", "rn": 3, "fo": 0, "si": 0, "ft": 0, "hn": 0, "bf": 22, "dk": 1, "no": 3, "hs": "3*", "bta": 3, "btsr": 13.63}]}, {"type": "BATTING_FIELDING_SEQUENCE_AND_TOSS", "stats": [{"tt": "won toss &amp; batted", "sp": "2011-2011", "mt": 1, "in": null, "pr": "batting_fielding_first=1;toss=1", "rn": null, "fo": null, "si": null, "ft": null, "hn": null, "bf": null, "dk": null, "no": null, "hs": null, "bta": null, "btsr": null}, {"tt": "won toss &amp; fielded", "sp": "2010-2020", "mt": 7, "in": 3, "pr": "batting_fielding_first=2;toss=1", "rn": 7, "fo": 0, "si": 0, "ft": 0, "hn": 0, "bf": 13, "dk": 0, "no": 2, "hs": "4*", "bta": 7, "btsr": 53.84}, {"tt": "lost toss &amp; sent in", "sp": "2011-2020", "mt": 5, "in": 2, "pr": "batting_fielding_first=1;toss=2", "rn": 3, "fo": 0, "si": 0, "ft": 0, "hn": 0, "bf": 7, "dk": 0, "no": 2, "hs": "3*", "bta": null, "btsr": 42.85}, {"tt": "lost toss &amp; fielded", "sp": "2010-2014", "mt": 6, "in": 2, "pr": "batting_fielding_first=2;toss=2", "rn": 0, "fo": 0, "si": 0, "ft": 0, "hn": 0, "bf": 15, "dk": 1, "no": 1, "hs": "0*", "bta": 0, "btsr": 0}]}, {"type": "BATTING_FIELDING_SEQUENCE", "stats": [{"tt": "matches batting first", "sp": "2011-2020", "mt": 6, "in": 2, "pr": "batting_fielding_first=1", "rn": 3, "fo": 0, "si": 0, "ft": 0, "hn": 0, "bf": 7, "dk": 0, "no": 2, "hs": "3*", "bta": null, "btsr": 42.85}, {"tt": "matches fielding first", "sp": "2010-2020", "mt": 13, "in": 5, "pr": "batting_fielding_first=2", "rn": 7, "fo": 0, "si": 0, "ft": 0, "hn": 0, "bf": 28, "dk": 1, "no": 3, "hs": "4*", "bta": 3.5, "btsr": 25}]}, {"type": "TEAM_INNINGS", "stats": [{"tt": "1st team innings", "sp": "2010-2020", "mt": 18, "in": 7, "pr": null, "rn": 10, "fo": 0, "si": 0, "ft": 0, "hn": 0, "bf": 35, "dk": 1, "no": 5, "hs": "4*", "bta": 5, "btsr": 28.57}]}, {"type": "MATCH_INNINGS", "stats": [{"tt": "1st match innings", "sp": "2011-2020", "mt": 6, "in": 2, "pr": "innings_number=1", "rn": 3, "fo": 0, "si": 0, "ft": 0, "hn": 0, "bf": 7, "dk": 0, "no": 2, "hs": "3*", "bta": null, "btsr": 42.85}, {"tt": "2nd match innings", "sp": "2010-2020", "mt": 12, "in": 5, "pr": "innings_number=2", "rn": 7, "fo": 0, "si": 0, "ft": 0, "hn": 0, "bf": 28, "dk": 1, "no": 3, "hs": "4*", "bta": 3.5, "btsr": 25}]}, {"type": "FLOODLIT", "stats": [{"tt": "day match", "sp": "2010-2017", "mt": 9, "in": 3, "pr": "floodlit=1", "rn": 0, "fo": 0, "si": 0, "ft": 0, "hn": 0, "bf": 11, "dk": 0, "no": 3, "hs": "0*", "bta": null, "btsr": 0}, {"tt": "day/night match", "sp": "2011-2020", "mt": 10, "in": 4, "pr": "floodlit=2", "rn": 10, "fo": 0, "si": 0, "ft": 0, "hn": 0, "bf": 24, "dk": 1, "no": 2, "hs": "4*", "bta": 5, "btsr": 41.66}]}, {"type": "RESULT", "stats": [{"tt": "won match", "sp": "2011-2020", "mt": 9, "in": null, "pr": "result=1", "rn": null, "fo": null, "si": null, "ft": null, "hn": null, "bf": null, "dk": null, "no": null, "hs": null, "bta": null, "btsr": null}, {"tt": "lost match", "sp": "2010-2017", "mt": 8, "in": 6, "pr": "result=2", "rn": 7, "fo": 0, "si": 0, "ft": 0, "hn": 0, "bf": 28, "dk": 1, "no": 4, "hs": "4*", "bta": 3.5, "btsr": 25}, {"tt": "tied match", "sp": "2014-2014", "mt": 1, "in": 1, "pr": "result=3", "rn": 3, "fo": 0, "si": 0, "ft": 0, "hn": 0, "bf": 7, "dk": 0, "no": 1, "hs": "3*", "bta": null, "btsr": 42.85}, {"tt": "no result", "sp": "2011-2011", "mt": 1, "in": null, "pr": "result=5", "rn": null, "fo": null, "si": null, "ft": null, "hn": null, "bf": null, "dk": null, "no": null, "hs": null, "bta": null, "btsr": null}]}, {"type": "BATTING_FIELDING_SEQUENCE_AND_RESULT", "stats": [{"tt": "won batting first", "sp": "2011-2020", "mt": 2, "in": null, "pr": "batting_fielding_first=1;result=1", "rn": null, "fo": null, "si": null, "ft": null, "hn": null, "bf": null, "dk": null, "no": null, "hs": null, "bta": null, "btsr": null}, {"tt": "won fielding first", "sp": "2011-2020", "mt": 7, "in": null, "pr": "batting_fielding_first=2;result=1", "rn": null, "fo": null, "si": null, "ft": null, "hn": null, "bf": null, "dk": null, "no": null, "hs": null, "bta": null, "btsr": null}, {"tt": "lost batting first", "sp": "2011-2017", "mt": 3, "in": 1, "pr": "batting_fielding_first=1;result=2", "rn": 0, "fo": 0, "si": 0, "ft": 0, "hn": 0, "bf": 0, "dk": 0, "no": 1, "hs": "0*", "bta": null, "btsr": null}, {"tt": "lost fielding first", "sp": "2010-2011", "mt": 5, "in": 5, "pr": "batting_fielding_first=2;result=2", "rn": 7, "fo": 0, "si": 0, "ft": 0, "hn": 0, "bf": 28, "dk": 1, "no": 3, "hs": "4*", "bta": 3.5, "btsr": 25}, {"tt": "tied batting first", "sp": "2014-2014", "mt": 1, "in": 1, "pr": "batting_fielding_first=1;result=3", "rn": 3, "fo": 0, "si": 0, "ft": 0, "hn": 0, "bf": 7, "dk": 0, "no": 1, "hs": "3*", "bta": null, "btsr": 42.85}, {"tt": "no result fielding first", "sp": "2011-2011", "mt": 1, "in": null, "pr": "batting_fielding_first=2;result=5", "rn": null, "fo": null, "si": null, "ft": null, "hn": null, "bf": null, "dk": null, "no": null, "hs": null, "bta": null, "btsr": null}]}, {"type": "TOURNAMENT_TYPE", "stats": [{"tt": "2 team series", "sp": "2010-2020", "mt": 14, "in": 6, "pr": "tournament_type=2", "rn": 10, "fo": 0, "si": 0, "ft": 0, "hn": 0, "bf": 31, "dk": 0, "no": 5, "hs": "4*", "bta": 10, "btsr": 32.25}, {"tt": "3-4 team tournaments", "sp": "2017-2017", "mt": 2, "in": null, "pr": "tournament_type=3", "rn": null, "fo": null, "si": null, "ft": null, "hn": null, "bf": null, "dk": null, "no": null, "hs": null, "bta": null, "btsr": null}, {"tt": "5+ team tournaments", "sp": "2011-2011", "mt": 4, "in": 2, "pr": "tournament_type=5", "rn": 0, "fo": 0, "si": 0, "ft": 0, "hn": 0, "bf": 4, "dk": 1, "no": 1, "hs": "0*", "bta": 0, "btsr": 0}]}, {"type": "MATCH_NUMBER", "stats": [{"tt": "only match in series", "sp": "2011-2011", "mt": 1, "in": 1, "pr": "match_number=0", "rn": 0, "fo": 0, "si": 0, "ft": 0, "hn": 0, "bf": 0, "dk": 0, "no": 1, "hs": "0*", "bta": null, "btsr": null}, {"tt": "1st match in series", "sp": "2011-2020", "mt": 2, "in": null, "pr": "match_number=1", "rn": null, "fo": null, "si": null, "ft": null, "hn": null, "bf": null, "dk": null, "no": null, "hs": null, "bta": null, "btsr": null}, {"tt": "2nd match in series", "sp": "2011-2020", "mt": 2, "in": null, "pr": "match_number=2", "rn": null, "fo": null, "si": null, "ft": null, "hn": null, "bf": null, "dk": null, "no": null, "hs": null, "bta": null, "btsr": null}, {"tt": "3rd match in series", "sp": "2011-2020", "mt": 3, "in": 2, "pr": "match_number=3", "rn": 7, "fo": 0, "si": 0, "ft": 0, "hn": 0, "bf": 14, "dk": 0, "no": 2, "hs": "4*", "bta": null, "btsr": 50}, {"tt": "4th match in series", "sp": "2010-2014", "mt": 3, "in": 1, "pr": "match_number=4", "rn": 0, "fo": 0, "si": 0, "ft": 0, "hn": 0, "bf": 0, "dk": 0, "no": 1, "hs": "0*", "bta": null, "btsr": null}, {"tt": "5th match in series", "sp": "2010-2011", "mt": 2, "in": 2, "pr": "match_number=5", "rn": 3, "fo": 0, "si": 0, "ft": 0, "hn": 0, "bf": 17, "dk": 0, "no": 1, "hs": "3", "bta": 3, "btsr": 17.64}, {"tt": "6th match in series", "sp": "2011-2011", "mt": 1, "in": null, "pr": "match_number=6", "rn": null, "fo": null, "si": null, "ft": null, "hn": null, "bf": null, "dk": null, "no": null, "hs": null, "bta": null, "btsr": null}]}, {"type": "MAJOR_TROPHY", "stats": [{"tt": "World Cup", "sp": "2011-2011", "mt": 4, "in": 2, "pr": "trophy=12", "rn": 0, "fo": 0, "si": 0, "ft": 0, "hn": 0, "bf": 4, "dk": 1, "no": 1, "hs": "0*", "bta": 0, "btsr": 0}, {"tt": "Chappell-Hadlee", "sp": "2011-2011", "mt": 1, "in": 1, "pr": "trophy=65", "rn": 0, "fo": 0, "si": 0, "ft": 0, "hn": 0, "bf": 0, "dk": 0, "no": 1, "hs": "0*", "bta": null, "btsr": null}]}, {"type": "BATTING_POSITION", "stats": [{"tt": "11th position", "sp": "2010-2014", "mt": 7, "in": 7, "pr": "batting_positionval1=batting_position;batting_positionmin1=11;batting_positionmax1=11", "rn": 10, "fo": 0, "si": 0, "ft": 0, "hn": 0, "bf": 35, "dk": 1, "no": 5, "hs": "4*", "bta": 5, "btsr": 28.57}]}]}}