{"summary": {"recordClassId": 3, "type": "BOWLING", "groups": [{"type": "CAREER_AVERAGES", "stats": [{"bl": null, "tt": "overview", "sp": "2020-2021", "mt": 9, "in": 9, "pr": null, "ov": 28.5, "cd": 282, "md": 0, "wk": 9, "fwk": 0, "fw": 0, "tw": 0, "bbi": "3/54", "bbm": "3/54", "bwa": 31.33, "bwe": 9.78, "bwsr": 19.2}]}, {"type": "OPPOSITION_TEAM", "stats": [{"bl": null, "tt": "vs Bangladesh", "sp": "2021-2021", "mt": 2, "in": 2, "pr": "opposition=25", "ov": 7, "cd": 51, "md": 0, "wk": 3, "fwk": 0, "fw": 0, "tw": 0, "bbi": "2/31", "bbm": "2/31", "bwa": 17, "bwe": 7.28, "bwsr": 14}, {"bl": null, "tt": "vs India", "sp": "2020-2020", "mt": 5, "in": 5, "pr": "opposition=6", "ov": 19, "cd": 181, "md": 0, "wk": 6, "fwk": 0, "fw": 0, "tw": 0, "bbi": "3/54", "bbm": "3/54", "bwa": 30.16, "bwe": 9.52, "bwsr": 19}, {"bl": null, "tt": "vs West Indies", "sp": "2020-2020", "mt": 2, "in": 2, "pr": "opposition=4", "ov": 2.5, "cd": 50, "md": 0, "wk": 0, "fwk": 0, "fw": 0, "tw": 0, "bbi": null, "bbm": null, "bwa": null, "bwe": 17.64, "bwsr": null}]}, {"type": "HOST_COUNTRY", "stats": [{"bl": null, "tt": "in New Zealand", "sp": "2020-2021", "mt": 9, "in": 9, "pr": "host=5", "ov": 28.5, "cd": 282, "md": 0, "wk": 9, "fwk": 0, "fw": 0, "tw": 0, "bbi": "3/54", "bbm": "3/54", "bwa": 31.33, "bwe": 9.78, "bwsr": 19.2}]}, {"type": "CONTINENT", "stats": [{"bl": null, "tt": "in Oceania", "sp": "2020-2021", "mt": 9, "in": 9, "pr": "continent=5", "ov": 28.5, "cd": 282, "md": 0, "wk": 9, "fwk": 0, "fw": 0, "tw": 0, "bbi": "3/54", "bbm": "3/54", "bwa": 31.33, "bwe": 9.78, "bwsr": 19.2}]}, {"type": "HOME_OR_AWAY", "stats": [{"bl": null, "tt": "home", "sp": "2020-2021", "mt": 9, "in": 9, "pr": "home_or_away=1", "ov": 28.5, "cd": 282, "md": 0, "wk": 9, "fwk": 0, "fw": 0, "tw": 0, "bbi": "3/54", "bbm": "3/54", "bwa": 31.33, "bwe": 9.78, "bwsr": 19.2}]}, {"type": "YEAR", "stats": [{"bl": null, "tt": "year 2020", "sp": null, "mt": 7, "in": 7, "pr": "year=2020", "ov": 21.5, "cd": 231, "md": 0, "wk": 6, "fwk": 0, "fw": 0, "tw": 0, "bbi": "3/54", "bbm": "3/54", "bwa": 38.5, "bwe": 10.58, "bwsr": 21.8}, {"bl": null, "tt": "year 2021", "sp": null, "mt": 2, "in": 2, "pr": "year=2021", "ov": 7, "cd": 51, "md": 0, "wk": 3, "fwk": 0, "fw": 0, "tw": 0, "bbi": "2/31", "bbm": "2/31", "bwa": 17, "bwe": 7.28, "bwsr": 14}]}, {"type": "SEASON", "stats": [{"bl": null, "tt": "season 2019/20", "sp": null, "mt": 5, "in": 5, "pr": "season=2019/20", "ov": 19, "cd": 181, "md": 0, "wk": 6, "fwk": 0, "fw": 0, "tw": 0, "bbi": "3/54", "bbm": "3/54", "bwa": 30.16, "bwe": 9.52, "bwsr": 19}, {"bl": null, "tt": "season 2020/21", "sp": null, "mt": 4, "in": 4, "pr": "season=2020/21", "ov": 9.5, "cd": 101, "md": 0, "wk": 3, "fwk": 0, "fw": 0, "tw": 0, "bbi": "2/31", "bbm": "2/31", "bwa": 33.66, "bwe": 10.27, "bwsr": 19.6}]}, {"type": "CAPTAINS_INVOLVED", "stats": [{"bl": null, "tt": "*MJ Santner", "sp": "2020-2020", "mt": 1, "in": 1, "pr": "captain_involve=64864", "ov": 0.2, "cd": 0, "md": 0, "wk": 0, "fwk": 0, "fw": 0, "tw": 0, "bbi": null, "bbm": null, "bwa": null, "bwe": 0, "bwsr": null}, {"bl": null, "tt": "*TG Southee", "sp": "2020-2021", "mt": 5, "in": 5, "pr": "captain_involve=49108", "ov": 17.3, "cd": 163, "md": 0, "wk": 6, "fwk": 0, "fw": 0, "tw": 0, "bbi": "2/31", "bbm": "2/31", "bwa": 27.16, "bwe": 9.31, "bwsr": 17.5}, {"bl": null, "tt": "*KS Williamson", "sp": "2020-2020", "mt": 3, "in": 3, "pr": "captain_involve=51088", "ov": 11, "cd": 119, "md": 0, "wk": 3, "fwk": 0, "fw": 0, "tw": 0, "bbi": "3/54", "bbm": "3/54", "bwa": 39.66, "bwe": 10.81, "bwsr": 22}]}, {"type": "CAPTAIN", "stats": [{"bl": null, "tt": "is not captain", "sp": "2020-2021", "mt": 9, "in": 9, "pr": "captain=0", "ov": 28.5, "cd": 282, "md": 0, "wk": 9, "fwk": 0, "fw": 0, "tw": 0, "bbi": "3/54", "bbm": "3/54", "bwa": 31.33, "bwe": 9.78, "bwsr": 19.2}]}, {"type": "KEEPER", "stats": [{"bl": null, "tt": "is not keeper", "sp": "2020-2021", "mt": 9, "in": 9, "pr": "keeper=0", "ov": 28.5, "cd": 282, "md": 0, "wk": 9, "fwk": 0, "fw": 0, "tw": 0, "bbi": "3/54", "bbm": "3/54", "bwa": 31.33, "bwe": 9.78, "bwsr": 19.2}]}, {"type": "TOSS", "stats": [{"bl": null, "tt": "won the toss", "sp": "2020-2021", "mt": 6, "in": 6, "pr": "toss=1", "ov": 17.5, "cd": 194, "md": 0, "wk": 6, "fwk": 0, "fw": 0, "tw": 0, "bbi": "3/54", "bbm": "3/54", "bwa": 32.33, "bwe": 10.87, "bwsr": 17.8}, {"bl": null, "tt": "lost the toss", "sp": "2020-2021", "mt": 3, "in": 3, "pr": "toss=2", "ov": 11, "cd": 88, "md": 0, "wk": 3, "fwk": 0, "fw": 0, "tw": 0, "bbi": "2/31", "bbm": "2/31", "bwa": 29.33, "bwe": 8, "bwsr": 22}]}, {"type": "BATTING_FIELDING_SEQUENCE_AND_TOSS", "stats": [{"bl": null, "tt": "won toss &amp; batted", "sp": "2020-2021", "mt": 2, "in": 2, "pr": "batting_fielding_first=1;toss=1", "ov": 7, "cd": 49, "md": 0, "wk": 1, "fwk": 0, "fw": 0, "tw": 0, "bbi": "1/20", "bbm": "1/20", "bwa": 49, "bwe": 7, "bwsr": 42}, {"bl": null, "tt": "won toss &amp; fielded", "sp": "2020-2020", "mt": 4, "in": 4, "pr": "batting_fielding_first=2;toss=1", "ov": 10.5, "cd": 145, "md": 0, "wk": 5, "fwk": 0, "fw": 0, "tw": 0, "bbi": "3/54", "bbm": "3/54", "bwa": 29, "bwe": 13.38, "bwsr": 13}, {"bl": null, "tt": "lost toss &amp; sent in", "sp": "2020-2021", "mt": 2, "in": 2, "pr": "batting_fielding_first=1;toss=2", "ov": 7, "cd": 67, "md": 0, "wk": 2, "fwk": 0, "fw": 0, "tw": 0, "bbi": "2/31", "bbm": "2/31", "bwa": 33.5, "bwe": 9.57, "bwsr": 21}, {"bl": null, "tt": "lost toss &amp; fielded", "sp": "2020-2020", "mt": 1, "in": 1, "pr": "batting_fielding_first=2;toss=2", "ov": 4, "cd": 21, "md": 0, "wk": 1, "fwk": 0, "fw": 0, "tw": 0, "bbi": "1/21", "bbm": "1/21", "bwa": 21, "bwe": 5.25, "bwsr": 24}]}, {"type": "BATTING_FIELDING_SEQUENCE", "stats": [{"bl": null, "tt": "matches batting first", "sp": "2020-2021", "mt": 4, "in": 4, "pr": "batting_fielding_first=1", "ov": 14, "cd": 116, "md": 0, "wk": 3, "fwk": 0, "fw": 0, "tw": 0, "bbi": "2/31", "bbm": "2/31", "bwa": 38.66, "bwe": 8.28, "bwsr": 28}, {"bl": null, "tt": "matches fielding first", "sp": "2020-2020", "mt": 5, "in": 5, "pr": "batting_fielding_first=2", "ov": 14.5, "cd": 166, "md": 0, "wk": 6, "fwk": 0, "fw": 0, "tw": 0, "bbi": "3/54", "bbm": "3/54", "bwa": 27.66, "bwe": 11.19, "bwsr": 14.8}]}, {"type": "TEAM_INNINGS", "stats": [{"bl": null, "tt": "1st team innings", "sp": "2020-2021", "mt": 9, "in": 9, "pr": "innings_number=2;innings_number=1", "ov": 28.5, "cd": 282, "md": 0, "wk": 9, "fwk": 0, "fw": 0, "tw": 0, "bbi": "3/54", "bbm": "3/54", "bwa": 31.33, "bwe": 9.78, "bwsr": 19.2}]}, {"type": "MATCH_INNINGS", "stats": [{"bl": null, "tt": "1st match innings", "sp": "2020-2020", "mt": 5, "in": 5, "pr": "innings_number=1", "ov": 14.5, "cd": 166, "md": 0, "wk": 6, "fwk": 0, "fw": 0, "tw": 0, "bbi": "3/54", "bbm": "3/54", "bwa": 27.66, "bwe": 11.19, "bwsr": 14.8}, {"bl": null, "tt": "2nd match innings", "sp": "2020-2021", "mt": 4, "in": 4, "pr": "innings_number=2", "ov": 14, "cd": 116, "md": 0, "wk": 3, "fwk": 0, "fw": 0, "tw": 0, "bbi": "2/31", "bbm": "2/31", "bwa": 38.66, "bwe": 8.28, "bwsr": 28}]}, {"type": "FLOODLIT", "stats": [{"bl": null, "tt": "day match", "sp": "2021-2021", "mt": 1, "in": 1, "pr": "floodlit=1", "ov": 4, "cd": 20, "md": 0, "wk": 1, "fwk": 0, "fw": 0, "tw": 0, "bbi": "1/20", "bbm": "1/20", "bwa": 20, "bwe": 5, "bwsr": 24}, {"bl": null, "tt": "night match", "sp": "2020-2021", "mt": 8, "in": 8, "pr": "floodlit=3", "ov": 24.5, "cd": 262, "md": 0, "wk": 8, "fwk": 0, "fw": 0, "tw": 0, "bbi": "3/54", "bbm": "3/54", "bwa": 32.75, "bwe": 10.55, "bwsr": 18.6}]}, {"type": "RESULT", "stats": [{"bl": null, "tt": "won match", "sp": "2020-2021", "mt": 3, "in": 3, "pr": "result=1", "ov": 9.3, "cd": 101, "md": 0, "wk": 3, "fwk": 0, "fw": 0, "tw": 0, "bbi": "2/31", "bbm": "2/31", "bwa": 33.66, "bwe": 10.63, "bwsr": 19}, {"bl": null, "tt": "lost match", "sp": "2020-2020", "mt": 3, "in": 3, "pr": "result=2", "ov": 11, "cd": 86, "md": 0, "wk": 1, "fwk": 0, "fw": 0, "tw": 0, "bbi": "1/21", "bbm": "1/21", "bwa": 86, "bwe": 7.81, "bwsr": 66}, {"bl": null, "tt": "tied match", "sp": "2020-2020", "mt": 2, "in": 2, "pr": "result=3", "ov": 8, "cd": 95, "md": 0, "wk": 5, "fwk": 0, "fw": 0, "tw": 0, "bbi": "3/54", "bbm": "3/54", "bwa": 19, "bwe": 11.87, "bwsr": 9.6}, {"bl": null, "tt": "no result", "sp": "2020-2020", "mt": 1, "in": 1, "pr": "result=5", "ov": 0.2, "cd": 0, "md": 0, "wk": 0, "fwk": 0, "fw": 0, "tw": 0, "bbi": null, "bbm": null, "bwa": null, "bwe": 0, "bwsr": null}]}, {"type": "BATTING_FIELDING_SEQUENCE_AND_RESULT", "stats": [{"bl": null, "tt": "won batting first", "sp": "2021-2021", "mt": 2, "in": 2, "pr": "batting_fielding_first=1;result=1", "ov": 7, "cd": 51, "md": 0, "wk": 3, "fwk": 0, "fw": 0, "tw": 0, "bbi": "2/31", "bbm": "2/31", "bwa": 17, "bwe": 7.28, "bwsr": 14}, {"bl": null, "tt": "won fielding first", "sp": "2020-2020", "mt": 1, "in": 1, "pr": "batting_fielding_first=2;result=1", "ov": 2.3, "cd": 50, "md": 0, "wk": 0, "fwk": 0, "fw": 0, "tw": 0, "bbi": null, "bbm": null, "bwa": null, "bwe": 20, "bwsr": null}, {"bl": null, "tt": "lost batting first", "sp": "2020-2020", "mt": 2, "in": 2, "pr": "batting_fielding_first=1;result=2", "ov": 7, "cd": 65, "md": 0, "wk": 0, "fwk": 0, "fw": 0, "tw": 0, "bbi": null, "bbm": null, "bwa": null, "bwe": 9.28, "bwsr": null}, {"bl": null, "tt": "lost fielding first", "sp": "2020-2020", "mt": 1, "in": 1, "pr": "batting_fielding_first=2;result=2", "ov": 4, "cd": 21, "md": 0, "wk": 1, "fwk": 0, "fw": 0, "tw": 0, "bbi": "1/21", "bbm": "1/21", "bwa": 21, "bwe": 5.25, "bwsr": 24}, {"bl": null, "tt": "tied fielding first", "sp": "2020-2020", "mt": 2, "in": 2, "pr": "batting_fielding_first=2;result=3", "ov": 8, "cd": 95, "md": 0, "wk": 5, "fwk": 0, "fw": 0, "tw": 0, "bbi": "3/54", "bbm": "3/54", "bwa": 19, "bwe": 11.87, "bwsr": 9.6}, {"bl": null, "tt": "no result fielding first", "sp": "2020-2020", "mt": 1, "in": 1, "pr": "batting_fielding_first=2;result=5", "ov": 0.2, "cd": 0, "md": 0, "wk": 0, "fwk": 0, "fw": 0, "tw": 0, "bbi": null, "bbm": null, "bwa": null, "bwe": 0, "bwsr": null}]}, {"type": "TOURNAMENT_TYPE", "stats": [{"bl": null, "tt": "2 team series", "sp": "2020-2021", "mt": 9, "in": 9, "pr": "tournament_type=2", "ov": 28.5, "cd": 282, "md": 0, "wk": 9, "fwk": 0, "fw": 0, "tw": 0, "bbi": "3/54", "bbm": "3/54", "bwa": 31.33, "bwe": 9.78, "bwsr": 19.2}]}, {"type": "MATCH_NUMBER", "stats": [{"bl": null, "tt": "1st match in series", "sp": "2020-2021", "mt": 3, "in": 3, "pr": "match_number=1", "ov": 10.3, "cd": 106, "md": 0, "wk": 1, "fwk": 0, "fw": 0, "tw": 0, "bbi": "1/20", "bbm": "1/20", "bwa": 106, "bwe": 10.09, "bwsr": 63}, {"bl": null, "tt": "2nd match in series", "sp": "2020-2021", "mt": 2, "in": 2, "pr": "match_number=2", "ov": 6, "cd": 60, "md": 0, "wk": 2, "fwk": 0, "fw": 0, "tw": 0, "bbi": "2/31", "bbm": "2/31", "bwa": 30, "bwe": 10, "bwsr": 18}, {"bl": null, "tt": "3rd match in series", "sp": "2020-2020", "mt": 2, "in": 2, "pr": "match_number=3", "ov": 4.2, "cd": 54, "md": 0, "wk": 3, "fwk": 0, "fw": 0, "tw": 0, "bbi": "3/54", "bbm": "3/54", "bwa": 18, "bwe": 12.46, "bwsr": 8.6}, {"bl": null, "tt": "4th match in series", "sp": "2020-2020", "mt": 1, "in": 1, "pr": "match_number=4", "ov": 4, "cd": 41, "md": 0, "wk": 2, "fwk": 0, "fw": 0, "tw": 0, "bbi": "2/41", "bbm": "2/41", "bwa": 20.5, "bwe": 10.25, "bwsr": 12}, {"bl": null, "tt": "5th match in series", "sp": "2020-2020", "mt": 1, "in": 1, "pr": "match_number=5", "ov": 4, "cd": 21, "md": 0, "wk": 1, "fwk": 0, "fw": 0, "tw": 0, "bbi": "1/21", "bbm": "1/21", "bwa": 21, "bwe": 5.25, "bwsr": 24}]}, {"type": "BOWLING_POSITION", "stats": [{"bl": null, "tt": "2nd position", "sp": "2020-2021", "mt": 4, "in": 4, "pr": "bowling_positionval1=bowling_position;bowling_positionmin1=2;bowling_positionmax1=2", "ov": 14, "cd": 134, "md": 0, "wk": 6, "fwk": 0, "fw": 0, "tw": 0, "bbi": "3/54", "bbm": "3/54", "bwa": 22.33, "bwe": 9.57, "bwsr": 14}, {"bl": null, "tt": "3rd position", "sp": "2020-2020", "mt": 4, "in": 4, "pr": "bowling_positionval1=bowling_position;bowling_positionmin1=3;bowling_positionmax1=3", "ov": 10.5, "cd": 107, "md": 0, "wk": 1, "fwk": 0, "fw": 0, "tw": 0, "bbi": "1/21", "bbm": "1/21", "bwa": 107, "bwe": 9.87, "bwsr": 65}, {"bl": null, "tt": "4th position", "sp": "2020-2020", "mt": 1, "in": 1, "pr": "bowling_positionval1=bowling_position;bowling_positionmin1=4;bowling_positionmax1=4", "ov": 4, "cd": 41, "md": 0, "wk": 2, "fwk": 0, "fw": 0, "tw": 0, "bbi": "2/41", "bbm": "2/41", "bwa": 20.5, "bwe": 10.25, "bwsr": 12}]}]}}