{"summary": {"recordClassId": 2, "type": "ALLROUND", "groups": [{"type": "CAREER_AVERAGES", "stats": [{"tt": "overview", "sp": "2010-2020", "mt": 19, "pr": null, "rn": 10, "wk": 33, "ct": 3, "st": 0, "hs": "4*", "hn": 0, "bbi": "4/16", "bta": 5, "bwa": 24.84, "fw": 0, "bbad": -19.84}]}, {"type": "OPPOSITION_TEAM", "stats": [{"tt": "v Australia", "sp": "2011-2011", "mt": 1, "pr": "opposition=2", "rn": 0, "wk": 2, "ct": 0, "st": 0, "hs": "0*", "hn": 0, "bbi": "2/63", "bta": null, "bwa": 31.5, "fw": 0, "bbad": null}, {"tt": "v Bangladesh", "sp": "2010-2017", "mt": 4, "pr": "opposition=25", "rn": 0, "wk": 7, "ct": 1, "st": 0, "hs": "0*", "hn": 0, "bbi": "3/31", "bta": null, "bwa": 21.57, "fw": 0, "bbad": null}, {"tt": "v India", "sp": "2014-2020", "mt": 5, "pr": "opposition=6", "rn": 3, "wk": 9, "ct": 2, "st": 0, "hs": "3*", "hn": 0, "bbi": "4/64", "bta": null, "bwa": 34.11, "fw": 0, "bbad": null}, {"tt": "v Kenya", "sp": "2011-2011", "mt": 1, "pr": "opposition=26", "rn": null, "wk": 4, "ct": 0, "st": 0, "hs": null, "hn": null, "bbi": "4/16", "bta": null, "bwa": 4, "fw": 0, "bbad": null}, {"tt": "v Pakistan", "sp": "2011-2011", "mt": 6, "pr": "opposition=7", "rn": 7, "wk": 11, "ct": 0, "st": 0, "hs": "4*", "hn": 0, "bbi": "4/46", "bta": 7, "bwa": 20.9, "fw": 0, "bbad": -13.9}, {"tt": "v Sri Lanka", "sp": "2011-2011", "mt": 1, "pr": "opposition=8", "rn": 0, "wk": 0, "ct": 0, "st": 0, "hs": "0", "hn": 0, "bbi": "-", "bta": 0, "bwa": null, "fw": 0, "bbad": null}, {"tt": "v Zimbabwe", "sp": "2011-2011", "mt": 1, "pr": "opposition=9", "rn": null, "wk": 0, "ct": 0, "st": 0, "hs": null, "hn": null, "bbi": "-", "bta": null, "bwa": null, "fw": 0, "bbad": null}]}, {"type": "HOST_COUNTRY", "stats": [{"tt": "in Bangladesh", "sp": "2010-2010", "mt": 2, "pr": "host=25", "rn": 0, "wk": 3, "ct": 0, "st": 0, "hs": "0*", "hn": 0, "bbi": "3/44", "bta": null, "bwa": 24.33, "fw": 0, "bbad": null}, {"tt": "in India", "sp": "2011-2011", "mt": 4, "pr": "host=6", "rn": 0, "wk": 6, "ct": 0, "st": 0, "hs": "0*", "hn": 0, "bbi": "4/16", "bta": 0, "bwa": 22, "fw": 0, "bbad": -22}, {"tt": "in Ireland", "sp": "2017-2017", "mt": 2, "pr": "host=29", "rn": null, "wk": 4, "ct": 1, "st": 0, "hs": null, "hn": null, "bbi": "3/31", "bta": null, "bwa": 19.5, "fw": 0, "bbad": null}, {"tt": "in New Zealand", "sp": "2011-2020", "mt": 11, "pr": "host=5", "rn": 10, "wk": 20, "ct": 2, "st": 0, "hs": "4*", "hn": 0, "bbi": "4/46", "bta": 10, "bwa": 26.85, "fw": 0, "bbad": -16.85}]}, {"type": "CONTINENT", "stats": [{"tt": "in Asia", "sp": "2010-2011", "mt": 6, "pr": "continent=2", "rn": 0, "wk": 9, "ct": 0, "st": 0, "hs": "0*", "hn": 0, "bbi": "4/16", "bta": 0, "bwa": 22.77, "fw": 0, "bbad": -22.77}, {"tt": "in Europe", "sp": "2017-2017", "mt": 2, "pr": "continent=4", "rn": null, "wk": 4, "ct": 1, "st": 0, "hs": null, "hn": null, "bbi": "3/31", "bta": null, "bwa": 19.5, "fw": 0, "bbad": null}, {"tt": "in Oceania", "sp": "2011-2020", "mt": 11, "pr": "continent=5", "rn": 10, "wk": 20, "ct": 2, "st": 0, "hs": "4*", "hn": 0, "bbi": "4/46", "bta": 10, "bwa": 26.85, "fw": 0, "bbad": -16.85}]}, {"type": "HOME_OR_AWAY", "stats": [{"tt": "home", "sp": "2011-2020", "mt": 11, "pr": "home_or_away=1", "rn": 10, "wk": 20, "ct": 2, "st": 0, "hs": "4*", "hn": 0, "bbi": "4/46", "bta": 10, "bwa": 26.85, "fw": 0, "bbad": -16.85}, {"tt": "away", "sp": "2010-2010", "mt": 2, "pr": "home_or_away=2", "rn": 0, "wk": 3, "ct": 0, "st": 0, "hs": "0*", "hn": 0, "bbi": "3/44", "bta": null, "bwa": 24.33, "fw": 0, "bbad": null}, {"tt": "neutral", "sp": "2011-2017", "mt": 6, "pr": "home_or_away=3", "rn": 0, "wk": 10, "ct": 1, "st": 0, "hs": "0*", "hn": 0, "bbi": "4/16", "bta": 0, "bwa": 21, "fw": 0, "bbad": -21}]}, {"type": "YEAR", "stats": [{"tt": "year 2010", "sp": null, "mt": 2, "pr": "year=2010", "rn": 0, "wk": 3, "ct": 0, "st": 0, "hs": "0*", "hn": 0, "bbi": "3/44", "bta": null, "bwa": 24.33, "fw": 0, "bbad": null}, {"tt": "year 2011", "sp": null, "mt": 10, "pr": "year=2011", "rn": 7, "wk": 17, "ct": 0, "st": 0, "hs": "4*", "hn": 0, "bbi": "4/16", "bta": 3.5, "bwa": 21.29, "fw": 0, "bbad": -17.79}, {"tt": "year 2014", "sp": null, "mt": 2, "pr": "year=2014", "rn": 3, "wk": 3, "ct": 2, "st": 0, "hs": "3*", "hn": 0, "bbi": "2/41", "bta": null, "bwa": 36, "fw": 0, "bbad": null}, {"tt": "year 2017", "sp": null, "mt": 2, "pr": "year=2017", "rn": null, "wk": 4, "ct": 1, "st": 0, "hs": null, "hn": null, "bbi": "3/31", "bta": null, "bwa": 19.5, "fw": 0, "bbad": null}, {"tt": "year 2020", "sp": null, "mt": 3, "pr": "year=2020", "rn": null, "wk": 6, "ct": 0, "st": 0, "hs": null, "hn": null, "bbi": "4/64", "bta": null, "bwa": 33.16, "fw": 0, "bbad": null}]}, {"type": "SEASON", "stats": [{"tt": "season 2010/11", "sp": null, "mt": 12, "pr": "season=2010/11", "rn": 7, "wk": 20, "ct": 0, "st": 0, "hs": "4*", "hn": 0, "bbi": "4/16", "bta": 3.5, "bwa": 21.75, "fw": 0, "bbad": -18.25}, {"tt": "season 2013/14", "sp": null, "mt": 2, "pr": "season=2013/14", "rn": 3, "wk": 3, "ct": 2, "st": 0, "hs": "3*", "hn": 0, "bbi": "2/41", "bta": null, "bwa": 36, "fw": 0, "bbad": null}, {"tt": "season 2017", "sp": null, "mt": 2, "pr": "season=2017", "rn": null, "wk": 4, "ct": 1, "st": 0, "hs": null, "hn": null, "bbi": "3/31", "bta": null, "bwa": 19.5, "fw": 0, "bbad": null}, {"tt": "season 2019/20", "sp": null, "mt": 3, "pr": "season=2019/20", "rn": null, "wk": 6, "ct": 0, "st": 0, "hs": null, "hn": null, "bbi": "4/64", "bta": null, "bwa": 33.16, "fw": 0, "bbad": null}]}, {"type": "CAPTAINS_INVOLVED", "stats": [{"tt": "*TWM Latham", "sp": "2017-2020", "mt": 4, "pr": "captain_involve=59148", "rn": null, "wk": 6, "ct": 1, "st": 0, "hs": null, "hn": null, "bbi": "3/31", "bta": null, "bwa": 35.5, "fw": 0, "bbad": null}, {"tt": "*BB McCullum", "sp": "2014-2014", "mt": 2, "pr": "captain_involve=10384", "rn": 3, "wk": 3, "ct": 2, "st": 0, "hs": "3*", "hn": 0, "bbi": "2/41", "bta": null, "bwa": 36, "fw": 0, "bbad": null}, {"tt": "*LRPL Taylor", "sp": "2011-2011", "mt": 4, "pr": "captain_involve=44930", "rn": 7, "wk": 6, "ct": 0, "st": 0, "hs": "4*", "hn": 0, "bbi": "4/46", "bta": 3.5, "bwa": 28.66, "fw": 0, "bbad": -25.16}, {"tt": "*DL Vettori", "sp": "2010-2011", "mt": 8, "pr": "captain_involve=4380", "rn": 0, "wk": 14, "ct": 0, "st": 0, "hs": "0*", "hn": 0, "bbi": "4/16", "bta": null, "bwa": 18.78, "fw": 0, "bbad": null}, {"tt": "*KS Williamson", "sp": "2020-2020", "mt": 1, "pr": "captain_involve=51088", "rn": null, "wk": 4, "ct": 0, "st": 0, "hs": null, "hn": null, "bbi": "4/64", "bta": null, "bwa": 16, "fw": 0, "bbad": null}]}, {"type": "CAPTAIN", "stats": [{"tt": "is not captain", "sp": "2010-2020", "mt": 19, "pr": "captain=0", "rn": 10, "wk": 33, "ct": 3, "st": 0, "hs": "4*", "hn": 0, "bbi": "4/16", "bta": 5, "bwa": 24.84, "fw": 0, "bbad": -19.84}]}, {"type": "KEEPER", "stats": [{"tt": "is not keeper", "sp": "2010-2020", "mt": 19, "pr": "keeper=0", "rn": 10, "wk": 33, "ct": 3, "st": 0, "hs": "4*", "hn": 0, "bbi": "4/16", "bta": 5, "bwa": 24.84, "fw": 0, "bbad": -19.84}]}, {"type": "TOSS", "stats": [{"tt": "won the toss", "sp": "2010-2020", "mt": 8, "pr": "toss=1", "rn": 7, "wk": 14, "ct": 0, "st": 0, "hs": "4*", "hn": 0, "bbi": "4/64", "bta": 7, "bwa": 26.71, "fw": 0, "bbad": -19.71}, {"tt": "lost the toss", "sp": "2010-2020", "mt": 11, "pr": "toss=2", "rn": 3, "wk": 19, "ct": 3, "st": 0, "hs": "3*", "hn": 0, "bbi": "4/16", "bta": 3, "bwa": 23.47, "fw": 0, "bbad": -20.47}]}, {"type": "BATTING_FIELDING_SEQUENCE_AND_TOSS", "stats": [{"tt": "won toss &amp; batted", "sp": "2011-2011", "mt": 1, "pr": "batting_fielding_first=1;toss=1", "rn": null, "wk": 2, "ct": 0, "st": 0, "hs": null, "hn": null, "bbi": "2/48", "bta": null, "bwa": 24, "fw": 0, "bbad": null}, {"tt": "won toss &amp; fielded", "sp": "2010-2020", "mt": 7, "pr": "batting_fielding_first=2;toss=1", "rn": 7, "wk": 12, "ct": 0, "st": 0, "hs": "4*", "hn": 0, "bbi": "4/64", "bta": 7, "bwa": 27.16, "fw": 0, "bbad": -20.16}, {"tt": "lost toss &amp; sent in", "sp": "2011-2020", "mt": 5, "pr": "batting_fielding_first=1;toss=2", "rn": 3, "wk": 11, "ct": 2, "st": 0, "hs": "3*", "hn": 0, "bbi": "4/46", "bta": null, "bwa": 23.18, "fw": 0, "bbad": null}, {"tt": "lost toss &amp; fielded", "sp": "2010-2014", "mt": 6, "pr": "batting_fielding_first=2;toss=2", "rn": 0, "wk": 8, "ct": 1, "st": 0, "hs": "0*", "hn": 0, "bbi": "4/16", "bta": 0, "bwa": 23.87, "fw": 0, "bbad": -23.87}]}, {"type": "BATTING_FIELDING_SEQUENCE", "stats": [{"tt": "matches batting first", "sp": "2011-2020", "mt": 6, "pr": "batting_fielding_first=1", "rn": 3, "wk": 13, "ct": 2, "st": 0, "hs": "3*", "hn": 0, "bbi": "4/46", "bta": null, "bwa": 23.3, "fw": 0, "bbad": null}, {"tt": "matches fielding first", "sp": "2010-2020", "mt": 13, "pr": "batting_fielding_first=2", "rn": 7, "wk": 20, "ct": 1, "st": 0, "hs": "4*", "hn": 0, "bbi": "4/16", "bta": 3.5, "bwa": 25.85, "fw": 0, "bbad": -22.35}]}, {"type": "TEAM_INNINGS", "stats": [{"tt": "1st team innings", "sp": "2010-2020", "mt": 19, "pr": "innings_number=1;innings_number=2", "rn": 10, "wk": 33, "ct": 3, "st": 0, "hs": "4*", "hn": 0, "bbi": "4/16", "bta": 5, "bwa": 24.84, "fw": 0, "bbad": -19.84}]}, {"type": "MATCH_INNINGS", "stats": [{"tt": "1st match innings", "sp": "2010-2020", "mt": 19, "pr": "innings_number=1", "rn": 3, "wk": 20, "ct": 1, "st": 0, "hs": "3*", "hn": 0, "bbi": "4/16", "bta": null, "bwa": 25.85, "fw": 0, "bbad": null}, {"tt": "2nd match innings", "sp": "2010-2020", "mt": 18, "pr": "innings_number=2", "rn": 7, "wk": 13, "ct": 2, "st": 0, "hs": "4*", "hn": 0, "bbi": "4/46", "bta": 3.5, "bwa": 23.3, "fw": 0, "bbad": -19.8}]}, {"type": "FLOODLIT", "stats": [{"tt": "day match", "sp": "2010-2017", "mt": 9, "pr": "floodlit=1", "rn": 0, "wk": 17, "ct": 1, "st": 0, "hs": "0*", "hn": 0, "bbi": "4/16", "bta": null, "bwa": 18.41, "fw": 0, "bbad": null}, {"tt": "day/night match", "sp": "2011-2020", "mt": 10, "pr": "floodlit=2", "rn": 10, "wk": 16, "ct": 2, "st": 0, "hs": "4*", "hn": 0, "bbi": "4/64", "bta": 5, "bwa": 31.68, "fw": 0, "bbad": -26.68}]}, {"type": "RESULT", "stats": [{"tt": "won match", "sp": "2011-2020", "mt": 9, "pr": "result=1", "rn": null, "wk": 21, "ct": 1, "st": 0, "hs": null, "hn": null, "bbi": "4/16", "bta": null, "bwa": 20.09, "fw": 0, "bbad": null}, {"tt": "lost match", "sp": "2010-2017", "mt": 8, "pr": "result=2", "rn": 7, "wk": 10, "ct": 1, "st": 0, "hs": "4*", "hn": 0, "bbi": "3/44", "bta": 3.5, "bwa": 35.7, "fw": 0, "bbad": -32.2}, {"tt": "tied match", "sp": "2014-2014", "mt": 1, "pr": "result=3", "rn": 3, "wk": 2, "ct": 1, "st": 0, "hs": "3*", "hn": 0, "bbi": "2/41", "bta": null, "bwa": 20.5, "fw": 0, "bbad": null}, {"tt": "no result", "sp": "2011-2011", "mt": 1, "pr": "result=5", "rn": null, "wk": null, "ct": 0, "st": 0, "hs": null, "hn": null, "bbi": null, "bta": null, "bwa": null, "fw": null, "bbad": null}]}, {"type": "BATTING_FIELDING_SEQUENCE_AND_RESULT", "stats": [{"tt": "won batting first", "sp": "2011-2020", "mt": 2, "pr": "batting_fielding_first=1;result=1", "rn": null, "wk": 6, "ct": 0, "st": 0, "hs": null, "hn": null, "bbi": "4/46", "bta": null, "bwa": 17.33, "fw": 0, "bbad": null}, {"tt": "won fielding first", "sp": "2011-2020", "mt": 7, "pr": "batting_fielding_first=2;result=1", "rn": null, "wk": 15, "ct": 1, "st": 0, "hs": null, "hn": null, "bbi": "4/16", "bta": null, "bwa": 21.2, "fw": 0, "bbad": null}, {"tt": "lost batting first", "sp": "2011-2017", "mt": 3, "pr": "batting_fielding_first=1;result=2", "rn": 0, "wk": 5, "ct": 1, "st": 0, "hs": "0*", "hn": 0, "bbi": "2/48", "bta": null, "bwa": 31.6, "fw": 0, "bbad": null}, {"tt": "lost fielding first", "sp": "2010-2011", "mt": 5, "pr": "batting_fielding_first=2;result=2", "rn": 7, "wk": 5, "ct": 0, "st": 0, "hs": "4*", "hn": 0, "bbi": "3/44", "bta": 3.5, "bwa": 39.8, "fw": 0, "bbad": -36.3}, {"tt": "tied batting first", "sp": "2014-2014", "mt": 1, "pr": "batting_fielding_first=1;result=3", "rn": 3, "wk": 2, "ct": 1, "st": 0, "hs": "3*", "hn": 0, "bbi": "2/41", "bta": null, "bwa": 20.5, "fw": 0, "bbad": null}, {"tt": "no result fielding first", "sp": "2011-2011", "mt": 1, "pr": "batting_fielding_first=2;result=5", "rn": null, "wk": null, "ct": 0, "st": 0, "hs": null, "hn": null, "bbi": null, "bta": null, "bwa": null, "fw": null, "bbad": null}]}, {"type": "TOURNAMENT_TYPE", "stats": [{"tt": "2 team series", "sp": "2010-2020", "mt": 14, "pr": "tournament_type=2", "rn": 10, "wk": 25, "ct": 2, "st": 0, "hs": "4*", "hn": 0, "bbi": "4/46", "bta": 10, "bwa": 26.92, "fw": 0, "bbad": -16.92}, {"tt": "3-4 team tournaments", "sp": "2017-2017", "mt": 2, "pr": "tournament_type=3", "rn": null, "wk": 4, "ct": 1, "st": 0, "hs": null, "hn": null, "bbi": "3/31", "bta": null, "bwa": 19.5, "fw": 0, "bbad": null}, {"tt": "5+ team tournaments", "sp": "2011-2011", "mt": 4, "pr": "tournament_type=5", "rn": 0, "wk": 6, "ct": 0, "st": 0, "hs": "0*", "hn": 0, "bbi": "4/16", "bta": 0, "bwa": 22, "fw": 0, "bbad": -22}]}, {"type": "MATCH_NUMBER", "stats": [{"tt": "only match in series", "sp": "2011-2011", "mt": 1, "pr": "match_number=0", "rn": 0, "wk": 2, "ct": 0, "st": 0, "hs": "0*", "hn": 0, "bbi": "2/63", "bta": null, "bwa": 31.5, "fw": 0, "bbad": null}, {"tt": "1st match in series", "sp": "2011-2020", "mt": 2, "pr": "match_number=1", "rn": null, "wk": 3, "ct": 0, "st": 0, "hs": null, "hn": null, "bbi": "3/26", "bta": null, "bwa": 34.33, "fw": 0, "bbad": null}, {"tt": "2nd match in series", "sp": "2011-2020", "mt": 2, "pr": "match_number=2", "rn": null, "wk": 2, "ct": 0, "st": 0, "hs": null, "hn": null, "bbi": "2/58", "bta": null, "bwa": 29, "fw": 0, "bbad": null}, {"tt": "3rd match in series", "sp": "2011-2020", "mt": 3, "pr": "match_number=3", "rn": 7, "wk": 8, "ct": 1, "st": 0, "hs": "4*", "hn": 0, "bbi": "4/64", "bta": null, "bwa": 19.87, "fw": 0, "bbad": null}, {"tt": "4th match in series", "sp": "2010-2014", "mt": 3, "pr": "match_number=4", "rn": 0, "wk": 6, "ct": 1, "st": 0, "hs": "0*", "hn": 0, "bbi": "3/44", "bta": null, "bwa": 26.5, "fw": 0, "bbad": null}, {"tt": "5th match in series", "sp": "2010-2011", "mt": 2, "pr": "match_number=5", "rn": 3, "wk": 0, "ct": 0, "st": 0, "hs": "3", "hn": 0, "bbi": "-", "bta": 3, "bwa": null, "fw": 0, "bbad": null}, {"tt": "6th match in series", "sp": "2011-2011", "mt": 1, "pr": "match_number=6", "rn": null, "wk": 4, "ct": 0, "st": 0, "hs": null, "hn": null, "bbi": "4/46", "bta": null, "bwa": 11.5, "fw": 0, "bbad": null}]}, {"type": "MAJOR_TROPHY", "stats": [{"tt": "World Cup", "sp": "2011-2011", "mt": 4, "pr": "trophy=12", "rn": 0, "wk": 6, "ct": 0, "st": 0, "hs": "0*", "hn": 0, "bbi": "4/16", "bta": 0, "bwa": 22, "fw": 0, "bbad": -22}, {"tt": "Chappell-Hadlee", "sp": "2011-2011", "mt": 1, "pr": "trophy=65", "rn": 0, "wk": 2, "ct": 0, "st": 0, "hs": "0*", "hn": 0, "bbi": "2/63", "bta": null, "bwa": 31.5, "fw": 0, "bbad": null}]}]}}