{"summary": {"recordClassId": 2, "type": "BOWLING", "groups": [{"type": "CAREER_AVERAGES", "stats": [{"bl": null, "tt": "overview", "sp": "2010-2020", "mt": 19, "in": 18, "pr": null, "ov": 148.4, "cd": 820, "md": 5, "wk": 33, "fwk": 3, "fw": 0, "tw": 0, "bbi": "4/16", "bbm": "4/16", "bwa": 24.84, "bwe": 5.51, "bwsr": 27}]}, {"type": "OPPOSITION_TEAM", "stats": [{"bl": null, "tt": "vs Australia", "sp": "2011-2011", "mt": 1, "in": 1, "pr": "opposition=2", "ov": 7, "cd": 63, "md": 0, "wk": 2, "fwk": 0, "fw": 0, "tw": 0, "bbi": "2/63", "bbm": "2/63", "bwa": 31.5, "bwe": 9, "bwsr": 21}, {"bl": null, "tt": "vs Bangladesh", "sp": "2010-2017", "mt": 4, "in": 4, "pr": "opposition=25", "ov": 35.2, "cd": 151, "md": 2, "wk": 7, "fwk": 0, "fw": 0, "tw": 0, "bbi": "3/31", "bbm": "3/31", "bwa": 21.57, "bwe": 4.27, "bwsr": 30.2}, {"bl": null, "tt": "vs India", "sp": "2014-2020", "mt": 5, "in": 5, "pr": "opposition=6", "ov": 48, "cd": 307, "md": 3, "wk": 9, "fwk": 1, "fw": 0, "tw": 0, "bbi": "4/64", "bbm": "4/64", "bwa": 34.11, "bwe": 6.39, "bwsr": 32}, {"bl": null, "tt": "vs Kenya", "sp": "2011-2011", "mt": 1, "in": 1, "pr": "opposition=26", "ov": 5, "cd": 16, "md": 0, "wk": 4, "fwk": 1, "fw": 0, "tw": 0, "bbi": "4/16", "bbm": "4/16", "bwa": 4, "bwe": 3.2, "bwsr": 7.5}, {"bl": null, "tt": "vs Pakistan", "sp": "2011-2011", "mt": 6, "in": 5, "pr": "opposition=7", "ov": 41.1, "cd": 230, "md": 0, "wk": 11, "fwk": 1, "fw": 0, "tw": 0, "bbi": "4/46", "bbm": "4/46", "bwa": 20.9, "bwe": 5.58, "bwsr": 22.4}, {"bl": null, "tt": "vs Sri Lanka", "sp": "2011-2011", "mt": 1, "in": 1, "pr": "opposition=8", "ov": 4.1, "cd": 16, "md": 0, "wk": 0, "fwk": 0, "fw": 0, "tw": 0, "bbi": null, "bbm": null, "bwa": null, "bwe": 3.84, "bwsr": null}, {"bl": null, "tt": "vs Zimbabwe", "sp": "2011-2011", "mt": 1, "in": 1, "pr": "opposition=9", "ov": 8, "cd": 37, "md": 0, "wk": 0, "fwk": 0, "fw": 0, "tw": 0, "bbi": null, "bbm": null, "bwa": null, "bwe": 4.62, "bwsr": null}]}, {"type": "HOST_COUNTRY", "stats": [{"bl": null, "tt": "in Bangladesh", "sp": "2010-2010", "mt": 2, "in": 2, "pr": "host=25", "ov": 16, "cd": 73, "md": 1, "wk": 3, "fwk": 0, "fw": 0, "tw": 0, "bbi": "3/44", "bbm": "3/44", "bwa": 24.33, "bwe": 4.56, "bwsr": 32}, {"bl": null, "tt": "in India", "sp": "2011-2011", "mt": 4, "in": 4, "pr": "host=6", "ov": 24.1, "cd": 132, "md": 0, "wk": 6, "fwk": 1, "fw": 0, "tw": 0, "bbi": "4/16", "bbm": "4/16", "bwa": 22, "bwe": 5.46, "bwsr": 24.1}, {"bl": null, "tt": "in Ireland", "sp": "2017-2017", "mt": 2, "in": 2, "pr": "host=29", "ov": 19.2, "cd": 78, "md": 1, "wk": 4, "fwk": 0, "fw": 0, "tw": 0, "bbi": "3/31", "bbm": "3/31", "bwa": 19.5, "bwe": 4.03, "bwsr": 29}, {"bl": null, "tt": "in New Zealand", "sp": "2011-2020", "mt": 11, "in": 10, "pr": "host=5", "ov": 89.1, "cd": 537, "md": 3, "wk": 20, "fwk": 2, "fw": 0, "tw": 0, "bbi": "4/46", "bbm": "4/46", "bwa": 26.85, "bwe": 6.02, "bwsr": 26.7}]}, {"type": "CONTINENT", "stats": [{"bl": null, "tt": "in Asia", "sp": "2010-2011", "mt": 6, "in": 6, "pr": "continent=2", "ov": 40.1, "cd": 205, "md": 1, "wk": 9, "fwk": 1, "fw": 0, "tw": 0, "bbi": "4/16", "bbm": "4/16", "bwa": 22.77, "bwe": 5.1, "bwsr": 26.7}, {"bl": null, "tt": "in Europe", "sp": "2017-2017", "mt": 2, "in": 2, "pr": "continent=4", "ov": 19.2, "cd": 78, "md": 1, "wk": 4, "fwk": 0, "fw": 0, "tw": 0, "bbi": "3/31", "bbm": "3/31", "bwa": 19.5, "bwe": 4.03, "bwsr": 29}, {"bl": null, "tt": "in Oceania", "sp": "2011-2020", "mt": 11, "in": 10, "pr": "continent=5", "ov": 89.1, "cd": 537, "md": 3, "wk": 20, "fwk": 2, "fw": 0, "tw": 0, "bbi": "4/46", "bbm": "4/46", "bwa": 26.85, "bwe": 6.02, "bwsr": 26.7}]}, {"type": "HOME_OR_AWAY", "stats": [{"bl": null, "tt": "home", "sp": "2011-2020", "mt": 11, "in": 10, "pr": "home_or_away=1", "ov": 89.1, "cd": 537, "md": 3, "wk": 20, "fwk": 2, "fw": 0, "tw": 0, "bbi": "4/46", "bbm": "4/46", "bwa": 26.85, "bwe": 6.02, "bwsr": 26.7}, {"bl": null, "tt": "away", "sp": "2010-2010", "mt": 2, "in": 2, "pr": "home_or_away=2", "ov": 16, "cd": 73, "md": 1, "wk": 3, "fwk": 0, "fw": 0, "tw": 0, "bbi": "3/44", "bbm": "3/44", "bwa": 24.33, "bwe": 4.56, "bwsr": 32}, {"bl": null, "tt": "neutral", "sp": "2011-2017", "mt": 6, "in": 6, "pr": "home_or_away=3", "ov": 43.3, "cd": 210, "md": 1, "wk": 10, "fwk": 1, "fw": 0, "tw": 0, "bbi": "4/16", "bbm": "4/16", "bwa": 21, "bwe": 4.82, "bwsr": 26.1}]}, {"type": "YEAR", "stats": [{"bl": null, "tt": "year 2010", "sp": null, "mt": 2, "in": 2, "pr": "year=2010", "ov": 16, "cd": 73, "md": 1, "wk": 3, "fwk": 0, "fw": 0, "tw": 0, "bbi": "3/44", "bbm": "3/44", "bwa": 24.33, "bwe": 4.56, "bwsr": 32}, {"bl": null, "tt": "year 2011", "sp": null, "mt": 10, "in": 9, "pr": "year=2011", "ov": 65.2, "cd": 362, "md": 0, "wk": 17, "fwk": 2, "fw": 0, "tw": 0, "bbi": "4/16", "bbm": "4/16", "bwa": 21.29, "bwe": 5.54, "bwsr": 23}, {"bl": null, "tt": "year 2014", "sp": null, "mt": 2, "in": 2, "pr": "year=2014", "ov": 19, "cd": 108, "md": 2, "wk": 3, "fwk": 0, "fw": 0, "tw": 0, "bbi": "2/41", "bbm": "2/41", "bwa": 36, "bwe": 5.68, "bwsr": 38}, {"bl": null, "tt": "year 2017", "sp": null, "mt": 2, "in": 2, "pr": "year=2017", "ov": 19.2, "cd": 78, "md": 1, "wk": 4, "fwk": 0, "fw": 0, "tw": 0, "bbi": "3/31", "bbm": "3/31", "bwa": 19.5, "bwe": 4.03, "bwsr": 29}, {"bl": null, "tt": "year 2020", "sp": null, "mt": 3, "in": 3, "pr": "year=2020", "ov": 29, "cd": 199, "md": 1, "wk": 6, "fwk": 1, "fw": 0, "tw": 0, "bbi": "4/64", "bbm": "4/64", "bwa": 33.16, "bwe": 6.86, "bwsr": 29}]}, {"type": "SEASON", "stats": [{"bl": null, "tt": "season 2010/11", "sp": null, "mt": 12, "in": 11, "pr": "season=2010/11", "ov": 81.2, "cd": 435, "md": 1, "wk": 20, "fwk": 2, "fw": 0, "tw": 0, "bbi": "4/16", "bbm": "4/16", "bwa": 21.75, "bwe": 5.34, "bwsr": 24.4}, {"bl": null, "tt": "season 2013/14", "sp": null, "mt": 2, "in": 2, "pr": "season=2013/14", "ov": 19, "cd": 108, "md": 2, "wk": 3, "fwk": 0, "fw": 0, "tw": 0, "bbi": "2/41", "bbm": "2/41", "bwa": 36, "bwe": 5.68, "bwsr": 38}, {"bl": null, "tt": "season 2017", "sp": null, "mt": 2, "in": 2, "pr": "season=2017", "ov": 19.2, "cd": 78, "md": 1, "wk": 4, "fwk": 0, "fw": 0, "tw": 0, "bbi": "3/31", "bbm": "3/31", "bwa": 19.5, "bwe": 4.03, "bwsr": 29}, {"bl": null, "tt": "season 2019/20", "sp": null, "mt": 3, "in": 3, "pr": "season=2019/20", "ov": 29, "cd": 199, "md": 1, "wk": 6, "fwk": 1, "fw": 0, "tw": 0, "bbi": "4/64", "bbm": "4/64", "bwa": 33.16, "bwe": 6.86, "bwsr": 29}]}, {"type": "CAPTAINS_INVOLVED", "stats": [{"bl": null, "tt": "*TWM Latham", "sp": "2017-2020", "mt": 4, "in": 4, "pr": "captain_involve=59148", "ov": 38.2, "cd": 213, "md": 1, "wk": 6, "fwk": 0, "fw": 0, "tw": 0, "bbi": "3/31", "bbm": "3/31", "bwa": 35.5, "bwe": 5.55, "bwsr": 38.3}, {"bl": null, "tt": "*BB McCullum", "sp": "2014-2014", "mt": 2, "in": 2, "pr": "captain_involve=10384", "ov": 19, "cd": 108, "md": 2, "wk": 3, "fwk": 0, "fw": 0, "tw": 0, "bbi": "2/41", "bbm": "2/41", "bwa": 36, "bwe": 5.68, "bwsr": 38}, {"bl": null, "tt": "*LRPL Taylor", "sp": "2011-2011", "mt": 4, "in": 4, "pr": "captain_involve=44930", "ov": 27.2, "cd": 172, "md": 0, "wk": 6, "fwk": 1, "fw": 0, "tw": 0, "bbi": "4/46", "bbm": "4/46", "bwa": 28.66, "bwe": 6.29, "bwsr": 27.3}, {"bl": null, "tt": "*DL Vettori", "sp": "2010-2011", "mt": 8, "in": 7, "pr": "captain_involve=4380", "ov": 54, "cd": 263, "md": 1, "wk": 14, "fwk": 1, "fw": 0, "tw": 0, "bbi": "4/16", "bbm": "4/16", "bwa": 18.78, "bwe": 4.87, "bwsr": 23.1}, {"bl": null, "tt": "*KS Williamson", "sp": "2020-2020", "mt": 1, "in": 1, "pr": "captain_involve=51088", "ov": 10, "cd": 64, "md": 1, "wk": 4, "fwk": 1, "fw": 0, "tw": 0, "bbi": "4/64", "bbm": "4/64", "bwa": 16, "bwe": 6.4, "bwsr": 15}]}, {"type": "CAPTAIN", "stats": [{"bl": null, "tt": "is not captain", "sp": "2010-2020", "mt": 19, "in": 18, "pr": "captain=0", "ov": 148.4, "cd": 820, "md": 5, "wk": 33, "fwk": 3, "fw": 0, "tw": 0, "bbi": "4/16", "bbm": "4/16", "bwa": 24.84, "bwe": 5.51, "bwsr": 27}]}, {"type": "KEEPER", "stats": [{"bl": null, "tt": "is not keeper", "sp": "2010-2020", "mt": 19, "in": 18, "pr": "keeper=0", "ov": 148.4, "cd": 820, "md": 5, "wk": 33, "fwk": 3, "fw": 0, "tw": 0, "bbi": "4/16", "bbm": "4/16", "bwa": 24.84, "bwe": 5.51, "bwsr": 27}]}, {"type": "TOSS", "stats": [{"bl": null, "tt": "won the toss", "sp": "2010-2020", "mt": 8, "in": 7, "pr": "toss=1", "ov": 63, "cd": 374, "md": 2, "wk": 14, "fwk": 1, "fw": 0, "tw": 0, "bbi": "4/64", "bbm": "4/64", "bwa": 26.71, "bwe": 5.93, "bwsr": 27}, {"bl": null, "tt": "lost the toss", "sp": "2010-2020", "mt": 11, "in": 11, "pr": "toss=2", "ov": 85.4, "cd": 446, "md": 3, "wk": 19, "fwk": 2, "fw": 0, "tw": 0, "bbi": "4/16", "bbm": "4/16", "bwa": 23.47, "bwe": 5.2, "bwsr": 27}]}, {"type": "BATTING_FIELDING_SEQUENCE_AND_TOSS", "stats": [{"bl": null, "tt": "won toss &amp; batted", "sp": "2011-2011", "mt": 1, "in": 1, "pr": "batting_fielding_first=1;toss=1", "ov": 10, "cd": 48, "md": 0, "wk": 2, "fwk": 0, "fw": 0, "tw": 0, "bbi": "2/48", "bbm": "2/48", "bwa": 24, "bwe": 4.8, "bwsr": 30}, {"bl": null, "tt": "won toss &amp; fielded", "sp": "2010-2020", "mt": 7, "in": 6, "pr": "batting_fielding_first=2;toss=1", "ov": 53, "cd": 326, "md": 2, "wk": 12, "fwk": 1, "fw": 0, "tw": 0, "bbi": "4/64", "bbm": "4/64", "bwa": 27.16, "bwe": 6.15, "bwsr": 26.5}, {"bl": null, "tt": "lost toss &amp; sent in", "sp": "2011-2020", "mt": 5, "in": 5, "pr": "batting_fielding_first=1;toss=2", "ov": 43.3, "cd": 255, "md": 2, "wk": 11, "fwk": 1, "fw": 0, "tw": 0, "bbi": "4/46", "bbm": "4/46", "bwa": 23.18, "bwe": 5.86, "bwsr": 23.7}, {"bl": null, "tt": "lost toss &amp; fielded", "sp": "2010-2014", "mt": 6, "in": 6, "pr": "batting_fielding_first=2;toss=2", "ov": 42.1, "cd": 191, "md": 1, "wk": 8, "fwk": 1, "fw": 0, "tw": 0, "bbi": "4/16", "bbm": "4/16", "bwa": 23.87, "bwe": 4.52, "bwsr": 31.6}]}, {"type": "BATTING_FIELDING_SEQUENCE", "stats": [{"bl": null, "tt": "matches batting first", "sp": "2011-2020", "mt": 6, "in": 6, "pr": "batting_fielding_first=1", "ov": 53.3, "cd": 303, "md": 2, "wk": 13, "fwk": 1, "fw": 0, "tw": 0, "bbi": "4/46", "bbm": "4/46", "bwa": 23.3, "bwe": 5.66, "bwsr": 24.6}, {"bl": null, "tt": "matches fielding first", "sp": "2010-2020", "mt": 13, "in": 12, "pr": "batting_fielding_first=2", "ov": 95.1, "cd": 517, "md": 3, "wk": 20, "fwk": 2, "fw": 0, "tw": 0, "bbi": "4/16", "bbm": "4/16", "bwa": 25.85, "bwe": 5.43, "bwsr": 28.5}]}, {"type": "TEAM_INNINGS", "stats": [{"bl": null, "tt": "1st team innings", "sp": "2010-2020", "mt": 19, "in": 18, "pr": "innings_number=1;innings_number=2", "ov": 148.4, "cd": 820, "md": 5, "wk": 33, "fwk": 3, "fw": 0, "tw": 0, "bbi": "4/16", "bbm": "4/16", "bwa": 24.84, "bwe": 5.51, "bwsr": 27}]}, {"type": "MATCH_INNINGS", "stats": [{"bl": null, "tt": "1st match innings", "sp": "2010-2020", "mt": 13, "in": 12, "pr": "innings_number=1", "ov": 95.1, "cd": 517, "md": 3, "wk": 20, "fwk": 2, "fw": 0, "tw": 0, "bbi": "4/16", "bbm": "4/16", "bwa": 25.85, "bwe": 5.43, "bwsr": 28.5}, {"bl": null, "tt": "2nd match innings", "sp": "2011-2020", "mt": 6, "in": 6, "pr": "innings_number=2", "ov": 53.3, "cd": 303, "md": 2, "wk": 13, "fwk": 1, "fw": 0, "tw": 0, "bbi": "4/46", "bbm": "4/46", "bwa": 23.3, "bwe": 5.66, "bwsr": 24.6}]}, {"type": "FLOODLIT", "stats": [{"bl": null, "tt": "day match", "sp": "2010-2017", "mt": 9, "in": 8, "pr": "floodlit=1", "ov": 63.3, "cd": 313, "md": 2, "wk": 17, "fwk": 2, "fw": 0, "tw": 0, "bbi": "4/16", "bbm": "4/16", "bwa": 18.41, "bwe": 4.92, "bwsr": 22.4}, {"bl": null, "tt": "day/night match", "sp": "2011-2020", "mt": 10, "in": 10, "pr": "floodlit=2", "ov": 85.1, "cd": 507, "md": 3, "wk": 16, "fwk": 1, "fw": 0, "tw": 0, "bbi": "4/64", "bbm": "4/64", "bwa": 31.68, "bwe": 5.95, "bwsr": 31.9}]}, {"type": "RESULT", "stats": [{"bl": null, "tt": "won match", "sp": "2011-2020", "mt": 9, "in": 9, "pr": "result=1", "ov": 77.1, "cd": 422, "md": 2, "wk": 21, "fwk": 3, "fw": 0, "tw": 0, "bbi": "4/16", "bbm": "4/16", "bwa": 20.09, "bwe": 5.46, "bwsr": 22}, {"bl": null, "tt": "lost match", "sp": "2010-2017", "mt": 8, "in": 8, "pr": "result=2", "ov": 61.3, "cd": 357, "md": 1, "wk": 10, "fwk": 0, "fw": 0, "tw": 0, "bbi": "3/44", "bbm": "3/44", "bwa": 35.7, "bwe": 5.8, "bwsr": 36.9}, {"bl": null, "tt": "tied match", "sp": "2014-2014", "mt": 1, "in": 1, "pr": "result=3", "ov": 10, "cd": 41, "md": 2, "wk": 2, "fwk": 0, "fw": 0, "tw": 0, "bbi": "2/41", "bbm": "2/41", "bwa": 20.5, "bwe": 4.1, "bwsr": 30}, {"bl": null, "tt": "no result", "sp": "2011-2011", "mt": 1, "in": null, "pr": "result=5", "ov": null, "cd": null, "md": null, "wk": null, "fwk": null, "fw": null, "tw": null, "bbi": null, "bbm": null, "bwa": null, "bwe": null, "bwsr": null}]}, {"type": "BATTING_FIELDING_SEQUENCE_AND_RESULT", "stats": [{"bl": null, "tt": "won batting first", "sp": "2011-2020", "mt": 2, "in": 2, "pr": "batting_fielding_first=1;result=1", "ov": 17.1, "cd": 104, "md": 0, "wk": 6, "fwk": 1, "fw": 0, "tw": 0, "bbi": "4/46", "bbm": "4/46", "bwa": 17.33, "bwe": 6.05, "bwsr": 17.1}, {"bl": null, "tt": "won fielding first", "sp": "2011-2020", "mt": 7, "in": 7, "pr": "batting_fielding_first=2;result=1", "ov": 60, "cd": 318, "md": 2, "wk": 15, "fwk": 2, "fw": 0, "tw": 0, "bbi": "4/16", "bbm": "4/16", "bwa": 21.2, "bwe": 5.3, "bwsr": 24}, {"bl": null, "tt": "lost batting first", "sp": "2011-2017", "mt": 3, "in": 3, "pr": "batting_fielding_first=1;result=2", "ov": 26.2, "cd": 158, "md": 0, "wk": 5, "fwk": 0, "fw": 0, "tw": 0, "bbi": "2/48", "bbm": "2/48", "bwa": 31.6, "bwe": 6, "bwsr": 31.6}, {"bl": null, "tt": "lost fielding first", "sp": "2010-2011", "mt": 5, "in": 5, "pr": "batting_fielding_first=2;result=2", "ov": 35.1, "cd": 199, "md": 1, "wk": 5, "fwk": 0, "fw": 0, "tw": 0, "bbi": "3/44", "bbm": "3/44", "bwa": 39.8, "bwe": 5.65, "bwsr": 42.2}, {"bl": null, "tt": "tied batting first", "sp": "2014-2014", "mt": 1, "in": 1, "pr": "batting_fielding_first=1;result=3", "ov": 10, "cd": 41, "md": 2, "wk": 2, "fwk": 0, "fw": 0, "tw": 0, "bbi": "2/41", "bbm": "2/41", "bwa": 20.5, "bwe": 4.1, "bwsr": 30}, {"bl": null, "tt": "no result fielding first", "sp": "2011-2011", "mt": 1, "in": null, "pr": "batting_fielding_first=2;result=5", "ov": null, "cd": null, "md": null, "wk": null, "fwk": null, "fw": null, "tw": null, "bbi": null, "bbm": null, "bwa": null, "bwe": null, "bwsr": null}]}, {"type": "TOURNAMENT_TYPE", "stats": [{"bl": null, "tt": "2 team series", "sp": "2010-2020", "mt": 14, "in": 13, "pr": "tournament_type=2", "ov": 112.1, "cd": 673, "md": 4, "wk": 25, "fwk": 2, "fw": 0, "tw": 0, "bbi": "4/46", "bbm": "4/46", "bwa": 26.92, "bwe": 6, "bwsr": 26.9}, {"bl": null, "tt": "3-4 team tournaments", "sp": "2017-2017", "mt": 2, "in": 2, "pr": "tournament_type=3", "ov": 19.2, "cd": 78, "md": 1, "wk": 4, "fwk": 0, "fw": 0, "tw": 0, "bbi": "3/31", "bbm": "3/31", "bwa": 19.5, "bwe": 4.03, "bwsr": 29}, {"bl": null, "tt": "5+ team tournaments", "sp": "2011-2011", "mt": 4, "in": 4, "pr": "tournament_type=5", "ov": 24.1, "cd": 132, "md": 0, "wk": 6, "fwk": 1, "fw": 0, "tw": 0, "bbi": "4/16", "bbm": "4/16", "bwa": 22, "bwe": 5.46, "bwsr": 24.1}]}, {"type": "MATCH_NUMBER", "stats": [{"bl": null, "tt": "only match in series", "sp": "2011-2011", "mt": 1, "in": 1, "pr": "match_number=0", "ov": 7, "cd": 63, "md": 0, "wk": 2, "fwk": 0, "fw": 0, "tw": 0, "bbi": "2/63", "bbm": "2/63", "bwa": 31.5, "bwe": 9, "bwsr": 21}, {"bl": null, "tt": "1st match in series", "sp": "2011-2020", "mt": 2, "in": 2, "pr": "match_number=1", "ov": 18, "cd": 103, "md": 0, "wk": 3, "fwk": 0, "fw": 0, "tw": 0, "bbi": "3/26", "bbm": "3/26", "bwa": 34.33, "bwe": 5.72, "bwsr": 36}, {"bl": null, "tt": "2nd match in series", "sp": "2011-2020", "mt": 2, "in": 1, "pr": "match_number=2", "ov": 9, "cd": 58, "md": 0, "wk": 2, "fwk": 0, "fw": 0, "tw": 0, "bbi": "2/58", "bbm": "2/58", "bwa": 29, "bwe": 6.44, "bwsr": 27}, {"bl": null, "tt": "3rd match in series", "sp": "2011-2020", "mt": 3, "in": 3, "pr": "match_number=3", "ov": 27, "cd": 159, "md": 3, "wk": 8, "fwk": 1, "fw": 0, "tw": 0, "bbi": "4/64", "bbm": "4/64", "bwa": 19.87, "bwe": 5.88, "bwsr": 20.2}, {"bl": null, "tt": "4th match in series", "sp": "2010-2014", "mt": 3, "in": 3, "pr": "match_number=4", "ov": 27, "cd": 159, "md": 0, "wk": 6, "fwk": 0, "fw": 0, "tw": 0, "bbi": "3/44", "bbm": "3/44", "bwa": 26.5, "bwe": 5.88, "bwsr": 27}, {"bl": null, "tt": "5th match in series", "sp": "2010-2011", "mt": 2, "in": 2, "pr": "match_number=5", "ov": 16, "cd": 85, "md": 1, "wk": 0, "fwk": 0, "fw": 0, "tw": 0, "bbi": null, "bbm": null, "bwa": null, "bwe": 5.31, "bwsr": null}, {"bl": null, "tt": "6th match in series", "sp": "2011-2011", "mt": 1, "in": 1, "pr": "match_number=6", "ov": 8.1, "cd": 46, "md": 0, "wk": 4, "fwk": 1, "fw": 0, "tw": 0, "bbi": "4/46", "bbm": "4/46", "bwa": 11.5, "bwe": 5.63, "bwsr": 12.2}]}, {"type": "MAJOR_TROPHY", "stats": [{"bl": null, "tt": "World Cup", "sp": "2011-2011", "mt": 4, "in": 4, "pr": "trophy=12", "ov": 24.1, "cd": 132, "md": 0, "wk": 6, "fwk": 1, "fw": 0, "tw": 0, "bbi": "4/16", "bbm": "4/16", "bwa": 22, "bwe": 5.46, "bwsr": 24.1}, {"bl": null, "tt": "Chappell-Hadlee", "sp": "2011-2011", "mt": 1, "in": 1, "pr": "trophy=65", "ov": 7, "cd": 63, "md": 0, "wk": 2, "fwk": 0, "fw": 0, "tw": 0, "bbi": "2/63", "bbm": "2/63", "bwa": 31.5, "bwe": 9, "bwsr": 21}]}, {"type": "BOWLING_POSITION", "stats": [{"bl": null, "tt": "1st position", "sp": "2020-2020", "mt": 1, "in": 1, "pr": "bowling_positionval1=bowling_position;bowling_positionmin1=1;bowling_positionmax1=1", "ov": 9, "cd": 58, "md": 0, "wk": 2, "fwk": 0, "fw": 0, "tw": 0, "bbi": "2/58", "bbm": "2/58", "bwa": 29, "bwe": 6.44, "bwsr": 27}, {"bl": null, "tt": "2nd position", "sp": "2011-2020", "mt": 4, "in": 4, "pr": "bowling_positionval1=bowling_position;bowling_positionmin1=2;bowling_positionmax1=2", "ov": 38, "cd": 212, "md": 1, "wk": 5, "fwk": 0, "fw": 0, "tw": 0, "bbi": "3/31", "bbm": "3/31", "bwa": 42.4, "bwe": 5.57, "bwsr": 45.6}, {"bl": null, "tt": "3rd position", "sp": "2010-2020", "mt": 12, "in": 12, "pr": "bowling_positionval1=bowling_position;bowling_positionmin1=3;bowling_positionmax1=3", "ov": 93.4, "cd": 524, "md": 4, "wk": 23, "fwk": 3, "fw": 0, "tw": 0, "bbi": "4/16", "bbm": "4/16", "bwa": 22.78, "bwe": 5.59, "bwsr": 24.4}, {"bl": null, "tt": "4th position", "sp": "2011-2011", "mt": 1, "in": 1, "pr": "bowling_positionval1=bowling_position;bowling_positionmin1=4;bowling_positionmax1=4", "ov": 8, "cd": 26, "md": 0, "wk": 3, "fwk": 0, "fw": 0, "tw": 0, "bbi": "3/26", "bbm": "3/26", "bwa": 8.66, "bwe": 3.25, "bwsr": 16}]}]}}