{"player": {"id": 48928, "objectId": 226493, "name": "HK Bennett", "longName": "Hamish Bennett", "mobileName": "Bennett", "indexName": "Bennett, HK", "battingName": "HK Bennett", "fieldingName": "Bennett", "slug": "hamish-bennett", "gender": "M", "playingRole": "bowler", "battingStyles": ["lhb"], "bowlingStyles": ["rmf"], "longBattingStyles": ["left-hand bat"], "longBowlingStyles": ["right-arm medium-fast"], "image": {"id": 303641, "objectId": 1222439, "slug": "hamish-bennett-portrait", "url": "/db/PICTURES/CMS/303600/303641.png", "width": 160, "height": 201, "caption": "Hamish Bennett portrait", "longCaption": "Hamish Bennett, May 2020", "credit": "Getty Images", "photographer": null, "peerUrls": null}, "countryTeamId": 5, "playingRoleType": "P", "playingRoles": ["bowler"], "dateOfBirth": {"year": 1987, "month": 2, "date": 22}, "dateOfDeath": null, "fullName": "Hamish Kyle Bennett", "nickNames": "", "alsoKnownAs": "", "height": 0, "heightUnit": null, "education": "", "country": {"id": 5, "objectId": 5, "name": "New Zealand", "shortName": "New Zealand", "image": {"id": 313127, "objectId": 1241586, "slug": "new-zealand-logo", "url": "/db/PICTURES/CMS/313100/313127.logo.png", "width": 500, "height": 500, "caption": "New Zealand logo", "longCaption": "New Zealand logo", "credit": null, "photographer": null, "peerUrls": null}}, "altCountryTeamId": null, "placeOfBirth": "Timaru", "dobText": null, "dodText": null, "placeOfDeath": "", "intlCareerSpan": "2010 - 2021", "headshotImage": {"id": 321226, "objectId": 1262794, "slug": "hamish-bennett-player-page-headshot-cutout-2021", "url": "/db/PICTURES/CMS/321200/321226.png", "width": 600, "height": 436, "caption": "Hamish Bennett player page headshot cutout, 2021", "longCaption": "Hamish Bennett player page headshot cutout, 2021", "credit": "", "photographer": null, "peerUrls": {"FILM": null, "WIDE": null, "SQUARE": "/db/PICTURES/CMS/321200/321226.square.png"}}, "backgroundImage": {"id": 312730, "objectId": 1240476, "slug": "hamish-bennett-in-his-delivery-stride", "url": "/db/PICTURES/CMS/312700/312730.jpg", "width": 1400, "height": 933, "caption": "Hamish Bennett in his delivery stride", "longCaption": "Hamish Bennett in his delivery stride, New Zealand vs West Indies, 3rd T20I, Mount Maunganui, November 30, 2020", "credit": "AFP via Getty Images", "photographer": null, "peerUrls": {"FILM": "/db/PICTURES/CMS/312700/312730.jpg", "WIDE": "/db/PICTURES/CMS/312700/312730.6.jpg", "SQUARE": "/db/PICTURES/CMS/312700/312730.10.jpg"}}, "externalLinks": [], "fieldingStyles": [], "otherStyles": [], "matchPlayerTypes": [1], "hasRecords": true, "hasStats": true, "hasMatches": true, "totalStories": 40, "totalVideos": 4, "totalImages": 37}, "teams": [{"team": {"id": 5, "objectId": 5, "scribeId": 5, "slug": "new-zealand", "name": "New Zealand", "longName": "New Zealand", "abbreviation": "NZ", "isCountry": true, "primaryColor": "#000000", "image": {"id": 313127, "objectId": 1241586, "slug": "new-zealand-logo", "url": "/db/PICTURES/CMS/313100/313127.logo.png", "width": 500, "height": 500, "caption": "New Zealand logo", "longCaption": "New Zealand logo", "credit": null, "photographer": null, "peerUrls": null}}, "current": false}, {"team": {"id": 2520, "objectId": 2469, "scribeId": 2469, "slug": "canterbury", "name": "Canterbury", "longName": "Canterbury", "abbreviation": "CANT", "isCountry": false, "primaryColor": null, "image": {"id": 313330, "objectId": 1241789, "slug": "canterbury-logo", "url": "/db/PICTURES/CMS/313300/313330.logo.png", "width": 500, "height": 500, "caption": "Canterbury logo", "longCaption": "Canterbury logo", "credit": null, "photographer": null, "peerUrls": null}}, "current": false}, {"team": {"id": 2529, "objectId": 2478, "scribeId": 2478, "slug": "canterbury-under-19s", "name": "", "longName": "Canterbury Under-19s", "abbreviation": "", "isCountry": false, "primaryColor": null, "image": null}, "current": false}, {"team": {"id": 2591, "objectId": 2540, "scribeId": 2540, "slug": "new-zealand-a", "name": "NZ A", "longName": "New Zealand A", "abbreviation": "NZ-A", "isCountry": false, "primaryColor": null, "image": {"id": 313333, "objectId": 1241792, "slug": "new-zealand-a-logo", "url": "/db/PICTURES/CMS/313300/313333.logo.png", "width": 500, "height": 500, "caption": "New Zealand A logo", "longCaption": "New Zealand A logo", "credit": null, "photographer": null, "peerUrls": null}}, "current": false}, {"team": {"id": 2592, "objectId": 2541, "scribeId": 2541, "slug": "new-zealand-academy", "name": "", "longName": "New Zealand Academy", "abbreviation": "", "isCountry": false, "primaryColor": null, "image": null}, "current": false}, {"team": {"id": 2603, "objectId": 2552, "scribeId": 2552, "slug": "new-zealand-emerging-players", "name": "NZ Emerging", "longName": "New Zealand Emerging Players", "abbreviation": "", "isCountry": false, "primaryColor": null, "image": null}, "current": false}, {"team": {"id": 2611, "objectId": 2560, "scribeId": 2560, "slug": "new-zealand-under-19s-young-cricketers", "name": "NZ U19", "longName": "New Zealand Under-19s", "abbreviation": "NZ19", "isCountry": false, "primaryColor": null, "image": {"id": 313334, "objectId": 1241793, "slug": "new-zealand-under-19s-young-cricketers-logo", "url": "/db/PICTURES/CMS/313300/313334.logo.png", "width": 500, "height": 500, "caption": "New Zealand Under-19s (Young Cricketers) logo", "longCaption": "New Zealand Under-19s (Young Cricketers) logo", "credit": null, "photographer": null, "peerUrls": null}}, "current": false}, {"team": {"id": 2651, "objectId": 2600, "scribeId": 2600, "slug": "wellington", "name": "Wellington", "longName": "Wellington", "abbreviation": "WELL", "isCountry": false, "primaryColor": null, "image": {"id": 313338, "objectId": 1241797, "slug": "wellington-logo", "url": "/db/PICTURES/CMS/313300/313338.logo.png", "width": 500, "height": 500, "caption": "Wellington logo", "longCaption": "Wellington logo", "credit": null, "photographer": null, "peerUrls": null}}, "current": false}]}