{"summary": {"recordClassId": 3, "type": "ALLROUND", "groups": [{"type": "CAREER_AVERAGES", "stats": [{"tt": "overview", "sp": "2020-2021", "mt": 9, "pr": null, "rn": 1, "wk": 9, "ct": 0, "st": 0, "hs": "1*", "hn": 0, "bbi": "3/54", "bta": null, "bwa": 31.33, "fw": 0, "bbad": null}]}, {"type": "OPPOSITION_TEAM", "stats": [{"tt": "v Bangladesh", "sp": "2021-2021", "mt": 2, "pr": "opposition=25", "rn": null, "wk": 3, "ct": 0, "st": 0, "hs": null, "hn": null, "bbi": "2/31", "bta": null, "bwa": 17, "fw": 0, "bbad": null}, {"tt": "v India", "sp": "2020-2020", "mt": 5, "pr": "opposition=6", "rn": 1, "wk": 6, "ct": 0, "st": 0, "hs": "1*", "hn": 0, "bbi": "3/54", "bta": null, "bwa": 30.16, "fw": 0, "bbad": null}, {"tt": "v West Indies", "sp": "2020-2020", "mt": 2, "pr": "opposition=4", "rn": null, "wk": 0, "ct": 0, "st": 0, "hs": null, "hn": null, "bbi": "-", "bta": null, "bwa": null, "fw": 0, "bbad": null}]}, {"type": "HOST_COUNTRY", "stats": [{"tt": "in New Zealand", "sp": "2020-2021", "mt": 9, "pr": "host=5", "rn": 1, "wk": 9, "ct": 0, "st": 0, "hs": "1*", "hn": 0, "bbi": "3/54", "bta": null, "bwa": 31.33, "fw": 0, "bbad": null}]}, {"type": "CONTINENT", "stats": [{"tt": "in Oceania", "sp": "2020-2021", "mt": 9, "pr": "continent=5", "rn": 1, "wk": 9, "ct": 0, "st": 0, "hs": "1*", "hn": 0, "bbi": "3/54", "bta": null, "bwa": 31.33, "fw": 0, "bbad": null}]}, {"type": "HOME_OR_AWAY", "stats": [{"tt": "home", "sp": "2020-2021", "mt": 9, "pr": "home_or_away=1", "rn": 1, "wk": 9, "ct": 0, "st": 0, "hs": "1*", "hn": 0, "bbi": "3/54", "bta": null, "bwa": 31.33, "fw": 0, "bbad": null}]}, {"type": "YEAR", "stats": [{"tt": "year 2020", "sp": null, "mt": 7, "pr": "year=2020", "rn": 1, "wk": 6, "ct": 0, "st": 0, "hs": "1*", "hn": 0, "bbi": "3/54", "bta": null, "bwa": 38.5, "fw": 0, "bbad": null}, {"tt": "year 2021", "sp": null, "mt": 2, "pr": "year=2021", "rn": null, "wk": 3, "ct": 0, "st": 0, "hs": null, "hn": null, "bbi": "2/31", "bta": null, "bwa": 17, "fw": 0, "bbad": null}]}, {"type": "SEASON", "stats": [{"tt": "season 2019/20", "sp": null, "mt": 5, "pr": "season=2019/20", "rn": 1, "wk": 6, "ct": 0, "st": 0, "hs": "1*", "hn": 0, "bbi": "3/54", "bta": null, "bwa": 30.16, "fw": 0, "bbad": null}, {"tt": "season 2020/21", "sp": null, "mt": 4, "pr": "season=2020/21", "rn": null, "wk": 3, "ct": 0, "st": 0, "hs": null, "hn": null, "bbi": "2/31", "bta": null, "bwa": 33.66, "fw": 0, "bbad": null}]}, {"type": "CAPTAINS_INVOLVED", "stats": [{"tt": "*MJ Santner", "sp": "2020-2020", "mt": 1, "pr": "captain_involve=64864", "rn": null, "wk": 0, "ct": 0, "st": 0, "hs": null, "hn": null, "bbi": "-", "bta": null, "bwa": null, "fw": 0, "bbad": null}, {"tt": "*TG Southee", "sp": "2020-2021", "mt": 5, "pr": "captain_involve=49108", "rn": 1, "wk": 6, "ct": 0, "st": 0, "hs": "1*", "hn": 0, "bbi": "2/31", "bta": null, "bwa": 27.16, "fw": 0, "bbad": null}, {"tt": "*KS Williamson", "sp": "2020-2020", "mt": 3, "pr": "captain_involve=51088", "rn": null, "wk": 3, "ct": 0, "st": 0, "hs": null, "hn": null, "bbi": "3/54", "bta": null, "bwa": 39.66, "fw": 0, "bbad": null}]}, {"type": "CAPTAIN", "stats": [{"tt": "is not captain", "sp": "2020-2021", "mt": 9, "pr": "captain=0", "rn": 1, "wk": 9, "ct": 0, "st": 0, "hs": "1*", "hn": 0, "bbi": "3/54", "bta": null, "bwa": 31.33, "fw": 0, "bbad": null}]}, {"type": "KEEPER", "stats": [{"tt": "is not keeper", "sp": "2020-2021", "mt": 9, "pr": "keeper=0", "rn": 1, "wk": 9, "ct": 0, "st": 0, "hs": "1*", "hn": 0, "bbi": "3/54", "bta": null, "bwa": 31.33, "fw": 0, "bbad": null}]}, {"type": "TOSS", "stats": [{"tt": "won the toss", "sp": "2020-2021", "mt": 6, "pr": "toss=1", "rn": null, "wk": 6, "ct": 0, "st": 0, "hs": null, "hn": null, "bbi": "3/54", "bta": null, "bwa": 32.33, "fw": 0, "bbad": null}, {"tt": "lost the toss", "sp": "2020-2021", "mt": 3, "pr": "toss=2", "rn": 1, "wk": 3, "ct": 0, "st": 0, "hs": "1*", "hn": 0, "bbi": "2/31", "bta": null, "bwa": 29.33, "fw": 0, "bbad": null}]}, {"type": "BATTING_FIELDING_SEQUENCE_AND_TOSS", "stats": [{"tt": "won toss &amp; batted", "sp": "2020-2021", "mt": 2, "pr": "batting_fielding_first=1;toss=1", "rn": null, "wk": 1, "ct": 0, "st": 0, "hs": null, "hn": null, "bbi": "1/20", "bta": null, "bwa": 49, "fw": 0, "bbad": null}, {"tt": "won toss &amp; fielded", "sp": "2020-2020", "mt": 4, "pr": "batting_fielding_first=2;toss=1", "rn": null, "wk": 5, "ct": 0, "st": 0, "hs": null, "hn": null, "bbi": "3/54", "bta": null, "bwa": 29, "fw": 0, "bbad": null}, {"tt": "lost toss &amp; sent in", "sp": "2020-2021", "mt": 2, "pr": "batting_fielding_first=1;toss=2", "rn": null, "wk": 2, "ct": 0, "st": 0, "hs": null, "hn": null, "bbi": "2/31", "bta": null, "bwa": 33.5, "fw": 0, "bbad": null}, {"tt": "lost toss &amp; fielded", "sp": "2020-2020", "mt": 1, "pr": "batting_fielding_first=2;toss=2", "rn": 1, "wk": 1, "ct": 0, "st": 0, "hs": "1*", "hn": 0, "bbi": "1/21", "bta": null, "bwa": 21, "fw": 0, "bbad": null}]}, {"type": "BATTING_FIELDING_SEQUENCE", "stats": [{"tt": "matches batting first", "sp": "2020-2021", "mt": 4, "pr": "batting_fielding_first=1", "rn": null, "wk": 3, "ct": 0, "st": 0, "hs": null, "hn": null, "bbi": "2/31", "bta": null, "bwa": 38.66, "fw": 0, "bbad": null}, {"tt": "matches fielding first", "sp": "2020-2020", "mt": 5, "pr": "batting_fielding_first=2", "rn": 1, "wk": 6, "ct": 0, "st": 0, "hs": "1*", "hn": 0, "bbi": "3/54", "bta": null, "bwa": 27.66, "fw": 0, "bbad": null}]}, {"type": "TEAM_INNINGS", "stats": [{"tt": "1st team innings", "sp": "2020-2021", "mt": 9, "pr": "innings_number=1;innings_number=2", "rn": 1, "wk": 9, "ct": 0, "st": 0, "hs": "1*", "hn": 0, "bbi": "3/54", "bta": null, "bwa": 31.33, "fw": 0, "bbad": null}]}, {"type": "MATCH_INNINGS", "stats": [{"tt": "1st match innings", "sp": "2020-2021", "mt": 9, "pr": "innings_number=1", "rn": null, "wk": 6, "ct": 0, "st": 0, "hs": null, "hn": null, "bbi": "3/54", "bta": null, "bwa": 27.66, "fw": 0, "bbad": null}, {"tt": "2nd match innings", "sp": "2020-2021", "mt": 8, "pr": "innings_number=2", "rn": 1, "wk": 3, "ct": 0, "st": 0, "hs": "1*", "hn": 0, "bbi": "2/31", "bta": null, "bwa": 38.66, "fw": 0, "bbad": null}]}, {"type": "FLOODLIT", "stats": [{"tt": "day match", "sp": "2021-2021", "mt": 1, "pr": "floodlit=1", "rn": null, "wk": 1, "ct": 0, "st": 0, "hs": null, "hn": null, "bbi": "1/20", "bta": null, "bwa": 20, "fw": 0, "bbad": null}, {"tt": "night match", "sp": "2020-2021", "mt": 8, "pr": "floodlit=3", "rn": 1, "wk": 8, "ct": 0, "st": 0, "hs": "1*", "hn": 0, "bbi": "3/54", "bta": null, "bwa": 32.75, "fw": 0, "bbad": null}]}, {"type": "RESULT", "stats": [{"tt": "won match", "sp": "2020-2021", "mt": 3, "pr": "result=1", "rn": null, "wk": 3, "ct": 0, "st": 0, "hs": null, "hn": null, "bbi": "2/31", "bta": null, "bwa": 33.66, "fw": 0, "bbad": null}, {"tt": "lost match", "sp": "2020-2020", "mt": 3, "pr": "result=2", "rn": 1, "wk": 1, "ct": 0, "st": 0, "hs": "1*", "hn": 0, "bbi": "1/21", "bta": null, "bwa": 86, "fw": 0, "bbad": null}, {"tt": "tied match", "sp": "2020-2020", "mt": 2, "pr": "result=3", "rn": null, "wk": 5, "ct": 0, "st": 0, "hs": null, "hn": null, "bbi": "3/54", "bta": null, "bwa": 19, "fw": 0, "bbad": null}, {"tt": "no result", "sp": "2020-2020", "mt": 1, "pr": "result=5", "rn": null, "wk": 0, "ct": 0, "st": 0, "hs": null, "hn": null, "bbi": "-", "bta": null, "bwa": null, "fw": 0, "bbad": null}]}, {"type": "BATTING_FIELDING_SEQUENCE_AND_RESULT", "stats": [{"tt": "won batting first", "sp": "2021-2021", "mt": 2, "pr": "batting_fielding_first=1;result=1", "rn": null, "wk": 3, "ct": 0, "st": 0, "hs": null, "hn": null, "bbi": "2/31", "bta": null, "bwa": 17, "fw": 0, "bbad": null}, {"tt": "won fielding first", "sp": "2020-2020", "mt": 1, "pr": "batting_fielding_first=2;result=1", "rn": null, "wk": 0, "ct": 0, "st": 0, "hs": null, "hn": null, "bbi": "-", "bta": null, "bwa": null, "fw": 0, "bbad": null}, {"tt": "lost batting first", "sp": "2020-2020", "mt": 2, "pr": "batting_fielding_first=1;result=2", "rn": null, "wk": 0, "ct": 0, "st": 0, "hs": null, "hn": null, "bbi": "-", "bta": null, "bwa": null, "fw": 0, "bbad": null}, {"tt": "lost fielding first", "sp": "2020-2020", "mt": 1, "pr": "batting_fielding_first=2;result=2", "rn": 1, "wk": 1, "ct": 0, "st": 0, "hs": "1*", "hn": 0, "bbi": "1/21", "bta": null, "bwa": 21, "fw": 0, "bbad": null}, {"tt": "tied fielding first", "sp": "2020-2020", "mt": 2, "pr": "batting_fielding_first=2;result=3", "rn": null, "wk": 5, "ct": 0, "st": 0, "hs": null, "hn": null, "bbi": "3/54", "bta": null, "bwa": 19, "fw": 0, "bbad": null}, {"tt": "no result fielding first", "sp": "2020-2020", "mt": 1, "pr": "batting_fielding_first=2;result=5", "rn": null, "wk": 0, "ct": 0, "st": 0, "hs": null, "hn": null, "bbi": "-", "bta": null, "bwa": null, "fw": 0, "bbad": null}]}, {"type": "TOURNAMENT_TYPE", "stats": [{"tt": "2 team series", "sp": "2020-2021", "mt": 9, "pr": "tournament_type=2", "rn": 1, "wk": 9, "ct": 0, "st": 0, "hs": "1*", "hn": 0, "bbi": "3/54", "bta": null, "bwa": 31.33, "fw": 0, "bbad": null}]}, {"type": "MATCH_NUMBER", "stats": [{"tt": "1st match in series", "sp": "2020-2021", "mt": 3, "pr": "match_number=1", "rn": null, "wk": 1, "ct": 0, "st": 0, "hs": null, "hn": null, "bbi": "1/20", "bta": null, "bwa": 106, "fw": 0, "bbad": null}, {"tt": "2nd match in series", "sp": "2020-2021", "mt": 2, "pr": "match_number=2", "rn": null, "wk": 2, "ct": 0, "st": 0, "hs": null, "hn": null, "bbi": "2/31", "bta": null, "bwa": 30, "fw": 0, "bbad": null}, {"tt": "3rd match in series", "sp": "2020-2020", "mt": 2, "pr": "match_number=3", "rn": null, "wk": 3, "ct": 0, "st": 0, "hs": null, "hn": null, "bbi": "3/54", "bta": null, "bwa": 18, "fw": 0, "bbad": null}, {"tt": "4th match in series", "sp": "2020-2020", "mt": 1, "pr": "match_number=4", "rn": null, "wk": 2, "ct": 0, "st": 0, "hs": null, "hn": null, "bbi": "2/41", "bta": null, "bwa": 20.5, "fw": 0, "bbad": null}, {"tt": "5th match in series", "sp": "2020-2020", "mt": 1, "pr": "match_number=5", "rn": 1, "wk": 1, "ct": 0, "st": 0, "hs": "1*", "hn": 0, "bbi": "1/21", "bta": null, "bwa": 21, "fw": 0, "bbad": null}]}]}}