{"summary": {"recordClassId": 3, "type": "FIELDING", "groups": [{"type": "CAREER_AVERAGES", "stats": [{"tt": "overview", "sp": "2020-2021", "mt": 9, "in": 9, "pr": null, "ds": 0, "ct": 0, "st": 0, "ck": 0, "cf": 0, "mds": "0", "dspi": 0}]}, {"type": "OPPOSITION_TEAM", "stats": [{"tt": "vs Bangladesh", "sp": "2021-2021", "mt": 2, "in": 2, "pr": "opposition=25", "ds": 0, "ct": 0, "st": 0, "ck": 0, "cf": 0, "mds": "0", "dspi": 0}, {"tt": "vs India", "sp": "2020-2020", "mt": 5, "in": 5, "pr": "opposition=6", "ds": 0, "ct": 0, "st": 0, "ck": 0, "cf": 0, "mds": "0", "dspi": 0}, {"tt": "vs West Indies", "sp": "2020-2020", "mt": 2, "in": 2, "pr": "opposition=4", "ds": 0, "ct": 0, "st": 0, "ck": 0, "cf": 0, "mds": "0", "dspi": 0}]}, {"type": "HOST_COUNTRY", "stats": [{"tt": "in New Zealand", "sp": "2020-2021", "mt": 9, "in": 9, "pr": "host=5", "ds": 0, "ct": 0, "st": 0, "ck": 0, "cf": 0, "mds": "0", "dspi": 0}]}, {"type": "CONTINENT", "stats": [{"tt": "in Oceania", "sp": "2020-2021", "mt": 9, "in": 9, "pr": "continent=5", "ds": 0, "ct": 0, "st": 0, "ck": 0, "cf": 0, "mds": "0", "dspi": 0}]}, {"type": "HOME_OR_AWAY", "stats": [{"tt": "home", "sp": "2020-2021", "mt": 9, "in": 9, "pr": "home_or_away=1", "ds": 0, "ct": 0, "st": 0, "ck": 0, "cf": 0, "mds": "0", "dspi": 0}]}, {"type": "YEAR", "stats": [{"tt": "year 2020", "sp": null, "mt": 7, "in": 7, "pr": "year=2020", "ds": 0, "ct": 0, "st": 0, "ck": 0, "cf": 0, "mds": "0", "dspi": 0}, {"tt": "year 2021", "sp": null, "mt": 2, "in": 2, "pr": "year=2021", "ds": 0, "ct": 0, "st": 0, "ck": 0, "cf": 0, "mds": "0", "dspi": 0}]}, {"type": "SEASON", "stats": [{"tt": "season 2019/20", "sp": null, "mt": 5, "in": 5, "pr": "season=2019/20", "ds": 0, "ct": 0, "st": 0, "ck": 0, "cf": 0, "mds": "0", "dspi": 0}, {"tt": "season 2020/21", "sp": null, "mt": 4, "in": 4, "pr": "season=2020/21", "ds": 0, "ct": 0, "st": 0, "ck": 0, "cf": 0, "mds": "0", "dspi": 0}]}, {"type": "CAPTAINS_INVOLVED", "stats": [{"tt": "*MJ Santner", "sp": "2020-2020", "mt": 1, "in": 1, "pr": "captain_involve=64864", "ds": 0, "ct": 0, "st": 0, "ck": 0, "cf": 0, "mds": "0", "dspi": 0}, {"tt": "*TG Southee", "sp": "2020-2021", "mt": 5, "in": 5, "pr": "captain_involve=49108", "ds": 0, "ct": 0, "st": 0, "ck": 0, "cf": 0, "mds": "0", "dspi": 0}, {"tt": "*KS Williamson", "sp": "2020-2020", "mt": 3, "in": 3, "pr": "captain_involve=51088", "ds": 0, "ct": 0, "st": 0, "ck": 0, "cf": 0, "mds": "0", "dspi": 0}]}, {"type": "CAPTAIN", "stats": [{"tt": "is not captain", "sp": "2020-2021", "mt": 9, "in": 9, "pr": "captain=0", "ds": 0, "ct": 0, "st": 0, "ck": 0, "cf": 0, "mds": "0", "dspi": 0}]}, {"type": "KEEPER", "stats": [{"tt": "is not keeper", "sp": "2020-2021", "mt": 9, "in": 9, "pr": "keeper=0", "ds": 0, "ct": 0, "st": 0, "ck": 0, "cf": 0, "mds": "0", "dspi": 0}]}, {"type": "TOSS", "stats": [{"tt": "won the toss", "sp": "2020-2021", "mt": 6, "in": 6, "pr": "toss=1", "ds": 0, "ct": 0, "st": 0, "ck": 0, "cf": 0, "mds": "0", "dspi": 0}, {"tt": "lost the toss", "sp": "2020-2021", "mt": 3, "in": 3, "pr": "toss=2", "ds": 0, "ct": 0, "st": 0, "ck": 0, "cf": 0, "mds": "0", "dspi": 0}]}, {"type": "BATTING_FIELDING_SEQUENCE_AND_TOSS", "stats": [{"tt": "won toss &amp; batted", "sp": "2020-2021", "mt": 2, "in": 2, "pr": "batting_fielding_first=1;toss=1", "ds": 0, "ct": 0, "st": 0, "ck": 0, "cf": 0, "mds": "0", "dspi": 0}, {"tt": "won toss &amp; fielded", "sp": "2020-2020", "mt": 4, "in": 4, "pr": "batting_fielding_first=2;toss=1", "ds": 0, "ct": 0, "st": 0, "ck": 0, "cf": 0, "mds": "0", "dspi": 0}, {"tt": "lost toss &amp; sent in", "sp": "2020-2021", "mt": 2, "in": 2, "pr": "batting_fielding_first=1;toss=2", "ds": 0, "ct": 0, "st": 0, "ck": 0, "cf": 0, "mds": "0", "dspi": 0}, {"tt": "lost toss &amp; fielded", "sp": "2020-2020", "mt": 1, "in": 1, "pr": "batting_fielding_first=2;toss=2", "ds": 0, "ct": 0, "st": 0, "ck": 0, "cf": 0, "mds": "0", "dspi": 0}]}, {"type": "BATTING_FIELDING_SEQUENCE", "stats": [{"tt": "matches batting first", "sp": "2020-2021", "mt": 4, "in": 4, "pr": "batting_fielding_first=1", "ds": 0, "ct": 0, "st": 0, "ck": 0, "cf": 0, "mds": "0", "dspi": 0}, {"tt": "matches fielding first", "sp": "2020-2020", "mt": 5, "in": 5, "pr": "batting_fielding_first=2", "ds": 0, "ct": 0, "st": 0, "ck": 0, "cf": 0, "mds": "0", "dspi": 0}]}, {"type": "TEAM_INNINGS", "stats": [{"tt": "1st team innings", "sp": "2020-2021", "mt": 9, "in": 9, "pr": "innings_number=2;innings_number=1", "ds": 0, "ct": 0, "st": 0, "ck": 0, "cf": 0, "mds": "0", "dspi": 0}]}, {"type": "MATCH_INNINGS", "stats": [{"tt": "1st match innings", "sp": "2020-2020", "mt": 5, "in": 5, "pr": "innings_number=1", "ds": 0, "ct": 0, "st": 0, "ck": 0, "cf": 0, "mds": "0", "dspi": 0}, {"tt": "2nd match innings", "sp": "2020-2021", "mt": 4, "in": 4, "pr": "innings_number=2", "ds": 0, "ct": 0, "st": 0, "ck": 0, "cf": 0, "mds": "0", "dspi": 0}]}, {"type": "FLOODLIT", "stats": [{"tt": "day match", "sp": "2021-2021", "mt": 1, "in": 1, "pr": "floodlit=1", "ds": 0, "ct": 0, "st": 0, "ck": 0, "cf": 0, "mds": "0", "dspi": 0}, {"tt": "night match", "sp": "2020-2021", "mt": 8, "in": 8, "pr": "floodlit=3", "ds": 0, "ct": 0, "st": 0, "ck": 0, "cf": 0, "mds": "0", "dspi": 0}]}, {"type": "RESULT", "stats": [{"tt": "won match", "sp": "2020-2021", "mt": 3, "in": 3, "pr": "result=1", "ds": 0, "ct": 0, "st": 0, "ck": 0, "cf": 0, "mds": "0", "dspi": 0}, {"tt": "lost match", "sp": "2020-2020", "mt": 3, "in": 3, "pr": "result=2", "ds": 0, "ct": 0, "st": 0, "ck": 0, "cf": 0, "mds": "0", "dspi": 0}, {"tt": "tied match", "sp": "2020-2020", "mt": 2, "in": 2, "pr": "result=3", "ds": 0, "ct": 0, "st": 0, "ck": 0, "cf": 0, "mds": "0", "dspi": 0}, {"tt": "no result", "sp": "2020-2020", "mt": 1, "in": 1, "pr": "result=5", "ds": 0, "ct": 0, "st": 0, "ck": 0, "cf": 0, "mds": "0", "dspi": 0}]}, {"type": "BATTING_FIELDING_SEQUENCE_AND_RESULT", "stats": [{"tt": "won batting first", "sp": "2021-2021", "mt": 2, "in": 2, "pr": "batting_fielding_first=1;result=1", "ds": 0, "ct": 0, "st": 0, "ck": 0, "cf": 0, "mds": "0", "dspi": 0}, {"tt": "won fielding first", "sp": "2020-2020", "mt": 1, "in": 1, "pr": "batting_fielding_first=2;result=1", "ds": 0, "ct": 0, "st": 0, "ck": 0, "cf": 0, "mds": "0", "dspi": 0}, {"tt": "lost batting first", "sp": "2020-2020", "mt": 2, "in": 2, "pr": "batting_fielding_first=1;result=2", "ds": 0, "ct": 0, "st": 0, "ck": 0, "cf": 0, "mds": "0", "dspi": 0}, {"tt": "lost fielding first", "sp": "2020-2020", "mt": 1, "in": 1, "pr": "batting_fielding_first=2;result=2", "ds": 0, "ct": 0, "st": 0, "ck": 0, "cf": 0, "mds": "0", "dspi": 0}, {"tt": "tied fielding first", "sp": "2020-2020", "mt": 2, "in": 2, "pr": "batting_fielding_first=2;result=3", "ds": 0, "ct": 0, "st": 0, "ck": 0, "cf": 0, "mds": "0", "dspi": 0}, {"tt": "no result fielding first", "sp": "2020-2020", "mt": 1, "in": 1, "pr": "batting_fielding_first=2;result=5", "ds": 0, "ct": 0, "st": 0, "ck": 0, "cf": 0, "mds": "0", "dspi": 0}]}, {"type": "TOURNAMENT_TYPE", "stats": [{"tt": "2 team series", "sp": "2020-2021", "mt": 9, "in": 9, "pr": "tournament_type=2", "ds": 0, "ct": 0, "st": 0, "ck": 0, "cf": 0, "mds": "0", "dspi": 0}]}, {"type": "MATCH_NUMBER", "stats": [{"tt": "1st match in series", "sp": "2020-2021", "mt": 3, "in": 3, "pr": "match_number=1", "ds": 0, "ct": 0, "st": 0, "ck": 0, "cf": 0, "mds": "0", "dspi": 0}, {"tt": "2nd match in series", "sp": "2020-2021", "mt": 2, "in": 2, "pr": "match_number=2", "ds": 0, "ct": 0, "st": 0, "ck": 0, "cf": 0, "mds": "0", "dspi": 0}, {"tt": "3rd match in series", "sp": "2020-2020", "mt": 2, "in": 2, "pr": "match_number=3", "ds": 0, "ct": 0, "st": 0, "ck": 0, "cf": 0, "mds": "0", "dspi": 0}, {"tt": "4th match in series", "sp": "2020-2020", "mt": 1, "in": 1, "pr": "match_number=4", "ds": 0, "ct": 0, "st": 0, "ck": 0, "cf": 0, "mds": "0", "dspi": 0}, {"tt": "5th match in series", "sp": "2020-2020", "mt": 1, "in": 1, "pr": "match_number=5", "ds": 0, "ct": 0, "st": 0, "ck": 0, "cf": 0, "mds": "0", "dspi": 0}]}]}}