{"summary": {"recordClassId": 3, "type": "BATTING", "groups": [{"type": "CAREER_AVERAGES", "stats": [{"tt": "overview", "sp": "2020-2021", "mt": 9, "in": 1, "pr": null, "rn": 1, "fo": 0, "si": 0, "ft": 0, "hn": 0, "bf": 2, "dk": 0, "no": 1, "hs": "1*", "bta": null, "btsr": 50}]}, {"type": "OPPOSITION_TEAM", "stats": [{"tt": "vs Bangladesh", "sp": "2021-2021", "mt": 2, "in": null, "pr": "opposition=25", "rn": null, "fo": null, "si": null, "ft": null, "hn": null, "bf": null, "dk": null, "no": null, "hs": null, "bta": null, "btsr": null}, {"tt": "vs India", "sp": "2020-2020", "mt": 5, "in": 1, "pr": "opposition=6", "rn": 1, "fo": 0, "si": 0, "ft": 0, "hn": 0, "bf": 2, "dk": 0, "no": 1, "hs": "1*", "bta": null, "btsr": 50}, {"tt": "vs West Indies", "sp": "2020-2020", "mt": 2, "in": null, "pr": "opposition=4", "rn": null, "fo": null, "si": null, "ft": null, "hn": null, "bf": null, "dk": null, "no": null, "hs": null, "bta": null, "btsr": null}]}, {"type": "HOST_COUNTRY", "stats": [{"tt": "in New Zealand", "sp": "2020-2021", "mt": 9, "in": 1, "pr": "host=5", "rn": 1, "fo": 0, "si": 0, "ft": 0, "hn": 0, "bf": 2, "dk": 0, "no": 1, "hs": "1*", "bta": null, "btsr": 50}]}, {"type": "CONTINENT", "stats": [{"tt": "in Oceania", "sp": "2020-2021", "mt": 9, "in": 1, "pr": "continent=5", "rn": 1, "fo": 0, "si": 0, "ft": 0, "hn": 0, "bf": 2, "dk": 0, "no": 1, "hs": "1*", "bta": null, "btsr": 50}]}, {"type": "HOME_OR_AWAY", "stats": [{"tt": "home", "sp": "2020-2021", "mt": 9, "in": 1, "pr": "home_or_away=1", "rn": 1, "fo": 0, "si": 0, "ft": 0, "hn": 0, "bf": 2, "dk": 0, "no": 1, "hs": "1*", "bta": null, "btsr": 50}]}, {"type": "YEAR", "stats": [{"tt": "year 2020", "sp": null, "mt": 7, "in": 1, "pr": "year=2020", "rn": 1, "fo": 0, "si": 0, "ft": 0, "hn": 0, "bf": 2, "dk": 0, "no": 1, "hs": "1*", "bta": null, "btsr": 50}, {"tt": "year 2021", "sp": null, "mt": 2, "in": null, "pr": "year=2021", "rn": null, "fo": null, "si": null, "ft": null, "hn": null, "bf": null, "dk": null, "no": null, "hs": null, "bta": null, "btsr": null}]}, {"type": "SEASON", "stats": [{"tt": "season 2019/20", "sp": null, "mt": 5, "in": 1, "pr": "season=NaN", "rn": 1, "fo": 0, "si": 0, "ft": 0, "hn": 0, "bf": 2, "dk": 0, "no": 1, "hs": "1*", "bta": null, "btsr": 50}, {"tt": "season 2020/21", "sp": null, "mt": 4, "in": null, "pr": "season=NaN", "rn": null, "fo": null, "si": null, "ft": null, "hn": null, "bf": null, "dk": null, "no": null, "hs": null, "bta": null, "btsr": null}]}, {"type": "CAPTAINS_INVOLVED", "stats": [{"tt": "*MJ Santner", "sp": "2020-2020", "mt": 1, "in": null, "pr": "captain_involve=64864", "rn": null, "fo": null, "si": null, "ft": null, "hn": null, "bf": null, "dk": null, "no": null, "hs": null, "bta": null, "btsr": null}, {"tt": "*TG Southee", "sp": "2020-2021", "mt": 5, "in": 1, "pr": "captain_involve=49108", "rn": 1, "fo": 0, "si": 0, "ft": 0, "hn": 0, "bf": 2, "dk": 0, "no": 1, "hs": "1*", "bta": null, "btsr": 50}, {"tt": "*KS Williamson", "sp": "2020-2020", "mt": 3, "in": null, "pr": "captain_involve=51088", "rn": null, "fo": null, "si": null, "ft": null, "hn": null, "bf": null, "dk": null, "no": null, "hs": null, "bta": null, "btsr": null}]}, {"type": "CAPTAIN", "stats": [{"tt": "is not captain", "sp": "2020-2021", "mt": 9, "in": 1, "pr": "captain=0", "rn": 1, "fo": 0, "si": 0, "ft": 0, "hn": 0, "bf": 2, "dk": 0, "no": 1, "hs": "1*", "bta": null, "btsr": 50}]}, {"type": "KEEPER", "stats": [{"tt": "is not keeper", "sp": "2020-2021", "mt": 9, "in": 1, "pr": "keeper=0", "rn": 1, "fo": 0, "si": 0, "ft": 0, "hn": 0, "bf": 2, "dk": 0, "no": 1, "hs": "1*", "bta": null, "btsr": 50}]}, {"type": "TOSS", "stats": [{"tt": "won the toss", "sp": "2020-2021", "mt": 6, "in": null, "pr": "toss=1", "rn": null, "fo": null, "si": null, "ft": null, "hn": null, "bf": null, "dk": null, "no": null, "hs": null, "bta": null, "btsr": null}, {"tt": "lost the toss", "sp": "2020-2021", "mt": 3, "in": 1, "pr": "toss=2", "rn": 1, "fo": 0, "si": 0, "ft": 0, "hn": 0, "bf": 2, "dk": 0, "no": 1, "hs": "1*", "bta": null, "btsr": 50}]}, {"type": "BATTING_FIELDING_SEQUENCE_AND_TOSS", "stats": [{"tt": "won toss &amp; batted", "sp": "2020-2021", "mt": 2, "in": null, "pr": "batting_fielding_first=1;toss=1", "rn": null, "fo": null, "si": null, "ft": null, "hn": null, "bf": null, "dk": null, "no": null, "hs": null, "bta": null, "btsr": null}, {"tt": "won toss &amp; fielded", "sp": "2020-2020", "mt": 4, "in": null, "pr": "batting_fielding_first=2;toss=1", "rn": null, "fo": null, "si": null, "ft": null, "hn": null, "bf": null, "dk": null, "no": null, "hs": null, "bta": null, "btsr": null}, {"tt": "lost toss &amp; sent in", "sp": "2020-2021", "mt": 2, "in": null, "pr": "batting_fielding_first=1;toss=2", "rn": null, "fo": null, "si": null, "ft": null, "hn": null, "bf": null, "dk": null, "no": null, "hs": null, "bta": null, "btsr": null}, {"tt": "lost toss &amp; fielded", "sp": "2020-2020", "mt": 1, "in": 1, "pr": "batting_fielding_first=2;toss=2", "rn": 1, "fo": 0, "si": 0, "ft": 0, "hn": 0, "bf": 2, "dk": 0, "no": 1, "hs": "1*", "bta": null, "btsr": 50}]}, {"type": "BATTING_FIELDING_SEQUENCE", "stats": [{"tt": "matches batting first", "sp": "2020-2021", "mt": 4, "in": null, "pr": "batting_fielding_first=1", "rn": null, "fo": null, "si": null, "ft": null, "hn": null, "bf": null, "dk": null, "no": null, "hs": null, "bta": null, "btsr": null}, {"tt": "matches fielding first", "sp": "2020-2020", "mt": 5, "in": 1, "pr": "batting_fielding_first=2", "rn": 1, "fo": 0, "si": 0, "ft": 0, "hn": 0, "bf": 2, "dk": 0, "no": 1, "hs": "1*", "bta": null, "btsr": 50}]}, {"type": "TEAM_INNINGS", "stats": [{"tt": "1st team innings", "sp": "2020-2021", "mt": 8, "in": 1, "pr": null, "rn": 1, "fo": 0, "si": 0, "ft": 0, "hn": 0, "bf": 2, "dk": 0, "no": 1, "hs": "1*", "bta": null, "btsr": 50}]}, {"type": "MATCH_INNINGS", "stats": [{"tt": "1st match innings", "sp": "2020-2021", "mt": 4, "in": null, "pr": "innings_number=1", "rn": null, "fo": null, "si": null, "ft": null, "hn": null, "bf": null, "dk": null, "no": null, "hs": null, "bta": null, "btsr": null}, {"tt": "2nd match innings", "sp": "2020-2020", "mt": 4, "in": 1, "pr": "innings_number=2", "rn": 1, "fo": 0, "si": 0, "ft": 0, "hn": 0, "bf": 2, "dk": 0, "no": 1, "hs": "1*", "bta": null, "btsr": 50}]}, {"type": "FLOODLIT", "stats": [{"tt": "day match", "sp": "2021-2021", "mt": 1, "in": null, "pr": "floodlit=1", "rn": null, "fo": null, "si": null, "ft": null, "hn": null, "bf": null, "dk": null, "no": null, "hs": null, "bta": null, "btsr": null}, {"tt": "night match", "sp": "2020-2021", "mt": 8, "in": 1, "pr": "floodlit=3", "rn": 1, "fo": 0, "si": 0, "ft": 0, "hn": 0, "bf": 2, "dk": 0, "no": 1, "hs": "1*", "bta": null, "btsr": 50}]}, {"type": "RESULT", "stats": [{"tt": "won match", "sp": "2020-2021", "mt": 3, "in": null, "pr": "result=1", "rn": null, "fo": null, "si": null, "ft": null, "hn": null, "bf": null, "dk": null, "no": null, "hs": null, "bta": null, "btsr": null}, {"tt": "lost match", "sp": "2020-2020", "mt": 3, "in": 1, "pr": "result=2", "rn": 1, "fo": 0, "si": 0, "ft": 0, "hn": 0, "bf": 2, "dk": 0, "no": 1, "hs": "1*", "bta": null, "btsr": 50}, {"tt": "tied match", "sp": "2020-2020", "mt": 2, "in": null, "pr": "result=3", "rn": null, "fo": null, "si": null, "ft": null, "hn": null, "bf": null, "dk": null, "no": null, "hs": null, "bta": null, "btsr": null}, {"tt": "no result", "sp": "2020-2020", "mt": 1, "in": null, "pr": "result=5", "rn": null, "fo": null, "si": null, "ft": null, "hn": null, "bf": null, "dk": null, "no": null, "hs": null, "bta": null, "btsr": null}]}, {"type": "BATTING_FIELDING_SEQUENCE_AND_RESULT", "stats": [{"tt": "won batting first", "sp": "2021-2021", "mt": 2, "in": null, "pr": "batting_fielding_first=1;result=1", "rn": null, "fo": null, "si": null, "ft": null, "hn": null, "bf": null, "dk": null, "no": null, "hs": null, "bta": null, "btsr": null}, {"tt": "won fielding first", "sp": "2020-2020", "mt": 1, "in": null, "pr": "batting_fielding_first=2;result=1", "rn": null, "fo": null, "si": null, "ft": null, "hn": null, "bf": null, "dk": null, "no": null, "hs": null, "bta": null, "btsr": null}, {"tt": "lost batting first", "sp": "2020-2020", "mt": 2, "in": null, "pr": "batting_fielding_first=1;result=2", "rn": null, "fo": null, "si": null, "ft": null, "hn": null, "bf": null, "dk": null, "no": null, "hs": null, "bta": null, "btsr": null}, {"tt": "lost fielding first", "sp": "2020-2020", "mt": 1, "in": 1, "pr": "batting_fielding_first=2;result=2", "rn": 1, "fo": 0, "si": 0, "ft": 0, "hn": 0, "bf": 2, "dk": 0, "no": 1, "hs": "1*", "bta": null, "btsr": 50}, {"tt": "tied fielding first", "sp": "2020-2020", "mt": 2, "in": null, "pr": "batting_fielding_first=2;result=3", "rn": null, "fo": null, "si": null, "ft": null, "hn": null, "bf": null, "dk": null, "no": null, "hs": null, "bta": null, "btsr": null}, {"tt": "no result fielding first", "sp": "2020-2020", "mt": 1, "in": null, "pr": "batting_fielding_first=2;result=5", "rn": null, "fo": null, "si": null, "ft": null, "hn": null, "bf": null, "dk": null, "no": null, "hs": null, "bta": null, "btsr": null}]}, {"type": "TOURNAMENT_TYPE", "stats": [{"tt": "2 team series", "sp": "2020-2021", "mt": 9, "in": 1, "pr": "tournament_type=2", "rn": 1, "fo": 0, "si": 0, "ft": 0, "hn": 0, "bf": 2, "dk": 0, "no": 1, "hs": "1*", "bta": null, "btsr": 50}]}, {"type": "MATCH_NUMBER", "stats": [{"tt": "1st match in series", "sp": "2020-2021", "mt": 3, "in": null, "pr": "match_number=1", "rn": null, "fo": null, "si": null, "ft": null, "hn": null, "bf": null, "dk": null, "no": null, "hs": null, "bta": null, "btsr": null}, {"tt": "2nd match in series", "sp": "2020-2021", "mt": 2, "in": null, "pr": "match_number=2", "rn": null, "fo": null, "si": null, "ft": null, "hn": null, "bf": null, "dk": null, "no": null, "hs": null, "bta": null, "btsr": null}, {"tt": "3rd match in series", "sp": "2020-2020", "mt": 2, "in": null, "pr": "match_number=3", "rn": null, "fo": null, "si": null, "ft": null, "hn": null, "bf": null, "dk": null, "no": null, "hs": null, "bta": null, "btsr": null}, {"tt": "4th match in series", "sp": "2020-2020", "mt": 1, "in": null, "pr": "match_number=4", "rn": null, "fo": null, "si": null, "ft": null, "hn": null, "bf": null, "dk": null, "no": null, "hs": null, "bta": null, "btsr": null}, {"tt": "5th match in series", "sp": "2020-2020", "mt": 1, "in": 1, "pr": "match_number=5", "rn": 1, "fo": 0, "si": 0, "ft": 0, "hn": 0, "bf": 2, "dk": 0, "no": 1, "hs": "1*", "bta": null, "btsr": 50}]}, {"type": "BATTING_POSITION", "stats": [{"tt": "11th position", "sp": "2020-2020", "mt": 1, "in": 1, "pr": "batting_positionval1=batting_position;batting_positionmin1=11;batting_positionmax1=11", "rn": 1, "fo": 0, "si": 0, "ft": 0, "hn": 0, "bf": 2, "dk": 0, "no": 1, "hs": "1*", "bta": null, "btsr": 50}]}]}}