{"summary": {"recordClassId": 2, "type": "ALLROUND", "groups": [{"type": "CAREER_AVERAGES", "stats": [{"tt": "overview", "sp": "2010-2018", "mt": 28, "pr": null, "rn": 573, "wk": null, "ct": 20, "st": 0, "hs": "96*", "hn": 0, "bbi": null, "bta": 24.91, "bwa": null, "fw": null, "bbad": null}]}, {"type": "OPPOSITION_TEAM", "stats": [{"tt": "v Australia", "sp": "2016-2016", "mt": 3, "pr": "opposition=2", "rn": 31, "wk": null, "ct": 2, "st": 0, "hs": "17", "hn": 0, "bbi": null, "bta": 10.33, "bwa": null, "fw": null, "bbad": null}, {"tt": "v Bangladesh", "sp": "2010-2010", "mt": 4, "pr": "opposition=25", "rn": 27, "wk": null, "ct": 2, "st": 0, "hs": "20", "hn": 0, "bbi": null, "bta": 6.75, "bwa": null, "fw": null, "bbad": null}, {"tt": "v England", "sp": "2013-2013", "mt": 3, "pr": "opposition=1", "rn": 10, "wk": null, "ct": 3, "st": 0, "hs": "7", "hn": 0, "bbi": null, "bta": 3.33, "bwa": null, "fw": null, "bbad": null}, {"tt": "v India", "sp": "2010-2016", "mt": 3, "pr": "opposition=6", "rn": 16, "wk": null, "ct": 3, "st": 0, "hs": "14", "hn": 0, "bbi": null, "bta": 5.33, "bwa": null, "fw": null, "bbad": null}, {"tt": "v Pakistan", "sp": "2018-2018", "mt": 1, "pr": "opposition=7", "rn": null, "wk": null, "ct": 0, "st": 0, "hs": null, "hn": null, "bbi": null, "bta": null, "bwa": null, "fw": null, "bbad": null}, {"tt": "v South Africa", "sp": "2013-2013", "mt": 3, "pr": "opposition=3", "rn": 77, "wk": null, "ct": 2, "st": 0, "hs": "45", "hn": 0, "bbi": null, "bta": 25.66, "bwa": null, "fw": null, "bbad": null}, {"tt": "v Sri Lanka", "sp": "2010-2012", "mt": 6, "pr": "opposition=8", "rn": 221, "wk": null, "ct": 6, "st": 0, "hs": "96*", "hn": 0, "bbi": null, "bta": 73.66, "bwa": null, "fw": null, "bbad": null}, {"tt": "v West Indies", "sp": "2012-2012", "mt": 3, "pr": "opposition=4", "rn": 172, "wk": null, "ct": 2, "st": 0, "hs": "72*", "hn": 0, "bbi": null, "bta": 86, "bwa": null, "fw": null, "bbad": null}, {"tt": "v Zimbabwe", "sp": "2011-2011", "mt": 2, "pr": "opposition=9", "rn": 19, "wk": null, "ct": 0, "st": 0, "hs": "19", "hn": 0, "bbi": null, "bta": 9.5, "bwa": null, "fw": null, "bbad": null}]}, {"type": "HOST_COUNTRY", "stats": [{"tt": "in Australia", "sp": "2016-2016", "mt": 3, "pr": "host=2", "rn": 31, "wk": null, "ct": 2, "st": 0, "hs": "17", "hn": 0, "bbi": null, "bta": 10.33, "bwa": null, "fw": null, "bbad": null}, {"tt": "in Bangladesh", "sp": "2010-2010", "mt": 4, "pr": "host=25", "rn": 27, "wk": null, "ct": 2, "st": 0, "hs": "20", "hn": 0, "bbi": null, "bta": 6.75, "bwa": null, "fw": null, "bbad": null}, {"tt": "in India", "sp": "2016-2016", "mt": 2, "pr": "host=6", "rn": 14, "wk": null, "ct": 2, "st": 0, "hs": "14", "hn": 0, "bbi": null, "bta": 7, "bwa": null, "fw": null, "bbad": null}, {"tt": "in New Zealand", "sp": "2013-2013", "mt": 3, "pr": "host=5", "rn": 10, "wk": null, "ct": 3, "st": 0, "hs": "7", "hn": 0, "bbi": null, "bta": 3.33, "bwa": null, "fw": null, "bbad": null}, {"tt": "in South Africa", "sp": "2013-2013", "mt": 3, "pr": "host=3", "rn": 77, "wk": null, "ct": 2, "st": 0, "hs": "45", "hn": 0, "bbi": null, "bta": 25.66, "bwa": null, "fw": null, "bbad": null}, {"tt": "in Sri Lanka", "sp": "2010-2012", "mt": 7, "pr": "host=8", "rn": 223, "wk": null, "ct": 7, "st": 0, "hs": "96*", "hn": 0, "bbi": null, "bta": 55.75, "bwa": null, "fw": null, "bbad": null}, {"tt": "in U.A.E.", "sp": "2018-2018", "mt": 1, "pr": "host=27", "rn": null, "wk": null, "ct": 0, "st": 0, "hs": null, "hn": null, "bbi": null, "bta": null, "bwa": null, "fw": null, "bbad": null}, {"tt": "in West Indies", "sp": "2012-2012", "mt": 3, "pr": "host=4", "rn": 172, "wk": null, "ct": 2, "st": 0, "hs": "72*", "hn": 0, "bbi": null, "bta": 86, "bwa": null, "fw": null, "bbad": null}, {"tt": "in Zimbabwe", "sp": "2011-2011", "mt": 2, "pr": "host=9", "rn": 19, "wk": null, "ct": 0, "st": 0, "hs": "19", "hn": 0, "bbi": null, "bta": 9.5, "bwa": null, "fw": null, "bbad": null}]}, {"type": "CONTINENT", "stats": [{"tt": "in Africa", "sp": "2011-2013", "mt": 5, "pr": "continent=1", "rn": 96, "wk": null, "ct": 2, "st": 0, "hs": "45", "hn": 0, "bbi": null, "bta": 19.2, "bwa": null, "fw": null, "bbad": null}, {"tt": "in Americas", "sp": "2012-2012", "mt": 3, "pr": "continent=3", "rn": 172, "wk": null, "ct": 2, "st": 0, "hs": "72*", "hn": 0, "bbi": null, "bta": 86, "bwa": null, "fw": null, "bbad": null}, {"tt": "in Asia", "sp": "2010-2018", "mt": 14, "pr": "continent=2", "rn": 264, "wk": null, "ct": 11, "st": 0, "hs": "96*", "hn": 0, "bbi": null, "bta": 26.4, "bwa": null, "fw": null, "bbad": null}, {"tt": "in Oceania", "sp": "2013-2016", "mt": 6, "pr": "continent=5", "rn": 41, "wk": null, "ct": 5, "st": 0, "hs": "17", "hn": 0, "bbi": null, "bta": 6.83, "bwa": null, "fw": null, "bbad": null}]}, {"type": "HOME_OR_AWAY", "stats": [{"tt": "home", "sp": "2013-2013", "mt": 3, "pr": "home_or_away=1", "rn": 10, "wk": null, "ct": 3, "st": 0, "hs": "7", "hn": 0, "bbi": null, "bta": 3.33, "bwa": null, "fw": null, "bbad": null}, {"tt": "away", "sp": "2010-2016", "mt": 23, "pr": "home_or_away=2", "rn": 561, "wk": null, "ct": 16, "st": 0, "hs": "96*", "hn": 0, "bbi": null, "bta": 29.52, "bwa": null, "fw": null, "bbad": null}, {"tt": "neutral", "sp": "2010-2018", "mt": 2, "pr": "home_or_away=3", "rn": 2, "wk": null, "ct": 1, "st": 0, "hs": "2", "hn": 0, "bbi": null, "bta": 2, "bwa": null, "fw": null, "bbad": null}]}, {"type": "YEAR", "stats": [{"tt": "year 2010", "sp": null, "mt": 7, "pr": "year=2010", "rn": 84, "wk": null, "ct": 4, "st": 0, "hs": "55", "hn": 0, "bbi": null, "bta": 14, "bwa": null, "fw": null, "bbad": null}, {"tt": "year 2011", "sp": null, "mt": 2, "pr": "year=2011", "rn": 19, "wk": null, "ct": 0, "st": 0, "hs": "19", "hn": 0, "bbi": null, "bta": 9.5, "bwa": null, "fw": null, "bbad": null}, {"tt": "year 2012", "sp": null, "mt": 7, "pr": "year=2012", "rn": 338, "wk": null, "ct": 7, "st": 0, "hs": "96*", "hn": 0, "bbi": null, "bta": 84.5, "bwa": null, "fw": null, "bbad": null}, {"tt": "year 2013", "sp": null, "mt": 6, "pr": "year=2013", "rn": 87, "wk": null, "ct": 5, "st": 0, "hs": "45", "hn": 0, "bbi": null, "bta": 14.5, "bwa": null, "fw": null, "bbad": null}, {"tt": "year 2016", "sp": null, "mt": 5, "pr": "year=2016", "rn": 45, "wk": null, "ct": 4, "st": 0, "hs": "17", "hn": 0, "bbi": null, "bta": 9, "bwa": null, "fw": null, "bbad": null}, {"tt": "year 2018", "sp": null, "mt": 1, "pr": "year=2018", "rn": null, "wk": null, "ct": 0, "st": 0, "hs": null, "hn": null, "bbi": null, "bta": null, "bwa": null, "fw": null, "bbad": null}]}, {"type": "SEASON", "stats": [{"tt": "season 2010", "sp": null, "mt": 3, "pr": "season=2010", "rn": 57, "wk": null, "ct": 2, "st": 0, "hs": "55", "hn": 0, "bbi": null, "bta": 28.5, "bwa": null, "fw": null, "bbad": null}, {"tt": "season 2010/11", "sp": null, "mt": 4, "pr": "season=2010/11", "rn": 27, "wk": null, "ct": 2, "st": 0, "hs": "20", "hn": 0, "bbi": null, "bta": 6.75, "bwa": null, "fw": null, "bbad": null}, {"tt": "season 2011/12", "sp": null, "mt": 2, "pr": "season=2011/12", "rn": 19, "wk": null, "ct": 0, "st": 0, "hs": "19", "hn": 0, "bbi": null, "bta": 9.5, "bwa": null, "fw": null, "bbad": null}, {"tt": "season 2012", "sp": null, "mt": 3, "pr": "season=2012", "rn": 172, "wk": null, "ct": 2, "st": 0, "hs": "72*", "hn": 0, "bbi": null, "bta": 86, "bwa": null, "fw": null, "bbad": null}, {"tt": "season 2012/13", "sp": null, "mt": 10, "pr": "season=2012/13", "rn": 253, "wk": null, "ct": 10, "st": 0, "hs": "96*", "hn": 0, "bbi": null, "bta": 31.62, "bwa": null, "fw": null, "bbad": null}, {"tt": "season 2016/17", "sp": null, "mt": 5, "pr": "season=2016/17", "rn": 45, "wk": null, "ct": 4, "st": 0, "hs": "17", "hn": 0, "bbi": null, "bta": 9, "bwa": null, "fw": null, "bbad": null}, {"tt": "season 2018/19", "sp": null, "mt": 1, "pr": "season=2018/19", "rn": null, "wk": null, "ct": 0, "st": 0, "hs": null, "hn": null, "bbi": null, "bta": null, "bwa": null, "fw": null, "bbad": null}]}, {"type": "CAPTAINS_INVOLVED", "stats": [{"tt": "*TWM Latham", "sp": "2018-2018", "mt": 1, "pr": "captain_involve=59148", "rn": null, "wk": null, "ct": 0, "st": 0, "hs": null, "hn": null, "bbi": null, "bta": null, "bwa": null, "fw": null, "bbad": null}, {"tt": "*BB McCullum", "sp": "2013-2013", "mt": 6, "pr": "captain_involve=10384", "rn": 87, "wk": null, "ct": 5, "st": 0, "hs": "45", "hn": 0, "bbi": null, "bta": 14.5, "bwa": null, "fw": null, "bbad": null}, {"tt": "*LRPL Taylor", "sp": "2010-2012", "mt": 9, "pr": "captain_involve=44930", "rn": 242, "wk": null, "ct": 7, "st": 0, "hs": "96*", "hn": 0, "bbi": null, "bta": 40.33, "bwa": null, "fw": null, "bbad": null}, {"tt": "*DL Vettori", "sp": "2010-2010", "mt": 4, "pr": "captain_involve=4380", "rn": 27, "wk": null, "ct": 2, "st": 0, "hs": "20", "hn": 0, "bbi": null, "bta": 6.75, "bwa": null, "fw": null, "bbad": null}, {"tt": "*KS Williamson", "sp": "2012-2016", "mt": 8, "pr": "captain_involve=51088", "rn": 217, "wk": null, "ct": 6, "st": 0, "hs": "72*", "hn": 0, "bbi": null, "bta": 31, "bwa": null, "fw": null, "bbad": null}]}, {"type": "CAPTAIN", "stats": [{"tt": "is not captain", "sp": "2010-2018", "mt": 28, "pr": "captain=0", "rn": 573, "wk": null, "ct": 20, "st": 0, "hs": "96*", "hn": 0, "bbi": null, "bta": 24.91, "bwa": null, "fw": null, "bbad": null}]}, {"type": "KEEPER", "stats": [{"tt": "is designated keeper", "sp": "2010-2016", "mt": 15, "pr": "keeper=1", "rn": 404, "wk": null, "ct": 14, "st": 0, "hs": "96*", "hn": 0, "bbi": null, "bta": 33.66, "bwa": null, "fw": null, "bbad": null}, {"tt": "is not keeper", "sp": "2010-2018", "mt": 13, "pr": "keeper=0", "rn": 169, "wk": null, "ct": 6, "st": 0, "hs": "55", "hn": 0, "bbi": null, "bta": 15.36, "bwa": null, "fw": null, "bbad": null}]}, {"type": "TOSS", "stats": [{"tt": "won the toss", "sp": "2010-2016", "mt": 13, "pr": "toss=1", "rn": 305, "wk": null, "ct": 9, "st": 0, "hs": "72*", "hn": 0, "bbi": null, "bta": 30.5, "bwa": null, "fw": null, "bbad": null}, {"tt": "lost the toss", "sp": "2010-2018", "mt": 15, "pr": "toss=2", "rn": 268, "wk": null, "ct": 11, "st": 0, "hs": "96*", "hn": 0, "bbi": null, "bta": 20.61, "bwa": null, "fw": null, "bbad": null}]}, {"type": "BATTING_FIELDING_SEQUENCE_AND_TOSS", "stats": [{"tt": "won toss &amp; batted", "sp": "2010-2016", "mt": 5, "pr": "batting_fielding_first=1;toss=1", "rn": 144, "wk": null, "ct": 5, "st": 0, "hs": "55", "hn": 0, "bbi": null, "bta": 28.8, "bwa": null, "fw": null, "bbad": null}, {"tt": "won toss &amp; fielded", "sp": "2010-2016", "mt": 8, "pr": "batting_fielding_first=2;toss=1", "rn": 161, "wk": null, "ct": 4, "st": 0, "hs": "72*", "hn": 0, "bbi": null, "bta": 32.2, "bwa": null, "fw": null, "bbad": null}, {"tt": "lost toss &amp; sent in", "sp": "2010-2013", "mt": 8, "pr": "batting_fielding_first=1;toss=2", "rn": 251, "wk": null, "ct": 6, "st": 0, "hs": "96*", "hn": 0, "bbi": null, "bta": 35.85, "bwa": null, "fw": null, "bbad": null}, {"tt": "lost toss &amp; fielded", "sp": "2010-2018", "mt": 7, "pr": "batting_fielding_first=2;toss=2", "rn": 17, "wk": null, "ct": 5, "st": 0, "hs": "8", "hn": 0, "bbi": null, "bta": 2.83, "bwa": null, "fw": null, "bbad": null}]}, {"type": "BATTING_FIELDING_SEQUENCE", "stats": [{"tt": "matches batting first", "sp": "2010-2016", "mt": 13, "pr": "batting_fielding_first=1", "rn": 395, "wk": null, "ct": 11, "st": 0, "hs": "96*", "hn": 0, "bbi": null, "bta": 32.91, "bwa": null, "fw": null, "bbad": null}, {"tt": "matches fielding first", "sp": "2010-2018", "mt": 15, "pr": "batting_fielding_first=2", "rn": 178, "wk": null, "ct": 9, "st": 0, "hs": "72*", "hn": 0, "bbi": null, "bta": 16.18, "bwa": null, "fw": null, "bbad": null}]}, {"type": "TEAM_INNINGS", "stats": [{"tt": "1st team innings", "sp": "2010-2018", "mt": 28, "pr": "innings_number=1;innings_number=2", "rn": 573, "wk": null, "ct": 20, "st": 0, "hs": "96*", "hn": 0, "bbi": null, "bta": 24.91, "bwa": null, "fw": null, "bbad": null}]}, {"type": "MATCH_INNINGS", "stats": [{"tt": "1st match innings", "sp": "2010-2018", "mt": 28, "pr": "innings_number=1", "rn": 395, "wk": null, "ct": 9, "st": 0, "hs": "96*", "hn": 0, "bbi": null, "bta": 32.91, "bwa": null, "fw": null, "bbad": null}, {"tt": "2nd match innings", "sp": "2010-2018", "mt": 26, "pr": "innings_number=2", "rn": 178, "wk": null, "ct": 11, "st": 0, "hs": "72*", "hn": 0, "bbi": null, "bta": 16.18, "bwa": null, "fw": null, "bbad": null}]}, {"type": "FLOODLIT", "stats": [{"tt": "day match", "sp": "2010-2013", "mt": 10, "pr": "floodlit=1", "rn": 263, "wk": null, "ct": 4, "st": 0, "hs": "72*", "hn": 0, "bbi": null, "bta": 29.22, "bwa": null, "fw": null, "bbad": null}, {"tt": "day/night match", "sp": "2010-2018", "mt": 18, "pr": "floodlit=2", "rn": 310, "wk": null, "ct": 16, "st": 0, "hs": "96*", "hn": 0, "bbi": null, "bta": 22.14, "bwa": null, "fw": null, "bbad": null}]}, {"type": "RESULT", "stats": [{"tt": "won match", "sp": "2011-2016", "mt": 6, "pr": "result=1", "rn": 132, "wk": null, "ct": 3, "st": 0, "hs": "45", "hn": 0, "bbi": null, "bta": 22, "bwa": null, "fw": null, "bbad": null}, {"tt": "lost match", "sp": "2010-2016", "mt": 19, "pr": "result=2", "rn": 441, "wk": null, "ct": 14, "st": 0, "hs": "96*", "hn": 0, "bbi": null, "bta": 25.94, "bwa": null, "fw": null, "bbad": null}, {"tt": "no result", "sp": "2010-2018", "mt": 3, "pr": "result=5", "rn": null, "wk": null, "ct": 3, "st": 0, "hs": null, "hn": null, "bbi": null, "bta": null, "bwa": null, "fw": null, "bbad": null}]}, {"type": "BATTING_FIELDING_SEQUENCE_AND_RESULT", "stats": [{"tt": "won batting first", "sp": "2012-2016", "mt": 3, "pr": "batting_fielding_first=1;result=1", "rn": 66, "wk": null, "ct": 3, "st": 0, "hs": "40", "hn": 0, "bbi": null, "bta": 22, "bwa": null, "fw": null, "bbad": null}, {"tt": "won fielding first", "sp": "2011-2013", "mt": 3, "pr": "batting_fielding_first=2;result=1", "rn": 66, "wk": null, "ct": 0, "st": 0, "hs": "45", "hn": 0, "bbi": null, "bta": 22, "bwa": null, "fw": null, "bbad": null}, {"tt": "lost batting first", "sp": "2010-2013", "mt": 10, "pr": "batting_fielding_first=1;result=2", "rn": 329, "wk": null, "ct": 8, "st": 0, "hs": "96*", "hn": 0, "bbi": null, "bta": 36.55, "bwa": null, "fw": null, "bbad": null}, {"tt": "lost fielding first", "sp": "2010-2016", "mt": 9, "pr": "batting_fielding_first=2;result=2", "rn": 112, "wk": null, "ct": 6, "st": 0, "hs": "72*", "hn": 0, "bbi": null, "bta": 14, "bwa": null, "fw": null, "bbad": null}, {"tt": "no result fielding first", "sp": "2010-2018", "mt": 3, "pr": "batting_fielding_first=2;result=5", "rn": null, "wk": null, "ct": 3, "st": 0, "hs": null, "hn": null, "bbi": null, "bta": null, "bwa": null, "fw": null, "bbad": null}]}, {"type": "TOURNAMENT_TYPE", "stats": [{"tt": "2 team series", "sp": "2010-2018", "mt": 25, "pr": "tournament_type=2", "rn": 516, "wk": null, "ct": 18, "st": 0, "hs": "96*", "hn": 0, "bbi": null, "bta": 24.57, "bwa": null, "fw": null, "bbad": null}, {"tt": "3-4 team tournaments", "sp": "2010-2010", "mt": 3, "pr": "tournament_type=3", "rn": 57, "wk": null, "ct": 2, "st": 0, "hs": "55", "hn": 0, "bbi": null, "bta": 28.5, "bwa": null, "fw": null, "bbad": null}]}, {"type": "MATCH_NUMBER", "stats": [{"tt": "1st match in series", "sp": "2010-2016", "mt": 5, "pr": "match_number=1", "rn": 113, "wk": null, "ct": 4, "st": 0, "hs": "60", "hn": 0, "bbi": null, "bta": 22.6, "bwa": null, "fw": null, "bbad": null}, {"tt": "2nd match in series", "sp": "2011-2016", "mt": 6, "pr": "match_number=2", "rn": 182, "wk": null, "ct": 3, "st": 0, "hs": "72*", "hn": 0, "bbi": null, "bta": 36.4, "bwa": null, "fw": null, "bbad": null}, {"tt": "3rd match in series", "sp": "2010-2018", "mt": 8, "pr": "match_number=3", "rn": 185, "wk": null, "ct": 4, "st": 0, "hs": "96*", "hn": 0, "bbi": null, "bta": 30.83, "bwa": null, "fw": null, "bbad": null}, {"tt": "4th match in series", "sp": "2010-2016", "mt": 3, "pr": "match_number=4", "rn": 35, "wk": null, "ct": 3, "st": 0, "hs": "15", "hn": 0, "bbi": null, "bta": 11.66, "bwa": null, "fw": null, "bbad": null}, {"tt": "5th match in series", "sp": "2010-2016", "mt": 3, "pr": "match_number=5", "rn": 1, "wk": null, "ct": 4, "st": 0, "hs": "1", "hn": 0, "bbi": null, "bta": 0.5, "bwa": null, "fw": null, "bbad": null}]}, {"type": "MAJOR_TROPHY", "stats": [{"tt": "Chappell-Hadlee", "sp": "2016-2016", "mt": 3, "pr": "trophy=65", "rn": 31, "wk": null, "ct": 2, "st": 0, "hs": "17", "hn": 0, "bbi": null, "bta": 10.33, "bwa": null, "fw": null, "bbad": null}]}]}}