{"summary": {"recordClassId": 3, "type": "ALLROUND", "groups": [{"type": "CAREER_AVERAGES", "stats": [{"tt": "overview", "sp": "2009-2014", "mt": 5, "pr": null, "rn": 38, "wk": null, "ct": 3, "st": 0, "hs": "22", "hn": 0, "bbi": null, "bta": 9.5, "bwa": null, "fw": null, "bbad": null}]}, {"type": "OPPOSITION_TEAM", "stats": [{"tt": "v Pakistan", "sp": "2009-2009", "mt": 2, "pr": "opposition=7", "rn": 29, "wk": null, "ct": 2, "st": 0, "hs": "22", "hn": 0, "bbi": null, "bta": 14.5, "bwa": null, "fw": null, "bbad": null}, {"tt": "v Sri Lanka", "sp": "2012-2012", "mt": 1, "pr": "opposition=8", "rn": 8, "wk": null, "ct": 0, "st": 0, "hs": "8", "hn": 0, "bbi": null, "bta": 8, "bwa": null, "fw": null, "bbad": null}, {"tt": "v West Indies", "sp": "2014-2014", "mt": 2, "pr": "opposition=4", "rn": 1, "wk": null, "ct": 1, "st": 0, "hs": "1", "hn": 0, "bbi": null, "bta": 1, "bwa": null, "fw": null, "bbad": null}]}, {"type": "HOST_COUNTRY", "stats": [{"tt": "in Sri Lanka", "sp": "2012-2012", "mt": 1, "pr": "host=8", "rn": 8, "wk": null, "ct": 0, "st": 0, "hs": "8", "hn": 0, "bbi": null, "bta": 8, "bwa": null, "fw": null, "bbad": null}, {"tt": "in U.A.E.", "sp": "2009-2009", "mt": 2, "pr": "host=27", "rn": 29, "wk": null, "ct": 2, "st": 0, "hs": "22", "hn": 0, "bbi": null, "bta": 14.5, "bwa": null, "fw": null, "bbad": null}, {"tt": "in West Indies", "sp": "2014-2014", "mt": 2, "pr": "host=4", "rn": 1, "wk": null, "ct": 1, "st": 0, "hs": "1", "hn": 0, "bbi": null, "bta": 1, "bwa": null, "fw": null, "bbad": null}]}, {"type": "CONTINENT", "stats": [{"tt": "in Americas", "sp": "2014-2014", "mt": 2, "pr": "continent=3", "rn": 1, "wk": null, "ct": 1, "st": 0, "hs": "1", "hn": 0, "bbi": null, "bta": 1, "bwa": null, "fw": null, "bbad": null}, {"tt": "in Asia", "sp": "2009-2012", "mt": 3, "pr": "continent=2", "rn": 37, "wk": null, "ct": 2, "st": 0, "hs": "22", "hn": 0, "bbi": null, "bta": 12.33, "bwa": null, "fw": null, "bbad": null}]}, {"type": "HOME_OR_AWAY", "stats": [{"tt": "away", "sp": "2012-2014", "mt": 3, "pr": "home_or_away=2", "rn": 9, "wk": null, "ct": 1, "st": 0, "hs": "8", "hn": 0, "bbi": null, "bta": 4.5, "bwa": null, "fw": null, "bbad": null}, {"tt": "neutral", "sp": "2009-2009", "mt": 2, "pr": "home_or_away=3", "rn": 29, "wk": null, "ct": 2, "st": 0, "hs": "22", "hn": 0, "bbi": null, "bta": 14.5, "bwa": null, "fw": null, "bbad": null}]}, {"type": "YEAR", "stats": [{"tt": "year 2009", "sp": null, "mt": 2, "pr": "year=2009", "rn": 29, "wk": null, "ct": 2, "st": 0, "hs": "22", "hn": 0, "bbi": null, "bta": 14.5, "bwa": null, "fw": null, "bbad": null}, {"tt": "year 2012", "sp": null, "mt": 1, "pr": "year=2012", "rn": 8, "wk": null, "ct": 0, "st": 0, "hs": "8", "hn": 0, "bbi": null, "bta": 8, "bwa": null, "fw": null, "bbad": null}, {"tt": "year 2014", "sp": null, "mt": 2, "pr": "year=2014", "rn": 1, "wk": null, "ct": 1, "st": 0, "hs": "1", "hn": 0, "bbi": null, "bta": 1, "bwa": null, "fw": null, "bbad": null}]}, {"type": "SEASON", "stats": [{"tt": "season 2009/10", "sp": null, "mt": 2, "pr": "season=2009/10", "rn": 29, "wk": null, "ct": 2, "st": 0, "hs": "22", "hn": 0, "bbi": null, "bta": 14.5, "bwa": null, "fw": null, "bbad": null}, {"tt": "season 2012/13", "sp": null, "mt": 1, "pr": "season=2012/13", "rn": 8, "wk": null, "ct": 0, "st": 0, "hs": "8", "hn": 0, "bbi": null, "bta": 8, "bwa": null, "fw": null, "bbad": null}, {"tt": "season 2014", "sp": null, "mt": 2, "pr": "season=2014", "rn": 1, "wk": null, "ct": 1, "st": 0, "hs": "1", "hn": 0, "bbi": null, "bta": 1, "bwa": null, "fw": null, "bbad": null}]}, {"type": "CAPTAINS_INVOLVED", "stats": [{"tt": "*BB McCullum", "sp": "2009-2014", "mt": 3, "pr": "captain_involve=10384", "rn": 29, "wk": null, "ct": 3, "st": 0, "hs": "22", "hn": 0, "bbi": null, "bta": 14.5, "bwa": null, "fw": null, "bbad": null}, {"tt": "*LRPL Taylor", "sp": "2012-2012", "mt": 1, "pr": "captain_involve=44930", "rn": 8, "wk": null, "ct": 0, "st": 0, "hs": "8", "hn": 0, "bbi": null, "bta": 8, "bwa": null, "fw": null, "bbad": null}, {"tt": "*KS Williamson", "sp": "2014-2014", "mt": 1, "pr": "captain_involve=51088", "rn": 1, "wk": null, "ct": 0, "st": 0, "hs": "1", "hn": 0, "bbi": null, "bta": 1, "bwa": null, "fw": null, "bbad": null}]}, {"type": "CAPTAIN", "stats": [{"tt": "is not captain", "sp": "2009-2014", "mt": 5, "pr": "captain=0", "rn": 38, "wk": null, "ct": 3, "st": 0, "hs": "22", "hn": 0, "bbi": null, "bta": 9.5, "bwa": null, "fw": null, "bbad": null}]}, {"type": "KEEPER", "stats": [{"tt": "is designated keeper", "sp": "2009-2009", "mt": 2, "pr": "keeper=1", "rn": 29, "wk": null, "ct": 2, "st": 0, "hs": "22", "hn": 0, "bbi": null, "bta": 14.5, "bwa": null, "fw": null, "bbad": null}, {"tt": "is not keeper", "sp": "2012-2014", "mt": 3, "pr": "keeper=0", "rn": 9, "wk": null, "ct": 1, "st": 0, "hs": "8", "hn": 0, "bbi": null, "bta": 4.5, "bwa": null, "fw": null, "bbad": null}]}, {"type": "TOSS", "stats": [{"tt": "won the toss", "sp": "2009-2014", "mt": 3, "pr": "toss=1", "rn": 23, "wk": null, "ct": 2, "st": 0, "hs": "22", "hn": 0, "bbi": null, "bta": 11.5, "bwa": null, "fw": null, "bbad": null}, {"tt": "lost the toss", "sp": "2009-2012", "mt": 2, "pr": "toss=2", "rn": 15, "wk": null, "ct": 1, "st": 0, "hs": "8", "hn": 0, "bbi": null, "bta": 7.5, "bwa": null, "fw": null, "bbad": null}]}, {"type": "BATTING_FIELDING_SEQUENCE_AND_TOSS", "stats": [{"tt": "won toss &amp; fielded", "sp": "2009-2014", "mt": 3, "pr": "batting_fielding_first=2;toss=1", "rn": 23, "wk": null, "ct": 2, "st": 0, "hs": "22", "hn": 0, "bbi": null, "bta": 11.5, "bwa": null, "fw": null, "bbad": null}, {"tt": "lost toss &amp; sent in", "sp": "2012-2012", "mt": 1, "pr": "batting_fielding_first=1;toss=2", "rn": 8, "wk": null, "ct": 0, "st": 0, "hs": "8", "hn": 0, "bbi": null, "bta": 8, "bwa": null, "fw": null, "bbad": null}, {"tt": "lost toss &amp; fielded", "sp": "2009-2009", "mt": 1, "pr": "batting_fielding_first=2;toss=2", "rn": 7, "wk": null, "ct": 1, "st": 0, "hs": "7", "hn": 0, "bbi": null, "bta": 7, "bwa": null, "fw": null, "bbad": null}]}, {"type": "BATTING_FIELDING_SEQUENCE", "stats": [{"tt": "matches batting first", "sp": "2012-2012", "mt": 1, "pr": "batting_fielding_first=1", "rn": 8, "wk": null, "ct": 0, "st": 0, "hs": "8", "hn": 0, "bbi": null, "bta": 8, "bwa": null, "fw": null, "bbad": null}, {"tt": "matches fielding first", "sp": "2009-2014", "mt": 4, "pr": "batting_fielding_first=2", "rn": 30, "wk": null, "ct": 3, "st": 0, "hs": "22", "hn": 0, "bbi": null, "bta": 10, "bwa": null, "fw": null, "bbad": null}]}, {"type": "TEAM_INNINGS", "stats": [{"tt": "1st team innings", "sp": "2009-2014", "mt": 5, "pr": "innings_number=1;innings_number=2", "rn": 38, "wk": null, "ct": 3, "st": 0, "hs": "22", "hn": 0, "bbi": null, "bta": 9.5, "bwa": null, "fw": null, "bbad": null}]}, {"type": "MATCH_INNINGS", "stats": [{"tt": "1st match innings", "sp": "2009-2014", "mt": 5, "pr": "innings_number=1", "rn": 8, "wk": null, "ct": 3, "st": 0, "hs": "8", "hn": 0, "bbi": null, "bta": 8, "bwa": null, "fw": null, "bbad": null}, {"tt": "2nd match innings", "sp": "2009-2014", "mt": 5, "pr": "innings_number=2", "rn": 30, "wk": null, "ct": 0, "st": 0, "hs": "22", "hn": 0, "bbi": null, "bta": 10, "bwa": null, "fw": null, "bbad": null}]}, {"type": "FLOODLIT", "stats": [{"tt": "day match", "sp": "2012-2014", "mt": 3, "pr": "floodlit=1", "rn": 9, "wk": null, "ct": 1, "st": 0, "hs": "8", "hn": 0, "bbi": null, "bta": 4.5, "bwa": null, "fw": null, "bbad": null}, {"tt": "day/night match", "sp": "2009-2009", "mt": 2, "pr": "floodlit=2", "rn": 29, "wk": null, "ct": 2, "st": 0, "hs": "22", "hn": 0, "bbi": null, "bta": 14.5, "bwa": null, "fw": null, "bbad": null}]}, {"type": "RESULT", "stats": [{"tt": "won match", "sp": "2014-2014", "mt": 1, "pr": "result=1", "rn": null, "wk": null, "ct": 1, "st": 0, "hs": null, "hn": null, "bbi": null, "bta": null, "bwa": null, "fw": null, "bbad": null}, {"tt": "lost match", "sp": "2009-2014", "mt": 3, "pr": "result=2", "rn": 30, "wk": null, "ct": 2, "st": 0, "hs": "22", "hn": 0, "bbi": null, "bta": 10, "bwa": null, "fw": null, "bbad": null}, {"tt": "no result", "sp": "2012-2012", "mt": 1, "pr": "result=5", "rn": 8, "wk": null, "ct": 0, "st": 0, "hs": "8", "hn": 0, "bbi": null, "bta": 8, "bwa": null, "fw": null, "bbad": null}]}, {"type": "BATTING_FIELDING_SEQUENCE_AND_RESULT", "stats": [{"tt": "won fielding first", "sp": "2014-2014", "mt": 1, "pr": "batting_fielding_first=2;result=1", "rn": null, "wk": null, "ct": 1, "st": 0, "hs": null, "hn": null, "bbi": null, "bta": null, "bwa": null, "fw": null, "bbad": null}, {"tt": "lost fielding first", "sp": "2009-2014", "mt": 3, "pr": "batting_fielding_first=2;result=2", "rn": 30, "wk": null, "ct": 2, "st": 0, "hs": "22", "hn": 0, "bbi": null, "bta": 10, "bwa": null, "fw": null, "bbad": null}, {"tt": "no result batting first", "sp": "2012-2012", "mt": 1, "pr": "batting_fielding_first=1;result=5", "rn": 8, "wk": null, "ct": 0, "st": 0, "hs": "8", "hn": 0, "bbi": null, "bta": 8, "bwa": null, "fw": null, "bbad": null}]}, {"type": "TOURNAMENT_TYPE", "stats": [{"tt": "2 team series", "sp": "2009-2014", "mt": 5, "pr": "tournament_type=2", "rn": 38, "wk": null, "ct": 3, "st": 0, "hs": "22", "hn": 0, "bbi": null, "bta": 9.5, "bwa": null, "fw": null, "bbad": null}]}, {"type": "MATCH_NUMBER", "stats": [{"tt": "only match in series", "sp": "2012-2012", "mt": 1, "pr": "match_number=0", "rn": 8, "wk": null, "ct": 0, "st": 0, "hs": "8", "hn": 0, "bbi": null, "bta": 8, "bwa": null, "fw": null, "bbad": null}, {"tt": "1st match in series", "sp": "2009-2014", "mt": 2, "pr": "match_number=1", "rn": 22, "wk": null, "ct": 2, "st": 0, "hs": "22", "hn": 0, "bbi": null, "bta": 22, "bwa": null, "fw": null, "bbad": null}, {"tt": "2nd match in series", "sp": "2009-2014", "mt": 2, "pr": "match_number=2", "rn": 8, "wk": null, "ct": 1, "st": 0, "hs": "7", "hn": 0, "bbi": null, "bta": 4, "bwa": null, "fw": null, "bbad": null}]}]}}