{"summary": {"recordClassId": 2, "type": "FIELDING", "groups": [{"type": "CAREER_AVERAGES", "stats": [{"tt": "overview", "sp": "2010-2018", "mt": 28, "in": 28, "pr": null, "ds": 20, "ct": 20, "st": 0, "ck": 14, "cf": 6, "mds": "3 (3ct 0st)", "dspi": 0.714}]}, {"type": "OPPOSITION_TEAM", "stats": [{"tt": "vs Australia", "sp": "2016-2016", "mt": 3, "in": 3, "pr": "opposition=2", "ds": 2, "ct": 2, "st": 0, "ck": 2, "cf": 0, "mds": "2 (2ct 0st)", "dspi": 0.666}, {"tt": "vs Bangladesh", "sp": "2010-2010", "mt": 4, "in": 4, "pr": "opposition=25", "ds": 2, "ct": 2, "st": 0, "ck": 0, "cf": 2, "mds": "1 (1ct 0st)", "dspi": 0.5}, {"tt": "vs England", "sp": "2013-2013", "mt": 3, "in": 3, "pr": "opposition=1", "ds": 3, "ct": 3, "st": 0, "ck": 3, "cf": 0, "mds": "3 (3ct 0st)", "dspi": 1}, {"tt": "vs India", "sp": "2010-2016", "mt": 3, "in": 3, "pr": "opposition=6", "ds": 3, "ct": 3, "st": 0, "ck": 2, "cf": 1, "mds": "2 (2ct 0st)", "dspi": 1}, {"tt": "vs Pakistan", "sp": "2018-2018", "mt": 1, "in": 1, "pr": "opposition=7", "ds": 0, "ct": 0, "st": 0, "ck": 0, "cf": 0, "mds": "0", "dspi": 0}, {"tt": "vs South Africa", "sp": "2013-2013", "mt": 3, "in": 3, "pr": "opposition=3", "ds": 2, "ct": 2, "st": 0, "ck": 0, "cf": 2, "mds": "1 (1ct 0st)", "dspi": 0.666}, {"tt": "vs Sri Lanka", "sp": "2010-2012", "mt": 6, "in": 6, "pr": "opposition=8", "ds": 6, "ct": 6, "st": 0, "ck": 5, "cf": 1, "mds": "3 (3ct 0st)", "dspi": 1}, {"tt": "vs West Indies", "sp": "2012-2012", "mt": 3, "in": 3, "pr": "opposition=4", "ds": 2, "ct": 2, "st": 0, "ck": 2, "cf": 0, "mds": "1 (1ct 0st)", "dspi": 0.666}, {"tt": "vs Zimbabwe", "sp": "2011-2011", "mt": 2, "in": 2, "pr": "opposition=9", "ds": 0, "ct": 0, "st": 0, "ck": 0, "cf": 0, "mds": "0", "dspi": 0}]}, {"type": "HOST_COUNTRY", "stats": [{"tt": "in Australia", "sp": "2016-2016", "mt": 3, "in": 3, "pr": "host=2", "ds": 2, "ct": 2, "st": 0, "ck": 2, "cf": 0, "mds": "2 (2ct 0st)", "dspi": 0.666}, {"tt": "in Bangladesh", "sp": "2010-2010", "mt": 4, "in": 4, "pr": "host=25", "ds": 2, "ct": 2, "st": 0, "ck": 0, "cf": 2, "mds": "1 (1ct 0st)", "dspi": 0.5}, {"tt": "in India", "sp": "2016-2016", "mt": 2, "in": 2, "pr": "host=6", "ds": 2, "ct": 2, "st": 0, "ck": 2, "cf": 0, "mds": "2 (2ct 0st)", "dspi": 1}, {"tt": "in New Zealand", "sp": "2013-2013", "mt": 3, "in": 3, "pr": "host=5", "ds": 3, "ct": 3, "st": 0, "ck": 3, "cf": 0, "mds": "3 (3ct 0st)", "dspi": 1}, {"tt": "in South Africa", "sp": "2013-2013", "mt": 3, "in": 3, "pr": "host=3", "ds": 2, "ct": 2, "st": 0, "ck": 0, "cf": 2, "mds": "1 (1ct 0st)", "dspi": 0.666}, {"tt": "in Sri Lanka", "sp": "2010-2012", "mt": 7, "in": 7, "pr": "host=8", "ds": 7, "ct": 7, "st": 0, "ck": 5, "cf": 2, "mds": "3 (3ct 0st)", "dspi": 1}, {"tt": "in U.A.E.", "sp": "2018-2018", "mt": 1, "in": 1, "pr": "host=27", "ds": 0, "ct": 0, "st": 0, "ck": 0, "cf": 0, "mds": "0", "dspi": 0}, {"tt": "in West Indies", "sp": "2012-2012", "mt": 3, "in": 3, "pr": "host=4", "ds": 2, "ct": 2, "st": 0, "ck": 2, "cf": 0, "mds": "1 (1ct 0st)", "dspi": 0.666}, {"tt": "in Zimbabwe", "sp": "2011-2011", "mt": 2, "in": 2, "pr": "host=9", "ds": 0, "ct": 0, "st": 0, "ck": 0, "cf": 0, "mds": "0", "dspi": 0}]}, {"type": "CONTINENT", "stats": [{"tt": "in Africa", "sp": "2011-2013", "mt": 5, "in": 5, "pr": "continent=1", "ds": 2, "ct": 2, "st": 0, "ck": 0, "cf": 2, "mds": "1 (1ct 0st)", "dspi": 0.4}, {"tt": "in Americas", "sp": "2012-2012", "mt": 3, "in": 3, "pr": "continent=3", "ds": 2, "ct": 2, "st": 0, "ck": 2, "cf": 0, "mds": "1 (1ct 0st)", "dspi": 0.666}, {"tt": "in Asia", "sp": "2010-2018", "mt": 14, "in": 14, "pr": "continent=2", "ds": 11, "ct": 11, "st": 0, "ck": 7, "cf": 4, "mds": "3 (3ct 0st)", "dspi": 0.785}, {"tt": "in Oceania", "sp": "2013-2016", "mt": 6, "in": 6, "pr": "continent=5", "ds": 5, "ct": 5, "st": 0, "ck": 5, "cf": 0, "mds": "3 (3ct 0st)", "dspi": 0.833}]}, {"type": "HOME_OR_AWAY", "stats": [{"tt": "home", "sp": "2013-2013", "mt": 3, "in": 3, "pr": "home_or_away=1", "ds": 3, "ct": 3, "st": 0, "ck": 3, "cf": 0, "mds": "3 (3ct 0st)", "dspi": 1}, {"tt": "away", "sp": "2010-2016", "mt": 23, "in": 23, "pr": "home_or_away=2", "ds": 16, "ct": 16, "st": 0, "ck": 11, "cf": 5, "mds": "3 (3ct 0st)", "dspi": 0.695}, {"tt": "neutral", "sp": "2010-2018", "mt": 2, "in": 2, "pr": "home_or_away=3", "ds": 1, "ct": 1, "st": 0, "ck": 0, "cf": 1, "mds": "1 (1ct 0st)", "dspi": 0.5}]}, {"type": "YEAR", "stats": [{"tt": "year 2010", "sp": null, "mt": 7, "in": 7, "pr": "year=2010", "ds": 4, "ct": 4, "st": 0, "ck": 0, "cf": 4, "mds": "1 (1ct 0st)", "dspi": 0.571}, {"tt": "year 2011", "sp": null, "mt": 2, "in": 2, "pr": "year=2011", "ds": 0, "ct": 0, "st": 0, "ck": 0, "cf": 0, "mds": "0", "dspi": 0}, {"tt": "year 2012", "sp": null, "mt": 7, "in": 7, "pr": "year=2012", "ds": 7, "ct": 7, "st": 0, "ck": 7, "cf": 0, "mds": "3 (3ct 0st)", "dspi": 1}, {"tt": "year 2013", "sp": null, "mt": 6, "in": 6, "pr": "year=2013", "ds": 5, "ct": 5, "st": 0, "ck": 3, "cf": 2, "mds": "3 (3ct 0st)", "dspi": 0.833}, {"tt": "year 2016", "sp": null, "mt": 5, "in": 5, "pr": "year=2016", "ds": 4, "ct": 4, "st": 0, "ck": 4, "cf": 0, "mds": "2 (2ct 0st)", "dspi": 0.8}, {"tt": "year 2018", "sp": null, "mt": 1, "in": 1, "pr": "year=2018", "ds": 0, "ct": 0, "st": 0, "ck": 0, "cf": 0, "mds": "0", "dspi": 0}]}, {"type": "SEASON", "stats": [{"tt": "season 2010", "sp": null, "mt": 3, "in": 3, "pr": "season=2010", "ds": 2, "ct": 2, "st": 0, "ck": 0, "cf": 2, "mds": "1 (1ct 0st)", "dspi": 0.666}, {"tt": "season 2010/11", "sp": null, "mt": 4, "in": 4, "pr": "season=2010/11", "ds": 2, "ct": 2, "st": 0, "ck": 0, "cf": 2, "mds": "1 (1ct 0st)", "dspi": 0.5}, {"tt": "season 2011/12", "sp": null, "mt": 2, "in": 2, "pr": "season=2011/12", "ds": 0, "ct": 0, "st": 0, "ck": 0, "cf": 0, "mds": "0", "dspi": 0}, {"tt": "season 2012", "sp": null, "mt": 3, "in": 3, "pr": "season=2012", "ds": 2, "ct": 2, "st": 0, "ck": 2, "cf": 0, "mds": "1 (1ct 0st)", "dspi": 0.666}, {"tt": "season 2012/13", "sp": null, "mt": 10, "in": 10, "pr": "season=2012/13", "ds": 10, "ct": 10, "st": 0, "ck": 8, "cf": 2, "mds": "3 (3ct 0st)", "dspi": 1}, {"tt": "season 2016/17", "sp": null, "mt": 5, "in": 5, "pr": "season=2016/17", "ds": 4, "ct": 4, "st": 0, "ck": 4, "cf": 0, "mds": "2 (2ct 0st)", "dspi": 0.8}, {"tt": "season 2018/19", "sp": null, "mt": 1, "in": 1, "pr": "season=2018/19", "ds": 0, "ct": 0, "st": 0, "ck": 0, "cf": 0, "mds": "0", "dspi": 0}]}, {"type": "CAPTAINS_INVOLVED", "stats": [{"tt": "*TWM Latham", "sp": "2018-2018", "mt": 1, "in": 1, "pr": "captain_involve=59148", "ds": 0, "ct": 0, "st": 0, "ck": 0, "cf": 0, "mds": "0", "dspi": 0}, {"tt": "*BB McCullum", "sp": "2013-2013", "mt": 6, "in": 6, "pr": "captain_involve=10384", "ds": 5, "ct": 5, "st": 0, "ck": 3, "cf": 2, "mds": "3 (3ct 0st)", "dspi": 0.833}, {"tt": "*LRPL Taylor", "sp": "2010-2012", "mt": 9, "in": 9, "pr": "captain_involve=44930", "ds": 7, "ct": 7, "st": 0, "ck": 5, "cf": 2, "mds": "3 (3ct 0st)", "dspi": 0.777}, {"tt": "*DL Vettori", "sp": "2010-2010", "mt": 4, "in": 4, "pr": "captain_involve=4380", "ds": 2, "ct": 2, "st": 0, "ck": 0, "cf": 2, "mds": "1 (1ct 0st)", "dspi": 0.5}, {"tt": "*KS Williamson", "sp": "2012-2016", "mt": 8, "in": 8, "pr": "captain_involve=51088", "ds": 6, "ct": 6, "st": 0, "ck": 6, "cf": 0, "mds": "2 (2ct 0st)", "dspi": 0.75}]}, {"type": "CAPTAIN", "stats": [{"tt": "is not captain", "sp": "2010-2018", "mt": 28, "in": 28, "pr": "captain=0", "ds": 20, "ct": 20, "st": 0, "ck": 14, "cf": 6, "mds": "3 (3ct 0st)", "dspi": 0.714}]}, {"type": "KEEPER", "stats": [{"tt": "is designated keeper", "sp": "2010-2016", "mt": 15, "in": 15, "pr": "keeper=1", "ds": 14, "ct": 14, "st": 0, "ck": 14, "cf": 0, "mds": "3 (3ct 0st)", "dspi": 0.933}, {"tt": "is not keeper", "sp": "2010-2018", "mt": 13, "in": 13, "pr": "keeper=0", "ds": 6, "ct": 6, "st": 0, "ck": 0, "cf": 6, "mds": "1 (1ct 0st)", "dspi": 0.461}]}, {"type": "TOSS", "stats": [{"tt": "won the toss", "sp": "2010-2016", "mt": 13, "in": 13, "pr": "toss=1", "ds": 9, "ct": 9, "st": 0, "ck": 7, "cf": 2, "mds": "3 (3ct 0st)", "dspi": 0.692}, {"tt": "lost the toss", "sp": "2010-2018", "mt": 15, "in": 15, "pr": "toss=2", "ds": 11, "ct": 11, "st": 0, "ck": 7, "cf": 4, "mds": "3 (3ct 0st)", "dspi": 0.733}]}, {"type": "BATTING_FIELDING_SEQUENCE_AND_TOSS", "stats": [{"tt": "won toss &amp; batted", "sp": "2010-2016", "mt": 5, "in": 5, "pr": "batting_fielding_first=1;toss=1", "ds": 5, "ct": 5, "st": 0, "ck": 3, "cf": 2, "mds": "2 (2ct 0st)", "dspi": 1}, {"tt": "won toss &amp; fielded", "sp": "2010-2016", "mt": 8, "in": 8, "pr": "batting_fielding_first=2;toss=1", "ds": 4, "ct": 4, "st": 0, "ck": 4, "cf": 0, "mds": "3 (3ct 0st)", "dspi": 0.5}, {"tt": "lost toss &amp; sent in", "sp": "2010-2013", "mt": 8, "in": 8, "pr": "batting_fielding_first=1;toss=2", "ds": 6, "ct": 6, "st": 0, "ck": 5, "cf": 1, "mds": "3 (3ct 0st)", "dspi": 0.75}, {"tt": "lost toss &amp; fielded", "sp": "2010-2018", "mt": 7, "in": 7, "pr": "batting_fielding_first=2;toss=2", "ds": 5, "ct": 5, "st": 0, "ck": 2, "cf": 3, "mds": "2 (2ct 0st)", "dspi": 0.714}]}, {"type": "BATTING_FIELDING_SEQUENCE", "stats": [{"tt": "matches batting first", "sp": "2010-2016", "mt": 13, "in": 13, "pr": "batting_fielding_first=1", "ds": 11, "ct": 11, "st": 0, "ck": 8, "cf": 3, "mds": "3 (3ct 0st)", "dspi": 0.846}, {"tt": "matches fielding first", "sp": "2010-2018", "mt": 15, "in": 15, "pr": "batting_fielding_first=2", "ds": 9, "ct": 9, "st": 0, "ck": 6, "cf": 3, "mds": "3 (3ct 0st)", "dspi": 0.6}]}, {"type": "TEAM_INNINGS", "stats": [{"tt": "1st team innings", "sp": "2010-2018", "mt": 28, "in": 28, "pr": "innings_number=2;innings_number=1", "ds": 20, "ct": 20, "st": 0, "ck": 14, "cf": 6, "mds": "3 (3ct 0st)", "dspi": 0.714}]}, {"type": "MATCH_INNINGS", "stats": [{"tt": "1st match innings", "sp": "2010-2018", "mt": 15, "in": 15, "pr": "innings_number=1", "ds": 9, "ct": 9, "st": 0, "ck": 6, "cf": 3, "mds": "3 (3ct 0st)", "dspi": 0.6}, {"tt": "2nd match innings", "sp": "2010-2016", "mt": 13, "in": 13, "pr": "innings_number=2", "ds": 11, "ct": 11, "st": 0, "ck": 8, "cf": 3, "mds": "3 (3ct 0st)", "dspi": 0.846}]}, {"type": "FLOODLIT", "stats": [{"tt": "day match", "sp": "2010-2013", "mt": 10, "in": 10, "pr": "floodlit=1", "ds": 4, "ct": 4, "st": 0, "ck": 2, "cf": 2, "mds": "1 (1ct 0st)", "dspi": 0.4}, {"tt": "day/night match", "sp": "2010-2018", "mt": 18, "in": 18, "pr": "floodlit=2", "ds": 16, "ct": 16, "st": 0, "ck": 12, "cf": 4, "mds": "3 (3ct 0st)", "dspi": 0.888}]}, {"type": "RESULT", "stats": [{"tt": "won match", "sp": "2011-2016", "mt": 6, "in": 6, "pr": "result=1", "ds": 3, "ct": 3, "st": 0, "ck": 2, "cf": 1, "mds": "2 (2ct 0st)", "dspi": 0.5}, {"tt": "lost match", "sp": "2010-2016", "mt": 19, "in": 19, "pr": "result=2", "ds": 14, "ct": 14, "st": 0, "ck": 9, "cf": 5, "mds": "3 (3ct 0st)", "dspi": 0.736}, {"tt": "no result", "sp": "2010-2018", "mt": 3, "in": 3, "pr": "result=5", "ds": 3, "ct": 3, "st": 0, "ck": 3, "cf": 0, "mds": "3 (3ct 0st)", "dspi": 1}]}, {"type": "BATTING_FIELDING_SEQUENCE_AND_RESULT", "stats": [{"tt": "won batting first", "sp": "2012-2016", "mt": 3, "in": 3, "pr": "batting_fielding_first=1;result=1", "ds": 3, "ct": 3, "st": 0, "ck": 2, "cf": 1, "mds": "2 (2ct 0st)", "dspi": 1}, {"tt": "won fielding first", "sp": "2011-2013", "mt": 3, "in": 3, "pr": "batting_fielding_first=2;result=1", "ds": 0, "ct": 0, "st": 0, "ck": 0, "cf": 0, "mds": "0", "dspi": 0}, {"tt": "lost batting first", "sp": "2010-2013", "mt": 10, "in": 10, "pr": "batting_fielding_first=1;result=2", "ds": 8, "ct": 8, "st": 0, "ck": 6, "cf": 2, "mds": "3 (3ct 0st)", "dspi": 0.8}, {"tt": "lost fielding first", "sp": "2010-2016", "mt": 9, "in": 9, "pr": "batting_fielding_first=2;result=2", "ds": 6, "ct": 6, "st": 0, "ck": 3, "cf": 3, "mds": "2 (2ct 0st)", "dspi": 0.666}, {"tt": "no result fielding first", "sp": "2010-2018", "mt": 3, "in": 3, "pr": "batting_fielding_first=2;result=5", "ds": 3, "ct": 3, "st": 0, "ck": 3, "cf": 0, "mds": "3 (3ct 0st)", "dspi": 1}]}, {"type": "TOURNAMENT_TYPE", "stats": [{"tt": "2 team series", "sp": "2010-2018", "mt": 25, "in": 25, "pr": "tournament_type=2", "ds": 18, "ct": 18, "st": 0, "ck": 14, "cf": 4, "mds": "3 (3ct 0st)", "dspi": 0.72}, {"tt": "3-4 team tournaments", "sp": "2010-2010", "mt": 3, "in": 3, "pr": "tournament_type=3", "ds": 2, "ct": 2, "st": 0, "ck": 0, "cf": 2, "mds": "1 (1ct 0st)", "dspi": 0.666}]}, {"type": "MATCH_NUMBER", "stats": [{"tt": "1st match in series", "sp": "2010-2016", "mt": 5, "in": 5, "pr": "match_number=1", "ds": 4, "ct": 4, "st": 0, "ck": 3, "cf": 1, "mds": "2 (2ct 0st)", "dspi": 0.8}, {"tt": "2nd match in series", "sp": "2011-2016", "mt": 6, "in": 6, "pr": "match_number=2", "ds": 3, "ct": 3, "st": 0, "ck": 2, "cf": 1, "mds": "1 (1ct 0st)", "dspi": 0.5}, {"tt": "3rd match in series", "sp": "2010-2018", "mt": 8, "in": 8, "pr": "match_number=3", "ds": 4, "ct": 4, "st": 0, "ck": 3, "cf": 1, "mds": "3 (3ct 0st)", "dspi": 0.5}, {"tt": "4th match in series", "sp": "2010-2016", "mt": 3, "in": 3, "pr": "match_number=4", "ds": 3, "ct": 3, "st": 0, "ck": 3, "cf": 0, "mds": "2 (2ct 0st)", "dspi": 1}, {"tt": "5th match in series", "sp": "2010-2016", "mt": 3, "in": 3, "pr": "match_number=5", "ds": 4, "ct": 4, "st": 0, "ck": 3, "cf": 1, "mds": "3 (3ct 0st)", "dspi": 1.333}]}, {"type": "MAJOR_TROPHY", "stats": [{"tt": "Chappell-Hadlee", "sp": "2016-2016", "mt": 3, "in": 3, "pr": "trophy=65", "ds": 2, "ct": 2, "st": 0, "ck": 2, "cf": 0, "mds": "2 (2ct 0st)", "dspi": 0.666}]}]}}