{"summary": {"recordClassId": 3, "type": "BOWLING", "groups": [{"type": "CAREER_AVERAGES", "stats": [{"bl": null, "tt": "overview", "sp": "2009-2014", "mt": 5, "in": null, "pr": null, "ov": null, "cd": null, "md": null, "wk": null, "fwk": null, "fw": null, "tw": null, "bbi": null, "bbm": null, "bwa": null, "bwe": null, "bwsr": null}]}, {"type": "OPPOSITION_TEAM", "stats": [{"bl": null, "tt": "vs Pakistan", "sp": "2009-2009", "mt": 2, "in": null, "pr": "opposition=7", "ov": null, "cd": null, "md": null, "wk": null, "fwk": null, "fw": null, "tw": null, "bbi": null, "bbm": null, "bwa": null, "bwe": null, "bwsr": null}, {"bl": null, "tt": "vs Sri Lanka", "sp": "2012-2012", "mt": 1, "in": null, "pr": "opposition=8", "ov": null, "cd": null, "md": null, "wk": null, "fwk": null, "fw": null, "tw": null, "bbi": null, "bbm": null, "bwa": null, "bwe": null, "bwsr": null}, {"bl": null, "tt": "vs West Indies", "sp": "2014-2014", "mt": 2, "in": null, "pr": "opposition=4", "ov": null, "cd": null, "md": null, "wk": null, "fwk": null, "fw": null, "tw": null, "bbi": null, "bbm": null, "bwa": null, "bwe": null, "bwsr": null}]}, {"type": "HOST_COUNTRY", "stats": [{"bl": null, "tt": "in Sri Lanka", "sp": "2012-2012", "mt": 1, "in": null, "pr": "host=8", "ov": null, "cd": null, "md": null, "wk": null, "fwk": null, "fw": null, "tw": null, "bbi": null, "bbm": null, "bwa": null, "bwe": null, "bwsr": null}, {"bl": null, "tt": "in U.A.E.", "sp": "2009-2009", "mt": 2, "in": null, "pr": "host=27", "ov": null, "cd": null, "md": null, "wk": null, "fwk": null, "fw": null, "tw": null, "bbi": null, "bbm": null, "bwa": null, "bwe": null, "bwsr": null}, {"bl": null, "tt": "in West Indies", "sp": "2014-2014", "mt": 2, "in": null, "pr": "host=4", "ov": null, "cd": null, "md": null, "wk": null, "fwk": null, "fw": null, "tw": null, "bbi": null, "bbm": null, "bwa": null, "bwe": null, "bwsr": null}]}, {"type": "CONTINENT", "stats": [{"bl": null, "tt": "in Americas", "sp": "2014-2014", "mt": 2, "in": null, "pr": "continent=3", "ov": null, "cd": null, "md": null, "wk": null, "fwk": null, "fw": null, "tw": null, "bbi": null, "bbm": null, "bwa": null, "bwe": null, "bwsr": null}, {"bl": null, "tt": "in Asia", "sp": "2009-2012", "mt": 3, "in": null, "pr": "continent=2", "ov": null, "cd": null, "md": null, "wk": null, "fwk": null, "fw": null, "tw": null, "bbi": null, "bbm": null, "bwa": null, "bwe": null, "bwsr": null}]}, {"type": "HOME_OR_AWAY", "stats": [{"bl": null, "tt": "away", "sp": "2012-2014", "mt": 3, "in": null, "pr": "home_or_away=2", "ov": null, "cd": null, "md": null, "wk": null, "fwk": null, "fw": null, "tw": null, "bbi": null, "bbm": null, "bwa": null, "bwe": null, "bwsr": null}, {"bl": null, "tt": "neutral", "sp": "2009-2009", "mt": 2, "in": null, "pr": "home_or_away=3", "ov": null, "cd": null, "md": null, "wk": null, "fwk": null, "fw": null, "tw": null, "bbi": null, "bbm": null, "bwa": null, "bwe": null, "bwsr": null}]}, {"type": "YEAR", "stats": [{"bl": null, "tt": "year 2009", "sp": null, "mt": 2, "in": null, "pr": "year=2009", "ov": null, "cd": null, "md": null, "wk": null, "fwk": null, "fw": null, "tw": null, "bbi": null, "bbm": null, "bwa": null, "bwe": null, "bwsr": null}, {"bl": null, "tt": "year 2012", "sp": null, "mt": 1, "in": null, "pr": "year=2012", "ov": null, "cd": null, "md": null, "wk": null, "fwk": null, "fw": null, "tw": null, "bbi": null, "bbm": null, "bwa": null, "bwe": null, "bwsr": null}, {"bl": null, "tt": "year 2014", "sp": null, "mt": 2, "in": null, "pr": "year=2014", "ov": null, "cd": null, "md": null, "wk": null, "fwk": null, "fw": null, "tw": null, "bbi": null, "bbm": null, "bwa": null, "bwe": null, "bwsr": null}]}, {"type": "SEASON", "stats": [{"bl": null, "tt": "season 2009/10", "sp": null, "mt": 2, "in": null, "pr": "season=2009/10", "ov": null, "cd": null, "md": null, "wk": null, "fwk": null, "fw": null, "tw": null, "bbi": null, "bbm": null, "bwa": null, "bwe": null, "bwsr": null}, {"bl": null, "tt": "season 2012/13", "sp": null, "mt": 1, "in": null, "pr": "season=2012/13", "ov": null, "cd": null, "md": null, "wk": null, "fwk": null, "fw": null, "tw": null, "bbi": null, "bbm": null, "bwa": null, "bwe": null, "bwsr": null}, {"bl": null, "tt": "season 2014", "sp": null, "mt": 2, "in": null, "pr": "season=2014", "ov": null, "cd": null, "md": null, "wk": null, "fwk": null, "fw": null, "tw": null, "bbi": null, "bbm": null, "bwa": null, "bwe": null, "bwsr": null}]}, {"type": "CAPTAINS_INVOLVED", "stats": [{"bl": null, "tt": "*BB McCullum", "sp": "2009-2014", "mt": 3, "in": null, "pr": "captain_involve=10384", "ov": null, "cd": null, "md": null, "wk": null, "fwk": null, "fw": null, "tw": null, "bbi": null, "bbm": null, "bwa": null, "bwe": null, "bwsr": null}, {"bl": null, "tt": "*LRPL Taylor", "sp": "2012-2012", "mt": 1, "in": null, "pr": "captain_involve=44930", "ov": null, "cd": null, "md": null, "wk": null, "fwk": null, "fw": null, "tw": null, "bbi": null, "bbm": null, "bwa": null, "bwe": null, "bwsr": null}, {"bl": null, "tt": "*KS Williamson", "sp": "2014-2014", "mt": 1, "in": null, "pr": "captain_involve=51088", "ov": null, "cd": null, "md": null, "wk": null, "fwk": null, "fw": null, "tw": null, "bbi": null, "bbm": null, "bwa": null, "bwe": null, "bwsr": null}]}, {"type": "CAPTAIN", "stats": [{"bl": null, "tt": "is not captain", "sp": "2009-2014", "mt": 5, "in": null, "pr": "captain=0", "ov": null, "cd": null, "md": null, "wk": null, "fwk": null, "fw": null, "tw": null, "bbi": null, "bbm": null, "bwa": null, "bwe": null, "bwsr": null}]}, {"type": "KEEPER", "stats": [{"bl": null, "tt": "is designated keeper", "sp": "2009-2009", "mt": 2, "in": null, "pr": "keeper=1", "ov": null, "cd": null, "md": null, "wk": null, "fwk": null, "fw": null, "tw": null, "bbi": null, "bbm": null, "bwa": null, "bwe": null, "bwsr": null}, {"bl": null, "tt": "is not keeper", "sp": "2012-2014", "mt": 3, "in": null, "pr": "keeper=0", "ov": null, "cd": null, "md": null, "wk": null, "fwk": null, "fw": null, "tw": null, "bbi": null, "bbm": null, "bwa": null, "bwe": null, "bwsr": null}]}, {"type": "TOSS", "stats": [{"bl": null, "tt": "won the toss", "sp": "2009-2014", "mt": 3, "in": null, "pr": "toss=1", "ov": null, "cd": null, "md": null, "wk": null, "fwk": null, "fw": null, "tw": null, "bbi": null, "bbm": null, "bwa": null, "bwe": null, "bwsr": null}, {"bl": null, "tt": "lost the toss", "sp": "2009-2012", "mt": 2, "in": null, "pr": "toss=2", "ov": null, "cd": null, "md": null, "wk": null, "fwk": null, "fw": null, "tw": null, "bbi": null, "bbm": null, "bwa": null, "bwe": null, "bwsr": null}]}, {"type": "BATTING_FIELDING_SEQUENCE_AND_TOSS", "stats": [{"bl": null, "tt": "won toss &amp; fielded", "sp": "2009-2014", "mt": 3, "in": null, "pr": "batting_fielding_first=2;toss=1", "ov": null, "cd": null, "md": null, "wk": null, "fwk": null, "fw": null, "tw": null, "bbi": null, "bbm": null, "bwa": null, "bwe": null, "bwsr": null}, {"bl": null, "tt": "lost toss &amp; sent in", "sp": "2012-2012", "mt": 1, "in": null, "pr": "batting_fielding_first=1;toss=2", "ov": null, "cd": null, "md": null, "wk": null, "fwk": null, "fw": null, "tw": null, "bbi": null, "bbm": null, "bwa": null, "bwe": null, "bwsr": null}, {"bl": null, "tt": "lost toss &amp; fielded", "sp": "2009-2009", "mt": 1, "in": null, "pr": "batting_fielding_first=2;toss=2", "ov": null, "cd": null, "md": null, "wk": null, "fwk": null, "fw": null, "tw": null, "bbi": null, "bbm": null, "bwa": null, "bwe": null, "bwsr": null}]}, {"type": "BATTING_FIELDING_SEQUENCE", "stats": [{"bl": null, "tt": "matches batting first", "sp": "2012-2012", "mt": 1, "in": null, "pr": "batting_fielding_first=1", "ov": null, "cd": null, "md": null, "wk": null, "fwk": null, "fw": null, "tw": null, "bbi": null, "bbm": null, "bwa": null, "bwe": null, "bwsr": null}, {"bl": null, "tt": "matches fielding first", "sp": "2009-2014", "mt": 4, "in": null, "pr": "batting_fielding_first=2", "ov": null, "cd": null, "md": null, "wk": null, "fwk": null, "fw": null, "tw": null, "bbi": null, "bbm": null, "bwa": null, "bwe": null, "bwsr": null}]}, {"type": "TEAM_INNINGS", "stats": [{"bl": null, "tt": "1st team innings", "sp": "2009-2014", "mt": 5, "in": null, "pr": "innings_number=1;innings_number=2", "ov": null, "cd": null, "md": null, "wk": null, "fwk": null, "fw": null, "tw": null, "bbi": null, "bbm": null, "bwa": null, "bwe": null, "bwsr": null}]}, {"type": "MATCH_INNINGS", "stats": [{"bl": null, "tt": "1st match innings", "sp": "2009-2014", "mt": 4, "in": null, "pr": "innings_number=1", "ov": null, "cd": null, "md": null, "wk": null, "fwk": null, "fw": null, "tw": null, "bbi": null, "bbm": null, "bwa": null, "bwe": null, "bwsr": null}, {"bl": null, "tt": "2nd match innings", "sp": "2012-2012", "mt": 1, "in": null, "pr": "innings_number=2", "ov": null, "cd": null, "md": null, "wk": null, "fwk": null, "fw": null, "tw": null, "bbi": null, "bbm": null, "bwa": null, "bwe": null, "bwsr": null}]}, {"type": "FLOODLIT", "stats": [{"bl": null, "tt": "day match", "sp": "2012-2014", "mt": 3, "in": null, "pr": "floodlit=1", "ov": null, "cd": null, "md": null, "wk": null, "fwk": null, "fw": null, "tw": null, "bbi": null, "bbm": null, "bwa": null, "bwe": null, "bwsr": null}, {"bl": null, "tt": "day/night match", "sp": "2009-2009", "mt": 2, "in": null, "pr": "floodlit=2", "ov": null, "cd": null, "md": null, "wk": null, "fwk": null, "fw": null, "tw": null, "bbi": null, "bbm": null, "bwa": null, "bwe": null, "bwsr": null}]}, {"type": "RESULT", "stats": [{"bl": null, "tt": "won match", "sp": "2014-2014", "mt": 1, "in": null, "pr": "result=1", "ov": null, "cd": null, "md": null, "wk": null, "fwk": null, "fw": null, "tw": null, "bbi": null, "bbm": null, "bwa": null, "bwe": null, "bwsr": null}, {"bl": null, "tt": "lost match", "sp": "2009-2014", "mt": 3, "in": null, "pr": "result=2", "ov": null, "cd": null, "md": null, "wk": null, "fwk": null, "fw": null, "tw": null, "bbi": null, "bbm": null, "bwa": null, "bwe": null, "bwsr": null}, {"bl": null, "tt": "no result", "sp": "2012-2012", "mt": 1, "in": null, "pr": "result=5", "ov": null, "cd": null, "md": null, "wk": null, "fwk": null, "fw": null, "tw": null, "bbi": null, "bbm": null, "bwa": null, "bwe": null, "bwsr": null}]}, {"type": "BATTING_FIELDING_SEQUENCE_AND_RESULT", "stats": [{"bl": null, "tt": "won fielding first", "sp": "2014-2014", "mt": 1, "in": null, "pr": "batting_fielding_first=2;result=1", "ov": null, "cd": null, "md": null, "wk": null, "fwk": null, "fw": null, "tw": null, "bbi": null, "bbm": null, "bwa": null, "bwe": null, "bwsr": null}, {"bl": null, "tt": "lost fielding first", "sp": "2009-2014", "mt": 3, "in": null, "pr": "batting_fielding_first=2;result=2", "ov": null, "cd": null, "md": null, "wk": null, "fwk": null, "fw": null, "tw": null, "bbi": null, "bbm": null, "bwa": null, "bwe": null, "bwsr": null}, {"bl": null, "tt": "no result batting first", "sp": "2012-2012", "mt": 1, "in": null, "pr": "batting_fielding_first=1;result=5", "ov": null, "cd": null, "md": null, "wk": null, "fwk": null, "fw": null, "tw": null, "bbi": null, "bbm": null, "bwa": null, "bwe": null, "bwsr": null}]}, {"type": "TOURNAMENT_TYPE", "stats": [{"bl": null, "tt": "2 team series", "sp": "2009-2014", "mt": 5, "in": null, "pr": "tournament_type=2", "ov": null, "cd": null, "md": null, "wk": null, "fwk": null, "fw": null, "tw": null, "bbi": null, "bbm": null, "bwa": null, "bwe": null, "bwsr": null}]}, {"type": "MATCH_NUMBER", "stats": [{"bl": null, "tt": "only match in series", "sp": "2012-2012", "mt": 1, "in": null, "pr": "match_number=0", "ov": null, "cd": null, "md": null, "wk": null, "fwk": null, "fw": null, "tw": null, "bbi": null, "bbm": null, "bwa": null, "bwe": null, "bwsr": null}, {"bl": null, "tt": "1st match in series", "sp": "2009-2014", "mt": 2, "in": null, "pr": "match_number=1", "ov": null, "cd": null, "md": null, "wk": null, "fwk": null, "fw": null, "tw": null, "bbi": null, "bbm": null, "bwa": null, "bwe": null, "bwsr": null}, {"bl": null, "tt": "2nd match in series", "sp": "2009-2014", "mt": 2, "in": null, "pr": "match_number=2", "ov": null, "cd": null, "md": null, "wk": null, "fwk": null, "fw": null, "tw": null, "bbi": null, "bbm": null, "bwa": null, "bwe": null, "bwsr": null}]}]}}