{"player": {"id": 47492, "objectId": 38924, "name": "BJ Watling", "longName": "BJ Watling", "mobileName": "Watling", "indexName": "Watling, BJ", "battingName": "BJ Watling", "fieldingName": "Watling", "slug": "bj-watling", "gender": "M", "playingRole": "wicketkeeper batter", "battingStyles": ["rhb"], "bowlingStyles": [], "longBattingStyles": ["right-hand bat"], "longBowlingStyles": [], "image": {"id": 203065, "objectId": 818247, "slug": "bj-watling", "url": "/db/PICTURES/CMS/203000/203065.1.jpg", "width": 160, "height": 192, "caption": "BJ Watling ", "longCaption": "BJ Watling", "credit": "Getty Images", "photographer": null, "peerUrls": null}, "countryTeamId": 5, "playingRoleType": "WK", "playingRoles": ["wicketkeeper batter"], "dateOfBirth": {"year": 1985, "month": 7, "date": 9}, "dateOfDeath": null, "fullName": "Bradley-John Watling", "nickNames": "", "alsoKnownAs": "", "height": 0, "heightUnit": null, "education": "", "country": {"id": 5, "objectId": 5, "name": "New Zealand", "shortName": "New Zealand", "image": {"id": 313127, "objectId": 1241586, "slug": "new-zealand-logo", "url": "/db/PICTURES/CMS/313100/313127.logo.png", "width": 500, "height": 500, "caption": "New Zealand logo", "longCaption": "New Zealand logo", "credit": null, "photographer": null, "peerUrls": null}}, "altCountryTeamId": null, "placeOfBirth": "Durban, South Africa", "dobText": null, "dodText": null, "placeOfDeath": "", "intlCareerSpan": "2009 - 2021", "headshotImage": {"id": 319763, "objectId": 1259770, "slug": "bj-watling-player-page-headshot-cutout-2021", "url": "/db/PICTURES/CMS/319700/319763.png", "width": 600, "height": 436, "caption": "BJ Watling player page headshot cutout, 2021", "longCaption": "BJ Watling player page headshot cutout, 2021", "credit": null, "photographer": null, "peerUrls": {"FILM": null, "WIDE": null, "SQUARE": "/db/PICTURES/CMS/319700/319763.square.png"}}, "backgroundImage": {"id": 198559, "objectId": 800827, "slug": "bj-watling-dabs-the-ball-late", "url": "/db/PICTURES/CMS/198500/198559.jpg", "width": 900, "height": 759, "caption": "BJ Watling dabs the ball late", "longCaption": "BJ Watling dabs the ball late, Pakistan v New Zealand, 2nd Test, Dubai, 2nd day, November 18, 2014", "credit": "AFP", "photographer": null, "peerUrls": {"FILM": null, "WIDE": "/db/PICTURES/CMS/198500/198559.3.jpg", "SQUARE": null}}, "externalLinks": [], "fieldingStyles": ["wicketkeeper"], "otherStyles": [], "matchPlayerTypes": [1], "hasRecords": true, "hasStats": true, "hasMatches": true, "totalStories": 154, "totalVideos": 20, "totalImages": 275}, "teams": [{"team": {"id": 5, "objectId": 5, "scribeId": 5, "slug": "new-zealand", "name": "New Zealand", "longName": "New Zealand", "abbreviation": "NZ", "isCountry": true, "primaryColor": "#000000", "image": {"id": 313127, "objectId": 1241586, "slug": "new-zealand-logo", "url": "/db/PICTURES/CMS/313100/313127.logo.png", "width": 500, "height": 500, "caption": "New Zealand logo", "longCaption": "New Zealand logo", "credit": null, "photographer": null, "peerUrls": null}}, "current": false}, {"team": {"id": 2611, "objectId": 2560, "scribeId": 2560, "slug": "new-zealand-under-19s-young-cricketers", "name": "NZ U19", "longName": "New Zealand Under-19s", "abbreviation": "NZ19", "isCountry": false, "primaryColor": null, "image": {"id": 313334, "objectId": 1241793, "slug": "new-zealand-under-19s-young-cricketers-logo", "url": "/db/PICTURES/CMS/313300/313334.logo.png", "width": 500, "height": 500, "caption": "New Zealand Under-19s (Young Cricketers) logo", "longCaption": "New Zealand Under-19s (Young Cricketers) logo", "credit": null, "photographer": null, "peerUrls": null}}, "current": false}, {"team": {"id": 2567, "objectId": 2516, "scribeId": 2516, "slug": "northern-districts", "name": "Northern Dis", "longName": "Northern Districts", "abbreviation": "ND", "isCountry": false, "primaryColor": null, "image": {"id": 313332, "objectId": 1241791, "slug": "northern-districts-logo", "url": "/db/PICTURES/CMS/313300/313332.logo.png", "width": 500, "height": 500, "caption": "Northern Districts logo", "longCaption": "Northern Districts logo", "credit": null, "photographer": null, "peerUrls": null}}, "current": false}]}