{"summary": {"recordClassId": 3, "type": "BATTING", "groups": [{"type": "CAREER_AVERAGES", "stats": [{"tt": "overview", "sp": "2009-2014", "mt": 5, "in": 4, "pr": null, "rn": 38, "fo": 3, "si": 0, "ft": 0, "hn": 0, "bf": 58, "dk": 0, "no": 0, "hs": "22", "bta": 9.5, "btsr": 65.51}]}, {"type": "OPPOSITION_TEAM", "stats": [{"tt": "vs Pakistan", "sp": "2009-2009", "mt": 2, "in": 2, "pr": "opposition=7", "rn": 29, "fo": 2, "si": 0, "ft": 0, "hn": 0, "bf": 45, "dk": 0, "no": 0, "hs": "22", "bta": 14.5, "btsr": 64.44}, {"tt": "vs Sri Lanka", "sp": "2012-2012", "mt": 1, "in": 1, "pr": "opposition=8", "rn": 8, "fo": 1, "si": 0, "ft": 0, "hn": 0, "bf": 11, "dk": 0, "no": 0, "hs": "8", "bta": 8, "btsr": 72.72}, {"tt": "vs West Indies", "sp": "2014-2014", "mt": 2, "in": 1, "pr": "opposition=4", "rn": 1, "fo": 0, "si": 0, "ft": 0, "hn": 0, "bf": 2, "dk": 0, "no": 0, "hs": "1", "bta": 1, "btsr": 50}]}, {"type": "HOST_COUNTRY", "stats": [{"tt": "in Sri Lanka", "sp": "2012-2012", "mt": 1, "in": 1, "pr": "host=8", "rn": 8, "fo": 1, "si": 0, "ft": 0, "hn": 0, "bf": 11, "dk": 0, "no": 0, "hs": "8", "bta": 8, "btsr": 72.72}, {"tt": "in U.A.E.", "sp": "2009-2009", "mt": 2, "in": 2, "pr": "host=27", "rn": 29, "fo": 2, "si": 0, "ft": 0, "hn": 0, "bf": 45, "dk": 0, "no": 0, "hs": "22", "bta": 14.5, "btsr": 64.44}, {"tt": "in West Indies", "sp": "2014-2014", "mt": 2, "in": 1, "pr": "host=4", "rn": 1, "fo": 0, "si": 0, "ft": 0, "hn": 0, "bf": 2, "dk": 0, "no": 0, "hs": "1", "bta": 1, "btsr": 50}]}, {"type": "CONTINENT", "stats": [{"tt": "in Americas", "sp": "2014-2014", "mt": 2, "in": 1, "pr": "continent=3", "rn": 1, "fo": 0, "si": 0, "ft": 0, "hn": 0, "bf": 2, "dk": 0, "no": 0, "hs": "1", "bta": 1, "btsr": 50}, {"tt": "in Asia", "sp": "2009-2012", "mt": 3, "in": 3, "pr": "continent=2", "rn": 37, "fo": 3, "si": 0, "ft": 0, "hn": 0, "bf": 56, "dk": 0, "no": 0, "hs": "22", "bta": 12.33, "btsr": 66.07}]}, {"type": "HOME_OR_AWAY", "stats": [{"tt": "away", "sp": "2012-2014", "mt": 3, "in": 2, "pr": "home_or_away=2", "rn": 9, "fo": 1, "si": 0, "ft": 0, "hn": 0, "bf": 13, "dk": 0, "no": 0, "hs": "8", "bta": 4.5, "btsr": 69.23}, {"tt": "neutral", "sp": "2009-2009", "mt": 2, "in": 2, "pr": "home_or_away=3", "rn": 29, "fo": 2, "si": 0, "ft": 0, "hn": 0, "bf": 45, "dk": 0, "no": 0, "hs": "22", "bta": 14.5, "btsr": 64.44}]}, {"type": "YEAR", "stats": [{"tt": "year 2009", "sp": null, "mt": 2, "in": 2, "pr": "year=2009", "rn": 29, "fo": 2, "si": 0, "ft": 0, "hn": 0, "bf": 45, "dk": 0, "no": 0, "hs": "22", "bta": 14.5, "btsr": 64.44}, {"tt": "year 2012", "sp": null, "mt": 1, "in": 1, "pr": "year=2012", "rn": 8, "fo": 1, "si": 0, "ft": 0, "hn": 0, "bf": 11, "dk": 0, "no": 0, "hs": "8", "bta": 8, "btsr": 72.72}, {"tt": "year 2014", "sp": null, "mt": 2, "in": 1, "pr": "year=2014", "rn": 1, "fo": 0, "si": 0, "ft": 0, "hn": 0, "bf": 2, "dk": 0, "no": 0, "hs": "1", "bta": 1, "btsr": 50}]}, {"type": "SEASON", "stats": [{"tt": "season 2009/10", "sp": null, "mt": 2, "in": 2, "pr": "season=NaN", "rn": 29, "fo": 2, "si": 0, "ft": 0, "hn": 0, "bf": 45, "dk": 0, "no": 0, "hs": "22", "bta": 14.5, "btsr": 64.44}, {"tt": "season 2012/13", "sp": null, "mt": 1, "in": 1, "pr": "season=NaN", "rn": 8, "fo": 1, "si": 0, "ft": 0, "hn": 0, "bf": 11, "dk": 0, "no": 0, "hs": "8", "bta": 8, "btsr": 72.72}, {"tt": "season 2014", "sp": null, "mt": 2, "in": 1, "pr": "season=2014", "rn": 1, "fo": 0, "si": 0, "ft": 0, "hn": 0, "bf": 2, "dk": 0, "no": 0, "hs": "1", "bta": 1, "btsr": 50}]}, {"type": "CAPTAINS_INVOLVED", "stats": [{"tt": "*BB McCullum", "sp": "2009-2014", "mt": 3, "in": 2, "pr": "captain_involve=10384", "rn": 29, "fo": 2, "si": 0, "ft": 0, "hn": 0, "bf": 45, "dk": 0, "no": 0, "hs": "22", "bta": 14.5, "btsr": 64.44}, {"tt": "*LRPL Taylor", "sp": "2012-2012", "mt": 1, "in": 1, "pr": "captain_involve=44930", "rn": 8, "fo": 1, "si": 0, "ft": 0, "hn": 0, "bf": 11, "dk": 0, "no": 0, "hs": "8", "bta": 8, "btsr": 72.72}, {"tt": "*KS Williamson", "sp": "2014-2014", "mt": 1, "in": 1, "pr": "captain_involve=51088", "rn": 1, "fo": 0, "si": 0, "ft": 0, "hn": 0, "bf": 2, "dk": 0, "no": 0, "hs": "1", "bta": 1, "btsr": 50}]}, {"type": "CAPTAIN", "stats": [{"tt": "is not captain", "sp": "2009-2014", "mt": 5, "in": 4, "pr": "captain=0", "rn": 38, "fo": 3, "si": 0, "ft": 0, "hn": 0, "bf": 58, "dk": 0, "no": 0, "hs": "22", "bta": 9.5, "btsr": 65.51}]}, {"type": "KEEPER", "stats": [{"tt": "is designated keeper", "sp": "2009-2009", "mt": 2, "in": 2, "pr": "keeper=1", "rn": 29, "fo": 2, "si": 0, "ft": 0, "hn": 0, "bf": 45, "dk": 0, "no": 0, "hs": "22", "bta": 14.5, "btsr": 64.44}, {"tt": "is not keeper", "sp": "2012-2014", "mt": 3, "in": 2, "pr": "keeper=0", "rn": 9, "fo": 1, "si": 0, "ft": 0, "hn": 0, "bf": 13, "dk": 0, "no": 0, "hs": "8", "bta": 4.5, "btsr": 69.23}]}, {"type": "TOSS", "stats": [{"tt": "won the toss", "sp": "2009-2014", "mt": 3, "in": 2, "pr": "toss=1", "rn": 23, "fo": 1, "si": 0, "ft": 0, "hn": 0, "bf": 38, "dk": 0, "no": 0, "hs": "22", "bta": 11.5, "btsr": 60.52}, {"tt": "lost the toss", "sp": "2009-2012", "mt": 2, "in": 2, "pr": "toss=2", "rn": 15, "fo": 2, "si": 0, "ft": 0, "hn": 0, "bf": 20, "dk": 0, "no": 0, "hs": "8", "bta": 7.5, "btsr": 75}]}, {"type": "BATTING_FIELDING_SEQUENCE_AND_TOSS", "stats": [{"tt": "won toss &amp; fielded", "sp": "2009-2014", "mt": 3, "in": 2, "pr": "batting_fielding_first=2;toss=1", "rn": 23, "fo": 1, "si": 0, "ft": 0, "hn": 0, "bf": 38, "dk": 0, "no": 0, "hs": "22", "bta": 11.5, "btsr": 60.52}, {"tt": "lost toss &amp; sent in", "sp": "2012-2012", "mt": 1, "in": 1, "pr": "batting_fielding_first=1;toss=2", "rn": 8, "fo": 1, "si": 0, "ft": 0, "hn": 0, "bf": 11, "dk": 0, "no": 0, "hs": "8", "bta": 8, "btsr": 72.72}, {"tt": "lost toss &amp; fielded", "sp": "2009-2009", "mt": 1, "in": 1, "pr": "batting_fielding_first=2;toss=2", "rn": 7, "fo": 1, "si": 0, "ft": 0, "hn": 0, "bf": 9, "dk": 0, "no": 0, "hs": "7", "bta": 7, "btsr": 77.77}]}, {"type": "BATTING_FIELDING_SEQUENCE", "stats": [{"tt": "matches batting first", "sp": "2012-2012", "mt": 1, "in": 1, "pr": "batting_fielding_first=1", "rn": 8, "fo": 1, "si": 0, "ft": 0, "hn": 0, "bf": 11, "dk": 0, "no": 0, "hs": "8", "bta": 8, "btsr": 72.72}, {"tt": "matches fielding first", "sp": "2009-2014", "mt": 4, "in": 3, "pr": "batting_fielding_first=2", "rn": 30, "fo": 2, "si": 0, "ft": 0, "hn": 0, "bf": 47, "dk": 0, "no": 0, "hs": "22", "bta": 10, "btsr": 63.82}]}, {"type": "TEAM_INNINGS", "stats": [{"tt": "1st team innings", "sp": "2009-2014", "mt": 5, "in": 4, "pr": null, "rn": 38, "fo": 3, "si": 0, "ft": 0, "hn": 0, "bf": 58, "dk": 0, "no": 0, "hs": "22", "bta": 9.5, "btsr": 65.51}]}, {"type": "MATCH_INNINGS", "stats": [{"tt": "1st match innings", "sp": "2012-2012", "mt": 1, "in": 1, "pr": "innings_number=1", "rn": 8, "fo": 1, "si": 0, "ft": 0, "hn": 0, "bf": 11, "dk": 0, "no": 0, "hs": "8", "bta": 8, "btsr": 72.72}, {"tt": "2nd match innings", "sp": "2009-2014", "mt": 4, "in": 3, "pr": "innings_number=2", "rn": 30, "fo": 2, "si": 0, "ft": 0, "hn": 0, "bf": 47, "dk": 0, "no": 0, "hs": "22", "bta": 10, "btsr": 63.82}]}, {"type": "FLOODLIT", "stats": [{"tt": "day match", "sp": "2012-2014", "mt": 3, "in": 2, "pr": "floodlit=1", "rn": 9, "fo": 1, "si": 0, "ft": 0, "hn": 0, "bf": 13, "dk": 0, "no": 0, "hs": "8", "bta": 4.5, "btsr": 69.23}, {"tt": "day/night match", "sp": "2009-2009", "mt": 2, "in": 2, "pr": "floodlit=2", "rn": 29, "fo": 2, "si": 0, "ft": 0, "hn": 0, "bf": 45, "dk": 0, "no": 0, "hs": "22", "bta": 14.5, "btsr": 64.44}]}, {"type": "RESULT", "stats": [{"tt": "won match", "sp": "2014-2014", "mt": 1, "in": null, "pr": "result=1", "rn": null, "fo": null, "si": null, "ft": null, "hn": null, "bf": null, "dk": null, "no": null, "hs": null, "bta": null, "btsr": null}, {"tt": "lost match", "sp": "2009-2014", "mt": 3, "in": 3, "pr": "result=2", "rn": 30, "fo": 2, "si": 0, "ft": 0, "hn": 0, "bf": 47, "dk": 0, "no": 0, "hs": "22", "bta": 10, "btsr": 63.82}, {"tt": "no result", "sp": "2012-2012", "mt": 1, "in": 1, "pr": "result=5", "rn": 8, "fo": 1, "si": 0, "ft": 0, "hn": 0, "bf": 11, "dk": 0, "no": 0, "hs": "8", "bta": 8, "btsr": 72.72}]}, {"type": "BATTING_FIELDING_SEQUENCE_AND_RESULT", "stats": [{"tt": "won fielding first", "sp": "2014-2014", "mt": 1, "in": null, "pr": "batting_fielding_first=2;result=1", "rn": null, "fo": null, "si": null, "ft": null, "hn": null, "bf": null, "dk": null, "no": null, "hs": null, "bta": null, "btsr": null}, {"tt": "lost fielding first", "sp": "2009-2014", "mt": 3, "in": 3, "pr": "batting_fielding_first=2;result=2", "rn": 30, "fo": 2, "si": 0, "ft": 0, "hn": 0, "bf": 47, "dk": 0, "no": 0, "hs": "22", "bta": 10, "btsr": 63.82}, {"tt": "no result batting first", "sp": "2012-2012", "mt": 1, "in": 1, "pr": "batting_fielding_first=1;result=5", "rn": 8, "fo": 1, "si": 0, "ft": 0, "hn": 0, "bf": 11, "dk": 0, "no": 0, "hs": "8", "bta": 8, "btsr": 72.72}]}, {"type": "TOURNAMENT_TYPE", "stats": [{"tt": "2 team series", "sp": "2009-2014", "mt": 5, "in": 4, "pr": "tournament_type=2", "rn": 38, "fo": 3, "si": 0, "ft": 0, "hn": 0, "bf": 58, "dk": 0, "no": 0, "hs": "22", "bta": 9.5, "btsr": 65.51}]}, {"type": "MATCH_NUMBER", "stats": [{"tt": "only match in series", "sp": "2012-2012", "mt": 1, "in": 1, "pr": "match_number=0", "rn": 8, "fo": 1, "si": 0, "ft": 0, "hn": 0, "bf": 11, "dk": 0, "no": 0, "hs": "8", "bta": 8, "btsr": 72.72}, {"tt": "1st match in series", "sp": "2009-2014", "mt": 2, "in": 1, "pr": "match_number=1", "rn": 22, "fo": 1, "si": 0, "ft": 0, "hn": 0, "bf": 36, "dk": 0, "no": 0, "hs": "22", "bta": 22, "btsr": 61.11}, {"tt": "2nd match in series", "sp": "2009-2014", "mt": 2, "in": 2, "pr": "match_number=2", "rn": 8, "fo": 1, "si": 0, "ft": 0, "hn": 0, "bf": 11, "dk": 0, "no": 0, "hs": "7", "bta": 4, "btsr": 72.72}]}, {"type": "BATTING_POSITION", "stats": [{"tt": "2nd position", "sp": "2009-2009", "mt": 1, "in": 1, "pr": "batting_positionval1=batting_position;batting_positionmin1=2;batting_positionmax1=2", "rn": 7, "fo": 1, "si": 0, "ft": 0, "hn": 0, "bf": 9, "dk": 0, "no": 0, "hs": "7", "bta": 7, "btsr": 77.77}, {"tt": "5th position", "sp": "2009-2009", "mt": 1, "in": 1, "pr": "batting_positionval1=batting_position;batting_positionmin1=5;batting_positionmax1=5", "rn": 22, "fo": 1, "si": 0, "ft": 0, "hn": 0, "bf": 36, "dk": 0, "no": 0, "hs": "22", "bta": 22, "btsr": 61.11}, {"tt": "6th position", "sp": "2012-2012", "mt": 1, "in": 1, "pr": "batting_positionval1=batting_position;batting_positionmin1=6;batting_positionmax1=6", "rn": 8, "fo": 1, "si": 0, "ft": 0, "hn": 0, "bf": 11, "dk": 0, "no": 0, "hs": "8", "bta": 8, "btsr": 72.72}, {"tt": "7th position", "sp": "2014-2014", "mt": 1, "in": 1, "pr": "batting_positionval1=batting_position;batting_positionmin1=7;batting_positionmax1=7", "rn": 1, "fo": 0, "si": 0, "ft": 0, "hn": 0, "bf": 2, "dk": 0, "no": 0, "hs": "1", "bta": 1, "btsr": 50}]}]}}