{"summary": {"recordClassId": 2, "type": "BATTING", "groups": [{"type": "CAREER_AVERAGES", "stats": [{"tt": "overview", "sp": "2010-2018", "mt": 28, "in": 25, "pr": null, "rn": 573, "fo": 58, "si": 3, "ft": 5, "hn": 0, "bf": 838, "dk": 3, "no": 2, "hs": "96*", "bta": 24.91, "btsr": 68.37}]}, {"type": "OPPOSITION_TEAM", "stats": [{"tt": "vs Australia", "sp": "2016-2016", "mt": 3, "in": 3, "pr": "opposition=2", "rn": 31, "fo": 3, "si": 0, "ft": 0, "hn": 0, "bf": 48, "dk": 0, "no": 0, "hs": "17", "bta": 10.33, "btsr": 64.58}, {"tt": "vs Bangladesh", "sp": "2010-2010", "mt": 4, "in": 4, "pr": "opposition=25", "rn": 27, "fo": 2, "si": 0, "ft": 0, "hn": 0, "bf": 74, "dk": 1, "no": 0, "hs": "20", "bta": 6.75, "btsr": 36.48}, {"tt": "vs England", "sp": "2013-2013", "mt": 3, "in": 3, "pr": "opposition=1", "rn": 10, "fo": 0, "si": 0, "ft": 0, "hn": 0, "bf": 39, "dk": 0, "no": 0, "hs": "7", "bta": 3.33, "btsr": 25.64}, {"tt": "vs India", "sp": "2010-2016", "mt": 3, "in": 3, "pr": "opposition=6", "rn": 16, "fo": 1, "si": 0, "ft": 0, "hn": 0, "bf": 34, "dk": 1, "no": 0, "hs": "14", "bta": 5.33, "btsr": 47.05}, {"tt": "vs Pakistan", "sp": "2018-2018", "mt": 1, "in": null, "pr": "opposition=7", "rn": null, "fo": null, "si": null, "ft": null, "hn": null, "bf": null, "dk": null, "no": null, "hs": null, "bta": null, "btsr": null}, {"tt": "vs South Africa", "sp": "2013-2013", "mt": 3, "in": 3, "pr": "opposition=3", "rn": 77, "fo": 9, "si": 0, "ft": 0, "hn": 0, "bf": 151, "dk": 0, "no": 0, "hs": "45", "bta": 25.66, "btsr": 50.99}, {"tt": "vs Sri Lanka", "sp": "2010-2012", "mt": 6, "in": 4, "pr": "opposition=8", "rn": 221, "fo": 27, "si": 0, "ft": 3, "hn": 0, "bf": 268, "dk": 0, "no": 1, "hs": "96*", "bta": 73.66, "btsr": 82.46}, {"tt": "vs West Indies", "sp": "2012-2012", "mt": 3, "in": 3, "pr": "opposition=4", "rn": 172, "fo": 13, "si": 3, "ft": 2, "hn": 0, "bf": 207, "dk": 0, "no": 1, "hs": "72*", "bta": 86, "btsr": 83.09}, {"tt": "vs Zimbabwe", "sp": "2011-2011", "mt": 2, "in": 2, "pr": "opposition=9", "rn": 19, "fo": 3, "si": 0, "ft": 0, "hn": 0, "bf": 17, "dk": 1, "no": 0, "hs": "19", "bta": 9.5, "btsr": 111.76}]}, {"type": "HOST_COUNTRY", "stats": [{"tt": "in Australia", "sp": "2016-2016", "mt": 3, "in": 3, "pr": "host=2", "rn": 31, "fo": 3, "si": 0, "ft": 0, "hn": 0, "bf": 48, "dk": 0, "no": 0, "hs": "17", "bta": 10.33, "btsr": 64.58}, {"tt": "in Bangladesh", "sp": "2010-2010", "mt": 4, "in": 4, "pr": "host=25", "rn": 27, "fo": 2, "si": 0, "ft": 0, "hn": 0, "bf": 74, "dk": 1, "no": 0, "hs": "20", "bta": 6.75, "btsr": 36.48}, {"tt": "in India", "sp": "2016-2016", "mt": 2, "in": 2, "pr": "host=6", "rn": 14, "fo": 1, "si": 0, "ft": 0, "hn": 0, "bf": 23, "dk": 1, "no": 0, "hs": "14", "bta": 7, "btsr": 60.86}, {"tt": "in New Zealand", "sp": "2013-2013", "mt": 3, "in": 3, "pr": "host=5", "rn": 10, "fo": 0, "si": 0, "ft": 0, "hn": 0, "bf": 39, "dk": 0, "no": 0, "hs": "7", "bta": 3.33, "btsr": 25.64}, {"tt": "in South Africa", "sp": "2013-2013", "mt": 3, "in": 3, "pr": "host=3", "rn": 77, "fo": 9, "si": 0, "ft": 0, "hn": 0, "bf": 151, "dk": 0, "no": 0, "hs": "45", "bta": 25.66, "btsr": 50.99}, {"tt": "in Sri Lanka", "sp": "2010-2012", "mt": 7, "in": 5, "pr": "host=8", "rn": 223, "fo": 27, "si": 0, "ft": 3, "hn": 0, "bf": 279, "dk": 0, "no": 1, "hs": "96*", "bta": 55.75, "btsr": 79.92}, {"tt": "in U.A.E.", "sp": "2018-2018", "mt": 1, "in": null, "pr": "host=27", "rn": null, "fo": null, "si": null, "ft": null, "hn": null, "bf": null, "dk": null, "no": null, "hs": null, "bta": null, "btsr": null}, {"tt": "in West Indies", "sp": "2012-2012", "mt": 3, "in": 3, "pr": "host=4", "rn": 172, "fo": 13, "si": 3, "ft": 2, "hn": 0, "bf": 207, "dk": 0, "no": 1, "hs": "72*", "bta": 86, "btsr": 83.09}, {"tt": "in Zimbabwe", "sp": "2011-2011", "mt": 2, "in": 2, "pr": "host=9", "rn": 19, "fo": 3, "si": 0, "ft": 0, "hn": 0, "bf": 17, "dk": 1, "no": 0, "hs": "19", "bta": 9.5, "btsr": 111.76}]}, {"type": "CONTINENT", "stats": [{"tt": "in Africa", "sp": "2011-2013", "mt": 5, "in": 5, "pr": "continent=1", "rn": 96, "fo": 12, "si": 0, "ft": 0, "hn": 0, "bf": 168, "dk": 1, "no": 0, "hs": "45", "bta": 19.2, "btsr": 57.14}, {"tt": "in Americas", "sp": "2012-2012", "mt": 3, "in": 3, "pr": "continent=3", "rn": 172, "fo": 13, "si": 3, "ft": 2, "hn": 0, "bf": 207, "dk": 0, "no": 1, "hs": "72*", "bta": 86, "btsr": 83.09}, {"tt": "in Asia", "sp": "2010-2018", "mt": 14, "in": 11, "pr": "continent=2", "rn": 264, "fo": 30, "si": 0, "ft": 3, "hn": 0, "bf": 376, "dk": 2, "no": 1, "hs": "96*", "bta": 26.4, "btsr": 70.21}, {"tt": "in Oceania", "sp": "2013-2016", "mt": 6, "in": 6, "pr": "continent=5", "rn": 41, "fo": 3, "si": 0, "ft": 0, "hn": 0, "bf": 87, "dk": 0, "no": 0, "hs": "17", "bta": 6.83, "btsr": 47.12}]}, {"type": "HOME_OR_AWAY", "stats": [{"tt": "home", "sp": "2013-2013", "mt": 3, "in": 3, "pr": "home_or_away=1", "rn": 10, "fo": 0, "si": 0, "ft": 0, "hn": 0, "bf": 39, "dk": 0, "no": 0, "hs": "7", "bta": 3.33, "btsr": 25.64}, {"tt": "away", "sp": "2010-2016", "mt": 23, "in": 21, "pr": "home_or_away=2", "rn": 561, "fo": 58, "si": 3, "ft": 5, "hn": 0, "bf": 788, "dk": 3, "no": 2, "hs": "96*", "bta": 29.52, "btsr": 71.19}, {"tt": "neutral", "sp": "2010-2018", "mt": 2, "in": 1, "pr": "home_or_away=3", "rn": 2, "fo": 0, "si": 0, "ft": 0, "hn": 0, "bf": 11, "dk": 0, "no": 0, "hs": "2", "bta": 2, "btsr": 18.18}]}, {"type": "YEAR", "stats": [{"tt": "year 2010", "sp": null, "mt": 7, "in": 6, "pr": "year=2010", "rn": 84, "fo": 10, "si": 0, "ft": 1, "hn": 0, "bf": 153, "dk": 1, "no": 0, "hs": "55", "bta": 14, "btsr": 54.9}, {"tt": "year 2011", "sp": null, "mt": 2, "in": 2, "pr": "year=2011", "rn": 19, "fo": 3, "si": 0, "ft": 0, "hn": 0, "bf": 17, "dk": 1, "no": 0, "hs": "19", "bta": 9.5, "btsr": 111.76}, {"tt": "year 2012", "sp": null, "mt": 7, "in": 6, "pr": "year=2012", "rn": 338, "fo": 32, "si": 3, "ft": 4, "hn": 0, "bf": 407, "dk": 0, "no": 2, "hs": "96*", "bta": 84.5, "btsr": 83.04}, {"tt": "year 2013", "sp": null, "mt": 6, "in": 6, "pr": "year=2013", "rn": 87, "fo": 9, "si": 0, "ft": 0, "hn": 0, "bf": 190, "dk": 0, "no": 0, "hs": "45", "bta": 14.5, "btsr": 45.78}, {"tt": "year 2016", "sp": null, "mt": 5, "in": 5, "pr": "year=2016", "rn": 45, "fo": 4, "si": 0, "ft": 0, "hn": 0, "bf": 71, "dk": 1, "no": 0, "hs": "17", "bta": 9, "btsr": 63.38}, {"tt": "year 2018", "sp": null, "mt": 1, "in": null, "pr": "year=2018", "rn": null, "fo": null, "si": null, "ft": null, "hn": null, "bf": null, "dk": null, "no": null, "hs": null, "bta": null, "btsr": null}]}, {"type": "SEASON", "stats": [{"tt": "season 2010", "sp": null, "mt": 3, "in": 2, "pr": "season=2010", "rn": 57, "fo": 8, "si": 0, "ft": 1, "hn": 0, "bf": 79, "dk": 0, "no": 0, "hs": "55", "bta": 28.5, "btsr": 72.15}, {"tt": "season 2010/11", "sp": null, "mt": 4, "in": 4, "pr": "season=NaN", "rn": 27, "fo": 2, "si": 0, "ft": 0, "hn": 0, "bf": 74, "dk": 1, "no": 0, "hs": "20", "bta": 6.75, "btsr": 36.48}, {"tt": "season 2011/12", "sp": null, "mt": 2, "in": 2, "pr": "season=NaN", "rn": 19, "fo": 3, "si": 0, "ft": 0, "hn": 0, "bf": 17, "dk": 1, "no": 0, "hs": "19", "bta": 9.5, "btsr": 111.76}, {"tt": "season 2012", "sp": null, "mt": 3, "in": 3, "pr": "season=2012", "rn": 172, "fo": 13, "si": 3, "ft": 2, "hn": 0, "bf": 207, "dk": 0, "no": 1, "hs": "72*", "bta": 86, "btsr": 83.09}, {"tt": "season 2012/13", "sp": null, "mt": 10, "in": 9, "pr": "season=NaN", "rn": 253, "fo": 28, "si": 0, "ft": 2, "hn": 0, "bf": 390, "dk": 0, "no": 1, "hs": "96*", "bta": 31.62, "btsr": 64.87}, {"tt": "season 2016/17", "sp": null, "mt": 5, "in": 5, "pr": "season=NaN", "rn": 45, "fo": 4, "si": 0, "ft": 0, "hn": 0, "bf": 71, "dk": 1, "no": 0, "hs": "17", "bta": 9, "btsr": 63.38}, {"tt": "season 2018/19", "sp": null, "mt": 1, "in": null, "pr": "season=NaN", "rn": null, "fo": null, "si": null, "ft": null, "hn": null, "bf": null, "dk": null, "no": null, "hs": null, "bta": null, "btsr": null}]}, {"type": "CAPTAINS_INVOLVED", "stats": [{"tt": "*TWM Latham", "sp": "2018-2018", "mt": 1, "in": null, "pr": "captain_involve=59148", "rn": null, "fo": null, "si": null, "ft": null, "hn": null, "bf": null, "dk": null, "no": null, "hs": null, "bta": null, "btsr": null}, {"tt": "*BB McCullum", "sp": "2013-2013", "mt": 6, "in": 6, "pr": "captain_involve=10384", "rn": 87, "fo": 9, "si": 0, "ft": 0, "hn": 0, "bf": 190, "dk": 0, "no": 0, "hs": "45", "bta": 14.5, "btsr": 45.78}, {"tt": "*LRPL Taylor", "sp": "2010-2012", "mt": 9, "in": 7, "pr": "captain_involve=44930", "rn": 242, "fo": 30, "si": 0, "ft": 3, "hn": 0, "bf": 296, "dk": 1, "no": 1, "hs": "96*", "bta": 40.33, "btsr": 81.75}, {"tt": "*DL Vettori", "sp": "2010-2010", "mt": 4, "in": 4, "pr": "captain_involve=4380", "rn": 27, "fo": 2, "si": 0, "ft": 0, "hn": 0, "bf": 74, "dk": 1, "no": 0, "hs": "20", "bta": 6.75, "btsr": 36.48}, {"tt": "*KS Williamson", "sp": "2012-2016", "mt": 8, "in": 8, "pr": "captain_involve=51088", "rn": 217, "fo": 17, "si": 3, "ft": 2, "hn": 0, "bf": 278, "dk": 1, "no": 1, "hs": "72*", "bta": 31, "btsr": 78.05}]}, {"type": "CAPTAIN", "stats": [{"tt": "is not captain", "sp": "2010-2018", "mt": 28, "in": 25, "pr": "captain=0", "rn": 573, "fo": 58, "si": 3, "ft": 5, "hn": 0, "bf": 838, "dk": 3, "no": 2, "hs": "96*", "bta": 24.91, "btsr": 68.37}]}, {"type": "KEEPER", "stats": [{"tt": "is designated keeper", "sp": "2010-2016", "mt": 15, "in": 14, "pr": "keeper=1", "rn": 404, "fo": 38, "si": 3, "ft": 4, "hn": 0, "bf": 529, "dk": 2, "no": 2, "hs": "96*", "bta": 33.66, "btsr": 76.37}, {"tt": "is not keeper", "sp": "2010-2018", "mt": 13, "in": 11, "pr": "keeper=0", "rn": 169, "fo": 20, "si": 0, "ft": 1, "hn": 0, "bf": 309, "dk": 1, "no": 0, "hs": "55", "bta": 15.36, "btsr": 54.69}]}, {"type": "TOSS", "stats": [{"tt": "won the toss", "sp": "2010-2016", "mt": 13, "in": 11, "pr": "toss=1", "rn": 305, "fo": 31, "si": 2, "ft": 3, "hn": 0, "bf": 411, "dk": 1, "no": 1, "hs": "72*", "bta": 30.5, "btsr": 74.2}, {"tt": "lost the toss", "sp": "2010-2018", "mt": 15, "in": 14, "pr": "toss=2", "rn": 268, "fo": 27, "si": 1, "ft": 2, "hn": 0, "bf": 427, "dk": 2, "no": 1, "hs": "96*", "bta": 20.61, "btsr": 62.76}]}, {"type": "BATTING_FIELDING_SEQUENCE_AND_TOSS", "stats": [{"tt": "won toss &amp; batted", "sp": "2010-2016", "mt": 5, "in": 5, "pr": "batting_fielding_first=1;toss=1", "rn": 144, "fo": 17, "si": 0, "ft": 2, "hn": 0, "bf": 215, "dk": 1, "no": 0, "hs": "55", "bta": 28.8, "btsr": 66.97}, {"tt": "won toss &amp; fielded", "sp": "2010-2016", "mt": 8, "in": 6, "pr": "batting_fielding_first=2;toss=1", "rn": 161, "fo": 14, "si": 2, "ft": 1, "hn": 0, "bf": 196, "dk": 0, "no": 1, "hs": "72*", "bta": 32.2, "btsr": 82.14}, {"tt": "lost toss &amp; sent in", "sp": "2010-2013", "mt": 8, "in": 8, "pr": "batting_fielding_first=1;toss=2", "rn": 251, "fo": 26, "si": 1, "ft": 2, "hn": 0, "bf": 366, "dk": 0, "no": 1, "hs": "96*", "bta": 35.85, "btsr": 68.57}, {"tt": "lost toss &amp; fielded", "sp": "2010-2018", "mt": 7, "in": 6, "pr": "batting_fielding_first=2;toss=2", "rn": 17, "fo": 1, "si": 0, "ft": 0, "hn": 0, "bf": 61, "dk": 2, "no": 0, "hs": "8", "bta": 2.83, "btsr": 27.86}]}, {"type": "BATTING_FIELDING_SEQUENCE", "stats": [{"tt": "matches batting first", "sp": "2010-2016", "mt": 13, "in": 13, "pr": "batting_fielding_first=1", "rn": 395, "fo": 43, "si": 1, "ft": 4, "hn": 0, "bf": 581, "dk": 1, "no": 1, "hs": "96*", "bta": 32.91, "btsr": 67.98}, {"tt": "matches fielding first", "sp": "2010-2018", "mt": 15, "in": 12, "pr": "batting_fielding_first=2", "rn": 178, "fo": 15, "si": 2, "ft": 1, "hn": 0, "bf": 257, "dk": 2, "no": 1, "hs": "72*", "bta": 16.18, "btsr": 69.26}]}, {"type": "TEAM_INNINGS", "stats": [{"tt": "1st team innings", "sp": "2010-2018", "mt": 26, "in": 25, "pr": null, "rn": 573, "fo": 58, "si": 3, "ft": 5, "hn": 0, "bf": 838, "dk": 3, "no": 2, "hs": "96*", "bta": 24.91, "btsr": 68.37}]}, {"type": "MATCH_INNINGS", "stats": [{"tt": "1st match innings", "sp": "2010-2016", "mt": 13, "in": 13, "pr": "innings_number=1", "rn": 395, "fo": 43, "si": 1, "ft": 4, "hn": 0, "bf": 581, "dk": 1, "no": 1, "hs": "96*", "bta": 32.91, "btsr": 67.98}, {"tt": "2nd match innings", "sp": "2010-2018", "mt": 13, "in": 12, "pr": "innings_number=2", "rn": 178, "fo": 15, "si": 2, "ft": 1, "hn": 0, "bf": 257, "dk": 2, "no": 1, "hs": "72*", "bta": 16.18, "btsr": 69.26}]}, {"type": "FLOODLIT", "stats": [{"tt": "day match", "sp": "2010-2013", "mt": 10, "in": 10, "pr": "floodlit=1", "rn": 263, "fo": 23, "si": 3, "ft": 2, "hn": 0, "bf": 376, "dk": 2, "no": 1, "hs": "72*", "bta": 29.22, "btsr": 69.94}, {"tt": "day/night match", "sp": "2010-2018", "mt": 18, "in": 15, "pr": "floodlit=2", "rn": 310, "fo": 35, "si": 0, "ft": 3, "hn": 0, "bf": 462, "dk": 1, "no": 1, "hs": "96*", "bta": 22.14, "btsr": 67.09}]}, {"type": "RESULT", "stats": [{"tt": "won match", "sp": "2011-2016", "mt": 6, "in": 6, "pr": "result=1", "rn": 132, "fo": 15, "si": 1, "ft": 0, "hn": 0, "bf": 202, "dk": 0, "no": 0, "hs": "45", "bta": 22, "btsr": 65.34}, {"tt": "lost match", "sp": "2010-2016", "mt": 19, "in": 19, "pr": "result=2", "rn": 441, "fo": 43, "si": 2, "ft": 5, "hn": 0, "bf": 636, "dk": 3, "no": 2, "hs": "96*", "bta": 25.94, "btsr": 69.33}, {"tt": "no result", "sp": "2010-2018", "mt": 3, "in": null, "pr": "result=5", "rn": null, "fo": null, "si": null, "ft": null, "hn": null, "bf": null, "dk": null, "no": null, "hs": null, "bta": null, "btsr": null}]}, {"type": "BATTING_FIELDING_SEQUENCE_AND_RESULT", "stats": [{"tt": "won batting first", "sp": "2012-2016", "mt": 3, "in": 3, "pr": "batting_fielding_first=1;result=1", "rn": 66, "fo": 7, "si": 1, "ft": 0, "hn": 0, "bf": 101, "dk": 0, "no": 0, "hs": "40", "bta": 22, "btsr": 65.34}, {"tt": "won fielding first", "sp": "2011-2013", "mt": 3, "in": 3, "pr": "batting_fielding_first=2;result=1", "rn": 66, "fo": 8, "si": 0, "ft": 0, "hn": 0, "bf": 101, "dk": 0, "no": 0, "hs": "45", "bta": 22, "btsr": 65.34}, {"tt": "lost batting first", "sp": "2010-2013", "mt": 10, "in": 10, "pr": "batting_fielding_first=1;result=2", "rn": 329, "fo": 36, "si": 0, "ft": 4, "hn": 0, "bf": 480, "dk": 1, "no": 1, "hs": "96*", "bta": 36.55, "btsr": 68.54}, {"tt": "lost fielding first", "sp": "2010-2016", "mt": 9, "in": 9, "pr": "batting_fielding_first=2;result=2", "rn": 112, "fo": 7, "si": 2, "ft": 1, "hn": 0, "bf": 156, "dk": 2, "no": 1, "hs": "72*", "bta": 14, "btsr": 71.79}, {"tt": "no result fielding first", "sp": "2010-2018", "mt": 3, "in": null, "pr": "batting_fielding_first=2;result=5", "rn": null, "fo": null, "si": null, "ft": null, "hn": null, "bf": null, "dk": null, "no": null, "hs": null, "bta": null, "btsr": null}]}, {"type": "TOURNAMENT_TYPE", "stats": [{"tt": "2 team series", "sp": "2010-2018", "mt": 25, "in": 23, "pr": "tournament_type=2", "rn": 516, "fo": 50, "si": 3, "ft": 4, "hn": 0, "bf": 759, "dk": 3, "no": 2, "hs": "96*", "bta": 24.57, "btsr": 67.98}, {"tt": "3-4 team tournaments", "sp": "2010-2010", "mt": 3, "in": 2, "pr": "tournament_type=3", "rn": 57, "fo": 8, "si": 0, "ft": 1, "hn": 0, "bf": 79, "dk": 0, "no": 0, "hs": "55", "bta": 28.5, "btsr": 72.15}]}, {"type": "MATCH_NUMBER", "stats": [{"tt": "1st match in series", "sp": "2010-2016", "mt": 5, "in": 5, "pr": "match_number=1", "rn": 113, "fo": 10, "si": 0, "ft": 1, "hn": 0, "bf": 209, "dk": 1, "no": 0, "hs": "60", "bta": 22.6, "btsr": 54.06}, {"tt": "2nd match in series", "sp": "2011-2016", "mt": 6, "in": 6, "pr": "match_number=2", "rn": 182, "fo": 17, "si": 2, "ft": 2, "hn": 0, "bf": 243, "dk": 0, "no": 1, "hs": "72*", "bta": 36.4, "btsr": 74.89}, {"tt": "3rd match in series", "sp": "2010-2018", "mt": 8, "in": 7, "pr": "match_number=3", "rn": 185, "fo": 21, "si": 1, "ft": 1, "hn": 0, "bf": 239, "dk": 1, "no": 1, "hs": "96*", "bta": 30.83, "btsr": 77.4}, {"tt": "4th match in series", "sp": "2010-2016", "mt": 3, "in": 3, "pr": "match_number=4", "rn": 35, "fo": 2, "si": 0, "ft": 0, "hn": 0, "bf": 58, "dk": 0, "no": 0, "hs": "15", "bta": 11.66, "btsr": 60.34}, {"tt": "5th match in series", "sp": "2010-2016", "mt": 3, "in": 2, "pr": "match_number=5", "rn": 1, "fo": 0, "si": 0, "ft": 0, "hn": 0, "bf": 10, "dk": 1, "no": 0, "hs": "1", "bta": 0.5, "btsr": 10}]}, {"type": "MAJOR_TROPHY", "stats": [{"tt": "Chappell-Hadlee", "sp": "2016-2016", "mt": 3, "in": 3, "pr": "trophy=65", "rn": 31, "fo": 3, "si": 0, "ft": 0, "hn": 0, "bf": 48, "dk": 0, "no": 0, "hs": "17", "bta": 10.33, "btsr": 64.58}]}, {"type": "BATTING_POSITION", "stats": [{"tt": "1st position", "sp": "2010-2013", "mt": 5, "in": 5, "pr": "batting_positionval1=batting_position;batting_positionmin1=1;batting_positionmax1=1", "rn": 67, "fo": 8, "si": 0, "ft": 1, "hn": 0, "bf": 118, "dk": 0, "no": 0, "hs": "55", "bta": 13.4, "btsr": 56.77}, {"tt": "2nd position", "sp": "2010-2013", "mt": 6, "in": 6, "pr": "batting_positionval1=batting_position;batting_positionmin1=2;batting_positionmax1=2", "rn": 149, "fo": 17, "si": 0, "ft": 1, "hn": 0, "bf": 198, "dk": 1, "no": 1, "hs": "96*", "bta": 29.8, "btsr": 75.25}, {"tt": "3rd position", "sp": "2010-2013", "mt": 5, "in": 5, "pr": "batting_positionval1=batting_position;batting_positionmin1=3;batting_positionmax1=3", "rn": 121, "fo": 13, "si": 0, "ft": 1, "hn": 0, "bf": 227, "dk": 1, "no": 0, "hs": "55", "bta": 24.2, "btsr": 53.3}, {"tt": "5th position", "sp": "2016-2016", "mt": 1, "in": 1, "pr": "batting_positionval1=batting_position;batting_positionmin1=5;batting_positionmax1=5", "rn": 6, "fo": 0, "si": 0, "ft": 0, "hn": 0, "bf": 13, "dk": 0, "no": 0, "hs": "6", "bta": 6, "btsr": 46.15}, {"tt": "6th position", "sp": "2011-2016", "mt": 7, "in": 7, "pr": "batting_positionval1=batting_position;batting_positionmin1=6;batting_positionmax1=6", "rn": 213, "fo": 18, "si": 3, "ft": 2, "hn": 0, "bf": 260, "dk": 1, "no": 1, "hs": "72*", "bta": 35.5, "btsr": 81.92}, {"tt": "8th position", "sp": "2016-2016", "mt": 1, "in": 1, "pr": "batting_positionval1=batting_position;batting_positionmin1=8;batting_positionmax1=8", "rn": 17, "fo": 2, "si": 0, "ft": 0, "hn": 0, "bf": 22, "dk": 0, "no": 0, "hs": "17", "bta": 17, "btsr": 77.27}]}]}}