{"summary": {"recordClassId": 3, "type": "FIELDING", "groups": [{"type": "CAREER_AVERAGES", "stats": [{"tt": "overview", "sp": "2009-2014", "mt": 5, "in": 5, "pr": null, "ds": 3, "ct": 3, "st": 0, "ck": 2, "cf": 1, "mds": "1 (1ct 0st)", "dspi": 0.6}]}, {"type": "OPPOSITION_TEAM", "stats": [{"tt": "vs Pakistan", "sp": "2009-2009", "mt": 2, "in": 2, "pr": "opposition=7", "ds": 2, "ct": 2, "st": 0, "ck": 2, "cf": 0, "mds": "1 (1ct 0st)", "dspi": 1}, {"tt": "vs Sri Lanka", "sp": "2012-2012", "mt": 1, "in": 1, "pr": "opposition=8", "ds": 0, "ct": 0, "st": 0, "ck": 0, "cf": 0, "mds": "0", "dspi": 0}, {"tt": "vs West Indies", "sp": "2014-2014", "mt": 2, "in": 2, "pr": "opposition=4", "ds": 1, "ct": 1, "st": 0, "ck": 0, "cf": 1, "mds": "1 (1ct 0st)", "dspi": 0.5}]}, {"type": "HOST_COUNTRY", "stats": [{"tt": "in Sri Lanka", "sp": "2012-2012", "mt": 1, "in": 1, "pr": "host=8", "ds": 0, "ct": 0, "st": 0, "ck": 0, "cf": 0, "mds": "0", "dspi": 0}, {"tt": "in U.A.E.", "sp": "2009-2009", "mt": 2, "in": 2, "pr": "host=27", "ds": 2, "ct": 2, "st": 0, "ck": 2, "cf": 0, "mds": "1 (1ct 0st)", "dspi": 1}, {"tt": "in West Indies", "sp": "2014-2014", "mt": 2, "in": 2, "pr": "host=4", "ds": 1, "ct": 1, "st": 0, "ck": 0, "cf": 1, "mds": "1 (1ct 0st)", "dspi": 0.5}]}, {"type": "CONTINENT", "stats": [{"tt": "in Americas", "sp": "2014-2014", "mt": 2, "in": 2, "pr": "continent=3", "ds": 1, "ct": 1, "st": 0, "ck": 0, "cf": 1, "mds": "1 (1ct 0st)", "dspi": 0.5}, {"tt": "in Asia", "sp": "2009-2012", "mt": 3, "in": 3, "pr": "continent=2", "ds": 2, "ct": 2, "st": 0, "ck": 2, "cf": 0, "mds": "1 (1ct 0st)", "dspi": 0.666}]}, {"type": "HOME_OR_AWAY", "stats": [{"tt": "away", "sp": "2012-2014", "mt": 3, "in": 3, "pr": "home_or_away=2", "ds": 1, "ct": 1, "st": 0, "ck": 0, "cf": 1, "mds": "1 (1ct 0st)", "dspi": 0.333}, {"tt": "neutral", "sp": "2009-2009", "mt": 2, "in": 2, "pr": "home_or_away=3", "ds": 2, "ct": 2, "st": 0, "ck": 2, "cf": 0, "mds": "1 (1ct 0st)", "dspi": 1}]}, {"type": "YEAR", "stats": [{"tt": "year 2009", "sp": null, "mt": 2, "in": 2, "pr": "year=2009", "ds": 2, "ct": 2, "st": 0, "ck": 2, "cf": 0, "mds": "1 (1ct 0st)", "dspi": 1}, {"tt": "year 2012", "sp": null, "mt": 1, "in": 1, "pr": "year=2012", "ds": 0, "ct": 0, "st": 0, "ck": 0, "cf": 0, "mds": "0", "dspi": 0}, {"tt": "year 2014", "sp": null, "mt": 2, "in": 2, "pr": "year=2014", "ds": 1, "ct": 1, "st": 0, "ck": 0, "cf": 1, "mds": "1 (1ct 0st)", "dspi": 0.5}]}, {"type": "SEASON", "stats": [{"tt": "season 2009/10", "sp": null, "mt": 2, "in": 2, "pr": "season=2009/10", "ds": 2, "ct": 2, "st": 0, "ck": 2, "cf": 0, "mds": "1 (1ct 0st)", "dspi": 1}, {"tt": "season 2012/13", "sp": null, "mt": 1, "in": 1, "pr": "season=2012/13", "ds": 0, "ct": 0, "st": 0, "ck": 0, "cf": 0, "mds": "0", "dspi": 0}, {"tt": "season 2014", "sp": null, "mt": 2, "in": 2, "pr": "season=2014", "ds": 1, "ct": 1, "st": 0, "ck": 0, "cf": 1, "mds": "1 (1ct 0st)", "dspi": 0.5}]}, {"type": "CAPTAINS_INVOLVED", "stats": [{"tt": "*BB McCullum", "sp": "2009-2014", "mt": 3, "in": 3, "pr": "captain_involve=10384", "ds": 3, "ct": 3, "st": 0, "ck": 2, "cf": 1, "mds": "1 (1ct 0st)", "dspi": 1}, {"tt": "*LRPL Taylor", "sp": "2012-2012", "mt": 1, "in": 1, "pr": "captain_involve=44930", "ds": 0, "ct": 0, "st": 0, "ck": 0, "cf": 0, "mds": "0", "dspi": 0}, {"tt": "*KS Williamson", "sp": "2014-2014", "mt": 1, "in": 1, "pr": "captain_involve=51088", "ds": 0, "ct": 0, "st": 0, "ck": 0, "cf": 0, "mds": "0", "dspi": 0}]}, {"type": "CAPTAIN", "stats": [{"tt": "is not captain", "sp": "2009-2014", "mt": 5, "in": 5, "pr": "captain=0", "ds": 3, "ct": 3, "st": 0, "ck": 2, "cf": 1, "mds": "1 (1ct 0st)", "dspi": 0.6}]}, {"type": "KEEPER", "stats": [{"tt": "is designated keeper", "sp": "2009-2009", "mt": 2, "in": 2, "pr": "keeper=1", "ds": 2, "ct": 2, "st": 0, "ck": 2, "cf": 0, "mds": "1 (1ct 0st)", "dspi": 1}, {"tt": "is not keeper", "sp": "2012-2014", "mt": 3, "in": 3, "pr": "keeper=0", "ds": 1, "ct": 1, "st": 0, "ck": 0, "cf": 1, "mds": "1 (1ct 0st)", "dspi": 0.333}]}, {"type": "TOSS", "stats": [{"tt": "won the toss", "sp": "2009-2014", "mt": 3, "in": 3, "pr": "toss=1", "ds": 2, "ct": 2, "st": 0, "ck": 1, "cf": 1, "mds": "1 (1ct 0st)", "dspi": 0.666}, {"tt": "lost the toss", "sp": "2009-2012", "mt": 2, "in": 2, "pr": "toss=2", "ds": 1, "ct": 1, "st": 0, "ck": 1, "cf": 0, "mds": "1 (1ct 0st)", "dspi": 0.5}]}, {"type": "BATTING_FIELDING_SEQUENCE_AND_TOSS", "stats": [{"tt": "won toss &amp; fielded", "sp": "2009-2014", "mt": 3, "in": 3, "pr": "batting_fielding_first=2;toss=1", "ds": 2, "ct": 2, "st": 0, "ck": 1, "cf": 1, "mds": "1 (1ct 0st)", "dspi": 0.666}, {"tt": "lost toss &amp; sent in", "sp": "2012-2012", "mt": 1, "in": 1, "pr": "batting_fielding_first=1;toss=2", "ds": 0, "ct": 0, "st": 0, "ck": 0, "cf": 0, "mds": "0", "dspi": 0}, {"tt": "lost toss &amp; fielded", "sp": "2009-2009", "mt": 1, "in": 1, "pr": "batting_fielding_first=2;toss=2", "ds": 1, "ct": 1, "st": 0, "ck": 1, "cf": 0, "mds": "1 (1ct 0st)", "dspi": 1}]}, {"type": "BATTING_FIELDING_SEQUENCE", "stats": [{"tt": "matches batting first", "sp": "2012-2012", "mt": 1, "in": 1, "pr": "batting_fielding_first=1", "ds": 0, "ct": 0, "st": 0, "ck": 0, "cf": 0, "mds": "0", "dspi": 0}, {"tt": "matches fielding first", "sp": "2009-2014", "mt": 4, "in": 4, "pr": "batting_fielding_first=2", "ds": 3, "ct": 3, "st": 0, "ck": 2, "cf": 1, "mds": "1 (1ct 0st)", "dspi": 0.75}]}, {"type": "TEAM_INNINGS", "stats": [{"tt": "1st team innings", "sp": "2009-2014", "mt": 5, "in": 5, "pr": "innings_number=1;innings_number=2", "ds": 3, "ct": 3, "st": 0, "ck": 2, "cf": 1, "mds": "1 (1ct 0st)", "dspi": 0.6}]}, {"type": "MATCH_INNINGS", "stats": [{"tt": "1st match innings", "sp": "2009-2014", "mt": 4, "in": 4, "pr": "innings_number=1", "ds": 3, "ct": 3, "st": 0, "ck": 2, "cf": 1, "mds": "1 (1ct 0st)", "dspi": 0.75}, {"tt": "2nd match innings", "sp": "2012-2012", "mt": 1, "in": 1, "pr": "innings_number=2", "ds": 0, "ct": 0, "st": 0, "ck": 0, "cf": 0, "mds": "0", "dspi": 0}]}, {"type": "FLOODLIT", "stats": [{"tt": "day match", "sp": "2012-2014", "mt": 3, "in": 3, "pr": "floodlit=1", "ds": 1, "ct": 1, "st": 0, "ck": 0, "cf": 1, "mds": "1 (1ct 0st)", "dspi": 0.333}, {"tt": "day/night match", "sp": "2009-2009", "mt": 2, "in": 2, "pr": "floodlit=2", "ds": 2, "ct": 2, "st": 0, "ck": 2, "cf": 0, "mds": "1 (1ct 0st)", "dspi": 1}]}, {"type": "RESULT", "stats": [{"tt": "won match", "sp": "2014-2014", "mt": 1, "in": 1, "pr": "result=1", "ds": 1, "ct": 1, "st": 0, "ck": 0, "cf": 1, "mds": "1 (1ct 0st)", "dspi": 1}, {"tt": "lost match", "sp": "2009-2014", "mt": 3, "in": 3, "pr": "result=2", "ds": 2, "ct": 2, "st": 0, "ck": 2, "cf": 0, "mds": "1 (1ct 0st)", "dspi": 0.666}, {"tt": "no result", "sp": "2012-2012", "mt": 1, "in": 1, "pr": "result=5", "ds": 0, "ct": 0, "st": 0, "ck": 0, "cf": 0, "mds": "0", "dspi": 0}]}, {"type": "BATTING_FIELDING_SEQUENCE_AND_RESULT", "stats": [{"tt": "won fielding first", "sp": "2014-2014", "mt": 1, "in": 1, "pr": "batting_fielding_first=2;result=1", "ds": 1, "ct": 1, "st": 0, "ck": 0, "cf": 1, "mds": "1 (1ct 0st)", "dspi": 1}, {"tt": "lost fielding first", "sp": "2009-2014", "mt": 3, "in": 3, "pr": "batting_fielding_first=2;result=2", "ds": 2, "ct": 2, "st": 0, "ck": 2, "cf": 0, "mds": "1 (1ct 0st)", "dspi": 0.666}, {"tt": "no result batting first", "sp": "2012-2012", "mt": 1, "in": 1, "pr": "batting_fielding_first=1;result=5", "ds": 0, "ct": 0, "st": 0, "ck": 0, "cf": 0, "mds": "0", "dspi": 0}]}, {"type": "TOURNAMENT_TYPE", "stats": [{"tt": "2 team series", "sp": "2009-2014", "mt": 5, "in": 5, "pr": "tournament_type=2", "ds": 3, "ct": 3, "st": 0, "ck": 2, "cf": 1, "mds": "1 (1ct 0st)", "dspi": 0.6}]}, {"type": "MATCH_NUMBER", "stats": [{"tt": "only match in series", "sp": "2012-2012", "mt": 1, "in": 1, "pr": "match_number=0", "ds": 0, "ct": 0, "st": 0, "ck": 0, "cf": 0, "mds": "0", "dspi": 0}, {"tt": "1st match in series", "sp": "2009-2014", "mt": 2, "in": 2, "pr": "match_number=1", "ds": 2, "ct": 2, "st": 0, "ck": 1, "cf": 1, "mds": "1 (1ct 0st)", "dspi": 1}, {"tt": "2nd match in series", "sp": "2009-2014", "mt": 2, "in": 2, "pr": "match_number=2", "ds": 1, "ct": 1, "st": 0, "ck": 1, "cf": 0, "mds": "1 (1ct 0st)", "dspi": 0.5}]}]}}