{"player": {"id": 67025, "objectId": 543466, "name": "LR Down", "longName": "Lauren Down", "mobileName": "Down", "indexName": "Down, LR", "battingName": "LR Down", "fieldingName": "Down", "slug": "lauren-down", "gender": "F", "playingRole": "batter", "battingStyles": ["rhb"], "bowlingStyles": ["rm"], "longBattingStyles": ["right-hand bat"], "longBowlingStyles": ["right-arm medium"], "image": {"id": 305781, "objectId": 1225738, "slug": "lauren-down-portrait", "url": "/db/PICTURES/CMS/305700/305781.png", "width": 160, "height": 201, "caption": "Lauren Down portrait", "longCaption": "Lauren Down portrait, June 2020", "credit": "Getty Images", "photographer": null, "peerUrls": null}, "countryTeamId": 5, "playingRoleType": "P", "playingRoles": ["batter"], "dateOfBirth": {"year": 1995, "month": 5, "date": 7}, "dateOfDeath": null, "fullName": "Lauren Renee Down", "nickNames": "", "alsoKnownAs": "", "height": 0, "heightUnit": null, "education": "", "country": {"id": 5, "objectId": 5, "name": "New Zealand", "shortName": "New Zealand", "image": {"id": 313127, "objectId": 1241586, "slug": "new-zealand-logo", "url": "/db/PICTURES/CMS/313100/313127.logo.png", "width": 500, "height": 500, "caption": "New Zealand logo", "longCaption": "New Zealand logo", "credit": null, "photographer": null, "peerUrls": null}}, "altCountryTeamId": null, "placeOfBirth": "Auckland", "dobText": null, "dodText": null, "placeOfDeath": "", "intlCareerSpan": "2018 - 2021", "headshotImage": null, "backgroundImage": {"id": 318892, "objectId": 1257715, "slug": "lauren-down-fell-10-short-of-a-maiden-century", "url": "/db/PICTURES/CMS/318800/318892.jpg", "width": 1400, "height": 933, "caption": "Lauren Down fell 10 short of a maiden century", "longCaption": "Lauren Down fell 10 short of a maiden century, New Zealand vs Australia, 1st ODI, Mount Maunganui, April 4, 2021", "credit": "Getty Images", "photographer": null, "peerUrls": {"FILM": "/db/PICTURES/CMS/318800/318892.jpg", "WIDE": "/db/PICTURES/CMS/318800/318892.6.jpg", "SQUARE": "/db/PICTURES/CMS/318800/318892.10.jpg"}}, "externalLinks": [], "fieldingStyles": [], "otherStyles": [], "matchPlayerTypes": [1], "hasRecords": true, "hasStats": true, "hasMatches": true, "totalStories": 7, "totalVideos": 0, "totalImages": 4}, "teams": [{"team": {"id": 2518, "objectId": 2467, "scribeId": 2467, "slug": "auckland-women", "name": "AK Women", "longName": "Auckland Women", "abbreviation": "AK-W", "isCountry": false, "primaryColor": null, "image": null}, "current": false}, {"team": {"id": 2614, "objectId": 2563, "scribeId": 2563, "slug": "new-zealand-women", "name": "NZ Women", "longName": "New Zealand Women", "abbreviation": "NZ-W", "isCountry": false, "primaryColor": null, "image": {"id": 313335, "objectId": 1241794, "slug": "new-zealand-women-logo", "url": "/db/PICTURES/CMS/313300/313335.logo.png", "width": 500, "height": 500, "caption": "New Zealand Women logo", "longCaption": "New Zealand Women logo", "credit": null, "photographer": null, "peerUrls": null}}, "current": false}]}