{"player": {"id": 46564, "objectId": 54565, "name": "SW Bates", "longName": "Suzie Bates", "mobileName": "Bates", "indexName": "Bates, SW", "battingName": "SW Bates", "fieldingName": "Bates", "slug": "suzie-bates", "gender": "F", "playingRole": "allrounder", "battingStyles": ["rhb"], "bowlingStyles": ["rm"], "longBattingStyles": ["right-hand bat"], "longBowlingStyles": ["right-arm medium"], "image": {"id": 305804, "objectId": 1225761, "slug": "suzie-bates-portrait", "url": "/db/PICTURES/CMS/305800/305804.png", "width": 160, "height": 199, "caption": "Suzie Bates portrait", "longCaption": "Suzie Bates portrait, June 2020", "credit": "Getty Images", "photographer": null, "peerUrls": null}, "countryTeamId": 5, "playingRoleType": "P", "playingRoles": ["allrounder"], "dateOfBirth": {"year": 1987, "month": 9, "date": 16}, "dateOfDeath": null, "fullName": "Suzannah Wilson Bates", "nickNames": "", "alsoKnownAs": "", "height": 0, "heightUnit": null, "education": "", "country": {"id": 5, "objectId": 5, "name": "New Zealand", "shortName": "New Zealand", "image": {"id": 313127, "objectId": 1241586, "slug": "new-zealand-logo", "url": "/db/PICTURES/CMS/313100/313127.logo.png", "width": 500, "height": 500, "caption": "New Zealand logo", "longCaption": "New Zealand logo", "credit": null, "photographer": null, "peerUrls": null}}, "altCountryTeamId": null, "placeOfBirth": "Dunedin, Otago", "dobText": null, "dodText": null, "placeOfDeath": "", "intlCareerSpan": "2006 - 2020", "headshotImage": {"id": 320652, "objectId": 1261550, "slug": "suzie-bates-player-page-headshot-cutout-2021", "url": "/db/PICTURES/CMS/320600/320652.png", "width": 600, "height": 436, "caption": "Suzie Bates player page headshot cutout, 2021", "longCaption": "Suzie Bates player page headshot cutout, 2021", "credit": null, "photographer": null, "peerUrls": {"FILM": null, "WIDE": null, "SQUARE": "/db/PICTURES/CMS/320600/320652.square.png"}}, "backgroundImage": {"id": 311992, "objectId": 1238899, "slug": "suzie-bates-sits-on-the-boundary-edge-after-hurting-her-shoulder", "url": "/db/PICTURES/CMS/311900/311992.jpg", "width": 1400, "height": 884, "caption": "Suzie Bates sits on the boundary edge after hurting her shoulder", "longCaption": "Suzie Bates sits on the boundary edge after hurting her shoulder, Adelaide Strikers v Melbourne Stars, WBBL, Blacktown, November 10, 2020", "credit": "Getty Images", "photographer": null, "peerUrls": {"FILM": "/db/PICTURES/CMS/311900/311992.jpg", "WIDE": "/db/PICTURES/CMS/311900/311992.6.jpg", "SQUARE": "/db/PICTURES/CMS/311900/311992.10.jpg"}}, "externalLinks": [], "fieldingStyles": [], "otherStyles": [], "matchPlayerTypes": [1], "hasRecords": true, "hasStats": true, "hasMatches": true, "totalStories": 153, "totalVideos": 13, "totalImages": 131}, "teams": [{"team": {"id": 2614, "objectId": 2563, "scribeId": 2563, "slug": "new-zealand-women", "name": "NZ Women", "longName": "New Zealand Women", "abbreviation": "NZ-W", "isCountry": false, "primaryColor": null, "image": {"id": 313335, "objectId": 1241794, "slug": "new-zealand-women-logo", "url": "/db/PICTURES/CMS/313300/313335.logo.png", "width": 500, "height": 500, "caption": "New Zealand Women logo", "longCaption": "New Zealand Women logo", "credit": null, "photographer": null, "peerUrls": null}}, "current": false}, {"team": {"id": 2627, "objectId": 2576, "scribeId": 2576, "slug": "otago-women", "name": "Otago Women", "longName": "Otago Women", "abbreviation": "OTG-W", "isCountry": false, "primaryColor": null, "image": null}, "current": false}, {"team": {"id": 5643, "objectId": 896405, "scribeId": 896405, "slug": "perth-scorchers-women", "name": "Scorchers Wm", "longName": "Perth Scorchers Women", "abbreviation": "PS-W", "isCountry": false, "primaryColor": null, "image": {"id": 313507, "objectId": 1241966, "slug": "perth-scorchers-women-logo", "url": "/db/PICTURES/CMS/313500/313507.logo.png", "width": 500, "height": 500, "caption": "Perth Scorchers Women logo", "longCaption": "Perth Scorchers Women logo", "credit": null, "photographer": null, "peerUrls": null}}, "current": false}, {"team": {"id": 6518, "objectId": 1146787, "scribeId": 1146787, "slug": "trailblazers", "name": "Trailblazers", "longName": "Trailblazers", "abbreviation": "TBZER", "isCountry": false, "primaryColor": null, "image": null}, "current": false}]}