{"summary": {"recordClassId": 2, "type": "BATTING", "groups": [{"type": "CAREER_AVERAGES", "stats": [{"tt": "overview", "sp": null, "mt": 2, "in": 1, "pr": null, "rn": 11, "fo": 1, "si": 0, "ft": 0, "hn": 0, "bf": 6, "dk": 0, "no": 1, "hs": "11*", "bta": null, "btsr": 183.33}]}, {"type": "OPPOSITION_TEAM", "stats": [{"tt": "vs Ireland", "sp": null, "mt": 2, "in": 1, "pr": "opposition=29", "rn": 11, "fo": 1, "si": 0, "ft": 0, "hn": 0, "bf": 6, "dk": 0, "no": 1, "hs": "11*", "bta": null, "btsr": 183.33}]}, {"type": "HOST_COUNTRY", "stats": [{"tt": "in Ireland", "sp": null, "mt": 2, "in": 1, "pr": "host=29", "rn": 11, "fo": 1, "si": 0, "ft": 0, "hn": 0, "bf": 6, "dk": 0, "no": 1, "hs": "11*", "bta": null, "btsr": 183.33}]}, {"type": "CONTINENT", "stats": [{"tt": "in Europe", "sp": null, "mt": 2, "in": 1, "pr": "continent=4", "rn": 11, "fo": 1, "si": 0, "ft": 0, "hn": 0, "bf": 6, "dk": 0, "no": 1, "hs": "11*", "bta": null, "btsr": 183.33}]}, {"type": "HOME_OR_AWAY", "stats": [{"tt": "away", "sp": null, "mt": 2, "in": 1, "pr": "home_or_away=2", "rn": 11, "fo": 1, "si": 0, "ft": 0, "hn": 0, "bf": 6, "dk": 0, "no": 1, "hs": "11*", "bta": null, "btsr": 183.33}]}, {"type": "YEAR", "stats": [{"tt": "year 2017", "sp": null, "mt": 2, "in": 1, "pr": "year=2017", "rn": 11, "fo": 1, "si": 0, "ft": 0, "hn": 0, "bf": 6, "dk": 0, "no": 1, "hs": "11*", "bta": null, "btsr": 183.33}]}, {"type": "SEASON", "stats": [{"tt": "season 2017", "sp": null, "mt": 2, "in": 1, "pr": "season=2017", "rn": 11, "fo": 1, "si": 0, "ft": 0, "hn": 0, "bf": 6, "dk": 0, "no": 1, "hs": "11*", "bta": null, "btsr": 183.33}]}, {"type": "CAPTAINS_INVOLVED", "stats": [{"tt": "*TWM Latham", "sp": null, "mt": 2, "in": 1, "pr": "captain_involve=59148", "rn": 11, "fo": 1, "si": 0, "ft": 0, "hn": 0, "bf": 6, "dk": 0, "no": 1, "hs": "11*", "bta": null, "btsr": 183.33}]}, {"type": "CAPTAIN", "stats": [{"tt": "is not captain", "sp": null, "mt": 2, "in": 1, "pr": "captain=0", "rn": 11, "fo": 1, "si": 0, "ft": 0, "hn": 0, "bf": 6, "dk": 0, "no": 1, "hs": "11*", "bta": null, "btsr": 183.33}]}, {"type": "KEEPER", "stats": [{"tt": "is not keeper", "sp": null, "mt": 2, "in": 1, "pr": "keeper=0", "rn": 11, "fo": 1, "si": 0, "ft": 0, "hn": 0, "bf": 6, "dk": 0, "no": 1, "hs": "11*", "bta": null, "btsr": 183.33}]}, {"type": "TOSS", "stats": [{"tt": "lost the toss", "sp": null, "mt": 2, "in": 1, "pr": "toss=2", "rn": 11, "fo": 1, "si": 0, "ft": 0, "hn": 0, "bf": 6, "dk": 0, "no": 1, "hs": "11*", "bta": null, "btsr": 183.33}]}, {"type": "BATTING_FIELDING_SEQUENCE_AND_TOSS", "stats": [{"tt": "lost toss &amp; sent in", "sp": null, "mt": 2, "in": 1, "pr": "batting_fielding_first=1;toss=2", "rn": 11, "fo": 1, "si": 0, "ft": 0, "hn": 0, "bf": 6, "dk": 0, "no": 1, "hs": "11*", "bta": null, "btsr": 183.33}]}, {"type": "BATTING_FIELDING_SEQUENCE", "stats": [{"tt": "matches batting first", "sp": null, "mt": 2, "in": 1, "pr": "batting_fielding_first=1", "rn": 11, "fo": 1, "si": 0, "ft": 0, "hn": 0, "bf": 6, "dk": 0, "no": 1, "hs": "11*", "bta": null, "btsr": 183.33}]}, {"type": "TEAM_INNINGS", "stats": [{"tt": "1st team innings", "sp": null, "mt": 2, "in": 1, "pr": null, "rn": 11, "fo": 1, "si": 0, "ft": 0, "hn": 0, "bf": 6, "dk": 0, "no": 1, "hs": "11*", "bta": null, "btsr": 183.33}]}, {"type": "MATCH_INNINGS", "stats": [{"tt": "1st match innings", "sp": null, "mt": 2, "in": 1, "pr": "innings_number=1", "rn": 11, "fo": 1, "si": 0, "ft": 0, "hn": 0, "bf": 6, "dk": 0, "no": 1, "hs": "11*", "bta": null, "btsr": 183.33}]}, {"type": "RESULT", "stats": [{"tt": "won match", "sp": null, "mt": 2, "in": 1, "pr": "result=1", "rn": 11, "fo": 1, "si": 0, "ft": 0, "hn": 0, "bf": 6, "dk": 0, "no": 1, "hs": "11*", "bta": null, "btsr": 183.33}]}, {"type": "BATTING_FIELDING_SEQUENCE_AND_RESULT", "stats": [{"tt": "won batting first", "sp": null, "mt": 2, "in": 1, "pr": "batting_fielding_first=1;result=1", "rn": 11, "fo": 1, "si": 0, "ft": 0, "hn": 0, "bf": 6, "dk": 0, "no": 1, "hs": "11*", "bta": null, "btsr": 183.33}]}, {"type": "TOURNAMENT_TYPE", "stats": [{"tt": "3-4 team tournaments", "sp": null, "mt": 2, "in": 1, "pr": "tournament_type=3", "rn": 11, "fo": 1, "si": 0, "ft": 0, "hn": 0, "bf": 6, "dk": 0, "no": 1, "hs": "11*", "bta": null, "btsr": 183.33}]}, {"type": "BATTING_POSITION", "stats": [{"tt": "8th position", "sp": null, "mt": 1, "in": 1, "pr": "batting_positionval1=batting_position;batting_positionmin1=8;batting_positionmax1=8", "rn": 11, "fo": 1, "si": 0, "ft": 0, "hn": 0, "bf": 6, "dk": 0, "no": 1, "hs": "11*", "bta": null, "btsr": 183.33}]}]}}