{"summary": {"recordClassId": 2, "type": "ALLROUND", "groups": [{"type": "CAREER_AVERAGES", "stats": [{"tt": "overview", "sp": "2017-2017", "mt": 2, "pr": null, "rn": 11, "wk": 5, "ct": 0, "st": 0, "hs": "11*", "hn": 0, "bbi": "3/41", "bta": null, "bwa": 11.6, "fw": 0, "bbad": null}]}, {"type": "OPPOSITION_TEAM", "stats": [{"tt": "v Ireland", "sp": "2017-2017", "mt": 2, "pr": "opposition=29", "rn": 11, "wk": 5, "ct": 0, "st": 0, "hs": "11*", "hn": 0, "bbi": "3/41", "bta": null, "bwa": 11.6, "fw": 0, "bbad": null}]}, {"type": "HOST_COUNTRY", "stats": [{"tt": "in Ireland", "sp": "2017-2017", "mt": 2, "pr": "host=29", "rn": 11, "wk": 5, "ct": 0, "st": 0, "hs": "11*", "hn": 0, "bbi": "3/41", "bta": null, "bwa": 11.6, "fw": 0, "bbad": null}]}, {"type": "CONTINENT", "stats": [{"tt": "in Europe", "sp": "2017-2017", "mt": 2, "pr": "continent=4", "rn": 11, "wk": 5, "ct": 0, "st": 0, "hs": "11*", "hn": 0, "bbi": "3/41", "bta": null, "bwa": 11.6, "fw": 0, "bbad": null}]}, {"type": "HOME_OR_AWAY", "stats": [{"tt": "away", "sp": "2017-2017", "mt": 2, "pr": "home_or_away=2", "rn": 11, "wk": 5, "ct": 0, "st": 0, "hs": "11*", "hn": 0, "bbi": "3/41", "bta": null, "bwa": 11.6, "fw": 0, "bbad": null}]}, {"type": "YEAR", "stats": [{"tt": "year 2017", "sp": null, "mt": 2, "pr": "year=2017", "rn": 11, "wk": 5, "ct": 0, "st": 0, "hs": "11*", "hn": 0, "bbi": "3/41", "bta": null, "bwa": 11.6, "fw": 0, "bbad": null}]}, {"type": "SEASON", "stats": [{"tt": "season 2017", "sp": null, "mt": 2, "pr": "season=2017", "rn": 11, "wk": 5, "ct": 0, "st": 0, "hs": "11*", "hn": 0, "bbi": "3/41", "bta": null, "bwa": 11.6, "fw": 0, "bbad": null}]}, {"type": "CAPTAINS_INVOLVED", "stats": [{"tt": "*TWM Latham", "sp": "2017-2017", "mt": 2, "pr": "captain_involve=59148", "rn": 11, "wk": 5, "ct": 0, "st": 0, "hs": "11*", "hn": 0, "bbi": "3/41", "bta": null, "bwa": 11.6, "fw": 0, "bbad": null}]}, {"type": "CAPTAIN", "stats": [{"tt": "is not captain", "sp": "2017-2017", "mt": 2, "pr": "captain=0", "rn": 11, "wk": 5, "ct": 0, "st": 0, "hs": "11*", "hn": 0, "bbi": "3/41", "bta": null, "bwa": 11.6, "fw": 0, "bbad": null}]}, {"type": "KEEPER", "stats": [{"tt": "is not keeper", "sp": "2017-2017", "mt": 2, "pr": "keeper=0", "rn": 11, "wk": 5, "ct": 0, "st": 0, "hs": "11*", "hn": 0, "bbi": "3/41", "bta": null, "bwa": 11.6, "fw": 0, "bbad": null}]}, {"type": "TOSS", "stats": [{"tt": "lost the toss", "sp": "2017-2017", "mt": 2, "pr": "toss=2", "rn": 11, "wk": 5, "ct": 0, "st": 0, "hs": "11*", "hn": 0, "bbi": "3/41", "bta": null, "bwa": 11.6, "fw": 0, "bbad": null}]}, {"type": "BATTING_FIELDING_SEQUENCE_AND_TOSS", "stats": [{"tt": "lost toss &amp; sent in", "sp": "2017-2017", "mt": 2, "pr": "batting_fielding_first=1;toss=2", "rn": 11, "wk": 5, "ct": 0, "st": 0, "hs": "11*", "hn": 0, "bbi": "3/41", "bta": null, "bwa": 11.6, "fw": 0, "bbad": null}]}, {"type": "BATTING_FIELDING_SEQUENCE", "stats": [{"tt": "matches batting first", "sp": "2017-2017", "mt": 2, "pr": "batting_fielding_first=1", "rn": 11, "wk": 5, "ct": 0, "st": 0, "hs": "11*", "hn": 0, "bbi": "3/41", "bta": null, "bwa": 11.6, "fw": 0, "bbad": null}]}, {"type": "TEAM_INNINGS", "stats": [{"tt": "1st team innings", "sp": "2017-2017", "mt": 2, "pr": "innings_number=1;innings_number=2", "rn": 11, "wk": 5, "ct": 0, "st": 0, "hs": "11*", "hn": 0, "bbi": "3/41", "bta": null, "bwa": 11.6, "fw": 0, "bbad": null}]}, {"type": "MATCH_INNINGS", "stats": [{"tt": "1st match innings", "sp": "2017-2017", "mt": 2, "pr": "innings_number=1", "rn": 11, "wk": null, "ct": null, "st": null, "hs": "11*", "hn": 0, "bbi": null, "bta": null, "bwa": null, "fw": null, "bbad": null}, {"tt": "2nd match innings", "sp": "2017-2017", "mt": 2, "pr": "innings_number=2", "rn": null, "wk": 5, "ct": 0, "st": 0, "hs": null, "hn": null, "bbi": "3/41", "bta": null, "bwa": 11.6, "fw": 0, "bbad": null}]}, {"type": "RESULT", "stats": [{"tt": "won match", "sp": "2017-2017", "mt": 2, "pr": "result=1", "rn": 11, "wk": 5, "ct": 0, "st": 0, "hs": "11*", "hn": 0, "bbi": "3/41", "bta": null, "bwa": 11.6, "fw": 0, "bbad": null}]}, {"type": "BATTING_FIELDING_SEQUENCE_AND_RESULT", "stats": [{"tt": "won batting first", "sp": "2017-2017", "mt": 2, "pr": "batting_fielding_first=1;result=1", "rn": 11, "wk": 5, "ct": 0, "st": 0, "hs": "11*", "hn": 0, "bbi": "3/41", "bta": null, "bwa": 11.6, "fw": 0, "bbad": null}]}, {"type": "TOURNAMENT_TYPE", "stats": [{"tt": "3-4 team tournaments", "sp": "2017-2017", "mt": 2, "pr": "tournament_type=3", "rn": 11, "wk": 5, "ct": 0, "st": 0, "hs": "11*", "hn": 0, "bbi": "3/41", "bta": null, "bwa": 11.6, "fw": 0, "bbad": null}]}]}}