{"summary": {"recordClassId": 2, "type": "FIELDING", "groups": [{"type": "CAREER_AVERAGES", "stats": [{"tt": "overview", "sp": "2017-2017", "mt": 2, "in": 2, "pr": null, "ds": 0, "ct": 0, "st": 0, "ck": 0, "cf": 0, "mds": "0", "dspi": 0}]}, {"type": "OPPOSITION_TEAM", "stats": [{"tt": "vs Ireland", "sp": "2017-2017", "mt": 2, "in": 2, "pr": "opposition=29", "ds": 0, "ct": 0, "st": 0, "ck": 0, "cf": 0, "mds": "0", "dspi": 0}]}, {"type": "HOST_COUNTRY", "stats": [{"tt": "in Ireland", "sp": "2017-2017", "mt": 2, "in": 2, "pr": "host=29", "ds": 0, "ct": 0, "st": 0, "ck": 0, "cf": 0, "mds": "0", "dspi": 0}]}, {"type": "CONTINENT", "stats": [{"tt": "in Europe", "sp": "2017-2017", "mt": 2, "in": 2, "pr": "continent=4", "ds": 0, "ct": 0, "st": 0, "ck": 0, "cf": 0, "mds": "0", "dspi": 0}]}, {"type": "HOME_OR_AWAY", "stats": [{"tt": "away", "sp": "2017-2017", "mt": 2, "in": 2, "pr": "home_or_away=2", "ds": 0, "ct": 0, "st": 0, "ck": 0, "cf": 0, "mds": "0", "dspi": 0}]}, {"type": "YEAR", "stats": [{"tt": "year 2017", "sp": null, "mt": 2, "in": 2, "pr": "year=2017", "ds": 0, "ct": 0, "st": 0, "ck": 0, "cf": 0, "mds": "0", "dspi": 0}]}, {"type": "SEASON", "stats": [{"tt": "season 2017", "sp": null, "mt": 2, "in": 2, "pr": "season=2017", "ds": 0, "ct": 0, "st": 0, "ck": 0, "cf": 0, "mds": "0", "dspi": 0}]}, {"type": "CAPTAINS_INVOLVED", "stats": [{"tt": "*TWM Latham", "sp": "2017-2017", "mt": 2, "in": 2, "pr": "captain_involve=59148", "ds": 0, "ct": 0, "st": 0, "ck": 0, "cf": 0, "mds": "0", "dspi": 0}]}, {"type": "CAPTAIN", "stats": [{"tt": "is not captain", "sp": "2017-2017", "mt": 2, "in": 2, "pr": "captain=0", "ds": 0, "ct": 0, "st": 0, "ck": 0, "cf": 0, "mds": "0", "dspi": 0}]}, {"type": "KEEPER", "stats": [{"tt": "is not keeper", "sp": "2017-2017", "mt": 2, "in": 2, "pr": "keeper=0", "ds": 0, "ct": 0, "st": 0, "ck": 0, "cf": 0, "mds": "0", "dspi": 0}]}, {"type": "TOSS", "stats": [{"tt": "lost the toss", "sp": "2017-2017", "mt": 2, "in": 2, "pr": "toss=2", "ds": 0, "ct": 0, "st": 0, "ck": 0, "cf": 0, "mds": "0", "dspi": 0}]}, {"type": "BATTING_FIELDING_SEQUENCE_AND_TOSS", "stats": [{"tt": "lost toss &amp; sent in", "sp": "2017-2017", "mt": 2, "in": 2, "pr": "batting_fielding_first=1;toss=2", "ds": 0, "ct": 0, "st": 0, "ck": 0, "cf": 0, "mds": "0", "dspi": 0}]}, {"type": "BATTING_FIELDING_SEQUENCE", "stats": [{"tt": "matches batting first", "sp": "2017-2017", "mt": 2, "in": 2, "pr": "batting_fielding_first=1", "ds": 0, "ct": 0, "st": 0, "ck": 0, "cf": 0, "mds": "0", "dspi": 0}]}, {"type": "TEAM_INNINGS", "stats": [{"tt": "1st team innings", "sp": "2017-2017", "mt": 2, "in": 2, "pr": "innings_number=2", "ds": 0, "ct": 0, "st": 0, "ck": 0, "cf": 0, "mds": "0", "dspi": 0}]}, {"type": "MATCH_INNINGS", "stats": [{"tt": "2nd match innings", "sp": "2017-2017", "mt": 2, "in": 2, "pr": "innings_number=2", "ds": 0, "ct": 0, "st": 0, "ck": 0, "cf": 0, "mds": "0", "dspi": 0}]}, {"type": "RESULT", "stats": [{"tt": "won match", "sp": "2017-2017", "mt": 2, "in": 2, "pr": "result=1", "ds": 0, "ct": 0, "st": 0, "ck": 0, "cf": 0, "mds": "0", "dspi": 0}]}, {"type": "BATTING_FIELDING_SEQUENCE_AND_RESULT", "stats": [{"tt": "won batting first", "sp": "2017-2017", "mt": 2, "in": 2, "pr": "batting_fielding_first=1;result=1", "ds": 0, "ct": 0, "st": 0, "ck": 0, "cf": 0, "mds": "0", "dspi": 0}]}, {"type": "TOURNAMENT_TYPE", "stats": [{"tt": "3-4 team tournaments", "sp": "2017-2017", "mt": 2, "in": 2, "pr": "tournament_type=3", "ds": 0, "ct": 0, "st": 0, "ck": 0, "cf": 0, "mds": "0", "dspi": 0}]}]}}