{"player": {"id": 66844, "objectId": 539548, "name": "SC Kuggeleijn", "longName": "Scott Kuggeleijn", "mobileName": "Kuggeleijn", "indexName": "Kuggeleijn, SC", "battingName": "SC Kuggeleijn", "fieldingName": "Kuggeleijn", "slug": "scott-kuggeleijn", "gender": "M", "playingRole": "bowling allrounder", "battingStyles": ["rhb"], "bowlingStyles": ["rfm"], "longBattingStyles": ["right-hand bat"], "longBowlingStyles": ["right-arm fast-medium"], "image": {"id": 303811, "objectId": 1222638, "slug": "scott-kuggeleijn-portrait", "url": "/db/PICTURES/CMS/303800/303811.png", "width": 160, "height": 201, "caption": "Scott Kuggeleijn portrait", "longCaption": "Scott Kuggeleijn, May 2020", "credit": "Getty Images", "photographer": null, "peerUrls": null}, "countryTeamId": 5, "playingRoleType": "P", "playingRoles": ["bowling allrounder"], "dateOfBirth": {"year": 1992, "month": 1, "date": 3}, "dateOfDeath": null, "fullName": "Scott Christopher Kuggeleijn", "nickNames": "", "alsoKnownAs": "", "height": 0, "heightUnit": null, "education": "", "country": {"id": 5, "objectId": 5, "name": "New Zealand", "shortName": "New Zealand", "image": {"id": 313127, "objectId": 1241586, "slug": "new-zealand-logo", "url": "/db/PICTURES/CMS/313100/313127.logo.png", "width": 500, "height": 500, "caption": "New Zealand logo", "longCaption": "New Zealand logo", "credit": null, "photographer": null, "peerUrls": null}}, "altCountryTeamId": null, "placeOfBirth": "Hamilton", "dobText": null, "dodText": null, "placeOfDeath": "", "intlCareerSpan": "2017 - 2020", "headshotImage": {"id": 321308, "objectId": 1262881, "slug": "scott-kuggeleijn-player-page-headshot-cutout-2021", "url": "/db/PICTURES/CMS/321300/321308.png", "width": 600, "height": 436, "caption": "Scott Kuggeleijn player page headshot cutout, 2021", "longCaption": "Scott Kuggeleijnplayer page headshot cutout, 2021", "credit": "", "photographer": null, "peerUrls": {"FILM": null, "WIDE": null, "SQUARE": "/db/PICTURES/CMS/321300/321308.square.png"}}, "backgroundImage": {"id": 314110, "objectId": 1244929, "slug": "new-zealand-with-the-t20i-trophy-having-won-the-series-2-1", "url": "/db/PICTURES/CMS/314100/314110.jpg", "width": 1400, "height": 933, "caption": "New Zealand with the T20I trophy, having won the series 2-1", "longCaption": "New Zealand with the T20I trophy, having won the series 2-1, New Zealand vs Pakistan, 3rd T20I, Napier, December 22, 2020", "credit": "AFP/Getty Images", "photographer": null, "peerUrls": {"FILM": "/db/PICTURES/CMS/314100/314110.jpg", "WIDE": "/db/PICTURES/CMS/314100/314110.6.jpg", "SQUARE": "/db/PICTURES/CMS/314100/314110.10.jpg"}}, "externalLinks": [], "fieldingStyles": [], "otherStyles": [], "matchPlayerTypes": [1], "hasRecords": true, "hasStats": true, "hasMatches": true, "totalStories": 33, "totalVideos": 0, "totalImages": 14}, "teams": [{"team": {"id": 5, "objectId": 5, "scribeId": 5, "slug": "new-zealand", "name": "New Zealand", "longName": "New Zealand", "abbreviation": "NZ", "isCountry": true, "primaryColor": "#000000", "image": {"id": 313127, "objectId": 1241586, "slug": "new-zealand-logo", "url": "/db/PICTURES/CMS/313100/313127.logo.png", "width": 500, "height": 500, "caption": "New Zealand logo", "longCaption": "New Zealand logo", "credit": null, "photographer": null, "peerUrls": null}}, "current": false}, {"team": {"id": 4343, "objectId": 335974, "scribeId": 335974, "slug": "chennai-super-kings", "name": "Super Kings", "longName": "Chennai Super Kings", "abbreviation": "CSK", "isCountry": false, "primaryColor": "#fdb913", "image": {"id": 313421, "objectId": 1241880, "slug": "chennai-super-kings-logo", "url": "/db/PICTURES/CMS/313400/313421.logo.png", "width": 500, "height": 500, "caption": "Chennai Super Kings logo", "longCaption": "Chennai Super Kings logo", "credit": null, "photographer": null, "peerUrls": null}}, "current": false}, {"team": {"id": 2591, "objectId": 2540, "scribeId": 2540, "slug": "new-zealand-a", "name": "NZ A", "longName": "New Zealand A", "abbreviation": "NZ-A", "isCountry": false, "primaryColor": null, "image": {"id": 313333, "objectId": 1241792, "slug": "new-zealand-a-logo", "url": "/db/PICTURES/CMS/313300/313333.logo.png", "width": 500, "height": 500, "caption": "New Zealand A logo", "longCaption": "New Zealand A logo", "credit": null, "photographer": null, "peerUrls": null}}, "current": false}, {"team": {"id": 2567, "objectId": 2516, "scribeId": 2516, "slug": "northern-districts", "name": "Northern Dis", "longName": "Northern Districts", "abbreviation": "ND", "isCountry": false, "primaryColor": null, "image": {"id": 313332, "objectId": 1241791, "slug": "northern-districts-logo", "url": "/db/PICTURES/CMS/313300/313332.logo.png", "width": 500, "height": 500, "caption": "Northern Districts logo", "longCaption": "Northern Districts logo", "credit": null, "photographer": null, "peerUrls": null}}, "current": false}, {"team": {"id": 5157, "objectId": 642417, "scribeId": 642417, "slug": "st-lucia-zouks", "name": "Zouks", "longName": "St Lucia Zouks", "abbreviation": "ZOUKS", "isCountry": false, "primaryColor": null, "image": {"id": 313484, "objectId": 1241943, "slug": "st-lucia-zouks-logo", "url": "/db/PICTURES/CMS/313400/313484.logo.png", "width": 500, "height": 500, "caption": "St Lucia Zouks logo", "longCaption": "St Lucia Zouks logo", "credit": null, "photographer": null, "peerUrls": null}}, "current": false}, {"team": {"id": 2651, "objectId": 2600, "scribeId": 2600, "slug": "wellington", "name": "Wellington", "longName": "Wellington", "abbreviation": "WELL", "isCountry": false, "primaryColor": null, "image": {"id": 313338, "objectId": 1241797, "slug": "wellington-logo", "url": "/db/PICTURES/CMS/313300/313338.logo.png", "width": 500, "height": 500, "caption": "Wellington logo", "longCaption": "Wellington logo", "credit": null, "photographer": null, "peerUrls": null}}, "current": false}]}