{"summary": {"recordClassId": 2, "type": "BOWLING", "groups": [{"type": "CAREER_AVERAGES", "stats": [{"bl": null, "tt": "overview", "sp": null, "mt": 2, "in": 2, "pr": null, "ov": 14, "cd": 58, "md": 2, "wk": 5, "fwk": 0, "fw": 0, "tw": 0, "bbi": "3/41", "bbm": "3/41", "bwa": 11.6, "bwe": 4.14, "bwsr": 16.8}]}, {"type": "OPPOSITION_TEAM", "stats": [{"bl": null, "tt": "vs Ireland", "sp": null, "mt": 2, "in": 2, "pr": "opposition=29", "ov": 14, "cd": 58, "md": 2, "wk": 5, "fwk": 0, "fw": 0, "tw": 0, "bbi": "3/41", "bbm": "3/41", "bwa": 11.6, "bwe": 4.14, "bwsr": 16.8}]}, {"type": "HOST_COUNTRY", "stats": [{"bl": null, "tt": "in Ireland", "sp": null, "mt": 2, "in": 2, "pr": "host=29", "ov": 14, "cd": 58, "md": 2, "wk": 5, "fwk": 0, "fw": 0, "tw": 0, "bbi": "3/41", "bbm": "3/41", "bwa": 11.6, "bwe": 4.14, "bwsr": 16.8}]}, {"type": "CONTINENT", "stats": [{"bl": null, "tt": "in Europe", "sp": null, "mt": 2, "in": 2, "pr": "continent=4", "ov": 14, "cd": 58, "md": 2, "wk": 5, "fwk": 0, "fw": 0, "tw": 0, "bbi": "3/41", "bbm": "3/41", "bwa": 11.6, "bwe": 4.14, "bwsr": 16.8}]}, {"type": "HOME_OR_AWAY", "stats": [{"bl": null, "tt": "away", "sp": null, "mt": 2, "in": 2, "pr": "home_or_away=2", "ov": 14, "cd": 58, "md": 2, "wk": 5, "fwk": 0, "fw": 0, "tw": 0, "bbi": "3/41", "bbm": "3/41", "bwa": 11.6, "bwe": 4.14, "bwsr": 16.8}]}, {"type": "YEAR", "stats": [{"bl": null, "tt": "year 2017", "sp": null, "mt": 2, "in": 2, "pr": "year=2017", "ov": 14, "cd": 58, "md": 2, "wk": 5, "fwk": 0, "fw": 0, "tw": 0, "bbi": "3/41", "bbm": "3/41", "bwa": 11.6, "bwe": 4.14, "bwsr": 16.8}]}, {"type": "SEASON", "stats": [{"bl": null, "tt": "season 2017", "sp": null, "mt": 2, "in": 2, "pr": "season=2017", "ov": 14, "cd": 58, "md": 2, "wk": 5, "fwk": 0, "fw": 0, "tw": 0, "bbi": "3/41", "bbm": "3/41", "bwa": 11.6, "bwe": 4.14, "bwsr": 16.8}]}, {"type": "CAPTAINS_INVOLVED", "stats": [{"bl": null, "tt": "*TWM Latham", "sp": null, "mt": 2, "in": 2, "pr": "captain_involve=59148", "ov": 14, "cd": 58, "md": 2, "wk": 5, "fwk": 0, "fw": 0, "tw": 0, "bbi": "3/41", "bbm": "3/41", "bwa": 11.6, "bwe": 4.14, "bwsr": 16.8}]}, {"type": "CAPTAIN", "stats": [{"bl": null, "tt": "is not captain", "sp": null, "mt": 2, "in": 2, "pr": "captain=0", "ov": 14, "cd": 58, "md": 2, "wk": 5, "fwk": 0, "fw": 0, "tw": 0, "bbi": "3/41", "bbm": "3/41", "bwa": 11.6, "bwe": 4.14, "bwsr": 16.8}]}, {"type": "KEEPER", "stats": [{"bl": null, "tt": "is not keeper", "sp": null, "mt": 2, "in": 2, "pr": "keeper=0", "ov": 14, "cd": 58, "md": 2, "wk": 5, "fwk": 0, "fw": 0, "tw": 0, "bbi": "3/41", "bbm": "3/41", "bwa": 11.6, "bwe": 4.14, "bwsr": 16.8}]}, {"type": "TOSS", "stats": [{"bl": null, "tt": "lost the toss", "sp": null, "mt": 2, "in": 2, "pr": "toss=2", "ov": 14, "cd": 58, "md": 2, "wk": 5, "fwk": 0, "fw": 0, "tw": 0, "bbi": "3/41", "bbm": "3/41", "bwa": 11.6, "bwe": 4.14, "bwsr": 16.8}]}, {"type": "BATTING_FIELDING_SEQUENCE_AND_TOSS", "stats": [{"bl": null, "tt": "lost toss &amp; sent in", "sp": null, "mt": 2, "in": 2, "pr": "batting_fielding_first=1;toss=2", "ov": 14, "cd": 58, "md": 2, "wk": 5, "fwk": 0, "fw": 0, "tw": 0, "bbi": "3/41", "bbm": "3/41", "bwa": 11.6, "bwe": 4.14, "bwsr": 16.8}]}, {"type": "BATTING_FIELDING_SEQUENCE", "stats": [{"bl": null, "tt": "matches batting first", "sp": null, "mt": 2, "in": 2, "pr": "batting_fielding_first=1", "ov": 14, "cd": 58, "md": 2, "wk": 5, "fwk": 0, "fw": 0, "tw": 0, "bbi": "3/41", "bbm": "3/41", "bwa": 11.6, "bwe": 4.14, "bwsr": 16.8}]}, {"type": "TEAM_INNINGS", "stats": [{"bl": null, "tt": "1st team innings", "sp": null, "mt": 2, "in": 2, "pr": "innings_number=2", "ov": 14, "cd": 58, "md": 2, "wk": 5, "fwk": 0, "fw": 0, "tw": 0, "bbi": "3/41", "bbm": "3/41", "bwa": 11.6, "bwe": 4.14, "bwsr": 16.8}]}, {"type": "MATCH_INNINGS", "stats": [{"bl": null, "tt": "2nd match innings", "sp": null, "mt": 2, "in": 2, "pr": "innings_number=2", "ov": 14, "cd": 58, "md": 2, "wk": 5, "fwk": 0, "fw": 0, "tw": 0, "bbi": "3/41", "bbm": "3/41", "bwa": 11.6, "bwe": 4.14, "bwsr": 16.8}]}, {"type": "RESULT", "stats": [{"bl": null, "tt": "won match", "sp": null, "mt": 2, "in": 2, "pr": "result=1", "ov": 14, "cd": 58, "md": 2, "wk": 5, "fwk": 0, "fw": 0, "tw": 0, "bbi": "3/41", "bbm": "3/41", "bwa": 11.6, "bwe": 4.14, "bwsr": 16.8}]}, {"type": "BATTING_FIELDING_SEQUENCE_AND_RESULT", "stats": [{"bl": null, "tt": "won batting first", "sp": null, "mt": 2, "in": 2, "pr": "batting_fielding_first=1;result=1", "ov": 14, "cd": 58, "md": 2, "wk": 5, "fwk": 0, "fw": 0, "tw": 0, "bbi": "3/41", "bbm": "3/41", "bwa": 11.6, "bwe": 4.14, "bwsr": 16.8}]}, {"type": "TOURNAMENT_TYPE", "stats": [{"bl": null, "tt": "3-4 team tournaments", "sp": null, "mt": 2, "in": 2, "pr": "tournament_type=3", "ov": 14, "cd": 58, "md": 2, "wk": 5, "fwk": 0, "fw": 0, "tw": 0, "bbi": "3/41", "bbm": "3/41", "bwa": 11.6, "bwe": 4.14, "bwsr": 16.8}]}, {"type": "BOWLING_POSITION", "stats": [{"bl": null, "tt": "2nd position", "sp": null, "mt": 1, "in": 1, "pr": "bowling_positionval1=bowling_position;bowling_positionmin1=2;bowling_positionmax1=2", "ov": 9, "cd": 41, "md": 1, "wk": 3, "fwk": 0, "fw": 0, "tw": 0, "bbi": "3/41", "bbm": "3/41", "bwa": 13.66, "bwe": 4.55, "bwsr": 18}, {"bl": null, "tt": "4th position", "sp": null, "mt": 1, "in": 1, "pr": "bowling_positionval1=bowling_position;bowling_positionmin1=4;bowling_positionmax1=4", "ov": 5, "cd": 17, "md": 1, "wk": 2, "fwk": 0, "fw": 0, "tw": 0, "bbi": "2/17", "bbm": "2/17", "bwa": 8.5, "bwe": 3.4, "bwsr": 15}]}]}}