{"summary": {"recordClassId": 3, "type": "ALLROUND", "groups": [{"type": "CAREER_AVERAGES", "stats": [{"tt": "overview", "sp": "2019-2020", "mt": 16, "pr": null, "rn": 79, "wk": 13, "ct": 5, "st": 0, "hs": "35*", "hn": 0, "bbi": "3/27", "bta": 19.75, "bwa": 33.38, "fw": 0, "bbad": -13.63}]}, {"type": "OPPOSITION_TEAM", "stats": [{"tt": "v England", "sp": "2019-2019", "mt": 2, "pr": "opposition=1", "rn": null, "wk": 0, "ct": 2, "st": 0, "hs": null, "hn": null, "bbi": "-", "bta": null, "bwa": null, "fw": 0, "bbad": null}, {"tt": "v India", "sp": "2019-2020", "mt": 6, "pr": "opposition=6", "rn": 22, "wk": 4, "ct": 0, "st": 0, "hs": "20*", "hn": 0, "bbi": "2/25", "bta": 22, "bwa": 44.25, "fw": 0, "bbad": -22.25}, {"tt": "v Pakistan", "sp": "2020-2020", "mt": 3, "pr": "opposition=7", "rn": 14, "wk": 5, "ct": 1, "st": 0, "hs": "14", "hn": 0, "bbi": "3/27", "bta": 14, "bwa": 20, "fw": 0, "bbad": -6}, {"tt": "v Sri Lanka", "sp": "2019-2019", "mt": 4, "pr": "opposition=8", "rn": 43, "wk": 4, "ct": 2, "st": 0, "hs": "35*", "hn": 0, "bbi": "2/38", "bta": 21.5, "bwa": 25.5, "fw": 0, "bbad": -4}, {"tt": "v West Indies", "sp": "2020-2020", "mt": 1, "pr": "opposition=4", "rn": null, "wk": null, "ct": 0, "st": 0, "hs": null, "hn": null, "bbi": null, "bta": null, "bwa": null, "fw": null, "bbad": null}]}, {"type": "HOST_COUNTRY", "stats": [{"tt": "in New Zealand", "sp": "2019-2020", "mt": 13, "pr": "host=5", "rn": 71, "wk": 10, "ct": 5, "st": 0, "hs": "35*", "hn": 0, "bbi": "3/27", "bta": 35.5, "bwa": 35.8, "fw": 0, "bbad": -0.3}, {"tt": "in Sri Lanka", "sp": "2019-2019", "mt": 3, "pr": "host=8", "rn": 8, "wk": 3, "ct": 0, "st": 0, "hs": "8", "hn": 0, "bbi": "2/38", "bta": 4, "bwa": 25.33, "fw": 0, "bbad": -21.33}]}, {"type": "CONTINENT", "stats": [{"tt": "in Asia", "sp": "2019-2019", "mt": 3, "pr": "continent=2", "rn": 8, "wk": 3, "ct": 0, "st": 0, "hs": "8", "hn": 0, "bbi": "2/38", "bta": 4, "bwa": 25.33, "fw": 0, "bbad": -21.33}, {"tt": "in Oceania", "sp": "2019-2020", "mt": 13, "pr": "continent=5", "rn": 71, "wk": 10, "ct": 5, "st": 0, "hs": "35*", "hn": 0, "bbi": "3/27", "bta": 35.5, "bwa": 35.8, "fw": 0, "bbad": -0.3}]}, {"type": "HOME_OR_AWAY", "stats": [{"tt": "home", "sp": "2019-2020", "mt": 13, "pr": "home_or_away=1", "rn": 71, "wk": 10, "ct": 5, "st": 0, "hs": "35*", "hn": 0, "bbi": "3/27", "bta": 35.5, "bwa": 35.8, "fw": 0, "bbad": -0.3}, {"tt": "away", "sp": "2019-2019", "mt": 3, "pr": "home_or_away=2", "rn": 8, "wk": 3, "ct": 0, "st": 0, "hs": "8", "hn": 0, "bbi": "2/38", "bta": 4, "bwa": 25.33, "fw": 0, "bbad": -21.33}]}, {"type": "YEAR", "stats": [{"tt": "year 2019", "sp": null, "mt": 9, "pr": "year=2019", "rn": 65, "wk": 5, "ct": 4, "st": 0, "hs": "35*", "hn": 0, "bbi": "2/38", "bta": 32.5, "bwa": 52, "fw": 0, "bbad": -19.5}, {"tt": "year 2020", "sp": null, "mt": 7, "pr": "year=2020", "rn": 14, "wk": 8, "ct": 1, "st": 0, "hs": "14", "hn": 0, "bbi": "3/27", "bta": 7, "bwa": 21.75, "fw": 0, "bbad": -14.75}]}, {"type": "SEASON", "stats": [{"tt": "season 2018/19", "sp": null, "mt": 4, "pr": "season=2018/19", "rn": 57, "wk": 2, "ct": 2, "st": 0, "hs": "35*", "hn": 0, "bbi": "1/26", "bta": null, "bwa": 64.5, "fw": 0, "bbad": null}, {"tt": "season 2019", "sp": null, "mt": 3, "pr": "season=2019", "rn": 8, "wk": 3, "ct": 0, "st": 0, "hs": "8", "hn": 0, "bbi": "2/38", "bta": 4, "bwa": 25.33, "fw": 0, "bbad": -21.33}, {"tt": "season 2019/20", "sp": null, "mt": 5, "pr": "season=2019/20", "rn": 0, "wk": 3, "ct": 2, "st": 0, "hs": "0*", "hn": 0, "bbi": "2/25", "bta": 0, "bwa": 43, "fw": 0, "bbad": -43}, {"tt": "season 2020/21", "sp": null, "mt": 4, "pr": "season=2020/21", "rn": 14, "wk": 5, "ct": 1, "st": 0, "hs": "14", "hn": 0, "bbi": "3/27", "bta": 14, "bwa": 20, "fw": 0, "bbad": -6}]}, {"type": "CAPTAINS_INVOLVED", "stats": [{"tt": "*MJ Santner", "sp": "2020-2020", "mt": 2, "pr": "captain_involve=64864", "rn": null, "wk": 3, "ct": 1, "st": 0, "hs": null, "hn": null, "bbi": "3/27", "bta": null, "bwa": 9, "fw": 0, "bbad": null}, {"tt": "*TG Southee", "sp": "2019-2020", "mt": 8, "pr": "captain_involve=49108", "rn": 43, "wk": 7, "ct": 4, "st": 0, "hs": "35*", "hn": 0, "bbi": "2/25", "bta": 14.33, "bwa": 31.57, "fw": 0, "bbad": -17.23}, {"tt": "*KS Williamson", "sp": "2019-2020", "mt": 6, "pr": "captain_involve=51088", "rn": 36, "wk": 3, "ct": 0, "st": 0, "hs": "20*", "hn": 0, "bbi": "2/40", "bta": 36, "bwa": 62, "fw": 0, "bbad": -26}]}, {"type": "CAPTAIN", "stats": [{"tt": "is not captain", "sp": "2019-2020", "mt": 16, "pr": "captain=0", "rn": 79, "wk": 13, "ct": 5, "st": 0, "hs": "35*", "hn": 0, "bbi": "3/27", "bta": 19.75, "bwa": 33.38, "fw": 0, "bbad": -13.63}]}, {"type": "KEEPER", "stats": [{"tt": "is not keeper", "sp": "2019-2020", "mt": 16, "pr": "keeper=0", "rn": 79, "wk": 13, "ct": 5, "st": 0, "hs": "35*", "hn": 0, "bbi": "3/27", "bta": 19.75, "bwa": 33.38, "fw": 0, "bbad": -13.63}]}, {"type": "TOSS", "stats": [{"tt": "won the toss", "sp": "2019-2020", "mt": 4, "pr": "toss=1", "rn": 2, "wk": 1, "ct": 0, "st": 0, "hs": "2*", "hn": 0, "bbi": "1/39", "bta": null, "bwa": 81, "fw": 0, "bbad": null}, {"tt": "lost the toss", "sp": "2019-2020", "mt": 12, "pr": "toss=2", "rn": 77, "wk": 12, "ct": 5, "st": 0, "hs": "35*", "hn": 0, "bbi": "3/27", "bta": 19.25, "bwa": 29.41, "fw": 0, "bbad": -10.16}]}, {"type": "BATTING_FIELDING_SEQUENCE_AND_TOSS", "stats": [{"tt": "won toss &amp; batted", "sp": "2019-2019", "mt": 1, "pr": "batting_fielding_first=1;toss=1", "rn": 2, "wk": 0, "ct": 0, "st": 0, "hs": "2*", "hn": 0, "bbi": "-", "bta": null, "bwa": null, "fw": 0, "bbad": null}, {"tt": "won toss &amp; fielded", "sp": "2020-2020", "mt": 3, "pr": "batting_fielding_first=2;toss=1", "rn": 0, "wk": 1, "ct": 0, "st": 0, "hs": "0*", "hn": 0, "bbi": "1/39", "bta": null, "bwa": 49, "fw": 0, "bbad": null}, {"tt": "lost toss &amp; sent in", "sp": "2019-2020", "mt": 6, "pr": "batting_fielding_first=1;toss=2", "rn": 69, "wk": 4, "ct": 4, "st": 0, "hs": "35*", "hn": 0, "bbi": "2/40", "bta": 69, "bwa": 48, "fw": 0, "bbad": 21}, {"tt": "lost toss &amp; fielded", "sp": "2019-2020", "mt": 6, "pr": "batting_fielding_first=2;toss=2", "rn": 8, "wk": 8, "ct": 1, "st": 0, "hs": "8", "hn": 0, "bbi": "3/27", "bta": 2.66, "bwa": 20.12, "fw": 0, "bbad": -17.45}]}, {"type": "BATTING_FIELDING_SEQUENCE", "stats": [{"tt": "matches batting first", "sp": "2019-2020", "mt": 7, "pr": "batting_fielding_first=1", "rn": 71, "wk": 4, "ct": 4, "st": 0, "hs": "35*", "hn": 0, "bbi": "2/40", "bta": 71, "bwa": 56, "fw": 0, "bbad": 15}, {"tt": "matches fielding first", "sp": "2019-2020", "mt": 9, "pr": "batting_fielding_first=2", "rn": 8, "wk": 9, "ct": 1, "st": 0, "hs": "8", "hn": 0, "bbi": "3/27", "bta": 2.66, "bwa": 23.33, "fw": 0, "bbad": -20.66}]}, {"type": "TEAM_INNINGS", "stats": [{"tt": "1st team innings", "sp": "2019-2020", "mt": 16, "pr": "innings_number=1;innings_number=2", "rn": 79, "wk": 13, "ct": 5, "st": 0, "hs": "35*", "hn": 0, "bbi": "3/27", "bta": 19.75, "bwa": 33.38, "fw": 0, "bbad": -13.63}]}, {"type": "MATCH_INNINGS", "stats": [{"tt": "1st match innings", "sp": "2019-2020", "mt": 16, "pr": "innings_number=1", "rn": 71, "wk": 9, "ct": 1, "st": 0, "hs": "35*", "hn": 0, "bbi": "3/27", "bta": 71, "bwa": 23.33, "fw": 0, "bbad": 47.66}, {"tt": "2nd match innings", "sp": "2019-2020", "mt": 15, "pr": "innings_number=2", "rn": 8, "wk": 4, "ct": 4, "st": 0, "hs": "8", "hn": 0, "bbi": "2/40", "bta": 2.66, "bwa": 56, "fw": 0, "bbad": -53.33}]}, {"type": "FLOODLIT", "stats": [{"tt": "day match", "sp": "2019-2019", "mt": 2, "pr": "floodlit=1", "rn": null, "wk": 0, "ct": 2, "st": 0, "hs": null, "hn": null, "bbi": "-", "bta": null, "bwa": null, "fw": 0, "bbad": null}, {"tt": "night match", "sp": "2019-2020", "mt": 14, "pr": "floodlit=3", "rn": 79, "wk": 13, "ct": 3, "st": 0, "hs": "35*", "hn": 0, "bbi": "3/27", "bta": 19.75, "bwa": 29.15, "fw": 0, "bbad": -9.4}]}, {"type": "RESULT", "stats": [{"tt": "won match", "sp": "2019-2020", "mt": 7, "pr": "result=1", "rn": 63, "wk": 7, "ct": 3, "st": 0, "hs": "35*", "hn": 0, "bbi": "3/27", "bta": 63, "bwa": 30.28, "fw": 0, "bbad": 32.71}, {"tt": "lost match", "sp": "2019-2020", "mt": 5, "pr": "result=2", "rn": 16, "wk": 5, "ct": 0, "st": 0, "hs": "14", "hn": 0, "bbi": "2/25", "bta": 5.33, "bwa": 30.6, "fw": 0, "bbad": -25.26}, {"tt": "tied match", "sp": "2019-2020", "mt": 3, "pr": "result=3", "rn": 0, "wk": 1, "ct": 2, "st": 0, "hs": "0*", "hn": 0, "bbi": "1/39", "bta": null, "bwa": 69, "fw": 0, "bbad": null}, {"tt": "no result", "sp": "2020-2020", "mt": 1, "pr": "result=5", "rn": null, "wk": null, "ct": 0, "st": 0, "hs": null, "hn": null, "bbi": null, "bta": null, "bwa": null, "fw": null, "bbad": null}]}, {"type": "BATTING_FIELDING_SEQUENCE_AND_RESULT", "stats": [{"tt": "won batting first", "sp": "2019-2019", "mt": 3, "pr": "batting_fielding_first=1;result=1", "rn": 55, "wk": 2, "ct": 2, "st": 0, "hs": "35*", "hn": 0, "bbi": "1/26", "bta": null, "bwa": 48.5, "fw": 0, "bbad": null}, {"tt": "won fielding first", "sp": "2019-2020", "mt": 4, "pr": "batting_fielding_first=2;result=1", "rn": 8, "wk": 5, "ct": 1, "st": 0, "hs": "8", "hn": 0, "bbi": "3/27", "bta": 8, "bwa": 23, "fw": 0, "bbad": -15}, {"tt": "lost batting first", "sp": "2019-2020", "mt": 3, "pr": "batting_fielding_first=1;result=2", "rn": 16, "wk": 2, "ct": 0, "st": 0, "hs": "14", "hn": 0, "bbi": "2/40", "bta": 16, "bwa": 53.5, "fw": 0, "bbad": -37.5}, {"tt": "lost fielding first", "sp": "2019-2020", "mt": 2, "pr": "batting_fielding_first=2;result=2", "rn": 0, "wk": 3, "ct": 0, "st": 0, "hs": "0", "hn": 0, "bbi": "2/25", "bta": 0, "bwa": 15.33, "fw": 0, "bbad": -15.33}, {"tt": "tied batting first", "sp": "2019-2019", "mt": 1, "pr": "batting_fielding_first=1;result=3", "rn": null, "wk": 0, "ct": 2, "st": 0, "hs": null, "hn": null, "bbi": "-", "bta": null, "bwa": null, "fw": 0, "bbad": null}, {"tt": "tied fielding first", "sp": "2020-2020", "mt": 2, "pr": "batting_fielding_first=2;result=3", "rn": 0, "wk": 1, "ct": 0, "st": 0, "hs": "0*", "hn": 0, "bbi": "1/39", "bta": null, "bwa": 49, "fw": 0, "bbad": null}, {"tt": "no result fielding first", "sp": "2020-2020", "mt": 1, "pr": "batting_fielding_first=2;result=5", "rn": null, "wk": null, "ct": 0, "st": 0, "hs": null, "hn": null, "bbi": null, "bta": null, "bwa": null, "fw": null, "bbad": null}]}, {"type": "TOURNAMENT_TYPE", "stats": [{"tt": "2 team series", "sp": "2019-2020", "mt": 16, "pr": "tournament_type=2", "rn": 79, "wk": 13, "ct": 5, "st": 0, "hs": "35*", "hn": 0, "bbi": "3/27", "bta": 19.75, "bwa": 33.38, "fw": 0, "bbad": -13.63}]}, {"type": "MATCH_NUMBER", "stats": [{"tt": "only match in series", "sp": "2019-2019", "mt": 1, "pr": "match_number=0", "rn": 35, "wk": 1, "ct": 2, "st": 0, "hs": "35*", "hn": 0, "bbi": "1/26", "bta": null, "bwa": 26, "fw": 0, "bbad": null}, {"tt": "1st match in series", "sp": "2019-2020", "mt": 4, "pr": "match_number=1", "rn": 20, "wk": 3, "ct": 1, "st": 0, "hs": "20*", "hn": 0, "bbi": "3/27", "bta": null, "bwa": 37.66, "fw": 0, "bbad": null}, {"tt": "2nd match in series", "sp": "2019-2020", "mt": 3, "pr": "match_number=2", "rn": 10, "wk": 2, "ct": 0, "st": 0, "hs": "8", "hn": 0, "bbi": "2/38", "bta": 10, "bwa": 51.5, "fw": 0, "bbad": -41.5}, {"tt": "3rd match in series", "sp": "2019-2020", "mt": 5, "pr": "match_number=3", "rn": 14, "wk": 4, "ct": 0, "st": 0, "hs": "14", "hn": 0, "bbi": "2/40", "bta": 7, "bwa": 27, "fw": 0, "bbad": -20}, {"tt": "4th match in series", "sp": "2020-2020", "mt": 1, "pr": "match_number=4", "rn": 0, "wk": 1, "ct": 0, "st": 0, "hs": "0*", "hn": 0, "bbi": "1/39", "bta": null, "bwa": 39, "fw": 0, "bbad": null}, {"tt": "5th match in series", "sp": "2019-2020", "mt": 2, "pr": "match_number=5", "rn": 0, "wk": 2, "ct": 2, "st": 0, "hs": "0", "hn": 0, "bbi": "2/25", "bta": 0, "bwa": 22.5, "fw": 0, "bbad": -22.5}]}]}}