{"summary": {"recordClassId": 3, "type": "BATTING", "groups": [{"type": "CAREER_AVERAGES", "stats": [{"tt": "overview", "sp": "2019-2020", "mt": 16, "in": 8, "pr": null, "rn": 79, "fo": 5, "si": 7, "ft": 0, "hn": 0, "bf": 37, "dk": 2, "no": 4, "hs": "35*", "bta": 19.75, "btsr": 213.51}]}, {"type": "OPPOSITION_TEAM", "stats": [{"tt": "vs England", "sp": "2019-2019", "mt": 2, "in": null, "pr": "opposition=1", "rn": null, "fo": null, "si": null, "ft": null, "hn": null, "bf": null, "dk": null, "no": null, "hs": null, "bta": null, "btsr": null}, {"tt": "vs India", "sp": "2019-2020", "mt": 6, "in": 4, "pr": "opposition=6", "rn": 22, "fo": 3, "si": 1, "ft": 0, "hn": 0, "bf": 10, "dk": 1, "no": 3, "hs": "20*", "bta": 22, "btsr": 220}, {"tt": "vs Pakistan", "sp": "2020-2020", "mt": 3, "in": 1, "pr": "opposition=7", "rn": 14, "fo": 1, "si": 1, "ft": 0, "hn": 0, "bf": 6, "dk": 0, "no": 0, "hs": "14", "bta": 14, "btsr": 233.33}, {"tt": "vs Sri Lanka", "sp": "2019-2019", "mt": 4, "in": 3, "pr": "opposition=8", "rn": 43, "fo": 1, "si": 5, "ft": 0, "hn": 0, "bf": 21, "dk": 1, "no": 1, "hs": "35*", "bta": 21.5, "btsr": 204.76}, {"tt": "vs West Indies", "sp": "2020-2020", "mt": 1, "in": null, "pr": "opposition=4", "rn": null, "fo": null, "si": null, "ft": null, "hn": null, "bf": null, "dk": null, "no": null, "hs": null, "bta": null, "btsr": null}]}, {"type": "HOST_COUNTRY", "stats": [{"tt": "in New Zealand", "sp": "2019-2020", "mt": 13, "in": 6, "pr": "host=5", "rn": 71, "fo": 5, "si": 6, "ft": 0, "hn": 0, "bf": 31, "dk": 1, "no": 4, "hs": "35*", "bta": 35.5, "btsr": 229.03}, {"tt": "in Sri Lanka", "sp": "2019-2019", "mt": 3, "in": 2, "pr": "host=8", "rn": 8, "fo": 0, "si": 1, "ft": 0, "hn": 0, "bf": 6, "dk": 1, "no": 0, "hs": "8", "bta": 4, "btsr": 133.33}]}, {"type": "CONTINENT", "stats": [{"tt": "in Asia", "sp": "2019-2019", "mt": 3, "in": 2, "pr": "continent=2", "rn": 8, "fo": 0, "si": 1, "ft": 0, "hn": 0, "bf": 6, "dk": 1, "no": 0, "hs": "8", "bta": 4, "btsr": 133.33}, {"tt": "in Oceania", "sp": "2019-2020", "mt": 13, "in": 6, "pr": "continent=5", "rn": 71, "fo": 5, "si": 6, "ft": 0, "hn": 0, "bf": 31, "dk": 1, "no": 4, "hs": "35*", "bta": 35.5, "btsr": 229.03}]}, {"type": "HOME_OR_AWAY", "stats": [{"tt": "home", "sp": "2019-2020", "mt": 13, "in": 6, "pr": "home_or_away=1", "rn": 71, "fo": 5, "si": 6, "ft": 0, "hn": 0, "bf": 31, "dk": 1, "no": 4, "hs": "35*", "bta": 35.5, "btsr": 229.03}, {"tt": "away", "sp": "2019-2019", "mt": 3, "in": 2, "pr": "home_or_away=2", "rn": 8, "fo": 0, "si": 1, "ft": 0, "hn": 0, "bf": 6, "dk": 1, "no": 0, "hs": "8", "bta": 4, "btsr": 133.33}]}, {"type": "YEAR", "stats": [{"tt": "year 2019", "sp": null, "mt": 9, "in": 5, "pr": "year=2019", "rn": 65, "fo": 4, "si": 6, "ft": 0, "hn": 0, "bf": 30, "dk": 1, "no": 3, "hs": "35*", "bta": 32.5, "btsr": 216.66}, {"tt": "year 2020", "sp": null, "mt": 7, "in": 3, "pr": "year=2020", "rn": 14, "fo": 1, "si": 1, "ft": 0, "hn": 0, "bf": 7, "dk": 1, "no": 1, "hs": "14", "bta": 7, "btsr": 200}]}, {"type": "SEASON", "stats": [{"tt": "season 2018/19", "sp": null, "mt": 4, "in": 3, "pr": "season=NaN", "rn": 57, "fo": 4, "si": 5, "ft": 0, "hn": 0, "bf": 24, "dk": 0, "no": 3, "hs": "35*", "bta": null, "btsr": 237.5}, {"tt": "season 2019", "sp": null, "mt": 3, "in": 2, "pr": "season=2019", "rn": 8, "fo": 0, "si": 1, "ft": 0, "hn": 0, "bf": 6, "dk": 1, "no": 0, "hs": "8", "bta": 4, "btsr": 133.33}, {"tt": "season 2019/20", "sp": null, "mt": 5, "in": 2, "pr": "season=NaN", "rn": 0, "fo": 0, "si": 0, "ft": 0, "hn": 0, "bf": 1, "dk": 1, "no": 1, "hs": "0*", "bta": 0, "btsr": 0}, {"tt": "season 2020/21", "sp": null, "mt": 4, "in": 1, "pr": "season=NaN", "rn": 14, "fo": 1, "si": 1, "ft": 0, "hn": 0, "bf": 6, "dk": 0, "no": 0, "hs": "14", "bta": 14, "btsr": 233.33}]}, {"type": "CAPTAINS_INVOLVED", "stats": [{"tt": "*MJ Santner", "sp": "2020-2020", "mt": 2, "in": null, "pr": "captain_involve=64864", "rn": null, "fo": null, "si": null, "ft": null, "hn": null, "bf": null, "dk": null, "no": null, "hs": null, "bta": null, "btsr": null}, {"tt": "*TG Southee", "sp": "2019-2020", "mt": 8, "in": 5, "pr": "captain_involve=49108", "rn": 43, "fo": 1, "si": 5, "ft": 0, "hn": 0, "bf": 22, "dk": 2, "no": 2, "hs": "35*", "bta": 14.33, "btsr": 195.45}, {"tt": "*KS Williamson", "sp": "2019-2020", "mt": 6, "in": 3, "pr": "captain_involve=51088", "rn": 36, "fo": 4, "si": 2, "ft": 0, "hn": 0, "bf": 15, "dk": 0, "no": 2, "hs": "20*", "bta": 36, "btsr": 240}]}, {"type": "CAPTAIN", "stats": [{"tt": "is not captain", "sp": "2019-2020", "mt": 16, "in": 8, "pr": "captain=0", "rn": 79, "fo": 5, "si": 7, "ft": 0, "hn": 0, "bf": 37, "dk": 2, "no": 4, "hs": "35*", "bta": 19.75, "btsr": 213.51}]}, {"type": "KEEPER", "stats": [{"tt": "is not keeper", "sp": "2019-2020", "mt": 16, "in": 8, "pr": "keeper=0", "rn": 79, "fo": 5, "si": 7, "ft": 0, "hn": 0, "bf": 37, "dk": 2, "no": 4, "hs": "35*", "bta": 19.75, "btsr": 213.51}]}, {"type": "TOSS", "stats": [{"tt": "won the toss", "sp": "2019-2020", "mt": 4, "in": 2, "pr": "toss=1", "rn": 2, "fo": 0, "si": 0, "ft": 0, "hn": 0, "bf": 2, "dk": 0, "no": 2, "hs": "2*", "bta": null, "btsr": 100}, {"tt": "lost the toss", "sp": "2019-2020", "mt": 12, "in": 6, "pr": "toss=2", "rn": 77, "fo": 5, "si": 7, "ft": 0, "hn": 0, "bf": 35, "dk": 2, "no": 2, "hs": "35*", "bta": 19.25, "btsr": 220}]}, {"type": "BATTING_FIELDING_SEQUENCE_AND_TOSS", "stats": [{"tt": "won toss &amp; batted", "sp": "2019-2019", "mt": 1, "in": 1, "pr": "batting_fielding_first=1;toss=1", "rn": 2, "fo": 0, "si": 0, "ft": 0, "hn": 0, "bf": 2, "dk": 0, "no": 1, "hs": "2*", "bta": null, "btsr": 100}, {"tt": "won toss &amp; fielded", "sp": "2020-2020", "mt": 3, "in": 1, "pr": "batting_fielding_first=2;toss=1", "rn": 0, "fo": 0, "si": 0, "ft": 0, "hn": 0, "bf": 0, "dk": 0, "no": 1, "hs": "0*", "bta": null, "btsr": null}, {"tt": "lost toss &amp; sent in", "sp": "2019-2020", "mt": 6, "in": 3, "pr": "batting_fielding_first=1;toss=2", "rn": 69, "fo": 5, "si": 6, "ft": 0, "hn": 0, "bf": 28, "dk": 0, "no": 2, "hs": "35*", "bta": 69, "btsr": 246.42}, {"tt": "lost toss &amp; fielded", "sp": "2019-2020", "mt": 6, "in": 3, "pr": "batting_fielding_first=2;toss=2", "rn": 8, "fo": 0, "si": 1, "ft": 0, "hn": 0, "bf": 7, "dk": 2, "no": 0, "hs": "8", "bta": 2.66, "btsr": 114.28}]}, {"type": "BATTING_FIELDING_SEQUENCE", "stats": [{"tt": "matches batting first", "sp": "2019-2020", "mt": 7, "in": 4, "pr": "batting_fielding_first=1", "rn": 71, "fo": 5, "si": 6, "ft": 0, "hn": 0, "bf": 30, "dk": 0, "no": 3, "hs": "35*", "bta": 71, "btsr": 236.66}, {"tt": "matches fielding first", "sp": "2019-2020", "mt": 9, "in": 4, "pr": "batting_fielding_first=2", "rn": 8, "fo": 0, "si": 1, "ft": 0, "hn": 0, "bf": 7, "dk": 2, "no": 1, "hs": "8", "bta": 2.66, "btsr": 114.28}]}, {"type": "TEAM_INNINGS", "stats": [{"tt": "1st team innings", "sp": "2019-2020", "mt": 15, "in": 8, "pr": null, "rn": 79, "fo": 5, "si": 7, "ft": 0, "hn": 0, "bf": 37, "dk": 2, "no": 4, "hs": "35*", "bta": 19.75, "btsr": 213.51}]}, {"type": "MATCH_INNINGS", "stats": [{"tt": "1st match innings", "sp": "2019-2020", "mt": 7, "in": 4, "pr": "innings_number=1", "rn": 71, "fo": 5, "si": 6, "ft": 0, "hn": 0, "bf": 30, "dk": 0, "no": 3, "hs": "35*", "bta": 71, "btsr": 236.66}, {"tt": "2nd match innings", "sp": "2019-2020", "mt": 8, "in": 4, "pr": "innings_number=2", "rn": 8, "fo": 0, "si": 1, "ft": 0, "hn": 0, "bf": 7, "dk": 2, "no": 1, "hs": "8", "bta": 2.66, "btsr": 114.28}]}, {"type": "FLOODLIT", "stats": [{"tt": "day match", "sp": "2019-2019", "mt": 2, "in": null, "pr": "floodlit=1", "rn": null, "fo": null, "si": null, "ft": null, "hn": null, "bf": null, "dk": null, "no": null, "hs": null, "bta": null, "btsr": null}, {"tt": "night match", "sp": "2019-2020", "mt": 14, "in": 8, "pr": "floodlit=3", "rn": 79, "fo": 5, "si": 7, "ft": 0, "hn": 0, "bf": 37, "dk": 2, "no": 4, "hs": "35*", "bta": 19.75, "btsr": 213.51}]}, {"type": "RESULT", "stats": [{"tt": "won match", "sp": "2019-2020", "mt": 7, "in": 3, "pr": "result=1", "rn": 63, "fo": 4, "si": 6, "ft": 0, "hn": 0, "bf": 27, "dk": 0, "no": 2, "hs": "35*", "bta": 63, "btsr": 233.33}, {"tt": "lost match", "sp": "2019-2020", "mt": 5, "in": 4, "pr": "result=2", "rn": 16, "fo": 1, "si": 1, "ft": 0, "hn": 0, "bf": 10, "dk": 2, "no": 1, "hs": "14", "bta": 5.33, "btsr": 160}, {"tt": "tied match", "sp": "2019-2020", "mt": 3, "in": 1, "pr": "result=3", "rn": 0, "fo": 0, "si": 0, "ft": 0, "hn": 0, "bf": 0, "dk": 0, "no": 1, "hs": "0*", "bta": null, "btsr": null}, {"tt": "no result", "sp": "2020-2020", "mt": 1, "in": null, "pr": "result=5", "rn": null, "fo": null, "si": null, "ft": null, "hn": null, "bf": null, "dk": null, "no": null, "hs": null, "bta": null, "btsr": null}]}, {"type": "BATTING_FIELDING_SEQUENCE_AND_RESULT", "stats": [{"tt": "won batting first", "sp": "2019-2019", "mt": 3, "in": 2, "pr": "batting_fielding_first=1;result=1", "rn": 55, "fo": 4, "si": 5, "ft": 0, "hn": 0, "bf": 22, "dk": 0, "no": 2, "hs": "35*", "bta": null, "btsr": 250}, {"tt": "won fielding first", "sp": "2019-2020", "mt": 4, "in": 1, "pr": "batting_fielding_first=2;result=1", "rn": 8, "fo": 0, "si": 1, "ft": 0, "hn": 0, "bf": 5, "dk": 0, "no": 0, "hs": "8", "bta": 8, "btsr": 160}, {"tt": "lost batting first", "sp": "2019-2020", "mt": 3, "in": 2, "pr": "batting_fielding_first=1;result=2", "rn": 16, "fo": 1, "si": 1, "ft": 0, "hn": 0, "bf": 8, "dk": 0, "no": 1, "hs": "14", "bta": 16, "btsr": 200}, {"tt": "lost fielding first", "sp": "2019-2020", "mt": 2, "in": 2, "pr": "batting_fielding_first=2;result=2", "rn": 0, "fo": 0, "si": 0, "ft": 0, "hn": 0, "bf": 2, "dk": 2, "no": 0, "hs": "0", "bta": 0, "btsr": 0}, {"tt": "tied batting first", "sp": "2019-2019", "mt": 1, "in": null, "pr": "batting_fielding_first=1;result=3", "rn": null, "fo": null, "si": null, "ft": null, "hn": null, "bf": null, "dk": null, "no": null, "hs": null, "bta": null, "btsr": null}, {"tt": "tied fielding first", "sp": "2020-2020", "mt": 2, "in": 1, "pr": "batting_fielding_first=2;result=3", "rn": 0, "fo": 0, "si": 0, "ft": 0, "hn": 0, "bf": 0, "dk": 0, "no": 1, "hs": "0*", "bta": null, "btsr": null}, {"tt": "no result fielding first", "sp": "2020-2020", "mt": 1, "in": null, "pr": "batting_fielding_first=2;result=5", "rn": null, "fo": null, "si": null, "ft": null, "hn": null, "bf": null, "dk": null, "no": null, "hs": null, "bta": null, "btsr": null}]}, {"type": "TOURNAMENT_TYPE", "stats": [{"tt": "2 team series", "sp": "2019-2020", "mt": 16, "in": 8, "pr": "tournament_type=2", "rn": 79, "fo": 5, "si": 7, "ft": 0, "hn": 0, "bf": 37, "dk": 2, "no": 4, "hs": "35*", "bta": 19.75, "btsr": 213.51}]}, {"type": "MATCH_NUMBER", "stats": [{"tt": "only match in series", "sp": "2019-2019", "mt": 1, "in": 1, "pr": "match_number=0", "rn": 35, "fo": 1, "si": 4, "ft": 0, "hn": 0, "bf": 15, "dk": 0, "no": 1, "hs": "35*", "bta": null, "btsr": 233.33}, {"tt": "1st match in series", "sp": "2019-2020", "mt": 4, "in": 1, "pr": "match_number=1", "rn": 20, "fo": 3, "si": 1, "ft": 0, "hn": 0, "bf": 7, "dk": 0, "no": 1, "hs": "20*", "bta": null, "btsr": 285.71}, {"tt": "2nd match in series", "sp": "2019-2020", "mt": 3, "in": 2, "pr": "match_number=2", "rn": 10, "fo": 0, "si": 1, "ft": 0, "hn": 0, "bf": 7, "dk": 0, "no": 1, "hs": "8", "bta": 10, "btsr": 142.85}, {"tt": "3rd match in series", "sp": "2019-2020", "mt": 5, "in": 2, "pr": "match_number=3", "rn": 14, "fo": 1, "si": 1, "ft": 0, "hn": 0, "bf": 7, "dk": 1, "no": 0, "hs": "14", "bta": 7, "btsr": 200}, {"tt": "4th match in series", "sp": "2020-2020", "mt": 1, "in": 1, "pr": "match_number=4", "rn": 0, "fo": 0, "si": 0, "ft": 0, "hn": 0, "bf": 0, "dk": 0, "no": 1, "hs": "0*", "bta": null, "btsr": null}, {"tt": "5th match in series", "sp": "2019-2020", "mt": 2, "in": 1, "pr": "match_number=5", "rn": 0, "fo": 0, "si": 0, "ft": 0, "hn": 0, "bf": 1, "dk": 1, "no": 0, "hs": "0", "bta": 0, "btsr": 0}]}, {"type": "BATTING_POSITION", "stats": [{"tt": "3rd position", "sp": "2019-2019", "mt": 1, "in": 1, "pr": "batting_positionval1=batting_position;batting_positionmin1=3;batting_positionmax1=3", "rn": 8, "fo": 0, "si": 1, "ft": 0, "hn": 0, "bf": 5, "dk": 0, "no": 0, "hs": "8", "bta": 8, "btsr": 160}, {"tt": "7th position", "sp": "2020-2020", "mt": 1, "in": 1, "pr": "batting_positionval1=batting_position;batting_positionmin1=7;batting_positionmax1=7", "rn": 14, "fo": 1, "si": 1, "ft": 0, "hn": 0, "bf": 6, "dk": 0, "no": 0, "hs": "14", "bta": 14, "btsr": 233.33}, {"tt": "8th position", "sp": "2019-2020", "mt": 6, "in": 6, "pr": "batting_positionval1=batting_position;batting_positionmin1=8;batting_positionmax1=8", "rn": 57, "fo": 4, "si": 5, "ft": 0, "hn": 0, "bf": 26, "dk": 2, "no": 4, "hs": "35*", "bta": 28.5, "btsr": 219.23}]}]}}