{"summary": {"recordClassId": 3, "type": "BOWLING", "groups": [{"type": "CAREER_AVERAGES", "stats": [{"bl": null, "tt": "overview", "sp": "2019-2020", "mt": 16, "in": 15, "pr": null, "ov": 47.5, "cd": 434, "md": 0, "wk": 13, "fwk": 0, "fw": 0, "tw": 0, "bbi": "3/27", "bbm": "3/27", "bwa": 33.38, "bwe": 9.07, "bwsr": 22}]}, {"type": "OPPOSITION_TEAM", "stats": [{"bl": null, "tt": "vs England", "sp": "2019-2019", "mt": 2, "in": 2, "pr": "opposition=1", "ov": 4, "cd": 55, "md": 0, "wk": 0, "fwk": 0, "fw": 0, "tw": 0, "bbi": null, "bbm": null, "bwa": null, "bwe": 13.75, "bwsr": null}, {"bl": null, "tt": "vs India", "sp": "2019-2020", "mt": 6, "in": 6, "pr": "opposition=6", "ov": 19.5, "cd": 177, "md": 0, "wk": 4, "fwk": 0, "fw": 0, "tw": 0, "bbi": "2/25", "bbm": "2/25", "bwa": 44.25, "bwe": 8.92, "bwsr": 29.7}, {"bl": null, "tt": "vs Pakistan", "sp": "2020-2020", "mt": 3, "in": 3, "pr": "opposition=7", "ov": 11, "cd": 100, "md": 0, "wk": 5, "fwk": 0, "fw": 0, "tw": 0, "bbi": "3/27", "bbm": "3/27", "bwa": 20, "bwe": 9.09, "bwsr": 13.2}, {"bl": null, "tt": "vs Sri Lanka", "sp": "2019-2019", "mt": 4, "in": 4, "pr": "opposition=8", "ov": 13, "cd": 102, "md": 0, "wk": 4, "fwk": 0, "fw": 0, "tw": 0, "bbi": "2/38", "bbm": "2/38", "bwa": 25.5, "bwe": 7.84, "bwsr": 19.5}, {"bl": null, "tt": "vs West Indies", "sp": "2020-2020", "mt": 1, "in": null, "pr": "opposition=4", "ov": null, "cd": null, "md": null, "wk": null, "fwk": null, "fw": null, "tw": null, "bbi": null, "bbm": null, "bwa": null, "bwe": null, "bwsr": null}]}, {"type": "HOST_COUNTRY", "stats": [{"bl": null, "tt": "in New Zealand", "sp": "2019-2020", "mt": 13, "in": 12, "pr": "host=5", "ov": 37.5, "cd": 358, "md": 0, "wk": 10, "fwk": 0, "fw": 0, "tw": 0, "bbi": "3/27", "bbm": "3/27", "bwa": 35.8, "bwe": 9.46, "bwsr": 22.7}, {"bl": null, "tt": "in Sri Lanka", "sp": "2019-2019", "mt": 3, "in": 3, "pr": "host=8", "ov": 10, "cd": 76, "md": 0, "wk": 3, "fwk": 0, "fw": 0, "tw": 0, "bbi": "2/38", "bbm": "2/38", "bwa": 25.33, "bwe": 7.6, "bwsr": 20}]}, {"type": "CONTINENT", "stats": [{"bl": null, "tt": "in Asia", "sp": "2019-2019", "mt": 3, "in": 3, "pr": "continent=2", "ov": 10, "cd": 76, "md": 0, "wk": 3, "fwk": 0, "fw": 0, "tw": 0, "bbi": "2/38", "bbm": "2/38", "bwa": 25.33, "bwe": 7.6, "bwsr": 20}, {"bl": null, "tt": "in Oceania", "sp": "2019-2020", "mt": 13, "in": 12, "pr": "continent=5", "ov": 37.5, "cd": 358, "md": 0, "wk": 10, "fwk": 0, "fw": 0, "tw": 0, "bbi": "3/27", "bbm": "3/27", "bwa": 35.8, "bwe": 9.46, "bwsr": 22.7}]}, {"type": "HOME_OR_AWAY", "stats": [{"bl": null, "tt": "home", "sp": "2019-2020", "mt": 13, "in": 12, "pr": "home_or_away=1", "ov": 37.5, "cd": 358, "md": 0, "wk": 10, "fwk": 0, "fw": 0, "tw": 0, "bbi": "3/27", "bbm": "3/27", "bwa": 35.8, "bwe": 9.46, "bwsr": 22.7}, {"bl": null, "tt": "away", "sp": "2019-2019", "mt": 3, "in": 3, "pr": "home_or_away=2", "ov": 10, "cd": 76, "md": 0, "wk": 3, "fwk": 0, "fw": 0, "tw": 0, "bbi": "2/38", "bbm": "2/38", "bwa": 25.33, "bwe": 7.6, "bwsr": 20}]}, {"type": "YEAR", "stats": [{"bl": null, "tt": "year 2019", "sp": null, "mt": 9, "in": 9, "pr": "year=2019", "ov": 26.5, "cd": 260, "md": 0, "wk": 5, "fwk": 0, "fw": 0, "tw": 0, "bbi": "2/38", "bbm": "2/38", "bwa": 52, "bwe": 9.68, "bwsr": 32.2}, {"bl": null, "tt": "year 2020", "sp": null, "mt": 7, "in": 6, "pr": "year=2020", "ov": 21, "cd": 174, "md": 0, "wk": 8, "fwk": 0, "fw": 0, "tw": 0, "bbi": "3/27", "bbm": "3/27", "bwa": 21.75, "bwe": 8.28, "bwsr": 15.7}]}, {"type": "SEASON", "stats": [{"bl": null, "tt": "season 2018/19", "sp": null, "mt": 4, "in": 4, "pr": "season=2018/19", "ov": 12.5, "cd": 129, "md": 0, "wk": 2, "fwk": 0, "fw": 0, "tw": 0, "bbi": "1/26", "bbm": "1/26", "bwa": 64.5, "bwe": 10.05, "bwsr": 38.5}, {"bl": null, "tt": "season 2019", "sp": null, "mt": 3, "in": 3, "pr": "season=2019", "ov": 10, "cd": 76, "md": 0, "wk": 3, "fwk": 0, "fw": 0, "tw": 0, "bbi": "2/38", "bbm": "2/38", "bwa": 25.33, "bwe": 7.6, "bwsr": 20}, {"bl": null, "tt": "season 2019/20", "sp": null, "mt": 5, "in": 5, "pr": "season=2019/20", "ov": 14, "cd": 129, "md": 0, "wk": 3, "fwk": 0, "fw": 0, "tw": 0, "bbi": "2/25", "bbm": "2/25", "bwa": 43, "bwe": 9.21, "bwsr": 28}, {"bl": null, "tt": "season 2020/21", "sp": null, "mt": 4, "in": 3, "pr": "season=2020/21", "ov": 11, "cd": 100, "md": 0, "wk": 5, "fwk": 0, "fw": 0, "tw": 0, "bbi": "3/27", "bbm": "3/27", "bwa": 20, "bwe": 9.09, "bwsr": 13.2}]}, {"type": "CAPTAINS_INVOLVED", "stats": [{"bl": null, "tt": "*MJ Santner", "sp": "2020-2020", "mt": 2, "in": 1, "pr": "captain_involve=64864", "ov": 4, "cd": 27, "md": 0, "wk": 3, "fwk": 0, "fw": 0, "tw": 0, "bbi": "3/27", "bbm": "3/27", "bwa": 9, "bwe": 6.75, "bwsr": 8}, {"bl": null, "tt": "*TG Southee", "sp": "2019-2020", "mt": 8, "in": 8, "pr": "captain_involve=49108", "ov": 25, "cd": 221, "md": 0, "wk": 7, "fwk": 0, "fw": 0, "tw": 0, "bbi": "2/25", "bbm": "2/25", "bwa": 31.57, "bwe": 8.84, "bwsr": 21.4}, {"bl": null, "tt": "*KS Williamson", "sp": "2019-2020", "mt": 6, "in": 6, "pr": "captain_involve=51088", "ov": 18.5, "cd": 186, "md": 0, "wk": 3, "fwk": 0, "fw": 0, "tw": 0, "bbi": "2/40", "bbm": "2/40", "bwa": 62, "bwe": 9.87, "bwsr": 37.6}]}, {"type": "CAPTAIN", "stats": [{"bl": null, "tt": "is not captain", "sp": "2019-2020", "mt": 16, "in": 15, "pr": "captain=0", "ov": 47.5, "cd": 434, "md": 0, "wk": 13, "fwk": 0, "fw": 0, "tw": 0, "bbi": "3/27", "bbm": "3/27", "bwa": 33.38, "bwe": 9.07, "bwsr": 22}]}, {"type": "KEEPER", "stats": [{"bl": null, "tt": "is not keeper", "sp": "2019-2020", "mt": 16, "in": 15, "pr": "keeper=0", "ov": 47.5, "cd": 434, "md": 0, "wk": 13, "fwk": 0, "fw": 0, "tw": 0, "bbi": "3/27", "bbm": "3/27", "bwa": 33.38, "bwe": 9.07, "bwsr": 22}]}, {"type": "TOSS", "stats": [{"bl": null, "tt": "won the toss", "sp": "2019-2020", "mt": 4, "in": 3, "pr": "toss=1", "ov": 9.5, "cd": 81, "md": 0, "wk": 1, "fwk": 0, "fw": 0, "tw": 0, "bbi": "1/39", "bbm": "1/39", "bwa": 81, "bwe": 8.23, "bwsr": 59}, {"bl": null, "tt": "lost the toss", "sp": "2019-2020", "mt": 12, "in": 12, "pr": "toss=2", "ov": 38, "cd": 353, "md": 0, "wk": 12, "fwk": 0, "fw": 0, "tw": 0, "bbi": "3/27", "bbm": "3/27", "bwa": 29.41, "bwe": 9.28, "bwsr": 19}]}, {"type": "BATTING_FIELDING_SEQUENCE_AND_TOSS", "stats": [{"bl": null, "tt": "won toss &amp; batted", "sp": "2019-2019", "mt": 1, "in": 1, "pr": "batting_fielding_first=1;toss=1", "ov": 3.5, "cd": 32, "md": 0, "wk": 0, "fwk": 0, "fw": 0, "tw": 0, "bbi": null, "bbm": null, "bwa": null, "bwe": 8.34, "bwsr": null}, {"bl": null, "tt": "won toss &amp; fielded", "sp": "2020-2020", "mt": 3, "in": 2, "pr": "batting_fielding_first=2;toss=1", "ov": 6, "cd": 49, "md": 0, "wk": 1, "fwk": 0, "fw": 0, "tw": 0, "bbi": "1/39", "bbm": "1/39", "bwa": 49, "bwe": 8.16, "bwsr": 36}, {"bl": null, "tt": "lost toss &amp; sent in", "sp": "2019-2020", "mt": 6, "in": 6, "pr": "batting_fielding_first=1;toss=2", "ov": 17, "cd": 192, "md": 0, "wk": 4, "fwk": 0, "fw": 0, "tw": 0, "bbi": "2/40", "bbm": "2/40", "bwa": 48, "bwe": 11.29, "bwsr": 25.5}, {"bl": null, "tt": "lost toss &amp; fielded", "sp": "2019-2020", "mt": 6, "in": 6, "pr": "batting_fielding_first=2;toss=2", "ov": 21, "cd": 161, "md": 0, "wk": 8, "fwk": 0, "fw": 0, "tw": 0, "bbi": "3/27", "bbm": "3/27", "bwa": 20.12, "bwe": 7.66, "bwsr": 15.7}]}, {"type": "BATTING_FIELDING_SEQUENCE", "stats": [{"bl": null, "tt": "matches batting first", "sp": "2019-2020", "mt": 7, "in": 7, "pr": "batting_fielding_first=1", "ov": 20.5, "cd": 224, "md": 0, "wk": 4, "fwk": 0, "fw": 0, "tw": 0, "bbi": "2/40", "bbm": "2/40", "bwa": 56, "bwe": 10.75, "bwsr": 31.2}, {"bl": null, "tt": "matches fielding first", "sp": "2019-2020", "mt": 9, "in": 8, "pr": "batting_fielding_first=2", "ov": 27, "cd": 210, "md": 0, "wk": 9, "fwk": 0, "fw": 0, "tw": 0, "bbi": "3/27", "bbm": "3/27", "bwa": 23.33, "bwe": 7.77, "bwsr": 18}]}, {"type": "TEAM_INNINGS", "stats": [{"bl": null, "tt": "1st team innings", "sp": "2019-2020", "mt": 16, "in": 15, "pr": "innings_number=2;innings_number=1", "ov": 47.5, "cd": 434, "md": 0, "wk": 13, "fwk": 0, "fw": 0, "tw": 0, "bbi": "3/27", "bbm": "3/27", "bwa": 33.38, "bwe": 9.07, "bwsr": 22}]}, {"type": "MATCH_INNINGS", "stats": [{"bl": null, "tt": "1st match innings", "sp": "2019-2020", "mt": 9, "in": 8, "pr": "innings_number=1", "ov": 27, "cd": 210, "md": 0, "wk": 9, "fwk": 0, "fw": 0, "tw": 0, "bbi": "3/27", "bbm": "3/27", "bwa": 23.33, "bwe": 7.77, "bwsr": 18}, {"bl": null, "tt": "2nd match innings", "sp": "2019-2020", "mt": 7, "in": 7, "pr": "innings_number=2", "ov": 20.5, "cd": 224, "md": 0, "wk": 4, "fwk": 0, "fw": 0, "tw": 0, "bbi": "2/40", "bbm": "2/40", "bwa": 56, "bwe": 10.75, "bwsr": 31.2}]}, {"type": "FLOODLIT", "stats": [{"bl": null, "tt": "day match", "sp": "2019-2019", "mt": 2, "in": 2, "pr": "floodlit=1", "ov": 4, "cd": 55, "md": 0, "wk": 0, "fwk": 0, "fw": 0, "tw": 0, "bbi": null, "bbm": null, "bwa": null, "bwe": 13.75, "bwsr": null}, {"bl": null, "tt": "night match", "sp": "2019-2020", "mt": 14, "in": 13, "pr": "floodlit=3", "ov": 43.5, "cd": 379, "md": 0, "wk": 13, "fwk": 0, "fw": 0, "tw": 0, "bbi": "3/27", "bbm": "3/27", "bwa": 29.15, "bwe": 8.64, "bwsr": 20.2}]}, {"type": "RESULT", "stats": [{"bl": null, "tt": "won match", "sp": "2019-2020", "mt": 7, "in": 7, "pr": "result=1", "ov": 22, "cd": 212, "md": 0, "wk": 7, "fwk": 0, "fw": 0, "tw": 0, "bbi": "3/27", "bbm": "3/27", "bwa": 30.28, "bwe": 9.63, "bwsr": 18.8}, {"bl": null, "tt": "lost match", "sp": "2019-2020", "mt": 5, "in": 5, "pr": "result=2", "ov": 18.5, "cd": 153, "md": 0, "wk": 5, "fwk": 0, "fw": 0, "tw": 0, "bbi": "2/25", "bbm": "2/25", "bwa": 30.6, "bwe": 8.12, "bwsr": 22.6}, {"bl": null, "tt": "tied match", "sp": "2019-2020", "mt": 3, "in": 3, "pr": "result=3", "ov": 7, "cd": 69, "md": 0, "wk": 1, "fwk": 0, "fw": 0, "tw": 0, "bbi": "1/39", "bbm": "1/39", "bwa": 69, "bwe": 9.85, "bwsr": 42}, {"bl": null, "tt": "no result", "sp": "2020-2020", "mt": 1, "in": null, "pr": "result=5", "ov": null, "cd": null, "md": null, "wk": null, "fwk": null, "fw": null, "tw": null, "bbi": null, "bbm": null, "bwa": null, "bwe": null, "bwsr": null}]}, {"type": "BATTING_FIELDING_SEQUENCE_AND_RESULT", "stats": [{"bl": null, "tt": "won batting first", "sp": "2019-2019", "mt": 3, "in": 3, "pr": "batting_fielding_first=1;result=1", "ov": 9, "cd": 97, "md": 0, "wk": 2, "fwk": 0, "fw": 0, "tw": 0, "bbi": "1/26", "bbm": "1/26", "bwa": 48.5, "bwe": 10.77, "bwsr": 27}, {"bl": null, "tt": "won fielding first", "sp": "2019-2020", "mt": 4, "in": 4, "pr": "batting_fielding_first=2;result=1", "ov": 13, "cd": 115, "md": 0, "wk": 5, "fwk": 0, "fw": 0, "tw": 0, "bbi": "3/27", "bbm": "3/27", "bwa": 23, "bwe": 8.84, "bwsr": 15.6}, {"bl": null, "tt": "lost batting first", "sp": "2019-2020", "mt": 3, "in": 3, "pr": "batting_fielding_first=1;result=2", "ov": 10.5, "cd": 107, "md": 0, "wk": 2, "fwk": 0, "fw": 0, "tw": 0, "bbi": "2/40", "bbm": "2/40", "bwa": 53.5, "bwe": 9.87, "bwsr": 32.5}, {"bl": null, "tt": "lost fielding first", "sp": "2019-2020", "mt": 2, "in": 2, "pr": "batting_fielding_first=2;result=2", "ov": 8, "cd": 46, "md": 0, "wk": 3, "fwk": 0, "fw": 0, "tw": 0, "bbi": "2/25", "bbm": "2/25", "bwa": 15.33, "bwe": 5.75, "bwsr": 16}, {"bl": null, "tt": "tied batting first", "sp": "2019-2019", "mt": 1, "in": 1, "pr": "batting_fielding_first=1;result=3", "ov": 1, "cd": 20, "md": 0, "wk": 0, "fwk": 0, "fw": 0, "tw": 0, "bbi": null, "bbm": null, "bwa": null, "bwe": 20, "bwsr": null}, {"bl": null, "tt": "tied fielding first", "sp": "2020-2020", "mt": 2, "in": 2, "pr": "batting_fielding_first=2;result=3", "ov": 6, "cd": 49, "md": 0, "wk": 1, "fwk": 0, "fw": 0, "tw": 0, "bbi": "1/39", "bbm": "1/39", "bwa": 49, "bwe": 8.16, "bwsr": 36}, {"bl": null, "tt": "no result fielding first", "sp": "2020-2020", "mt": 1, "in": null, "pr": "batting_fielding_first=2;result=5", "ov": null, "cd": null, "md": null, "wk": null, "fwk": null, "fw": null, "tw": null, "bbi": null, "bbm": null, "bwa": null, "bwe": null, "bwsr": null}]}, {"type": "TOURNAMENT_TYPE", "stats": [{"bl": null, "tt": "2 team series", "sp": "2019-2020", "mt": 16, "in": 15, "pr": "tournament_type=2", "ov": 47.5, "cd": 434, "md": 0, "wk": 13, "fwk": 0, "fw": 0, "tw": 0, "bbi": "3/27", "bbm": "3/27", "bwa": 33.38, "bwe": 9.07, "bwsr": 22}]}, {"type": "MATCH_NUMBER", "stats": [{"bl": null, "tt": "only match in series", "sp": "2019-2019", "mt": 1, "in": 1, "pr": "match_number=0", "ov": 3, "cd": 26, "md": 0, "wk": 1, "fwk": 0, "fw": 0, "tw": 0, "bbi": "1/26", "bbm": "1/26", "bwa": 26, "bwe": 8.66, "bwsr": 18}, {"bl": null, "tt": "1st match in series", "sp": "2019-2020", "mt": 4, "in": 4, "pr": "match_number=1", "ov": 11, "cd": 113, "md": 0, "wk": 3, "fwk": 0, "fw": 0, "tw": 0, "bbi": "3/27", "bbm": "3/27", "bwa": 37.66, "bwe": 10.27, "bwsr": 22}, {"bl": null, "tt": "2nd match in series", "sp": "2019-2020", "mt": 3, "in": 3, "pr": "match_number=2", "ov": 10.5, "cd": 103, "md": 0, "wk": 2, "fwk": 0, "fw": 0, "tw": 0, "bbi": "2/38", "bbm": "2/38", "bwa": 51.5, "bwe": 9.5, "bwsr": 32.5}, {"bl": null, "tt": "3rd match in series", "sp": "2019-2020", "mt": 5, "in": 4, "pr": "match_number=3", "ov": 14, "cd": 108, "md": 0, "wk": 4, "fwk": 0, "fw": 0, "tw": 0, "bbi": "2/40", "bbm": "2/40", "bwa": 27, "bwe": 7.71, "bwsr": 21}, {"bl": null, "tt": "4th match in series", "sp": "2020-2020", "mt": 1, "in": 1, "pr": "match_number=4", "ov": 4, "cd": 39, "md": 0, "wk": 1, "fwk": 0, "fw": 0, "tw": 0, "bbi": "1/39", "bbm": "1/39", "bwa": 39, "bwe": 9.75, "bwsr": 24}, {"bl": null, "tt": "5th match in series", "sp": "2019-2020", "mt": 2, "in": 2, "pr": "match_number=5", "ov": 5, "cd": 45, "md": 0, "wk": 2, "fwk": 0, "fw": 0, "tw": 0, "bbi": "2/25", "bbm": "2/25", "bwa": 22.5, "bwe": 9, "bwsr": 15}]}, {"type": "BOWLING_POSITION", "stats": [{"bl": null, "tt": "2nd position", "sp": "2019-2020", "mt": 4, "in": 4, "pr": "bowling_positionval1=bowling_position;bowling_positionmin1=2;bowling_positionmax1=2", "ov": 13.5, "cd": 130, "md": 0, "wk": 3, "fwk": 0, "fw": 0, "tw": 0, "bbi": "2/25", "bbm": "2/25", "bwa": 43.33, "bwe": 9.39, "bwsr": 27.6}, {"bl": null, "tt": "3rd position", "sp": "2019-2020", "mt": 7, "in": 7, "pr": "bowling_positionval1=bowling_position;bowling_positionmin1=3;bowling_positionmax1=3", "ov": 22, "cd": 190, "md": 0, "wk": 7, "fwk": 0, "fw": 0, "tw": 0, "bbi": "3/27", "bbm": "3/27", "bwa": 27.14, "bwe": 8.63, "bwsr": 18.8}, {"bl": null, "tt": "4th position", "sp": "2019-2020", "mt": 4, "in": 4, "pr": "bowling_positionval1=bowling_position;bowling_positionmin1=4;bowling_positionmax1=4", "ov": 12, "cd": 114, "md": 0, "wk": 3, "fwk": 0, "fw": 0, "tw": 0, "bbi": "2/40", "bbm": "2/40", "bwa": 38, "bwe": 9.5, "bwsr": 24}]}]}}