{"summary": {"recordClassId": 2, "type": "ALLROUND", "groups": [{"type": "CAREER_AVERAGES", "stats": [{"tt": "overview", "sp": "2021-2021", "mt": 3, "pr": null, "rn": 225, "wk": null, "ct": 3, "st": 0, "hs": "126", "hn": 1, "bbi": null, "bta": 75, "bwa": null, "fw": null, "bbad": null}]}, {"type": "OPPOSITION_TEAM", "stats": [{"tt": "v Bangladesh", "sp": "2021-2021", "mt": 3, "pr": "opposition=25", "rn": 225, "wk": null, "ct": 3, "st": 0, "hs": "126", "hn": 1, "bbi": null, "bta": 75, "bwa": null, "fw": null, "bbad": null}]}, {"type": "HOST_COUNTRY", "stats": [{"tt": "in New Zealand", "sp": "2021-2021", "mt": 3, "pr": "host=5", "rn": 225, "wk": null, "ct": 3, "st": 0, "hs": "126", "hn": 1, "bbi": null, "bta": 75, "bwa": null, "fw": null, "bbad": null}]}, {"type": "CONTINENT", "stats": [{"tt": "in Oceania", "sp": "2021-2021", "mt": 3, "pr": "continent=5", "rn": 225, "wk": null, "ct": 3, "st": 0, "hs": "126", "hn": 1, "bbi": null, "bta": 75, "bwa": null, "fw": null, "bbad": null}]}, {"type": "HOME_OR_AWAY", "stats": [{"tt": "home", "sp": "2021-2021", "mt": 3, "pr": "home_or_away=1", "rn": 225, "wk": null, "ct": 3, "st": 0, "hs": "126", "hn": 1, "bbi": null, "bta": 75, "bwa": null, "fw": null, "bbad": null}]}, {"type": "YEAR", "stats": [{"tt": "year 2021", "sp": null, "mt": 3, "pr": "year=2021", "rn": 225, "wk": null, "ct": 3, "st": 0, "hs": "126", "hn": 1, "bbi": null, "bta": 75, "bwa": null, "fw": null, "bbad": null}]}, {"type": "SEASON", "stats": [{"tt": "season 2020/21", "sp": null, "mt": 3, "pr": "season=2020/21", "rn": 225, "wk": null, "ct": 3, "st": 0, "hs": "126", "hn": 1, "bbi": null, "bta": 75, "bwa": null, "fw": null, "bbad": null}]}, {"type": "CAPTAINS_INVOLVED", "stats": [{"tt": "*TWM Latham", "sp": "2021-2021", "mt": 3, "pr": "captain_involve=59148", "rn": 225, "wk": null, "ct": 3, "st": 0, "hs": "126", "hn": 1, "bbi": null, "bta": 75, "bwa": null, "fw": null, "bbad": null}]}, {"type": "CAPTAIN", "stats": [{"tt": "is not captain", "sp": "2021-2021", "mt": 3, "pr": "captain=0", "rn": 225, "wk": null, "ct": 3, "st": 0, "hs": "126", "hn": 1, "bbi": null, "bta": 75, "bwa": null, "fw": null, "bbad": null}]}, {"type": "KEEPER", "stats": [{"tt": "is not keeper", "sp": "2021-2021", "mt": 3, "pr": "keeper=0", "rn": 225, "wk": null, "ct": 3, "st": 0, "hs": "126", "hn": 1, "bbi": null, "bta": 75, "bwa": null, "fw": null, "bbad": null}]}, {"type": "TOSS", "stats": [{"tt": "won the toss", "sp": "2021-2021", "mt": 3, "pr": "toss=1", "rn": 225, "wk": null, "ct": 3, "st": 0, "hs": "126", "hn": 1, "bbi": null, "bta": 75, "bwa": null, "fw": null, "bbad": null}]}, {"type": "BATTING_FIELDING_SEQUENCE_AND_TOSS", "stats": [{"tt": "won toss &amp; batted", "sp": "2021-2021", "mt": 1, "pr": "batting_fielding_first=1;toss=1", "rn": 126, "wk": null, "ct": 2, "st": 0, "hs": "126", "hn": 1, "bbi": null, "bta": 126, "bwa": null, "fw": null, "bbad": null}, {"tt": "won toss &amp; fielded", "sp": "2021-2021", "mt": 2, "pr": "batting_fielding_first=2;toss=1", "rn": 99, "wk": null, "ct": 1, "st": 0, "hs": "72", "hn": 0, "bbi": null, "bta": 49.5, "bwa": null, "fw": null, "bbad": null}]}, {"type": "BATTING_FIELDING_SEQUENCE", "stats": [{"tt": "matches batting first", "sp": "2021-2021", "mt": 1, "pr": "batting_fielding_first=1", "rn": 126, "wk": null, "ct": 2, "st": 0, "hs": "126", "hn": 1, "bbi": null, "bta": 126, "bwa": null, "fw": null, "bbad": null}, {"tt": "matches fielding first", "sp": "2021-2021", "mt": 2, "pr": "batting_fielding_first=2", "rn": 99, "wk": null, "ct": 1, "st": 0, "hs": "72", "hn": 0, "bbi": null, "bta": 49.5, "bwa": null, "fw": null, "bbad": null}]}, {"type": "TEAM_INNINGS", "stats": [{"tt": "1st team innings", "sp": "2021-2021", "mt": 3, "pr": "innings_number=1;innings_number=2", "rn": 225, "wk": null, "ct": 3, "st": 0, "hs": "126", "hn": 1, "bbi": null, "bta": 75, "bwa": null, "fw": null, "bbad": null}]}, {"type": "MATCH_INNINGS", "stats": [{"tt": "1st match innings", "sp": "2021-2021", "mt": 3, "pr": "innings_number=1", "rn": 126, "wk": null, "ct": 1, "st": 0, "hs": "126", "hn": 1, "bbi": null, "bta": 126, "bwa": null, "fw": null, "bbad": null}, {"tt": "2nd match innings", "sp": "2021-2021", "mt": 3, "pr": "innings_number=2", "rn": 99, "wk": null, "ct": 2, "st": 0, "hs": "72", "hn": 0, "bbi": null, "bta": 49.5, "bwa": null, "fw": null, "bbad": null}]}, {"type": "FLOODLIT", "stats": [{"tt": "day match", "sp": "2021-2021", "mt": 2, "pr": "floodlit=1", "rn": 153, "wk": null, "ct": 3, "st": 0, "hs": "126", "hn": 1, "bbi": null, "bta": 76.5, "bwa": null, "fw": null, "bbad": null}, {"tt": "day/night match", "sp": "2021-2021", "mt": 1, "pr": "floodlit=2", "rn": 72, "wk": null, "ct": 0, "st": 0, "hs": "72", "hn": 0, "bbi": null, "bta": 72, "bwa": null, "fw": null, "bbad": null}]}, {"type": "RESULT", "stats": [{"tt": "won match", "sp": "2021-2021", "mt": 3, "pr": "result=1", "rn": 225, "wk": null, "ct": 3, "st": 0, "hs": "126", "hn": 1, "bbi": null, "bta": 75, "bwa": null, "fw": null, "bbad": null}]}, {"type": "BATTING_FIELDING_SEQUENCE_AND_RESULT", "stats": [{"tt": "won batting first", "sp": "2021-2021", "mt": 1, "pr": "batting_fielding_first=1;result=1", "rn": 126, "wk": null, "ct": 2, "st": 0, "hs": "126", "hn": 1, "bbi": null, "bta": 126, "bwa": null, "fw": null, "bbad": null}, {"tt": "won fielding first", "sp": "2021-2021", "mt": 2, "pr": "batting_fielding_first=2;result=1", "rn": 99, "wk": null, "ct": 1, "st": 0, "hs": "72", "hn": 0, "bbi": null, "bta": 49.5, "bwa": null, "fw": null, "bbad": null}]}, {"type": "TOURNAMENT_TYPE", "stats": [{"tt": "2 team series", "sp": "2021-2021", "mt": 3, "pr": "tournament_type=2", "rn": 225, "wk": null, "ct": 3, "st": 0, "hs": "126", "hn": 1, "bbi": null, "bta": 75, "bwa": null, "fw": null, "bbad": null}, {"tt": "5+ team tournaments", "sp": "2021-2021", "mt": 3, "pr": "tournament_type=5", "rn": 225, "wk": null, "ct": 3, "st": 0, "hs": "126", "hn": 1, "bbi": null, "bta": 75, "bwa": null, "fw": null, "bbad": null}]}, {"type": "MATCH_NUMBER", "stats": [{"tt": "1st match in series", "sp": "2021-2021", "mt": 1, "pr": "match_number=1", "rn": 27, "wk": null, "ct": 1, "st": 0, "hs": "27", "hn": 0, "bbi": null, "bta": 27, "bwa": null, "fw": null, "bbad": null}, {"tt": "2nd match in series", "sp": "2021-2021", "mt": 1, "pr": "match_number=2", "rn": 72, "wk": null, "ct": 0, "st": 0, "hs": "72", "hn": 0, "bbi": null, "bta": 72, "bwa": null, "fw": null, "bbad": null}, {"tt": "3rd match in series", "sp": "2021-2021", "mt": 1, "pr": "match_number=3", "rn": 126, "wk": null, "ct": 2, "st": 0, "hs": "126", "hn": 1, "bbi": null, "bta": 126, "bwa": null, "fw": null, "bbad": null}]}]}}