{"summary": {"recordClassId": 3, "type": "ALLROUND", "groups": [{"type": "CAREER_AVERAGES", "stats": [{"tt": "overview", "sp": "2020-2021", "mt": 14, "pr": null, "rn": 473, "wk": null, "ct": 6, "st": 1, "hs": "99*", "hn": 0, "bbi": null, "bta": 59.12, "bwa": null, "fw": null, "bbad": null}]}, {"type": "OPPOSITION_TEAM", "stats": [{"tt": "v Australia", "sp": "2021-2021", "mt": 5, "pr": "opposition=2", "rn": 192, "wk": null, "ct": 4, "st": 0, "hs": "99*", "hn": 0, "bbi": null, "bta": 48, "bwa": null, "fw": null, "bbad": null}, {"tt": "v Bangladesh", "sp": "2021-2021", "mt": 3, "pr": "opposition=25", "rn": 107, "wk": null, "ct": 1, "st": 1, "hs": "92*", "hn": 0, "bbi": null, "bta": 107, "bwa": null, "fw": null, "bbad": null}, {"tt": "v Pakistan", "sp": "2020-2020", "mt": 3, "pr": "opposition=7", "rn": 68, "wk": null, "ct": 1, "st": 0, "hs": "63", "hn": 0, "bbi": null, "bta": 34, "bwa": null, "fw": null, "bbad": null}, {"tt": "v West Indies", "sp": "2020-2020", "mt": 3, "pr": "opposition=4", "rn": 106, "wk": null, "ct": 0, "st": 0, "hs": "65*", "hn": 0, "bbi": null, "bta": 106, "bwa": null, "fw": null, "bbad": null}]}, {"type": "HOST_COUNTRY", "stats": [{"tt": "in New Zealand", "sp": "2020-2021", "mt": 14, "pr": "host=5", "rn": 473, "wk": null, "ct": 6, "st": 1, "hs": "99*", "hn": 0, "bbi": null, "bta": 59.12, "bwa": null, "fw": null, "bbad": null}]}, {"type": "CONTINENT", "stats": [{"tt": "in Oceania", "sp": "2020-2021", "mt": 14, "pr": "continent=5", "rn": 473, "wk": null, "ct": 6, "st": 1, "hs": "99*", "hn": 0, "bbi": null, "bta": 59.12, "bwa": null, "fw": null, "bbad": null}]}, {"type": "HOME_OR_AWAY", "stats": [{"tt": "home", "sp": "2020-2021", "mt": 14, "pr": "home_or_away=1", "rn": 473, "wk": null, "ct": 6, "st": 1, "hs": "99*", "hn": 0, "bbi": null, "bta": 59.12, "bwa": null, "fw": null, "bbad": null}]}, {"type": "YEAR", "stats": [{"tt": "year 2020", "sp": null, "mt": 6, "pr": "year=2020", "rn": 174, "wk": null, "ct": 1, "st": 0, "hs": "65*", "hn": 0, "bbi": null, "bta": 58, "bwa": null, "fw": null, "bbad": null}, {"tt": "year 2021", "sp": null, "mt": 8, "pr": "year=2021", "rn": 299, "wk": null, "ct": 5, "st": 1, "hs": "99*", "hn": 0, "bbi": null, "bta": 59.8, "bwa": null, "fw": null, "bbad": null}]}, {"type": "SEASON", "stats": [{"tt": "season 2020/21", "sp": null, "mt": 14, "pr": "season=2020/21", "rn": 473, "wk": null, "ct": 6, "st": 1, "hs": "99*", "hn": 0, "bbi": null, "bta": 59.12, "bwa": null, "fw": null, "bbad": null}]}, {"type": "CAPTAINS_INVOLVED", "stats": [{"tt": "*MJ Santner", "sp": "2020-2020", "mt": 2, "pr": "captain_involve=64864", "rn": 5, "wk": null, "ct": 0, "st": 0, "hs": "5", "hn": 0, "bbi": null, "bta": 5, "bwa": null, "fw": null, "bbad": null}, {"tt": "*TG Southee", "sp": "2020-2021", "mt": 5, "pr": "captain_involve=49108", "rn": 213, "wk": null, "ct": 1, "st": 1, "hs": "92*", "hn": 0, "bbi": null, "bta": 106.5, "bwa": null, "fw": null, "bbad": null}, {"tt": "*KS Williamson", "sp": "2020-2021", "mt": 7, "pr": "captain_involve=51088", "rn": 255, "wk": null, "ct": 5, "st": 0, "hs": "99*", "hn": 0, "bbi": null, "bta": 51, "bwa": null, "fw": null, "bbad": null}]}, {"type": "CAPTAIN", "stats": [{"tt": "is not captain", "sp": "2020-2021", "mt": 14, "pr": "captain=0", "rn": 473, "wk": null, "ct": 6, "st": 1, "hs": "99*", "hn": 0, "bbi": null, "bta": 59.12, "bwa": null, "fw": null, "bbad": null}]}, {"type": "KEEPER", "stats": [{"tt": "is designated keeper", "sp": "2021-2021", "mt": 3, "pr": "keeper=1", "rn": 107, "wk": null, "ct": 1, "st": 1, "hs": "92*", "hn": 0, "bbi": null, "bta": 107, "bwa": null, "fw": null, "bbad": null}, {"tt": "is not keeper", "sp": "2020-2021", "mt": 11, "pr": "keeper=0", "rn": 366, "wk": null, "ct": 5, "st": 0, "hs": "99*", "hn": 0, "bbi": null, "bta": 52.28, "bwa": null, "fw": null, "bbad": null}]}, {"type": "TOSS", "stats": [{"tt": "won the toss", "sp": "2020-2021", "mt": 4, "pr": "toss=1", "rn": 171, "wk": null, "ct": 0, "st": 0, "hs": "92*", "hn": 0, "bbi": null, "bta": 85.5, "bwa": null, "fw": null, "bbad": null}, {"tt": "lost the toss", "sp": "2020-2021", "mt": 10, "pr": "toss=2", "rn": 302, "wk": null, "ct": 6, "st": 1, "hs": "99*", "hn": 0, "bbi": null, "bta": 50.33, "bwa": null, "fw": null, "bbad": null}]}, {"type": "BATTING_FIELDING_SEQUENCE_AND_TOSS", "stats": [{"tt": "won toss &amp; batted", "sp": "2021-2021", "mt": 1, "pr": "batting_fielding_first=1;toss=1", "rn": 92, "wk": null, "ct": 0, "st": 0, "hs": "92*", "hn": 0, "bbi": null, "bta": null, "bwa": null, "fw": null, "bbad": null}, {"tt": "won toss &amp; fielded", "sp": "2020-2021", "mt": 3, "pr": "batting_fielding_first=2;toss=1", "rn": 79, "wk": null, "ct": 0, "st": 0, "hs": "41", "hn": 0, "bbi": null, "bta": 39.5, "bwa": null, "fw": null, "bbad": null}, {"tt": "lost toss &amp; sent in", "sp": "2020-2021", "mt": 6, "pr": "batting_fielding_first=1;toss=2", "rn": 244, "wk": null, "ct": 6, "st": 1, "hs": "99*", "hn": 0, "bbi": null, "bta": 81.33, "bwa": null, "fw": null, "bbad": null}, {"tt": "lost toss &amp; fielded", "sp": "2020-2021", "mt": 4, "pr": "batting_fielding_first=2;toss=2", "rn": 58, "wk": null, "ct": 0, "st": 0, "hs": "36", "hn": 0, "bbi": null, "bta": 19.33, "bwa": null, "fw": null, "bbad": null}]}, {"type": "BATTING_FIELDING_SEQUENCE", "stats": [{"tt": "matches batting first", "sp": "2020-2021", "mt": 7, "pr": "batting_fielding_first=1", "rn": 336, "wk": null, "ct": 6, "st": 1, "hs": "99*", "hn": 0, "bbi": null, "bta": 112, "bwa": null, "fw": null, "bbad": null}, {"tt": "matches fielding first", "sp": "2020-2021", "mt": 7, "pr": "batting_fielding_first=2", "rn": 137, "wk": null, "ct": 0, "st": 0, "hs": "41", "hn": 0, "bbi": null, "bta": 27.4, "bwa": null, "fw": null, "bbad": null}]}, {"type": "TEAM_INNINGS", "stats": [{"tt": "1st team innings", "sp": "2020-2021", "mt": 14, "pr": "innings_number=1;innings_number=2", "rn": 473, "wk": null, "ct": 6, "st": 1, "hs": "99*", "hn": 0, "bbi": null, "bta": 59.12, "bwa": null, "fw": null, "bbad": null}]}, {"type": "MATCH_INNINGS", "stats": [{"tt": "1st match innings", "sp": "2020-2021", "mt": 14, "pr": "innings_number=1", "rn": 336, "wk": null, "ct": 0, "st": 0, "hs": "99*", "hn": 0, "bbi": null, "bta": 112, "bwa": null, "fw": null, "bbad": null}, {"tt": "2nd match innings", "sp": "2020-2021", "mt": 13, "pr": "innings_number=2", "rn": 137, "wk": null, "ct": 6, "st": 1, "hs": "41", "hn": 0, "bbi": null, "bta": 27.4, "bwa": null, "fw": null, "bbad": null}]}, {"type": "FLOODLIT", "stats": [{"tt": "day match", "sp": "2020-2021", "mt": 4, "pr": "floodlit=1", "rn": 195, "wk": null, "ct": 2, "st": 0, "hs": "92*", "hn": 0, "bbi": null, "bta": 97.5, "bwa": null, "fw": null, "bbad": null}, {"tt": "night match", "sp": "2020-2021", "mt": 10, "pr": "floodlit=3", "rn": 278, "wk": null, "ct": 4, "st": 1, "hs": "99*", "hn": 0, "bbi": null, "bta": 46.33, "bwa": null, "fw": null, "bbad": null}]}, {"type": "RESULT", "stats": [{"tt": "won match", "sp": "2020-2021", "mt": 10, "pr": "result=1", "rn": 355, "wk": null, "ct": 5, "st": 1, "hs": "99*", "hn": 0, "bbi": null, "bta": 71, "bwa": null, "fw": null, "bbad": null}, {"tt": "lost match", "sp": "2020-2021", "mt": 3, "pr": "result=2", "rn": 118, "wk": null, "ct": 1, "st": 0, "hs": "63", "hn": 0, "bbi": null, "bta": 39.33, "bwa": null, "fw": null, "bbad": null}, {"tt": "no result", "sp": "2020-2020", "mt": 1, "pr": "result=5", "rn": null, "wk": null, "ct": 0, "st": 0, "hs": null, "hn": null, "bbi": null, "bta": null, "bwa": null, "fw": null, "bbad": null}]}, {"type": "BATTING_FIELDING_SEQUENCE_AND_RESULT", "stats": [{"tt": "won batting first", "sp": "2020-2021", "mt": 6, "pr": "batting_fielding_first=1;result=1", "rn": 273, "wk": null, "ct": 5, "st": 1, "hs": "99*", "hn": 0, "bbi": null, "bta": 136.5, "bwa": null, "fw": null, "bbad": null}, {"tt": "won fielding first", "sp": "2020-2021", "mt": 4, "pr": "batting_fielding_first=2;result=1", "rn": 82, "wk": null, "ct": 0, "st": 0, "hs": "41", "hn": 0, "bbi": null, "bta": 27.33, "bwa": null, "fw": null, "bbad": null}, {"tt": "lost batting first", "sp": "2020-2020", "mt": 1, "pr": "batting_fielding_first=1;result=2", "rn": 63, "wk": null, "ct": 1, "st": 0, "hs": "63", "hn": 0, "bbi": null, "bta": 63, "bwa": null, "fw": null, "bbad": null}, {"tt": "lost fielding first", "sp": "2021-2021", "mt": 2, "pr": "batting_fielding_first=2;result=2", "rn": 55, "wk": null, "ct": 0, "st": 0, "hs": "38", "hn": 0, "bbi": null, "bta": 27.5, "bwa": null, "fw": null, "bbad": null}, {"tt": "no result fielding first", "sp": "2020-2020", "mt": 1, "pr": "batting_fielding_first=2;result=5", "rn": null, "wk": null, "ct": 0, "st": 0, "hs": null, "hn": null, "bbi": null, "bta": null, "bwa": null, "fw": null, "bbad": null}]}, {"type": "TOURNAMENT_TYPE", "stats": [{"tt": "2 team series", "sp": "2020-2021", "mt": 14, "pr": "tournament_type=2", "rn": 473, "wk": null, "ct": 6, "st": 1, "hs": "99*", "hn": 0, "bbi": null, "bta": 59.12, "bwa": null, "fw": null, "bbad": null}]}, {"type": "MATCH_NUMBER", "stats": [{"tt": "1st match in series", "sp": "2020-2021", "mt": 4, "pr": "match_number=1", "rn": 237, "wk": null, "ct": 2, "st": 0, "hs": "99*", "hn": 0, "bbi": null, "bta": 118.5, "bwa": null, "fw": null, "bbad": null}, {"tt": "2nd match in series", "sp": "2020-2021", "mt": 4, "pr": "match_number=2", "rn": 82, "wk": null, "ct": 3, "st": 0, "hs": "65*", "hn": 0, "bbi": null, "bta": 41, "bwa": null, "fw": null, "bbad": null}, {"tt": "3rd match in series", "sp": "2020-2021", "mt": 4, "pr": "match_number=3", "rn": 101, "wk": null, "ct": 1, "st": 1, "hs": "63", "hn": 0, "bbi": null, "bta": 50.5, "bwa": null, "fw": null, "bbad": null}, {"tt": "4th match in series", "sp": "2021-2021", "mt": 1, "pr": "match_number=4", "rn": 17, "wk": null, "ct": 0, "st": 0, "hs": "17", "hn": 0, "bbi": null, "bta": 17, "bwa": null, "fw": null, "bbad": null}, {"tt": "5th match in series", "sp": "2021-2021", "mt": 1, "pr": "match_number=5", "rn": 36, "wk": null, "ct": 0, "st": 0, "hs": "36", "hn": 0, "bbi": null, "bta": 36, "bwa": null, "fw": null, "bbad": null}]}]}}