{"player": {"id": 58403, "objectId": 379140, "name": "DP Conway", "longName": "Devon Conway", "mobileName": "Conway", "indexName": "Conway, DP", "battingName": "DP Conway", "fieldingName": "Conway", "slug": "devon-conway", "gender": "M", "playingRole": "top-order batter", "battingStyles": ["lhb"], "bowlingStyles": ["rm"], "longBattingStyles": ["left-hand bat"], "longBowlingStyles": ["right-arm medium"], "image": {"id": 318588, "objectId": 1256973, "slug": "conway-portrait", "url": "/db/PICTURES/CMS/318500/318588.1.jpg", "width": 160, "height": 200, "caption": "Conway portrait", "longCaption": null, "credit": "NZC", "photographer": null, "peerUrls": null}, "countryTeamId": 5, "playingRoleType": "P", "playingRoles": ["top-order batter"], "dateOfBirth": {"year": 1991, "month": 7, "date": 8}, "dateOfDeath": null, "fullName": "Devon Philip Conway", "nickNames": "", "alsoKnownAs": "", "height": 0, "heightUnit": null, "education": "", "country": {"id": 5, "objectId": 5, "name": "New Zealand", "shortName": "New Zealand", "image": {"id": 313127, "objectId": 1241586, "slug": "new-zealand-logo", "url": "/db/PICTURES/CMS/313100/313127.logo.png", "width": 500, "height": 500, "caption": "New Zealand logo", "longCaption": "New Zealand logo", "credit": null, "photographer": null, "peerUrls": null}}, "altCountryTeamId": 3, "placeOfBirth": "Johannesburg, Transvaal", "dobText": null, "dodText": null, "placeOfDeath": "", "intlCareerSpan": "2020 - 2021", "headshotImage": {"id": 321214, "objectId": 1262782, "slug": "devon-conway-player-page-headshot-cutout-2021", "url": "/db/PICTURES/CMS/321200/321214.png", "width": 600, "height": 436, "caption": "Devon Conway player page headshot cutout, 2021", "longCaption": "Devon Conway player page headshot cutout, 2021", "credit": "", "photographer": null, "peerUrls": {"FILM": null, "WIDE": null, "SQUARE": "/db/PICTURES/CMS/321200/321214.square.png"}}, "backgroundImage": {"id": 323964, "objectId": 1268241, "slug": "devon-conway-top-scored-for-somerset", "url": "/db/PICTURES/CMS/323900/323964.jpg", "width": 1400, "height": 1000, "caption": "Devon Conway top-scored for Somerset", "longCaption": "Devon Conway top-scored for Somerset, Vitality T20 Blast, Essex vs Somerset, Chelmsford, June 29, 2021", "credit": "Getty Images", "photographer": null, "peerUrls": {"FILM": "/db/PICTURES/CMS/323900/323964.14.jpg", "WIDE": "/db/PICTURES/CMS/323900/323964.6.jpg", "SQUARE": "/db/PICTURES/CMS/323900/323964.10.jpg"}}, "externalLinks": [], "fieldingStyles": ["occasional wicketkeeper"], "otherStyles": [], "matchPlayerTypes": [1], "hasRecords": true, "hasStats": true, "hasMatches": true, "totalStories": 66, "totalVideos": 5, "totalImages": 62}, "teams": [{"team": {"id": 5, "objectId": 5, "scribeId": 5, "slug": "new-zealand", "name": "New Zealand", "longName": "New Zealand", "abbreviation": "NZ", "isCountry": true, "primaryColor": "#000000", "image": {"id": 313127, "objectId": 1241586, "slug": "new-zealand-logo", "url": "/db/PICTURES/CMS/313100/313127.logo.png", "width": 500, "height": 500, "caption": "New Zealand logo", "longCaption": "New Zealand logo", "credit": null, "photographer": null, "peerUrls": null}}, "current": false}, {"team": {"id": 3250, "objectId": 3199, "scribeId": 3199, "slug": "dolphins", "name": "Dolphins", "longName": "Dolphins", "abbreviation": "DOLPH", "isCountry": false, "primaryColor": null, "image": {"id": 313343, "objectId": 1241802, "slug": "dolphins-logo", "url": "/db/PICTURES/CMS/313300/313343.logo.png", "width": 500, "height": 500, "caption": "Dolphins logo", "longCaption": "Dolphins logo", "credit": null, "photographer": null, "peerUrls": null}}, "current": false}, {"team": {"id": 3282, "objectId": 3231, "scribeId": 3231, "slug": "gauteng-transvaal", "name": "Gauteng", "longName": "Gauteng", "abbreviation": "GTG", "isCountry": false, "primaryColor": null, "image": {"id": 317323, "objectId": 1253318, "slug": "central-gauteng-lions-team-logo", "url": "/db/PICTURES/CMS/317300/317323.png", "width": 500, "height": 500, "caption": "Central Gauteng Lions team logo", "longCaption": "Central Gauteng Lions team logo", "credit": "Unknown", "photographer": null, "peerUrls": null}}, "current": false}, {"team": {"id": 3288, "objectId": 3237, "scribeId": 3237, "slug": "gauteng-under-19s", "name": "GTG U-19s", "longName": "Gauteng Under-19s", "abbreviation": "Gtg19", "isCountry": false, "primaryColor": null, "image": null}, "current": false}, {"team": {"id": 4162, "objectId": 256900, "scribeId": 256900, "slug": "kwazulu-natal-inland", "name": "KZN-Inland", "longName": "KwaZulu-Natal Inland", "abbreviation": "KZNIN", "isCountry": false, "primaryColor": null, "image": {"id": 317317, "objectId": 1253307, "slug": "kzn-inland-team-logo", "url": "/db/PICTURES/CMS/317300/317317.png", "width": 500, "height": 500, "caption": "kzn inland team logo", "longCaption": "kzn inland team logo", "credit": "Unknown", "photographer": null, "peerUrls": null}}, "current": false}, {"team": {"id": 3300, "objectId": 3249, "scribeId": 3249, "slug": "lions", "name": "LIONS", "longName": "Lions", "abbreviation": "LIONS", "isCountry": false, "primaryColor": null, "image": {"id": 313345, "objectId": 1241804, "slug": "lions-logo", "url": "/db/PICTURES/CMS/313300/313345.logo.png", "width": 500, "height": 500, "caption": "Lions logo", "longCaption": "Lions logo", "credit": null, "photographer": null, "peerUrls": null}}, "current": false}, {"team": {"id": 1384, "objectId": 1333, "scribeId": 1333, "slug": "somerset", "name": "Somerset", "longName": "Somerset", "abbreviation": "SOM", "isCountry": false, "primaryColor": null, "image": {"id": 313276, "objectId": 1241735, "slug": "somerset-logo", "url": "/db/PICTURES/CMS/313200/313276.logo.png", "width": 500, "height": 500, "caption": "Somerset logo", "longCaption": "Somerset logo", "credit": null, "photographer": null, "peerUrls": null}}, "current": false}, {"team": {"id": 1385, "objectId": 1334, "scribeId": 1334, "slug": "somerset-2nd-xi", "name": "Smrst 2nd XI", "longName": "Somerset 2nd XI", "abbreviation": "So2XI", "isCountry": false, "primaryColor": null, "image": {"id": 163841, "objectId": 657773, "slug": "somerset", "url": "/db/PICTURES/CMS/163800/163841.jpg", "width": 120, "height": 80, "caption": "Somerset", "longCaption": "Somerset", "credit": "ESPNcricinfo Ltd", "photographer": null, "peerUrls": null}}, "current": false}, {"team": {"id": 6675, "objectId": 1204495, "scribeId": 1204495, "slug": "southern-brave-men", "name": "Brave", "longName": "Southern Brave (Men)", "abbreviation": "SB-M", "isCountry": false, "primaryColor": null, "image": {"id": 317112, "objectId": 1252748, "slug": "southern-brave-team-logo", "url": "/db/PICTURES/CMS/317100/317112.png", "width": 500, "height": 500, "caption": "Southern Brave team logo", "longCaption": "Southern Brave team logo", "credit": "Unknown", "photographer": null, "peerUrls": null}}, "current": false}, {"team": {"id": 2651, "objectId": 2600, "scribeId": 2600, "slug": "wellington", "name": "Wellington", "longName": "Wellington", "abbreviation": "WELL", "isCountry": false, "primaryColor": null, "image": {"id": 313338, "objectId": 1241797, "slug": "wellington-logo", "url": "/db/PICTURES/CMS/313300/313338.logo.png", "width": 500, "height": 500, "caption": "Wellington logo", "longCaption": "Wellington logo", "credit": null, "photographer": null, "peerUrls": null}}, "current": false}]}