{"summary": {"recordClassId": 3, "type": "BATTING", "groups": [{"type": "CAREER_AVERAGES", "stats": [{"tt": "overview", "sp": null, "mt": 14, "in": 11, "pr": null, "rn": 473, "fo": 49, "si": 14, "ft": 4, "hn": 0, "bf": 313, "dk": 0, "no": 3, "hs": "99*", "bta": 59.12, "btsr": 151.11}]}, {"type": "OPPOSITION_TEAM", "stats": [{"tt": "vs Australia", "sp": null, "mt": 5, "in": 5, "pr": "opposition=2", "rn": 192, "fo": 19, "si": 5, "ft": 1, "hn": 0, "bf": 137, "dk": 0, "no": 1, "hs": "99*", "bta": 48, "btsr": 140.14}, {"tt": "vs Bangladesh", "sp": null, "mt": 3, "in": 2, "pr": "opposition=25", "rn": 107, "fo": 13, "si": 3, "ft": 1, "hn": 0, "bf": 61, "dk": 0, "no": 1, "hs": "92*", "bta": 107, "btsr": 175.4}, {"tt": "vs Pakistan", "sp": null, "mt": 3, "in": 2, "pr": "opposition=7", "rn": 68, "fo": 8, "si": 1, "ft": 1, "hn": 0, "bf": 49, "dk": 0, "no": 0, "hs": "63", "bta": 34, "btsr": 138.77}, {"tt": "vs West Indies", "sp": null, "mt": 3, "in": 2, "pr": "opposition=4", "rn": 106, "fo": 9, "si": 5, "ft": 1, "hn": 0, "bf": 66, "dk": 0, "no": 1, "hs": "65*", "bta": 106, "btsr": 160.6}]}, {"type": "HOST_COUNTRY", "stats": [{"tt": "in New Zealand", "sp": null, "mt": 14, "in": 11, "pr": "host=5", "rn": 473, "fo": 49, "si": 14, "ft": 4, "hn": 0, "bf": 313, "dk": 0, "no": 3, "hs": "99*", "bta": 59.12, "btsr": 151.11}]}, {"type": "CONTINENT", "stats": [{"tt": "in Oceania", "sp": null, "mt": 14, "in": 11, "pr": "continent=5", "rn": 473, "fo": 49, "si": 14, "ft": 4, "hn": 0, "bf": 313, "dk": 0, "no": 3, "hs": "99*", "bta": 59.12, "btsr": 151.11}]}, {"type": "HOME_OR_AWAY", "stats": [{"tt": "home", "sp": null, "mt": 14, "in": 11, "pr": "home_or_away=1", "rn": 473, "fo": 49, "si": 14, "ft": 4, "hn": 0, "bf": 313, "dk": 0, "no": 3, "hs": "99*", "bta": 59.12, "btsr": 151.11}]}, {"type": "YEAR", "stats": [{"tt": "year 2020", "sp": null, "mt": 6, "in": 4, "pr": "year=2020", "rn": 174, "fo": 17, "si": 6, "ft": 2, "hn": 0, "bf": 115, "dk": 0, "no": 1, "hs": "65*", "bta": 58, "btsr": 151.3}, {"tt": "year 2021", "sp": null, "mt": 8, "in": 7, "pr": "year=2021", "rn": 299, "fo": 32, "si": 8, "ft": 2, "hn": 0, "bf": 198, "dk": 0, "no": 2, "hs": "99*", "bta": 59.8, "btsr": 151.01}]}, {"type": "SEASON", "stats": [{"tt": "season 2020/21", "sp": null, "mt": 14, "in": 11, "pr": "season=NaN", "rn": 473, "fo": 49, "si": 14, "ft": 4, "hn": 0, "bf": 313, "dk": 0, "no": 3, "hs": "99*", "bta": 59.12, "btsr": 151.11}]}, {"type": "CAPTAINS_INVOLVED", "stats": [{"tt": "*MJ Santner", "sp": null, "mt": 2, "in": 1, "pr": "captain_involve=64864", "rn": 5, "fo": 1, "si": 0, "ft": 0, "hn": 0, "bf": 4, "dk": 0, "no": 0, "hs": "5", "bta": 5, "btsr": 125}, {"tt": "*TG Southee", "sp": null, "mt": 5, "in": 4, "pr": "captain_involve=49108", "rn": 213, "fo": 22, "si": 8, "ft": 2, "hn": 0, "bf": 127, "dk": 0, "no": 2, "hs": "92*", "bta": 106.5, "btsr": 167.71}, {"tt": "*KS Williamson", "sp": null, "mt": 7, "in": 6, "pr": "captain_involve=51088", "rn": 255, "fo": 26, "si": 6, "ft": 2, "hn": 0, "bf": 182, "dk": 0, "no": 1, "hs": "99*", "bta": 51, "btsr": 140.1}]}, {"type": "CAPTAIN", "stats": [{"tt": "is not captain", "sp": null, "mt": 14, "in": 11, "pr": "captain=0", "rn": 473, "fo": 49, "si": 14, "ft": 4, "hn": 0, "bf": 313, "dk": 0, "no": 3, "hs": "99*", "bta": 59.12, "btsr": 151.11}]}, {"type": "KEEPER", "stats": [{"tt": "is designated keeper", "sp": null, "mt": 3, "in": 2, "pr": "keeper=1", "rn": 107, "fo": 13, "si": 3, "ft": 1, "hn": 0, "bf": 61, "dk": 0, "no": 1, "hs": "92*", "bta": 107, "btsr": 175.4}, {"tt": "is not keeper", "sp": null, "mt": 11, "in": 9, "pr": "keeper=0", "rn": 366, "fo": 36, "si": 11, "ft": 3, "hn": 0, "bf": 252, "dk": 0, "no": 2, "hs": "99*", "bta": 52.28, "btsr": 145.23}]}, {"type": "TOSS", "stats": [{"tt": "won the toss", "sp": null, "mt": 4, "in": 3, "pr": "toss=1", "rn": 171, "fo": 21, "si": 5, "ft": 1, "hn": 0, "bf": 108, "dk": 0, "no": 1, "hs": "92*", "bta": 85.5, "btsr": 158.33}, {"tt": "lost the toss", "sp": null, "mt": 10, "in": 8, "pr": "toss=2", "rn": 302, "fo": 28, "si": 9, "ft": 3, "hn": 0, "bf": 205, "dk": 0, "no": 2, "hs": "99*", "bta": 50.33, "btsr": 147.31}]}, {"type": "BATTING_FIELDING_SEQUENCE_AND_TOSS", "stats": [{"tt": "won toss &amp; batted", "sp": null, "mt": 1, "in": 1, "pr": "batting_fielding_first=1;toss=1", "rn": 92, "fo": 11, "si": 3, "ft": 1, "hn": 0, "bf": 52, "dk": 0, "no": 1, "hs": "92*", "bta": null, "btsr": 176.92}, {"tt": "won toss &amp; fielded", "sp": null, "mt": 3, "in": 2, "pr": "batting_fielding_first=2;toss=1", "rn": 79, "fo": 10, "si": 2, "ft": 0, "hn": 0, "bf": 56, "dk": 0, "no": 0, "hs": "41", "bta": 39.5, "btsr": 141.07}, {"tt": "lost toss &amp; sent in", "sp": null, "mt": 6, "in": 5, "pr": "batting_fielding_first=1;toss=2", "rn": 244, "fo": 23, "si": 8, "ft": 3, "hn": 0, "bf": 153, "dk": 0, "no": 2, "hs": "99*", "bta": 81.33, "btsr": 159.47}, {"tt": "lost toss &amp; fielded", "sp": null, "mt": 4, "in": 3, "pr": "batting_fielding_first=2;toss=2", "rn": 58, "fo": 5, "si": 1, "ft": 0, "hn": 0, "bf": 52, "dk": 0, "no": 0, "hs": "36", "bta": 19.33, "btsr": 111.53}]}, {"type": "BATTING_FIELDING_SEQUENCE", "stats": [{"tt": "matches batting first", "sp": null, "mt": 7, "in": 6, "pr": "batting_fielding_first=1", "rn": 336, "fo": 34, "si": 11, "ft": 4, "hn": 0, "bf": 205, "dk": 0, "no": 3, "hs": "99*", "bta": 112, "btsr": 163.9}, {"tt": "matches fielding first", "sp": null, "mt": 7, "in": 5, "pr": "batting_fielding_first=2", "rn": 137, "fo": 15, "si": 3, "ft": 0, "hn": 0, "bf": 108, "dk": 0, "no": 0, "hs": "41", "bta": 27.4, "btsr": 126.85}]}, {"type": "TEAM_INNINGS", "stats": [{"tt": "1st team innings", "sp": null, "mt": 13, "in": 11, "pr": null, "rn": 473, "fo": 49, "si": 14, "ft": 4, "hn": 0, "bf": 313, "dk": 0, "no": 3, "hs": "99*", "bta": 59.12, "btsr": 151.11}]}, {"type": "MATCH_INNINGS", "stats": [{"tt": "1st match innings", "sp": null, "mt": 7, "in": 6, "pr": "innings_number=1", "rn": 336, "fo": 34, "si": 11, "ft": 4, "hn": 0, "bf": 205, "dk": 0, "no": 3, "hs": "99*", "bta": 112, "btsr": 163.9}, {"tt": "2nd match innings", "sp": null, "mt": 6, "in": 5, "pr": "innings_number=2", "rn": 137, "fo": 15, "si": 3, "ft": 0, "hn": 0, "bf": 108, "dk": 0, "no": 0, "hs": "41", "bta": 27.4, "btsr": 126.85}]}, {"type": "FLOODLIT", "stats": [{"tt": "day match", "sp": null, "mt": 4, "in": 4, "pr": "floodlit=1", "rn": 195, "fo": 18, "si": 8, "ft": 2, "hn": 0, "bf": 120, "dk": 0, "no": 2, "hs": "92*", "bta": 97.5, "btsr": 162.5}, {"tt": "night match", "sp": null, "mt": 10, "in": 7, "pr": "floodlit=3", "rn": 278, "fo": 31, "si": 6, "ft": 2, "hn": 0, "bf": 193, "dk": 0, "no": 1, "hs": "99*", "bta": 46.33, "btsr": 144.04}]}, {"type": "RESULT", "stats": [{"tt": "won match", "sp": null, "mt": 10, "in": 8, "pr": "result=1", "rn": 355, "fo": 36, "si": 12, "ft": 3, "hn": 0, "bf": 221, "dk": 0, "no": 3, "hs": "99*", "bta": 71, "btsr": 160.63}, {"tt": "lost match", "sp": null, "mt": 3, "in": 3, "pr": "result=2", "rn": 118, "fo": 13, "si": 2, "ft": 1, "hn": 0, "bf": 92, "dk": 0, "no": 0, "hs": "63", "bta": 39.33, "btsr": 128.26}, {"tt": "no result", "sp": null, "mt": 1, "in": null, "pr": "result=5", "rn": null, "fo": null, "si": null, "ft": null, "hn": null, "bf": null, "dk": null, "no": null, "hs": null, "bta": null, "btsr": null}]}, {"type": "BATTING_FIELDING_SEQUENCE_AND_RESULT", "stats": [{"tt": "won batting first", "sp": null, "mt": 6, "in": 5, "pr": "batting_fielding_first=1;result=1", "rn": 273, "fo": 27, "si": 10, "ft": 3, "hn": 0, "bf": 160, "dk": 0, "no": 3, "hs": "99*", "bta": 136.5, "btsr": 170.62}, {"tt": "won fielding first", "sp": null, "mt": 4, "in": 3, "pr": "batting_fielding_first=2;result=1", "rn": 82, "fo": 9, "si": 2, "ft": 0, "hn": 0, "bf": 61, "dk": 0, "no": 0, "hs": "41", "bta": 27.33, "btsr": 134.42}, {"tt": "lost batting first", "sp": null, "mt": 1, "in": 1, "pr": "batting_fielding_first=1;result=2", "rn": 63, "fo": 7, "si": 1, "ft": 1, "hn": 0, "bf": 45, "dk": 0, "no": 0, "hs": "63", "bta": 63, "btsr": 140}, {"tt": "lost fielding first", "sp": null, "mt": 2, "in": 2, "pr": "batting_fielding_first=2;result=2", "rn": 55, "fo": 6, "si": 1, "ft": 0, "hn": 0, "bf": 47, "dk": 0, "no": 0, "hs": "38", "bta": 27.5, "btsr": 117.02}, {"tt": "no result fielding first", "sp": null, "mt": 1, "in": null, "pr": "batting_fielding_first=2;result=5", "rn": null, "fo": null, "si": null, "ft": null, "hn": null, "bf": null, "dk": null, "no": null, "hs": null, "bta": null, "btsr": null}]}, {"type": "TOURNAMENT_TYPE", "stats": [{"tt": "2 team series", "sp": null, "mt": 14, "in": 11, "pr": "tournament_type=2", "rn": 473, "fo": 49, "si": 14, "ft": 4, "hn": 0, "bf": 313, "dk": 0, "no": 3, "hs": "99*", "bta": 59.12, "btsr": 151.11}]}, {"type": "MATCH_NUMBER", "stats": [{"tt": "1st match in series", "sp": null, "mt": 4, "in": 4, "pr": "match_number=1", "rn": 237, "fo": 27, "si": 7, "ft": 2, "hn": 0, "bf": 144, "dk": 0, "no": 2, "hs": "99*", "bta": 118.5, "btsr": 164.58}, {"tt": "2nd match in series", "sp": null, "mt": 4, "in": 3, "pr": "match_number=2", "rn": 82, "fo": 6, "si": 4, "ft": 1, "hn": 0, "bf": 49, "dk": 0, "no": 1, "hs": "65*", "bta": 41, "btsr": 167.34}, {"tt": "3rd match in series", "sp": null, "mt": 4, "in": 2, "pr": "match_number=3", "rn": 101, "fo": 12, "si": 2, "ft": 1, "hn": 0, "bf": 72, "dk": 0, "no": 0, "hs": "63", "bta": 50.5, "btsr": 140.27}, {"tt": "4th match in series", "sp": null, "mt": 1, "in": 1, "pr": "match_number=4", "rn": 17, "fo": 1, "si": 0, "ft": 0, "hn": 0, "bf": 20, "dk": 0, "no": 0, "hs": "17", "bta": 17, "btsr": 85}, {"tt": "5th match in series", "sp": null, "mt": 1, "in": 1, "pr": "match_number=5", "rn": 36, "fo": 3, "si": 1, "ft": 0, "hn": 0, "bf": 28, "dk": 0, "no": 0, "hs": "36", "bta": 36, "btsr": 128.57}]}, {"type": "BATTING_POSITION", "stats": [{"tt": "1st position", "sp": null, "mt": 1, "in": 1, "pr": "batting_positionval1=batting_position;batting_positionmin1=1;batting_positionmax1=1", "rn": 36, "fo": 3, "si": 1, "ft": 0, "hn": 0, "bf": 28, "dk": 0, "no": 0, "hs": "36", "bta": 36, "btsr": 128.57}, {"tt": "3rd position", "sp": null, "mt": 5, "in": 5, "pr": "batting_positionval1=batting_position;batting_positionmin1=3;batting_positionmax1=3", "rn": 218, "fo": 23, "si": 8, "ft": 2, "hn": 0, "bf": 131, "dk": 0, "no": 2, "hs": "92*", "bta": 72.66, "btsr": 166.41}, {"tt": "4th position", "sp": null, "mt": 4, "in": 4, "pr": "batting_positionval1=batting_position;batting_positionmin1=4;batting_positionmax1=4", "rn": 217, "fo": 23, "si": 5, "ft": 2, "hn": 0, "bf": 151, "dk": 0, "no": 1, "hs": "99*", "bta": 72.33, "btsr": 143.7}, {"tt": "6th position", "sp": null, "mt": 1, "in": 1, "pr": "batting_positionval1=batting_position;batting_positionmin1=6;batting_positionmax1=6", "rn": 2, "fo": 0, "si": 0, "ft": 0, "hn": 0, "bf": 3, "dk": 0, "no": 0, "hs": "2", "bta": 2, "btsr": 66.66}]}]}}