{"summary": {"recordClassId": 2, "type": "BATTING", "groups": [{"type": "CAREER_AVERAGES", "stats": [{"tt": "overview", "sp": null, "mt": 3, "in": 3, "pr": null, "rn": 225, "fo": 26, "si": 0, "ft": 1, "hn": 1, "bf": 255, "dk": 0, "no": 0, "hs": "126", "bta": 75, "btsr": 88.23}]}, {"type": "OPPOSITION_TEAM", "stats": [{"tt": "vs Bangladesh", "sp": null, "mt": 3, "in": 3, "pr": "opposition=25", "rn": 225, "fo": 26, "si": 0, "ft": 1, "hn": 1, "bf": 255, "dk": 0, "no": 0, "hs": "126", "bta": 75, "btsr": 88.23}]}, {"type": "HOST_COUNTRY", "stats": [{"tt": "in New Zealand", "sp": null, "mt": 3, "in": 3, "pr": "host=5", "rn": 225, "fo": 26, "si": 0, "ft": 1, "hn": 1, "bf": 255, "dk": 0, "no": 0, "hs": "126", "bta": 75, "btsr": 88.23}]}, {"type": "CONTINENT", "stats": [{"tt": "in Oceania", "sp": null, "mt": 3, "in": 3, "pr": "continent=5", "rn": 225, "fo": 26, "si": 0, "ft": 1, "hn": 1, "bf": 255, "dk": 0, "no": 0, "hs": "126", "bta": 75, "btsr": 88.23}]}, {"type": "HOME_OR_AWAY", "stats": [{"tt": "home", "sp": null, "mt": 3, "in": 3, "pr": "home_or_away=1", "rn": 225, "fo": 26, "si": 0, "ft": 1, "hn": 1, "bf": 255, "dk": 0, "no": 0, "hs": "126", "bta": 75, "btsr": 88.23}]}, {"type": "YEAR", "stats": [{"tt": "year 2021", "sp": null, "mt": 3, "in": 3, "pr": "year=2021", "rn": 225, "fo": 26, "si": 0, "ft": 1, "hn": 1, "bf": 255, "dk": 0, "no": 0, "hs": "126", "bta": 75, "btsr": 88.23}]}, {"type": "SEASON", "stats": [{"tt": "season 2020/21", "sp": null, "mt": 3, "in": 3, "pr": "season=NaN", "rn": 225, "fo": 26, "si": 0, "ft": 1, "hn": 1, "bf": 255, "dk": 0, "no": 0, "hs": "126", "bta": 75, "btsr": 88.23}]}, {"type": "CAPTAINS_INVOLVED", "stats": [{"tt": "*TWM Latham", "sp": null, "mt": 3, "in": 3, "pr": "captain_involve=59148", "rn": 225, "fo": 26, "si": 0, "ft": 1, "hn": 1, "bf": 255, "dk": 0, "no": 0, "hs": "126", "bta": 75, "btsr": 88.23}]}, {"type": "CAPTAIN", "stats": [{"tt": "is not captain", "sp": null, "mt": 3, "in": 3, "pr": "captain=0", "rn": 225, "fo": 26, "si": 0, "ft": 1, "hn": 1, "bf": 255, "dk": 0, "no": 0, "hs": "126", "bta": 75, "btsr": 88.23}]}, {"type": "KEEPER", "stats": [{"tt": "is not keeper", "sp": null, "mt": 3, "in": 3, "pr": "keeper=0", "rn": 225, "fo": 26, "si": 0, "ft": 1, "hn": 1, "bf": 255, "dk": 0, "no": 0, "hs": "126", "bta": 75, "btsr": 88.23}]}, {"type": "TOSS", "stats": [{"tt": "won the toss", "sp": null, "mt": 3, "in": 3, "pr": "toss=1", "rn": 225, "fo": 26, "si": 0, "ft": 1, "hn": 1, "bf": 255, "dk": 0, "no": 0, "hs": "126", "bta": 75, "btsr": 88.23}]}, {"type": "BATTING_FIELDING_SEQUENCE_AND_TOSS", "stats": [{"tt": "won toss &amp; batted", "sp": null, "mt": 1, "in": 1, "pr": "batting_fielding_first=1;toss=1", "rn": 126, "fo": 17, "si": 0, "ft": 0, "hn": 1, "bf": 110, "dk": 0, "no": 0, "hs": "126", "bta": 126, "btsr": 114.54}, {"tt": "won toss &amp; fielded", "sp": null, "mt": 2, "in": 2, "pr": "batting_fielding_first=2;toss=1", "rn": 99, "fo": 9, "si": 0, "ft": 1, "hn": 0, "bf": 145, "dk": 0, "no": 0, "hs": "72", "bta": 49.5, "btsr": 68.27}]}, {"type": "BATTING_FIELDING_SEQUENCE", "stats": [{"tt": "matches batting first", "sp": null, "mt": 1, "in": 1, "pr": "batting_fielding_first=1", "rn": 126, "fo": 17, "si": 0, "ft": 0, "hn": 1, "bf": 110, "dk": 0, "no": 0, "hs": "126", "bta": 126, "btsr": 114.54}, {"tt": "matches fielding first", "sp": null, "mt": 2, "in": 2, "pr": "batting_fielding_first=2", "rn": 99, "fo": 9, "si": 0, "ft": 1, "hn": 0, "bf": 145, "dk": 0, "no": 0, "hs": "72", "bta": 49.5, "btsr": 68.27}]}, {"type": "TEAM_INNINGS", "stats": [{"tt": "1st team innings", "sp": null, "mt": 3, "in": 3, "pr": null, "rn": 225, "fo": 26, "si": 0, "ft": 1, "hn": 1, "bf": 255, "dk": 0, "no": 0, "hs": "126", "bta": 75, "btsr": 88.23}]}, {"type": "MATCH_INNINGS", "stats": [{"tt": "1st match innings", "sp": null, "mt": 1, "in": 1, "pr": "innings_number=1", "rn": 126, "fo": 17, "si": 0, "ft": 0, "hn": 1, "bf": 110, "dk": 0, "no": 0, "hs": "126", "bta": 126, "btsr": 114.54}, {"tt": "2nd match innings", "sp": null, "mt": 2, "in": 2, "pr": "innings_number=2", "rn": 99, "fo": 9, "si": 0, "ft": 1, "hn": 0, "bf": 145, "dk": 0, "no": 0, "hs": "72", "bta": 49.5, "btsr": 68.27}]}, {"type": "FLOODLIT", "stats": [{"tt": "day match", "sp": null, "mt": 2, "in": 2, "pr": "floodlit=1", "rn": 153, "fo": 19, "si": 0, "ft": 0, "hn": 1, "bf": 162, "dk": 0, "no": 0, "hs": "126", "bta": 76.5, "btsr": 94.44}, {"tt": "day/night match", "sp": null, "mt": 1, "in": 1, "pr": "floodlit=2", "rn": 72, "fo": 7, "si": 0, "ft": 1, "hn": 0, "bf": 93, "dk": 0, "no": 0, "hs": "72", "bta": 72, "btsr": 77.41}]}, {"type": "RESULT", "stats": [{"tt": "won match", "sp": null, "mt": 3, "in": 3, "pr": "result=1", "rn": 225, "fo": 26, "si": 0, "ft": 1, "hn": 1, "bf": 255, "dk": 0, "no": 0, "hs": "126", "bta": 75, "btsr": 88.23}]}, {"type": "BATTING_FIELDING_SEQUENCE_AND_RESULT", "stats": [{"tt": "won batting first", "sp": null, "mt": 1, "in": 1, "pr": "batting_fielding_first=1;result=1", "rn": 126, "fo": 17, "si": 0, "ft": 0, "hn": 1, "bf": 110, "dk": 0, "no": 0, "hs": "126", "bta": 126, "btsr": 114.54}, {"tt": "won fielding first", "sp": null, "mt": 2, "in": 2, "pr": "batting_fielding_first=2;result=1", "rn": 99, "fo": 9, "si": 0, "ft": 1, "hn": 0, "bf": 145, "dk": 0, "no": 0, "hs": "72", "bta": 49.5, "btsr": 68.27}]}, {"type": "TOURNAMENT_TYPE", "stats": [{"tt": "2 team series", "sp": null, "mt": 3, "in": 3, "pr": "tournament_type=2", "rn": 225, "fo": 26, "si": 0, "ft": 1, "hn": 1, "bf": 255, "dk": 0, "no": 0, "hs": "126", "bta": 75, "btsr": 88.23}, {"tt": "5+ team tournaments", "sp": null, "mt": 3, "in": 3, "pr": "tournament_type=5", "rn": 225, "fo": 26, "si": 0, "ft": 1, "hn": 1, "bf": 255, "dk": 0, "no": 0, "hs": "126", "bta": 75, "btsr": 88.23}]}, {"type": "MATCH_NUMBER", "stats": [{"tt": "1st match in series", "sp": null, "mt": 1, "in": 1, "pr": "match_number=1", "rn": 27, "fo": 2, "si": 0, "ft": 0, "hn": 0, "bf": 52, "dk": 0, "no": 0, "hs": "27", "bta": 27, "btsr": 51.92}, {"tt": "2nd match in series", "sp": null, "mt": 1, "in": 1, "pr": "match_number=2", "rn": 72, "fo": 7, "si": 0, "ft": 1, "hn": 0, "bf": 93, "dk": 0, "no": 0, "hs": "72", "bta": 72, "btsr": 77.41}, {"tt": "3rd match in series", "sp": null, "mt": 1, "in": 1, "pr": "match_number=3", "rn": 126, "fo": 17, "si": 0, "ft": 0, "hn": 1, "bf": 110, "dk": 0, "no": 0, "hs": "126", "bta": 126, "btsr": 114.54}]}, {"type": "BATTING_POSITION", "stats": [{"tt": "3rd position", "sp": null, "mt": 3, "in": 3, "pr": "batting_positionval1=batting_position;batting_positionmin1=3;batting_positionmax1=3", "rn": 225, "fo": 26, "si": 0, "ft": 1, "hn": 1, "bf": 255, "dk": 0, "no": 0, "hs": "126", "bta": 75, "btsr": 88.23}]}]}}