{"player": {"id": 49146, "objectId": 233007, "name": "AE Satterthwaite", "longName": "Amy Satterthwaite", "mobileName": "", "indexName": "Satterthwaite, AE", "battingName": "AE Satterthwaite", "fieldingName": "", "slug": "amy-satterthwaite", "gender": "F", "playingRole": "top-order batter", "battingStyles": ["lhb"], "bowlingStyles": ["ob"], "longBattingStyles": ["left-hand bat"], "longBowlingStyles": ["right-arm offbreak"], "image": {"id": 305721, "objectId": 1225638, "slug": "amy-satterthwaite-portrait", "url": "/db/PICTURES/CMS/305700/305721.png", "width": 160, "height": 199, "caption": "Amy Satterthwaite portrait", "longCaption": "Amy Satterthwaite portrait, June 2020", "credit": "Getty Images", "photographer": null, "peerUrls": null}, "countryTeamId": 5, "playingRoleType": "P", "playingRoles": ["top-order batter"], "dateOfBirth": {"year": 1986, "month": 10, "date": 7}, "dateOfDeath": null, "fullName": "Amy Ella Satterthwaite", "nickNames": "", "alsoKnownAs": "", "height": 0, "heightUnit": null, "education": "", "country": {"id": 5, "objectId": 5, "name": "New Zealand", "shortName": "New Zealand", "image": {"id": 313127, "objectId": 1241586, "slug": "new-zealand-logo", "url": "/db/PICTURES/CMS/313100/313127.logo.png", "width": 500, "height": 500, "caption": "New Zealand logo", "longCaption": "New Zealand logo", "credit": null, "photographer": null, "peerUrls": null}}, "altCountryTeamId": null, "placeOfBirth": "Christchurch, Canterbury", "dobText": null, "dodText": null, "placeOfDeath": "", "intlCareerSpan": "2007 - 2021", "headshotImage": {"id": 320535, "objectId": 1261418, "slug": "amy-satterthwaite-player-page-headshot-cutout-2021", "url": "/db/PICTURES/CMS/320500/320535.png", "width": 600, "height": 436, "caption": "Amy Satterthwaite player page headshot cutout, 2021", "longCaption": "Amy Satterthwaite player page headshot cutout, 2021", "credit": null, "photographer": null, "peerUrls": {"FILM": null, "WIDE": null, "SQUARE": "/db/PICTURES/CMS/320500/320535.square.png"}}, "backgroundImage": {"id": 318774, "objectId": 1257437, "slug": "meg-lanning-and-amy-satterthwaite-with-the-t20i-series-trophy", "url": "/db/PICTURES/CMS/318700/318774.jpg", "width": 1400, "height": 934, "caption": "Meg Lanning and Amy Satterthwaite with the T20I series trophy", "longCaption": "Meg Lanning and Amy Satterthwaite with the T20I series trophy, New Zealand vs Australia, 3rd T20I, Auckland, April 1, 2021", "credit": "Getty Images", "photographer": null, "peerUrls": {"FILM": "/db/PICTURES/CMS/318700/318774.jpg", "WIDE": "/db/PICTURES/CMS/318700/318774.6.jpg", "SQUARE": "/db/PICTURES/CMS/318700/318774.10.jpg"}}, "externalLinks": [], "fieldingStyles": [], "otherStyles": [], "matchPlayerTypes": [1], "hasRecords": true, "hasStats": true, "hasMatches": true, "totalStories": 86, "totalVideos": 5, "totalImages": 48}, "teams": [{"team": {"id": 2531, "objectId": 2480, "scribeId": 2480, "slug": "canterbury-women", "name": "Cant Women", "longName": "Canterbury Women", "abbreviation": "CAN-W", "isCountry": false, "primaryColor": null, "image": null}, "current": false}, {"team": {"id": 2614, "objectId": 2563, "scribeId": 2563, "slug": "new-zealand-women", "name": "NZ Women", "longName": "New Zealand Women", "abbreviation": "NZ-W", "isCountry": false, "primaryColor": null, "image": {"id": 313335, "objectId": 1241794, "slug": "new-zealand-women-logo", "url": "/db/PICTURES/CMS/313300/313335.logo.png", "width": 500, "height": 500, "caption": "New Zealand Women logo", "longCaption": "New Zealand Women logo", "credit": null, "photographer": null, "peerUrls": null}}, "current": false}]}