{"player": {"id": 95267, "objectId": 1068933, "name": "JM Kerr", "longName": "Jess Kerr", "mobileName": "Kerr", "indexName": "Kerr, JM", "battingName": "JM Kerr", "fieldingName": "Kerr", "slug": "jess-kerr", "gender": "F", "playingRole": "bowler", "battingStyles": ["rhb"], "bowlingStyles": ["rm"], "longBattingStyles": ["right-hand bat"], "longBowlingStyles": ["right-arm medium"], "image": {"id": 305774, "objectId": 1225731, "slug": "jess-kerr-portrait", "url": "/db/PICTURES/CMS/305700/305774.png", "width": 160, "height": 199, "caption": "Jess Kerr portrait", "longCaption": "Jess Kerr portrait, June 2020", "credit": "Getty Images", "photographer": null, "peerUrls": null}, "countryTeamId": 5, "playingRoleType": "P", "playingRoles": ["bowler"], "dateOfBirth": {"year": 1998, "month": 1, "date": 18}, "dateOfDeath": null, "fullName": "Jessica Mackenzie Kerr", "nickNames": "", "alsoKnownAs": "", "height": 0, "heightUnit": null, "education": "", "country": {"id": 5, "objectId": 5, "name": "New Zealand", "shortName": "New Zealand", "image": {"id": 313127, "objectId": 1241586, "slug": "new-zealand-logo", "url": "/db/PICTURES/CMS/313100/313127.logo.png", "width": 500, "height": 500, "caption": "New Zealand logo", "longCaption": "New Zealand logo", "credit": null, "photographer": null, "peerUrls": null}}, "altCountryTeamId": null, "placeOfBirth": "Wellington", "dobText": null, "dodText": null, "placeOfDeath": "", "intlCareerSpan": "2020 - 2021", "headshotImage": null, "backgroundImage": {"id": 325012, "objectId": 1271196, "slug": "shane-jurgensen-chats-with-fans-during-the-mace-tour", "url": "/db/PICTURES/CMS/325000/325012.jpg", "width": 1400, "height": 933, "caption": "Shane Jurgensen chats with fans during the mace tour", "longCaption": "Shane Jurgensen chats with fans during the mace tour, Eden Park, July 27, 2021", "credit": "Getty Images", "photographer": null, "peerUrls": {"FILM": "/db/PICTURES/CMS/325000/325012.jpg", "WIDE": "/db/PICTURES/CMS/325000/325012.6.jpg", "SQUARE": "/db/PICTURES/CMS/325000/325012.10.jpg"}}, "externalLinks": [], "fieldingStyles": ["occasional wicketkeeper"], "otherStyles": [], "matchPlayerTypes": [1], "hasRecords": true, "hasStats": true, "hasMatches": true, "totalStories": 7, "totalVideos": 3, "totalImages": 0}, "teams": [{"team": {"id": 2614, "objectId": 2563, "scribeId": 2563, "slug": "new-zealand-women", "name": "NZ Women", "longName": "New Zealand Women", "abbreviation": "NZ-W", "isCountry": false, "primaryColor": null, "image": {"id": 313335, "objectId": 1241794, "slug": "new-zealand-women-logo", "url": "/db/PICTURES/CMS/313300/313335.logo.png", "width": 500, "height": 500, "caption": "New Zealand Women logo", "longCaption": "New Zealand Women logo", "credit": null, "photographer": null, "peerUrls": null}}, "current": false}, {"team": {"id": 2659, "objectId": 2608, "scribeId": 2608, "slug": "wellington-women", "name": "Well Women", "longName": "Wellington Women", "abbreviation": "WEL-W", "isCountry": false, "primaryColor": null, "image": null}, "current": false}]}