{"player": {"id": 52855, "objectId": 306524, "name": "LM Kasperek", "longName": "Leigh Kasperek", "mobileName": "Kasperek", "indexName": "Kasperek, LM", "battingName": "LM Kasperek", "fieldingName": "Kasperek", "slug": "leigh-kasperek", "gender": "F", "playingRole": "bowler", "battingStyles": ["rhb"], "bowlingStyles": ["ob"], "longBattingStyles": ["right-hand bat"], "longBowlingStyles": ["right-arm offbreak"], "image": {"id": 318986, "objectId": 1257952, "slug": "leigh-kasperek-portrait", "url": "/db/PICTURES/CMS/318900/318986.jpg", "width": 160, "height": 210, "caption": "Leigh Kasperek portrait", "longCaption": "Leigh Kasperek portrait, February 2020", "credit": "ICC via Getty", "photographer": null, "peerUrls": null}, "countryTeamId": 5, "playingRoleType": "P", "playingRoles": ["bowler"], "dateOfBirth": {"year": 1992, "month": 2, "date": 15}, "dateOfDeath": null, "fullName": "Leigh Meghan Kasperek", "nickNames": "", "alsoKnownAs": "", "height": 0, "heightUnit": null, "education": "", "country": {"id": 5, "objectId": 5, "name": "New Zealand", "shortName": "New Zealand", "image": {"id": 313127, "objectId": 1241586, "slug": "new-zealand-logo", "url": "/db/PICTURES/CMS/313100/313127.logo.png", "width": 500, "height": 500, "caption": "New Zealand logo", "longCaption": "New Zealand logo", "credit": null, "photographer": null, "peerUrls": null}}, "altCountryTeamId": 30, "placeOfBirth": "Edinburgh, Midlothian", "dobText": null, "dodText": null, "placeOfDeath": "", "intlCareerSpan": "2015 - 2021", "headshotImage": {"id": 320544, "objectId": 1261427, "slug": "leigh-kasperek-player-page-headshot-cutout-2021", "url": "/db/PICTURES/CMS/320500/320544.png", "width": 600, "height": 436, "caption": "Leigh Kasperek player page headshot cutout, 2021", "longCaption": "Leigh Kasperek player page headshot cutout, 2021", "credit": null, "photographer": null, "peerUrls": {"FILM": null, "WIDE": null, "SQUARE": "/db/PICTURES/CMS/320500/320544.square.png"}}, "backgroundImage": {"id": 319126, "objectId": 1258460, "slug": "leigh-kasperek-took-three-wickets-in-an-over", "url": "/db/PICTURES/CMS/319100/319126.jpg", "width": 1400, "height": 933, "caption": "Leigh Kasperek took three wickets in an over", "longCaption": "Leigh Kasperek took three wickets in an over, New Zealand vs Australia, 3rd women's ODI, Mount Maunganui, April 10, 2021", "credit": "Getty Images", "photographer": null, "peerUrls": {"FILM": "/db/PICTURES/CMS/319100/319126.jpg", "WIDE": "/db/PICTURES/CMS/319100/319126.6.jpg", "SQUARE": "/db/PICTURES/CMS/319100/319126.10.jpg"}}, "externalLinks": [], "fieldingStyles": [], "otherStyles": [], "matchPlayerTypes": [1], "hasRecords": true, "hasStats": true, "hasMatches": true, "totalStories": 34, "totalVideos": 1, "totalImages": 16}, "teams": [{"team": {"id": 2614, "objectId": 2563, "scribeId": 2563, "slug": "new-zealand-women", "name": "NZ Women", "longName": "New Zealand Women", "abbreviation": "NZ-W", "isCountry": false, "primaryColor": null, "image": {"id": 313335, "objectId": 1241794, "slug": "new-zealand-women-logo", "url": "/db/PICTURES/CMS/313300/313335.logo.png", "width": 500, "height": 500, "caption": "New Zealand Women logo", "longCaption": "New Zealand Women logo", "credit": null, "photographer": null, "peerUrls": null}}, "current": false}, {"team": {"id": 2627, "objectId": 2576, "scribeId": 2576, "slug": "otago-women", "name": "Otago Women", "longName": "Otago Women", "abbreviation": "OTG-W", "isCountry": false, "primaryColor": null, "image": null}, "current": false}, {"team": {"id": 3504, "objectId": 3453, "scribeId": 3453, "slug": "scotland-under-21s-women", "name": "", "longName": "Scotland Under-21s Women", "abbreviation": "", "isCountry": false, "primaryColor": null, "image": {"id": 158274, "objectId": 636406, "slug": "", "url": "/db/PICTURES/CMS/158200/158274.png", "width": 120, "height": 80, "caption": null, "longCaption": null, "credit": "Getty Images", "photographer": null, "peerUrls": null}}, "current": false}, {"team": {"id": 3505, "objectId": 3454, "scribeId": 3454, "slug": "scotland-women", "name": "Scot Women", "longName": "Scotland Women", "abbreviation": "SCO-W", "isCountry": false, "primaryColor": null, "image": {"id": 158274, "objectId": 636406, "slug": "", "url": "/db/PICTURES/CMS/158200/158274.png", "width": 120, "height": 80, "caption": null, "longCaption": null, "credit": "Getty Images", "photographer": null, "peerUrls": null}}, "current": false}, {"team": {"id": 6619, "objectId": 1181889, "scribeId": 1181889, "slug": "velocity", "name": "Velocity", "longName": "Velocity", "abbreviation": "VELOC", "isCountry": false, "primaryColor": null, "image": null}, "current": false}, {"team": {"id": 2658, "objectId": 2607, "scribeId": 2607, "slug": "wellington-under-21s-women", "name": "Well U21 Wmn", "longName": "Wellington Under-21s Women", "abbreviation": "WU21W", "isCountry": false, "primaryColor": null, "image": null}, "current": false}, {"team": {"id": 2659, "objectId": 2608, "scribeId": 2608, "slug": "wellington-women", "name": "Well Women", "longName": "Wellington Women", "abbreviation": "WEL-W", "isCountry": false, "primaryColor": null, "image": null}, "current": false}, {"team": {"id": 681, "objectId": 630, "scribeId": 630, "slug": "western-australia-women", "name": "WA Women", "longName": "Western Australia Women", "abbreviation": "WAWMN", "isCountry": false, "primaryColor": null, "image": {"id": 313237, "objectId": 1241696, "slug": "western-australia-logo", "url": "/db/PICTURES/CMS/313200/313237.png", "width": 120, "height": 80, "caption": "Western Australia logo", "longCaption": "Western Australia logo", "credit": null, "photographer": null, "peerUrls": null}}, "current": false}]}