{"summary": {"recordClassId": 2, "type": "BATTING", "groups": [{"type": "CAREER_AVERAGES", "stats": [{"tt": "overview", "sp": "2014-2021", "mt": 55, "in": 21, "pr": null, "rn": 211, "fo": 19, "si": 9, "ft": 0, "hn": 0, "bf": 211, "dk": 3, "no": 7, "hs": "48*", "bta": 15.07, "btsr": 100}]}, {"type": "OPPOSITION_TEAM", "stats": [{"tt": "vs Afghanistan", "sp": "2019-2019", "mt": 1, "in": null, "pr": "opposition=40", "rn": null, "fo": null, "si": null, "ft": null, "hn": null, "bf": null, "dk": null, "no": null, "hs": null, "bta": null, "btsr": null}, {"tt": "vs Australia", "sp": "2015-2016", "mt": 6, "in": 6, "pr": "opposition=2", "rn": 39, "fo": 4, "si": 1, "ft": 0, "hn": 0, "bf": 47, "dk": 2, "no": 2, "hs": "27", "bta": 9.75, "btsr": 82.97}, {"tt": "vs Bangladesh", "sp": "2016-2021", "mt": 8, "in": 2, "pr": "opposition=25", "rn": 11, "fo": 1, "si": 0, "ft": 0, "hn": 0, "bf": 22, "dk": 0, "no": 0, "hs": "6", "bta": 5.5, "btsr": 50}, {"tt": "vs England", "sp": "2015-2019", "mt": 6, "in": 4, "pr": "opposition=1", "rn": 23, "fo": 2, "si": 1, "ft": 0, "hn": 0, "bf": 27, "dk": 1, "no": 0, "hs": "12", "bta": 5.75, "btsr": 85.18}, {"tt": "vs India", "sp": "2014-2019", "mt": 6, "in": 4, "pr": "opposition=6", "rn": 63, "fo": 5, "si": 3, "ft": 0, "hn": 0, "bf": 60, "dk": 0, "no": 2, "hs": "39*", "bta": 31.5, "btsr": 105}, {"tt": "vs Ireland", "sp": "2017-2017", "mt": 1, "in": null, "pr": "opposition=29", "rn": null, "fo": null, "si": null, "ft": null, "hn": null, "bf": null, "dk": null, "no": null, "hs": null, "bta": null, "btsr": null}, {"tt": "vs Pakistan", "sp": "2014-2019", "mt": 9, "in": 2, "pr": "opposition=7", "rn": 49, "fo": 4, "si": 4, "ft": 0, "hn": 0, "bf": 33, "dk": 0, "no": 1, "hs": "48*", "bta": 49, "btsr": 148.48}, {"tt": "vs South Africa", "sp": "2014-2019", "mt": 3, "in": null, "pr": "opposition=3", "rn": null, "fo": null, "si": null, "ft": null, "hn": null, "bf": null, "dk": null, "no": null, "hs": null, "bta": null, "btsr": null}, {"tt": "vs Sri Lanka", "sp": "2015-2019", "mt": 10, "in": 2, "pr": "opposition=8", "rn": 26, "fo": 3, "si": 0, "ft": 0, "hn": 0, "bf": 22, "dk": 0, "no": 1, "hs": "20*", "bta": 26, "btsr": 118.18}, {"tt": "vs West Indies", "sp": "2017-2019", "mt": 3, "in": 1, "pr": "opposition=4", "rn": 0, "fo": 0, "si": 0, "ft": 0, "hn": 0, "bf": 0, "dk": 0, "no": 1, "hs": "0*", "bta": null, "btsr": null}, {"tt": "vs Zimbabwe", "sp": "2015-2015", "mt": 2, "in": null, "pr": "opposition=9", "rn": null, "fo": null, "si": null, "ft": null, "hn": null, "bf": null, "dk": null, "no": null, "hs": null, "bta": null, "btsr": null}]}, {"type": "HOST_COUNTRY", "stats": [{"tt": "in Australia", "sp": "2015-2016", "mt": 3, "in": 3, "pr": "host=2", "rn": 34, "fo": 4, "si": 1, "ft": 0, "hn": 0, "bf": 35, "dk": 1, "no": 0, "hs": "27", "bta": 11.33, "btsr": 97.14}, {"tt": "in England", "sp": "2015-2019", "mt": 13, "in": 7, "pr": "host=1", "rn": 30, "fo": 3, "si": 1, "ft": 0, "hn": 0, "bf": 37, "dk": 1, "no": 1, "hs": "12", "bta": 5, "btsr": 81.08}, {"tt": "in India", "sp": "2016-2016", "mt": 2, "in": 2, "pr": "host=6", "rn": 45, "fo": 4, "si": 1, "ft": 0, "hn": 0, "bf": 49, "dk": 0, "no": 1, "hs": "39*", "bta": 45, "btsr": 91.83}, {"tt": "in Ireland", "sp": "2017-2017", "mt": 2, "in": 1, "pr": "host=29", "rn": 5, "fo": 0, "si": 0, "ft": 0, "hn": 0, "bf": 14, "dk": 0, "no": 0, "hs": "5", "bta": 5, "btsr": 35.71}, {"tt": "in New Zealand", "sp": "2014-2021", "mt": 28, "in": 7, "pr": "host=5", "rn": 96, "fo": 8, "si": 6, "ft": 0, "hn": 0, "bf": 73, "dk": 1, "no": 5, "hs": "48*", "bta": 48, "btsr": 131.5}, {"tt": "in U.A.E.", "sp": "2014-2018", "mt": 5, "in": 1, "pr": "host=27", "rn": 1, "fo": 0, "si": 0, "ft": 0, "hn": 0, "bf": 3, "dk": 0, "no": 0, "hs": "1", "bta": 1, "btsr": 33.33}, {"tt": "in Zimbabwe", "sp": "2015-2015", "mt": 2, "in": null, "pr": "host=9", "rn": null, "fo": null, "si": null, "ft": null, "hn": null, "bf": null, "dk": null, "no": null, "hs": null, "bta": null, "btsr": null}]}, {"type": "CONTINENT", "stats": [{"tt": "in Africa", "sp": "2015-2015", "mt": 2, "in": null, "pr": "continent=1", "rn": null, "fo": null, "si": null, "ft": null, "hn": null, "bf": null, "dk": null, "no": null, "hs": null, "bta": null, "btsr": null}, {"tt": "in Asia", "sp": "2014-2018", "mt": 7, "in": 3, "pr": "continent=2", "rn": 46, "fo": 4, "si": 1, "ft": 0, "hn": 0, "bf": 52, "dk": 0, "no": 1, "hs": "39*", "bta": 23, "btsr": 88.46}, {"tt": "in Europe", "sp": "2015-2019", "mt": 15, "in": 8, "pr": "continent=4", "rn": 35, "fo": 3, "si": 1, "ft": 0, "hn": 0, "bf": 51, "dk": 1, "no": 1, "hs": "12", "bta": 5, "btsr": 68.62}, {"tt": "in Oceania", "sp": "2014-2021", "mt": 31, "in": 10, "pr": "continent=5", "rn": 130, "fo": 12, "si": 7, "ft": 0, "hn": 0, "bf": 108, "dk": 2, "no": 5, "hs": "48*", "bta": 26, "btsr": 120.37}]}, {"type": "HOME_OR_AWAY", "stats": [{"tt": "home", "sp": "2014-2021", "mt": 28, "in": 7, "pr": "home_or_away=1", "rn": 96, "fo": 8, "si": 6, "ft": 0, "hn": 0, "bf": 73, "dk": 1, "no": 5, "hs": "48*", "bta": 48, "btsr": 131.5}, {"tt": "away", "sp": "2015-2019", "mt": 14, "in": 9, "pr": "home_or_away=2", "rn": 102, "fo": 10, "si": 3, "ft": 0, "hn": 0, "bf": 111, "dk": 2, "no": 1, "hs": "39*", "bta": 12.75, "btsr": 91.89}, {"tt": "neutral", "sp": "2014-2019", "mt": 13, "in": 5, "pr": "home_or_away=3", "rn": 13, "fo": 1, "si": 0, "ft": 0, "hn": 0, "bf": 27, "dk": 0, "no": 1, "hs": "6", "bta": 3.25, "btsr": 48.14}]}, {"type": "YEAR", "stats": [{"tt": "year 2014", "sp": null, "mt": 6, "in": 1, "pr": "year=2014", "rn": 1, "fo": 0, "si": 0, "ft": 0, "hn": 0, "bf": 3, "dk": 0, "no": 0, "hs": "1", "bta": 1, "btsr": 33.33}, {"tt": "year 2015", "sp": null, "mt": 12, "in": 4, "pr": "year=2015", "rn": 32, "fo": 3, "si": 1, "ft": 0, "hn": 0, "bf": 36, "dk": 2, "no": 1, "hs": "20*", "bta": 10.66, "btsr": 88.88}, {"tt": "year 2016", "sp": null, "mt": 12, "in": 8, "pr": "year=2016", "rn": 132, "fo": 12, "si": 6, "ft": 0, "hn": 0, "bf": 119, "dk": 1, "no": 4, "hs": "48*", "bta": 33, "btsr": 110.92}, {"tt": "year 2017", "sp": null, "mt": 4, "in": 1, "pr": "year=2017", "rn": 5, "fo": 0, "si": 0, "ft": 0, "hn": 0, "bf": 14, "dk": 0, "no": 0, "hs": "5", "bta": 5, "btsr": 35.71}, {"tt": "year 2018", "sp": null, "mt": 2, "in": null, "pr": "year=2018", "rn": null, "fo": null, "si": null, "ft": null, "hn": null, "bf": null, "dk": null, "no": null, "hs": null, "bta": null, "btsr": null}, {"tt": "year 2019", "sp": null, "mt": 16, "in": 7, "pr": "year=2019", "rn": 41, "fo": 4, "si": 2, "ft": 0, "hn": 0, "bf": 39, "dk": 0, "no": 2, "hs": "17*", "bta": 8.2, "btsr": 105.12}, {"tt": "year 2021", "sp": null, "mt": 3, "in": null, "pr": "year=2021", "rn": null, "fo": null, "si": null, "ft": null, "hn": null, "bf": null, "dk": null, "no": null, "hs": null, "bta": null, "btsr": null}]}, {"type": "SEASON", "stats": [{"tt": "season 2013/14", "sp": null, "mt": 1, "in": null, "pr": "season=NaN", "rn": null, "fo": null, "si": null, "ft": null, "hn": null, "bf": null, "dk": null, "no": null, "hs": null, "bta": null, "btsr": null}, {"tt": "season 2014/15", "sp": null, "mt": 9, "in": 3, "pr": "season=NaN", "rn": 21, "fo": 2, "si": 0, "ft": 0, "hn": 0, "bf": 27, "dk": 1, "no": 1, "hs": "20*", "bta": 10.5, "btsr": 77.77}, {"tt": "season 2015", "sp": null, "mt": 6, "in": 2, "pr": "season=2015", "rn": 12, "fo": 1, "si": 1, "ft": 0, "hn": 0, "bf": 12, "dk": 1, "no": 0, "hs": "12", "bta": 6, "btsr": 100}, {"tt": "season 2015/16", "sp": null, "mt": 9, "in": 4, "pr": "season=NaN", "rn": 53, "fo": 4, "si": 4, "ft": 0, "hn": 0, "bf": 42, "dk": 1, "no": 3, "hs": "48*", "bta": 53, "btsr": 126.19}, {"tt": "season 2016/17", "sp": null, "mt": 5, "in": 4, "pr": "season=NaN", "rn": 79, "fo": 8, "si": 2, "ft": 0, "hn": 0, "bf": 77, "dk": 0, "no": 1, "hs": "39*", "bta": 26.33, "btsr": 102.59}, {"tt": "season 2017", "sp": null, "mt": 2, "in": 1, "pr": "season=2017", "rn": 5, "fo": 0, "si": 0, "ft": 0, "hn": 0, "bf": 14, "dk": 0, "no": 0, "hs": "5", "bta": 5, "btsr": 35.71}, {"tt": "season 2017/18", "sp": null, "mt": 3, "in": null, "pr": "season=NaN", "rn": null, "fo": null, "si": null, "ft": null, "hn": null, "bf": null, "dk": null, "no": null, "hs": null, "bta": null, "btsr": null}, {"tt": "season 2018/19", "sp": null, "mt": 8, "in": 2, "pr": "season=NaN", "rn": 23, "fo": 2, "si": 2, "ft": 0, "hn": 0, "bf": 14, "dk": 0, "no": 1, "hs": "17*", "bta": 23, "btsr": 164.28}, {"tt": "season 2019", "sp": null, "mt": 9, "in": 5, "pr": "season=2019", "rn": 18, "fo": 2, "si": 0, "ft": 0, "hn": 0, "bf": 25, "dk": 0, "no": 1, "hs": "7", "bta": 4.5, "btsr": 72}, {"tt": "season 2020/21", "sp": null, "mt": 3, "in": null, "pr": "season=NaN", "rn": null, "fo": null, "si": null, "ft": null, "hn": null, "bf": null, "dk": null, "no": null, "hs": null, "bta": null, "btsr": null}]}, {"type": "CAPTAINS_INVOLVED", "stats": [{"tt": "*TWM Latham", "sp": "2017-2021", "mt": 8, "in": 1, "pr": "captain_involve=59148", "rn": 5, "fo": 0, "si": 0, "ft": 0, "hn": 0, "bf": 14, "dk": 0, "no": 0, "hs": "5", "bta": 5, "btsr": 35.71}, {"tt": "*BB McCullum", "sp": "2014-2016", "mt": 16, "in": 7, "pr": "captain_involve=10384", "rn": 37, "fo": 3, "si": 1, "ft": 0, "hn": 0, "bf": 48, "dk": 3, "no": 3, "hs": "20*", "bta": 9.25, "btsr": 77.08}, {"tt": "*KS Williamson", "sp": "2014-2019", "mt": 31, "in": 13, "pr": "captain_involve=51088", "rn": 169, "fo": 16, "si": 8, "ft": 0, "hn": 0, "bf": 149, "dk": 0, "no": 4, "hs": "48*", "bta": 18.77, "btsr": 113.42}]}, {"type": "CAPTAIN", "stats": [{"tt": "is not captain", "sp": "2014-2021", "mt": 55, "in": 21, "pr": "captain=0", "rn": 211, "fo": 19, "si": 9, "ft": 0, "hn": 0, "bf": 211, "dk": 3, "no": 7, "hs": "48*", "bta": 15.07, "btsr": 100}]}, {"type": "KEEPER", "stats": [{"tt": "is not keeper", "sp": "2014-2021", "mt": 55, "in": 21, "pr": "keeper=0", "rn": 211, "fo": 19, "si": 9, "ft": 0, "hn": 0, "bf": 211, "dk": 3, "no": 7, "hs": "48*", "bta": 15.07, "btsr": 100}]}, {"type": "TOSS", "stats": [{"tt": "won the toss", "sp": "2014-2021", "mt": 25, "in": 9, "pr": "toss=1", "rn": 44, "fo": 5, "si": 0, "ft": 0, "hn": 0, "bf": 61, "dk": 3, "no": 1, "hs": "20*", "bta": 5.5, "btsr": 72.13}, {"tt": "lost the toss", "sp": "2014-2019", "mt": 30, "in": 12, "pr": "toss=2", "rn": 167, "fo": 14, "si": 9, "ft": 0, "hn": 0, "bf": 150, "dk": 0, "no": 6, "hs": "48*", "bta": 27.83, "btsr": 111.33}]}, {"type": "BATTING_FIELDING_SEQUENCE_AND_TOSS", "stats": [{"tt": "won toss &amp; batted", "sp": "2014-2021", "mt": 14, "in": 6, "pr": "batting_fielding_first=1;toss=1", "rn": 31, "fo": 4, "si": 0, "ft": 0, "hn": 0, "bf": 35, "dk": 2, "no": 1, "hs": "20*", "bta": 6.2, "btsr": 88.57}, {"tt": "won toss &amp; fielded", "sp": "2014-2021", "mt": 11, "in": 3, "pr": "batting_fielding_first=2;toss=1", "rn": 13, "fo": 1, "si": 0, "ft": 0, "hn": 0, "bf": 26, "dk": 1, "no": 0, "hs": "7", "bta": 4.33, "btsr": 50}, {"tt": "lost toss &amp; sent in", "sp": "2014-2019", "mt": 16, "in": 8, "pr": "batting_fielding_first=1;toss=2", "rn": 115, "fo": 9, "si": 6, "ft": 0, "hn": 0, "bf": 110, "dk": 0, "no": 5, "hs": "48*", "bta": 38.33, "btsr": 104.54}, {"tt": "lost toss &amp; fielded", "sp": "2014-2019", "mt": 14, "in": 4, "pr": "batting_fielding_first=2;toss=2", "rn": 52, "fo": 5, "si": 3, "ft": 0, "hn": 0, "bf": 40, "dk": 0, "no": 1, "hs": "27", "bta": 17.33, "btsr": 130}]}, {"type": "BATTING_FIELDING_SEQUENCE", "stats": [{"tt": "matches batting first", "sp": "2014-2021", "mt": 30, "in": 14, "pr": "batting_fielding_first=1", "rn": 146, "fo": 13, "si": 6, "ft": 0, "hn": 0, "bf": 145, "dk": 2, "no": 6, "hs": "48*", "bta": 18.25, "btsr": 100.68}, {"tt": "matches fielding first", "sp": "2014-2021", "mt": 25, "in": 7, "pr": "batting_fielding_first=2", "rn": 65, "fo": 6, "si": 3, "ft": 0, "hn": 0, "bf": 66, "dk": 1, "no": 1, "hs": "27", "bta": 10.83, "btsr": 98.48}]}, {"type": "TEAM_INNINGS", "stats": [{"tt": "1st team innings", "sp": "2014-2021", "mt": 54, "in": 21, "pr": null, "rn": 211, "fo": 19, "si": 9, "ft": 0, "hn": 0, "bf": 211, "dk": 3, "no": 7, "hs": "48*", "bta": 15.07, "btsr": 100}]}, {"type": "MATCH_INNINGS", "stats": [{"tt": "1st match innings", "sp": "2014-2021", "mt": 30, "in": 14, "pr": "innings_number=1", "rn": 146, "fo": 13, "si": 6, "ft": 0, "hn": 0, "bf": 145, "dk": 2, "no": 6, "hs": "48*", "bta": 18.25, "btsr": 100.68}, {"tt": "2nd match innings", "sp": "2014-2021", "mt": 24, "in": 7, "pr": "innings_number=2", "rn": 65, "fo": 6, "si": 3, "ft": 0, "hn": 0, "bf": 66, "dk": 1, "no": 1, "hs": "27", "bta": 10.83, "btsr": 98.48}]}, {"type": "FLOODLIT", "stats": [{"tt": "day match", "sp": "2014-2021", "mt": 27, "in": 6, "pr": "floodlit=1", "rn": 77, "fo": 6, "si": 5, "ft": 0, "hn": 0, "bf": 68, "dk": 0, "no": 1, "hs": "48*", "bta": 15.4, "btsr": 113.23}, {"tt": "day/night match", "sp": "2014-2021", "mt": 28, "in": 15, "pr": "floodlit=2", "rn": 134, "fo": 13, "si": 4, "ft": 0, "hn": 0, "bf": 143, "dk": 3, "no": 6, "hs": "39*", "bta": 14.88, "btsr": 93.7}]}, {"type": "RESULT", "stats": [{"tt": "won match", "sp": "2014-2021", "mt": 35, "in": 8, "pr": "result=1", "rn": 72, "fo": 6, "si": 4, "ft": 0, "hn": 0, "bf": 67, "dk": 0, "no": 4, "hs": "48*", "bta": 18, "btsr": 107.46}, {"tt": "lost match", "sp": "2014-2019", "mt": 15, "in": 12, "pr": "result=2", "rn": 135, "fo": 12, "si": 5, "ft": 0, "hn": 0, "bf": 142, "dk": 3, "no": 3, "hs": "39*", "bta": 15, "btsr": 95.07}, {"tt": "tied match", "sp": "2019-2019", "mt": 1, "in": 1, "pr": "result=3", "rn": 4, "fo": 1, "si": 0, "ft": 0, "hn": 0, "bf": 2, "dk": 0, "no": 0, "hs": "4", "bta": 4, "btsr": 200}, {"tt": "no result", "sp": "2014-2018", "mt": 4, "in": null, "pr": "result=5", "rn": null, "fo": null, "si": null, "ft": null, "hn": null, "bf": null, "dk": null, "no": null, "hs": null, "bta": null, "btsr": null}]}, {"type": "BATTING_FIELDING_SEQUENCE_AND_RESULT", "stats": [{"tt": "won batting first", "sp": "2014-2021", "mt": 18, "in": 7, "pr": "batting_fielding_first=1;result=1", "rn": 66, "fo": 5, "si": 4, "ft": 0, "hn": 0, "bf": 59, "dk": 0, "no": 4, "hs": "48*", "bta": 22, "btsr": 111.86}, {"tt": "won fielding first", "sp": "2014-2021", "mt": 17, "in": 1, "pr": "batting_fielding_first=2;result=1", "rn": 6, "fo": 1, "si": 0, "ft": 0, "hn": 0, "bf": 8, "dk": 0, "no": 0, "hs": "6", "bta": 6, "btsr": 75}, {"tt": "lost batting first", "sp": "2015-2019", "mt": 9, "in": 6, "pr": "batting_fielding_first=1;result=2", "rn": 76, "fo": 7, "si": 2, "ft": 0, "hn": 0, "bf": 84, "dk": 2, "no": 2, "hs": "39*", "bta": 19, "btsr": 90.47}, {"tt": "lost fielding first", "sp": "2014-2019", "mt": 6, "in": 6, "pr": "batting_fielding_first=2;result=2", "rn": 59, "fo": 5, "si": 3, "ft": 0, "hn": 0, "bf": 58, "dk": 1, "no": 1, "hs": "27", "bta": 11.8, "btsr": 101.72}, {"tt": "tied batting first", "sp": "2019-2019", "mt": 1, "in": 1, "pr": "batting_fielding_first=1;result=3", "rn": 4, "fo": 1, "si": 0, "ft": 0, "hn": 0, "bf": 2, "dk": 0, "no": 0, "hs": "4", "bta": 4, "btsr": 200}, {"tt": "no result batting first", "sp": "2015-2016", "mt": 2, "in": null, "pr": "batting_fielding_first=1;result=5", "rn": null, "fo": null, "si": null, "ft": null, "hn": null, "bf": null, "dk": null, "no": null, "hs": null, "bta": null, "btsr": null}, {"tt": "no result fielding first", "sp": "2014-2018", "mt": 2, "in": null, "pr": "batting_fielding_first=2;result=5", "rn": null, "fo": null, "si": null, "ft": null, "hn": null, "bf": null, "dk": null, "no": null, "hs": null, "bta": null, "btsr": null}]}, {"type": "TOURNAMENT_TYPE", "stats": [{"tt": "2 team series", "sp": "2014-2021", "mt": 42, "in": 14, "pr": "tournament_type=2", "rn": 188, "fo": 17, "si": 9, "ft": 0, "hn": 0, "bf": 165, "dk": 2, "no": 6, "hs": "48*", "bta": 23.5, "btsr": 113.93}, {"tt": "3-4 team tournaments", "sp": "2017-2017", "mt": 2, "in": 1, "pr": "tournament_type=3", "rn": 5, "fo": 0, "si": 0, "ft": 0, "hn": 0, "bf": 14, "dk": 0, "no": 0, "hs": "5", "bta": 5, "btsr": 35.71}, {"tt": "5+ team tournaments", "sp": "2015-2021", "mt": 14, "in": 6, "pr": "tournament_type=5", "rn": 18, "fo": 2, "si": 0, "ft": 0, "hn": 0, "bf": 32, "dk": 1, "no": 1, "hs": "7", "bta": 3.6, "btsr": 56.25}]}, {"type": "MATCH_NUMBER", "stats": [{"tt": "1st match in series", "sp": "2015-2021", "mt": 9, "in": 5, "pr": "match_number=1", "rn": 86, "fo": 9, "si": 5, "ft": 0, "hn": 0, "bf": 62, "dk": 1, "no": 2, "hs": "48*", "bta": 28.66, "btsr": 138.7}, {"tt": "2nd match in series", "sp": "2014-2021", "mt": 11, "in": 4, "pr": "match_number=2", "rn": 33, "fo": 2, "si": 0, "ft": 0, "hn": 0, "bf": 44, "dk": 1, "no": 1, "hs": "20*", "bta": 11, "btsr": 75}, {"tt": "3rd match in series", "sp": "2014-2021", "mt": 12, "in": 3, "pr": "match_number=3", "rn": 40, "fo": 4, "si": 1, "ft": 0, "hn": 0, "bf": 43, "dk": 0, "no": 2, "hs": "39*", "bta": 40, "btsr": 93.02}, {"tt": "4th match in series", "sp": "2014-2019", "mt": 4, "in": null, "pr": "match_number=4", "rn": null, "fo": null, "si": null, "ft": null, "hn": null, "bf": null, "dk": null, "no": null, "hs": null, "bta": null, "btsr": null}, {"tt": "5th match in series", "sp": "2014-2019", "mt": 6, "in": 2, "pr": "match_number=5", "rn": 29, "fo": 2, "si": 3, "ft": 0, "hn": 0, "bf": 16, "dk": 0, "no": 1, "hs": "17*", "bta": 29, "btsr": 181.25}]}, {"type": "MAJOR_TROPHY", "stats": [{"tt": "World Cup", "sp": "2015-2019", "mt": 11, "in": 6, "pr": "trophy=12", "rn": 18, "fo": 2, "si": 0, "ft": 0, "hn": 0, "bf": 32, "dk": 1, "no": 1, "hs": "7", "bta": 3.6, "btsr": 56.25}, {"tt": "Chappell-Hadlee", "sp": "2016-2016", "mt": 5, "in": 5, "pr": "trophy=65", "rn": 39, "fo": 4, "si": 1, "ft": 0, "hn": 0, "bf": 40, "dk": 1, "no": 2, "hs": "27", "bta": 13, "btsr": 97.5}]}, {"type": "FINAL_TYPE", "stats": [{"tt": "tournament finals", "sp": "2015-2019", "mt": 2, "in": 2, "pr": "final_type=1", "rn": 4, "fo": 1, "si": 0, "ft": 0, "hn": 0, "bf": 9, "dk": 1, "no": 0, "hs": "4", "bta": 2, "btsr": 44.44}, {"tt": "tournament semi-finals", "sp": "2015-2019", "mt": 2, "in": 1, "pr": "final_type=3", "rn": 1, "fo": 0, "si": 0, "ft": 0, "hn": 0, "bf": 2, "dk": 0, "no": 0, "hs": "1", "bta": 1, "btsr": 50}, {"tt": "preliminary matches", "sp": "2017-2021", "mt": 12, "in": 4, "pr": "final_type=0", "rn": 18, "fo": 1, "si": 0, "ft": 0, "hn": 0, "bf": 35, "dk": 0, "no": 1, "hs": "7", "bta": 6, "btsr": 51.42}]}, {"type": "BATTING_POSITION", "stats": [{"tt": "8th position", "sp": "2019-2019", "mt": 1, "in": 1, "pr": "batting_positionval1=batting_position;batting_positionmin1=8;batting_positionmax1=8", "rn": 6, "fo": 1, "si": 0, "ft": 0, "hn": 0, "bf": 5, "dk": 0, "no": 0, "hs": "6", "bta": 6, "btsr": 120}, {"tt": "9th position", "sp": "2015-2019", "mt": 8, "in": 8, "pr": "batting_positionval1=batting_position;batting_positionmin1=9;batting_positionmax1=9", "rn": 91, "fo": 10, "si": 5, "ft": 0, "hn": 0, "bf": 76, "dk": 1, "no": 2, "hs": "48*", "bta": 15.16, "btsr": 119.73}, {"tt": "10th position", "sp": "2014-2019", "mt": 12, "in": 12, "pr": "batting_positionval1=batting_position;batting_positionmin1=10;batting_positionmax1=10", "rn": 114, "fo": 8, "si": 4, "ft": 0, "hn": 0, "bf": 130, "dk": 2, "no": 5, "hs": "39*", "bta": 16.28, "btsr": 87.69}]}]}}