{"summary": {"recordClassId": 3, "type": "FIELDING", "groups": [{"type": "CAREER_AVERAGES", "stats": [{"tt": "overview", "sp": "2014-2017", "mt": 6, "in": 6, "pr": null, "ds": 1, "ct": 1, "st": 0, "ck": 0, "cf": 1, "mds": "1 (1ct 0st)", "dspi": 0.166}]}, {"type": "OPPOSITION_TEAM", "stats": [{"tt": "vs Bangladesh", "sp": "2017-2017", "mt": 1, "in": 1, "pr": "opposition=25", "ds": 1, "ct": 1, "st": 0, "ck": 0, "cf": 1, "mds": "1 (1ct 0st)", "dspi": 1}, {"tt": "vs England", "sp": "2015-2015", "mt": 1, "in": 1, "pr": "opposition=1", "ds": 0, "ct": 0, "st": 0, "ck": 0, "cf": 0, "mds": "0", "dspi": 0}, {"tt": "vs Pakistan", "sp": "2014-2016", "mt": 3, "in": 3, "pr": "opposition=7", "ds": 0, "ct": 0, "st": 0, "ck": 0, "cf": 0, "mds": "0", "dspi": 0}, {"tt": "vs Sri Lanka", "sp": "2016-2016", "mt": 1, "in": 1, "pr": "opposition=8", "ds": 0, "ct": 0, "st": 0, "ck": 0, "cf": 0, "mds": "0", "dspi": 0}]}, {"type": "HOST_COUNTRY", "stats": [{"tt": "in England", "sp": "2015-2015", "mt": 1, "in": 1, "pr": "host=1", "ds": 0, "ct": 0, "st": 0, "ck": 0, "cf": 0, "mds": "0", "dspi": 0}, {"tt": "in New Zealand", "sp": "2016-2017", "mt": 3, "in": 3, "pr": "host=5", "ds": 1, "ct": 1, "st": 0, "ck": 0, "cf": 1, "mds": "1 (1ct 0st)", "dspi": 0.333}, {"tt": "in U.A.E.", "sp": "2014-2014", "mt": 2, "in": 2, "pr": "host=27", "ds": 0, "ct": 0, "st": 0, "ck": 0, "cf": 0, "mds": "0", "dspi": 0}]}, {"type": "CONTINENT", "stats": [{"tt": "in Asia", "sp": "2014-2014", "mt": 2, "in": 2, "pr": "continent=2", "ds": 0, "ct": 0, "st": 0, "ck": 0, "cf": 0, "mds": "0", "dspi": 0}, {"tt": "in Europe", "sp": "2015-2015", "mt": 1, "in": 1, "pr": "continent=4", "ds": 0, "ct": 0, "st": 0, "ck": 0, "cf": 0, "mds": "0", "dspi": 0}, {"tt": "in Oceania", "sp": "2016-2017", "mt": 3, "in": 3, "pr": "continent=5", "ds": 1, "ct": 1, "st": 0, "ck": 0, "cf": 1, "mds": "1 (1ct 0st)", "dspi": 0.333}]}, {"type": "HOME_OR_AWAY", "stats": [{"tt": "home", "sp": "2016-2017", "mt": 3, "in": 3, "pr": "home_or_away=1", "ds": 1, "ct": 1, "st": 0, "ck": 0, "cf": 1, "mds": "1 (1ct 0st)", "dspi": 0.333}, {"tt": "away", "sp": "2015-2015", "mt": 1, "in": 1, "pr": "home_or_away=2", "ds": 0, "ct": 0, "st": 0, "ck": 0, "cf": 0, "mds": "0", "dspi": 0}, {"tt": "neutral", "sp": "2014-2014", "mt": 2, "in": 2, "pr": "home_or_away=3", "ds": 0, "ct": 0, "st": 0, "ck": 0, "cf": 0, "mds": "0", "dspi": 0}]}, {"type": "YEAR", "stats": [{"tt": "year 2014", "sp": null, "mt": 2, "in": 2, "pr": "year=2014", "ds": 0, "ct": 0, "st": 0, "ck": 0, "cf": 0, "mds": "0", "dspi": 0}, {"tt": "year 2015", "sp": null, "mt": 1, "in": 1, "pr": "year=2015", "ds": 0, "ct": 0, "st": 0, "ck": 0, "cf": 0, "mds": "0", "dspi": 0}, {"tt": "year 2016", "sp": null, "mt": 2, "in": 2, "pr": "year=2016", "ds": 0, "ct": 0, "st": 0, "ck": 0, "cf": 0, "mds": "0", "dspi": 0}, {"tt": "year 2017", "sp": null, "mt": 1, "in": 1, "pr": "year=2017", "ds": 1, "ct": 1, "st": 0, "ck": 0, "cf": 1, "mds": "1 (1ct 0st)", "dspi": 1}]}, {"type": "SEASON", "stats": [{"tt": "season 2014/15", "sp": null, "mt": 2, "in": 2, "pr": "season=2014/15", "ds": 0, "ct": 0, "st": 0, "ck": 0, "cf": 0, "mds": "0", "dspi": 0}, {"tt": "season 2015", "sp": null, "mt": 1, "in": 1, "pr": "season=2015", "ds": 0, "ct": 0, "st": 0, "ck": 0, "cf": 0, "mds": "0", "dspi": 0}, {"tt": "season 2015/16", "sp": null, "mt": 2, "in": 2, "pr": "season=2015/16", "ds": 0, "ct": 0, "st": 0, "ck": 0, "cf": 0, "mds": "0", "dspi": 0}, {"tt": "season 2016/17", "sp": null, "mt": 1, "in": 1, "pr": "season=2016/17", "ds": 1, "ct": 1, "st": 0, "ck": 0, "cf": 1, "mds": "1 (1ct 0st)", "dspi": 1}]}, {"type": "CAPTAINS_INVOLVED", "stats": [{"tt": "*BB McCullum", "sp": "2015-2015", "mt": 1, "in": 1, "pr": "captain_involve=10384", "ds": 0, "ct": 0, "st": 0, "ck": 0, "cf": 0, "mds": "0", "dspi": 0}, {"tt": "*KS Williamson", "sp": "2014-2017", "mt": 5, "in": 5, "pr": "captain_involve=51088", "ds": 1, "ct": 1, "st": 0, "ck": 0, "cf": 1, "mds": "1 (1ct 0st)", "dspi": 0.2}]}, {"type": "CAPTAIN", "stats": [{"tt": "is not captain", "sp": "2014-2017", "mt": 6, "in": 6, "pr": "captain=0", "ds": 1, "ct": 1, "st": 0, "ck": 0, "cf": 1, "mds": "1 (1ct 0st)", "dspi": 0.166}]}, {"type": "KEEPER", "stats": [{"tt": "is not keeper", "sp": "2014-2017", "mt": 6, "in": 6, "pr": "keeper=0", "ds": 1, "ct": 1, "st": 0, "ck": 0, "cf": 1, "mds": "1 (1ct 0st)", "dspi": 0.166}]}, {"type": "TOSS", "stats": [{"tt": "won the toss", "sp": "2016-2016", "mt": 1, "in": 1, "pr": "toss=1", "ds": 0, "ct": 0, "st": 0, "ck": 0, "cf": 0, "mds": "0", "dspi": 0}, {"tt": "lost the toss", "sp": "2014-2017", "mt": 5, "in": 5, "pr": "toss=2", "ds": 1, "ct": 1, "st": 0, "ck": 0, "cf": 1, "mds": "1 (1ct 0st)", "dspi": 0.2}]}, {"type": "BATTING_FIELDING_SEQUENCE_AND_TOSS", "stats": [{"tt": "won toss &amp; fielded", "sp": "2016-2016", "mt": 1, "in": 1, "pr": "batting_fielding_first=2;toss=1", "ds": 0, "ct": 0, "st": 0, "ck": 0, "cf": 0, "mds": "0", "dspi": 0}, {"tt": "lost toss &amp; sent in", "sp": "2014-2016", "mt": 3, "in": 3, "pr": "batting_fielding_first=1;toss=2", "ds": 0, "ct": 0, "st": 0, "ck": 0, "cf": 0, "mds": "0", "dspi": 0}, {"tt": "lost toss &amp; fielded", "sp": "2015-2017", "mt": 2, "in": 2, "pr": "batting_fielding_first=2;toss=2", "ds": 1, "ct": 1, "st": 0, "ck": 0, "cf": 1, "mds": "1 (1ct 0st)", "dspi": 0.5}]}, {"type": "BATTING_FIELDING_SEQUENCE", "stats": [{"tt": "matches batting first", "sp": "2014-2016", "mt": 3, "in": 3, "pr": "batting_fielding_first=1", "ds": 0, "ct": 0, "st": 0, "ck": 0, "cf": 0, "mds": "0", "dspi": 0}, {"tt": "matches fielding first", "sp": "2015-2017", "mt": 3, "in": 3, "pr": "batting_fielding_first=2", "ds": 1, "ct": 1, "st": 0, "ck": 0, "cf": 1, "mds": "1 (1ct 0st)", "dspi": 0.333}]}, {"type": "TEAM_INNINGS", "stats": [{"tt": "1st team innings", "sp": "2014-2017", "mt": 6, "in": 6, "pr": "innings_number=2;innings_number=1", "ds": 1, "ct": 1, "st": 0, "ck": 0, "cf": 1, "mds": "1 (1ct 0st)", "dspi": 0.166}]}, {"type": "MATCH_INNINGS", "stats": [{"tt": "1st match innings", "sp": "2015-2017", "mt": 3, "in": 3, "pr": "innings_number=1", "ds": 1, "ct": 1, "st": 0, "ck": 0, "cf": 1, "mds": "1 (1ct 0st)", "dspi": 0.333}, {"tt": "2nd match innings", "sp": "2014-2016", "mt": 3, "in": 3, "pr": "innings_number=2", "ds": 0, "ct": 0, "st": 0, "ck": 0, "cf": 0, "mds": "0", "dspi": 0}]}, {"type": "FLOODLIT", "stats": [{"tt": "day match", "sp": "2016-2016", "mt": 1, "in": 1, "pr": "floodlit=1", "ds": 0, "ct": 0, "st": 0, "ck": 0, "cf": 0, "mds": "0", "dspi": 0}, {"tt": "day/night match", "sp": "2015-2016", "mt": 2, "in": 2, "pr": "floodlit=2", "ds": 0, "ct": 0, "st": 0, "ck": 0, "cf": 0, "mds": "0", "dspi": 0}, {"tt": "night match", "sp": "2014-2017", "mt": 3, "in": 3, "pr": "floodlit=3", "ds": 1, "ct": 1, "st": 0, "ck": 0, "cf": 1, "mds": "1 (1ct 0st)", "dspi": 0.333}]}, {"type": "RESULT", "stats": [{"tt": "won match", "sp": "2014-2017", "mt": 3, "in": 3, "pr": "result=1", "ds": 1, "ct": 1, "st": 0, "ck": 0, "cf": 1, "mds": "1 (1ct 0st)", "dspi": 0.333}, {"tt": "lost match", "sp": "2014-2016", "mt": 3, "in": 3, "pr": "result=2", "ds": 0, "ct": 0, "st": 0, "ck": 0, "cf": 0, "mds": "0", "dspi": 0}]}, {"type": "BATTING_FIELDING_SEQUENCE_AND_RESULT", "stats": [{"tt": "won batting first", "sp": "2014-2016", "mt": 2, "in": 2, "pr": "batting_fielding_first=1;result=1", "ds": 0, "ct": 0, "st": 0, "ck": 0, "cf": 0, "mds": "0", "dspi": 0}, {"tt": "won fielding first", "sp": "2017-2017", "mt": 1, "in": 1, "pr": "batting_fielding_first=2;result=1", "ds": 1, "ct": 1, "st": 0, "ck": 0, "cf": 1, "mds": "1 (1ct 0st)", "dspi": 1}, {"tt": "lost batting first", "sp": "2014-2014", "mt": 1, "in": 1, "pr": "batting_fielding_first=1;result=2", "ds": 0, "ct": 0, "st": 0, "ck": 0, "cf": 0, "mds": "0", "dspi": 0}, {"tt": "lost fielding first", "sp": "2015-2016", "mt": 2, "in": 2, "pr": "batting_fielding_first=2;result=2", "ds": 0, "ct": 0, "st": 0, "ck": 0, "cf": 0, "mds": "0", "dspi": 0}]}, {"type": "TOURNAMENT_TYPE", "stats": [{"tt": "2 team series", "sp": "2014-2017", "mt": 6, "in": 6, "pr": "tournament_type=2", "ds": 1, "ct": 1, "st": 0, "ck": 0, "cf": 1, "mds": "1 (1ct 0st)", "dspi": 0.166}]}, {"type": "MATCH_NUMBER", "stats": [{"tt": "only match in series", "sp": "2015-2015", "mt": 1, "in": 1, "pr": "match_number=0", "ds": 0, "ct": 0, "st": 0, "ck": 0, "cf": 0, "mds": "0", "dspi": 0}, {"tt": "1st match in series", "sp": "2014-2017", "mt": 4, "in": 4, "pr": "match_number=1", "ds": 1, "ct": 1, "st": 0, "ck": 0, "cf": 1, "mds": "1 (1ct 0st)", "dspi": 0.25}, {"tt": "2nd match in series", "sp": "2014-2014", "mt": 1, "in": 1, "pr": "match_number=2", "ds": 0, "ct": 0, "st": 0, "ck": 0, "cf": 0, "mds": "0", "dspi": 0}]}]}}