{"summary": {"recordClassId": 2, "type": "BOWLING", "groups": [{"type": "CAREER_AVERAGES", "stats": [{"bl": null, "tt": "overview", "sp": "2014-2021", "mt": 55, "in": 53, "pr": null, "ov": 479.3, "cd": 2538, "md": 33, "wk": 98, "fwk": 8, "fw": 2, "tw": 0, "bbi": "5/30", "bbm": "5/30", "bwa": 25.89, "bwe": 5.29, "bwsr": 29.3}]}, {"type": "OPPOSITION_TEAM", "stats": [{"bl": null, "tt": "vs Afghanistan", "sp": "2019-2019", "mt": 1, "in": 1, "pr": "opposition=40", "ov": 8, "cd": 50, "md": 0, "wk": 0, "fwk": 0, "fw": 0, "tw": 0, "bbi": null, "bbm": null, "bwa": null, "bwe": 6.25, "bwsr": null}, {"bl": null, "tt": "vs Australia", "sp": "2015-2016", "mt": 6, "in": 6, "pr": "opposition=2", "ov": 55.1, "cd": 369, "md": 1, "wk": 12, "fwk": 0, "fw": 0, "tw": 0, "bbi": "3/41", "bbm": "3/41", "bwa": 30.75, "bwe": 6.68, "bwsr": 27.5}, {"bl": null, "tt": "vs Bangladesh", "sp": "2016-2021", "mt": 8, "in": 8, "pr": "opposition=25", "ov": 75.2, "cd": 328, "md": 9, "wk": 15, "fwk": 2, "fw": 0, "tw": 0, "bbi": "4/27", "bbm": "4/27", "bwa": 21.86, "bwe": 4.35, "bwsr": 30.1}, {"bl": null, "tt": "vs England", "sp": "2015-2019", "mt": 6, "in": 6, "pr": "opposition=1", "ov": 55, "cd": 345, "md": 2, "wk": 8, "fwk": 0, "fw": 0, "tw": 0, "bbi": "2/54", "bbm": "2/54", "bwa": 43.12, "bwe": 6.27, "bwsr": 41.2}, {"bl": null, "tt": "vs India", "sp": "2014-2019", "mt": 6, "in": 6, "pr": "opposition=6", "ov": 57.2, "cd": 247, "md": 5, "wk": 14, "fwk": 2, "fw": 0, "tw": 0, "bbi": "4/35", "bbm": "4/35", "bwa": 17.64, "bwe": 4.3, "bwsr": 24.5}, {"bl": null, "tt": "vs Ireland", "sp": "2017-2017", "mt": 1, "in": 1, "pr": "opposition=29", "ov": 8, "cd": 36, "md": 1, "wk": 3, "fwk": 0, "fw": 0, "tw": 0, "bbi": "3/36", "bbm": "3/36", "bwa": 12, "bwe": 4.5, "bwsr": 16}, {"bl": null, "tt": "vs Pakistan", "sp": "2014-2019", "mt": 9, "in": 9, "pr": "opposition=7", "ov": 83, "cd": 430, "md": 2, "wk": 20, "fwk": 2, "fw": 1, "tw": 0, "bbi": "5/30", "bbm": "5/30", "bwa": 21.5, "bwe": 5.18, "bwsr": 24.9}, {"bl": null, "tt": "vs South Africa", "sp": "2014-2019", "mt": 3, "in": 3, "pr": "opposition=3", "ov": 26, "cd": 114, "md": 5, "wk": 2, "fwk": 0, "fw": 0, "tw": 0, "bbi": "2/40", "bbm": "2/40", "bwa": 57, "bwe": 4.38, "bwsr": 78}, {"bl": null, "tt": "vs Sri Lanka", "sp": "2015-2019", "mt": 10, "in": 8, "pr": "opposition=8", "ov": 73.4, "cd": 386, "md": 5, "wk": 21, "fwk": 2, "fw": 1, "tw": 0, "bbi": "5/40", "bbm": "5/40", "bwa": 18.38, "bwe": 5.23, "bwsr": 21}, {"bl": null, "tt": "vs West Indies", "sp": "2017-2019", "mt": 3, "in": 3, "pr": "opposition=4", "ov": 21, "cd": 130, "md": 1, "wk": 3, "fwk": 0, "fw": 0, "tw": 0, "bbi": "2/18", "bbm": "2/18", "bwa": 43.33, "bwe": 6.19, "bwsr": 42}, {"bl": null, "tt": "vs Zimbabwe", "sp": "2015-2015", "mt": 2, "in": 2, "pr": "opposition=9", "ov": 17, "cd": 103, "md": 2, "wk": 0, "fwk": 0, "fw": 0, "tw": 0, "bbi": null, "bbm": null, "bwa": null, "bwe": 6.05, "bwsr": null}]}, {"type": "HOST_COUNTRY", "stats": [{"bl": null, "tt": "in Australia", "sp": "2015-2016", "mt": 3, "in": 3, "pr": "host=2", "ov": 29.1, "cd": 211, "md": 0, "wk": 4, "fwk": 0, "fw": 0, "tw": 0, "bbi": "2/46", "bbm": "2/46", "bwa": 52.75, "bwe": 7.23, "bwsr": 43.7}, {"bl": null, "tt": "in England", "sp": "2015-2019", "mt": 13, "in": 13, "pr": "host=1", "ov": 115.2, "cd": 643, "md": 5, "wk": 19, "fwk": 1, "fw": 0, "tw": 0, "bbi": "4/47", "bbm": "4/47", "bwa": 33.84, "bwe": 5.57, "bwsr": 36.4}, {"bl": null, "tt": "in India", "sp": "2016-2016", "mt": 2, "in": 2, "pr": "host=6", "ov": 19.2, "cd": 107, "md": 0, "wk": 3, "fwk": 0, "fw": 0, "tw": 0, "bbi": "2/56", "bbm": "2/56", "bwa": 35.66, "bwe": 5.53, "bwsr": 38.6}, {"bl": null, "tt": "in Ireland", "sp": "2017-2017", "mt": 2, "in": 2, "pr": "host=29", "ov": 18, "cd": 85, "md": 1, "wk": 3, "fwk": 0, "fw": 0, "tw": 0, "bbi": "3/36", "bbm": "3/36", "bwa": 28.33, "bwe": 4.72, "bwsr": 36}, {"bl": null, "tt": "in New Zealand", "sp": "2014-2021", "mt": 28, "in": 26, "pr": "host=5", "ov": 232.4, "cd": 1124, "md": 24, "wk": 55, "fwk": 6, "fw": 1, "tw": 0, "bbi": "5/40", "bbm": "5/40", "bwa": 20.43, "bwe": 4.83, "bwsr": 25.3}, {"bl": null, "tt": "in U.A.E.", "sp": "2014-2018", "mt": 5, "in": 5, "pr": "host=27", "ov": 48, "cd": 265, "md": 1, "wk": 14, "fwk": 1, "fw": 1, "tw": 0, "bbi": "5/30", "bbm": "5/30", "bwa": 18.92, "bwe": 5.52, "bwsr": 20.5}, {"bl": null, "tt": "in Zimbabwe", "sp": "2015-2015", "mt": 2, "in": 2, "pr": "host=9", "ov": 17, "cd": 103, "md": 2, "wk": 0, "fwk": 0, "fw": 0, "tw": 0, "bbi": null, "bbm": null, "bwa": null, "bwe": 6.05, "bwsr": null}]}, {"type": "CONTINENT", "stats": [{"bl": null, "tt": "in Africa", "sp": "2015-2015", "mt": 2, "in": 2, "pr": "continent=1", "ov": 17, "cd": 103, "md": 2, "wk": 0, "fwk": 0, "fw": 0, "tw": 0, "bbi": null, "bbm": null, "bwa": null, "bwe": 6.05, "bwsr": null}, {"bl": null, "tt": "in Asia", "sp": "2014-2018", "mt": 7, "in": 7, "pr": "continent=2", "ov": 67.2, "cd": 372, "md": 1, "wk": 17, "fwk": 1, "fw": 1, "tw": 0, "bbi": "5/30", "bbm": "5/30", "bwa": 21.88, "bwe": 5.52, "bwsr": 23.7}, {"bl": null, "tt": "in Europe", "sp": "2015-2019", "mt": 15, "in": 15, "pr": "continent=4", "ov": 133.2, "cd": 728, "md": 6, "wk": 22, "fwk": 1, "fw": 0, "tw": 0, "bbi": "4/47", "bbm": "4/47", "bwa": 33.09, "bwe": 5.46, "bwsr": 36.3}, {"bl": null, "tt": "in Oceania", "sp": "2014-2021", "mt": 31, "in": 29, "pr": "continent=5", "ov": 261.5, "cd": 1335, "md": 24, "wk": 59, "fwk": 6, "fw": 1, "tw": 0, "bbi": "5/40", "bbm": "5/40", "bwa": 22.62, "bwe": 5.09, "bwsr": 26.6}]}, {"type": "HOME_OR_AWAY", "stats": [{"bl": null, "tt": "home", "sp": "2014-2021", "mt": 28, "in": 26, "pr": "home_or_away=1", "ov": 232.4, "cd": 1124, "md": 24, "wk": 55, "fwk": 6, "fw": 1, "tw": 0, "bbi": "5/40", "bbm": "5/40", "bwa": 20.43, "bwe": 4.83, "bwsr": 25.3}, {"bl": null, "tt": "away", "sp": "2015-2019", "mt": 14, "in": 14, "pr": "home_or_away=2", "ov": 128.3, "cd": 802, "md": 5, "wk": 18, "fwk": 0, "fw": 0, "tw": 0, "bbi": "3/36", "bbm": "3/36", "bwa": 44.55, "bwe": 6.24, "bwsr": 42.8}, {"bl": null, "tt": "neutral", "sp": "2014-2019", "mt": 13, "in": 13, "pr": "home_or_away=3", "ov": 118.2, "cd": 612, "md": 4, "wk": 25, "fwk": 2, "fw": 1, "tw": 0, "bbi": "5/30", "bbm": "5/30", "bwa": 24.48, "bwe": 5.17, "bwsr": 28.4}]}, {"type": "YEAR", "stats": [{"bl": null, "tt": "year 2014", "sp": null, "mt": 6, "in": 6, "pr": "year=2014", "ov": 56, "cd": 290, "md": 3, "wk": 19, "fwk": 2, "fw": 1, "tw": 0, "bbi": "5/30", "bbm": "5/30", "bwa": 15.26, "bwe": 5.17, "bwsr": 17.6}, {"bl": null, "tt": "year 2015", "sp": null, "mt": 12, "in": 11, "pr": "year=2015", "ov": 98.3, "cd": 556, "md": 7, "wk": 17, "fwk": 2, "fw": 0, "tw": 0, "bbi": "4/33", "bbm": "4/33", "bwa": 32.7, "bwe": 5.64, "bwsr": 34.7}, {"bl": null, "tt": "year 2016", "sp": null, "mt": 12, "in": 11, "pr": "year=2016", "ov": 101.2, "cd": 610, "md": 2, "wk": 22, "fwk": 0, "fw": 1, "tw": 0, "bbi": "5/40", "bbm": "5/40", "bwa": 27.72, "bwe": 6.01, "bwsr": 27.6}, {"bl": null, "tt": "year 2017", "sp": null, "mt": 4, "in": 4, "pr": "year=2017", "ov": 30, "cd": 139, "md": 2, "wk": 5, "fwk": 0, "fw": 0, "tw": 0, "bbi": "3/36", "bbm": "3/36", "bwa": 27.8, "bwe": 4.63, "bwsr": 36}, {"bl": null, "tt": "year 2018", "sp": null, "mt": 2, "in": 2, "pr": "year=2018", "ov": 20, "cd": 106, "md": 1, "wk": 5, "fwk": 1, "fw": 0, "tw": 0, "bbi": "4/53", "bbm": "4/53", "bwa": 21.2, "bwe": 5.3, "bwsr": 24}, {"bl": null, "tt": "year 2019", "sp": null, "mt": 16, "in": 16, "pr": "year=2019", "ov": 144.4, "cd": 736, "md": 12, "wk": 24, "fwk": 2, "fw": 0, "tw": 0, "bbi": "4/35", "bbm": "4/35", "bwa": 30.66, "bwe": 5.08, "bwsr": 36.1}, {"bl": null, "tt": "year 2021", "sp": null, "mt": 3, "in": 3, "pr": "year=2021", "ov": 29, "cd": 101, "md": 6, "wk": 6, "fwk": 1, "fw": 0, "tw": 0, "bbi": "4/27", "bbm": "4/27", "bwa": 16.83, "bwe": 3.48, "bwsr": 29}]}, {"type": "SEASON", "stats": [{"bl": null, "tt": "season 2013/14", "sp": null, "mt": 1, "in": 1, "pr": "season=2013/14", "ov": 10, "cd": 38, "md": 1, "wk": 4, "fwk": 1, "fw": 0, "tw": 0, "bbi": "4/38", "bbm": "4/38", "bwa": 9.5, "bwe": 3.8, "bwsr": 15}, {"bl": null, "tt": "season 2014/15", "sp": null, "mt": 9, "in": 8, "pr": "season=2014/15", "ov": 72.5, "cd": 372, "md": 4, "wk": 19, "fwk": 1, "fw": 1, "tw": 0, "bbi": "5/30", "bbm": "5/30", "bwa": 19.57, "bwe": 5.1, "bwsr": 23}, {"bl": null, "tt": "season 2015", "sp": null, "mt": 6, "in": 6, "pr": "season=2015", "ov": 52, "cd": 354, "md": 2, "wk": 5, "fwk": 0, "fw": 0, "tw": 0, "bbi": "2/64", "bbm": "2/64", "bwa": 70.8, "bwe": 6.8, "bwsr": 62.4}, {"bl": null, "tt": "season 2015/16", "sp": null, "mt": 9, "in": 8, "pr": "season=2015/16", "ov": 73.4, "cd": 367, "md": 5, "wk": 23, "fwk": 2, "fw": 1, "tw": 0, "bbi": "5/40", "bbm": "5/40", "bwa": 15.95, "bwe": 4.98, "bwsr": 19.2}, {"bl": null, "tt": "season 2016/17", "sp": null, "mt": 5, "in": 5, "pr": "season=2016/17", "ov": 47.2, "cd": 325, "md": 0, "wk": 7, "fwk": 0, "fw": 0, "tw": 0, "bbi": "2/53", "bbm": "2/53", "bwa": 46.42, "bwe": 6.86, "bwsr": 40.5}, {"bl": null, "tt": "season 2017", "sp": null, "mt": 2, "in": 2, "pr": "season=2017", "ov": 18, "cd": 85, "md": 1, "wk": 3, "fwk": 0, "fw": 0, "tw": 0, "bbi": "3/36", "bbm": "3/36", "bwa": 28.33, "bwe": 4.72, "bwsr": 36}, {"bl": null, "tt": "season 2017/18", "sp": null, "mt": 3, "in": 3, "pr": "season=2017/18", "ov": 22, "cd": 107, "md": 2, "wk": 6, "fwk": 1, "fw": 0, "tw": 0, "bbi": "4/53", "bbm": "4/53", "bwa": 17.83, "bwe": 4.86, "bwsr": 22}, {"bl": null, "tt": "season 2018/19", "sp": null, "mt": 8, "in": 8, "pr": "season=2018/19", "ov": 74.2, "cd": 397, "md": 7, "wk": 11, "fwk": 1, "fw": 0, "tw": 0, "bbi": "4/35", "bbm": "4/35", "bwa": 36.09, "bwe": 5.34, "bwsr": 40.5}, {"bl": null, "tt": "season 2019", "sp": null, "mt": 9, "in": 9, "pr": "season=2019", "ov": 80.2, "cd": 392, "md": 5, "wk": 14, "fwk": 1, "fw": 0, "tw": 0, "bbi": "4/47", "bbm": "4/47", "bwa": 28, "bwe": 4.87, "bwsr": 34.4}, {"bl": null, "tt": "season 2020/21", "sp": null, "mt": 3, "in": 3, "pr": "season=2020/21", "ov": 29, "cd": 101, "md": 6, "wk": 6, "fwk": 1, "fw": 0, "tw": 0, "bbi": "4/27", "bbm": "4/27", "bwa": 16.83, "bwe": 3.48, "bwsr": 29}]}, {"type": "CAPTAINS_INVOLVED", "stats": [{"bl": null, "tt": "*TWM Latham", "sp": "2017-2021", "mt": 8, "in": 8, "pr": "captain_involve=59148", "ov": 69, "cd": 293, "md": 8, "wk": 12, "fwk": 1, "fw": 0, "tw": 0, "bbi": "4/27", "bbm": "4/27", "bwa": 24.41, "bwe": 4.24, "bwsr": 34.5}, {"bl": null, "tt": "*BB McCullum", "sp": "2014-2016", "mt": 16, "in": 15, "pr": "captain_involve=10384", "ov": 135.3, "cd": 733, "md": 8, "wk": 33, "fwk": 3, "fw": 0, "tw": 0, "bbi": "4/33", "bbm": "4/33", "bwa": 22.21, "bwe": 5.4, "bwsr": 24.6}, {"bl": null, "tt": "*KS Williamson", "sp": "2014-2019", "mt": 31, "in": 30, "pr": "captain_involve=51088", "ov": 275, "cd": 1512, "md": 17, "wk": 53, "fwk": 4, "fw": 2, "tw": 0, "bbi": "5/30", "bbm": "5/30", "bwa": 28.52, "bwe": 5.49, "bwsr": 31.1}]}, {"type": "CAPTAIN", "stats": [{"bl": null, "tt": "is not captain", "sp": "2014-2021", "mt": 55, "in": 53, "pr": "captain=0", "ov": 479.3, "cd": 2538, "md": 33, "wk": 98, "fwk": 8, "fw": 2, "tw": 0, "bbi": "5/30", "bbm": "5/30", "bwa": 25.89, "bwe": 5.29, "bwsr": 29.3}]}, {"type": "KEEPER", "stats": [{"bl": null, "tt": "is not keeper", "sp": "2014-2021", "mt": 55, "in": 53, "pr": "keeper=0", "ov": 479.3, "cd": 2538, "md": 33, "wk": 98, "fwk": 8, "fw": 2, "tw": 0, "bbi": "5/30", "bbm": "5/30", "bwa": 25.89, "bwe": 5.29, "bwsr": 29.3}]}, {"type": "TOSS", "stats": [{"bl": null, "tt": "won the toss", "sp": "2014-2021", "mt": 25, "in": 25, "pr": "toss=1", "ov": 228.3, "cd": 1149, "md": 20, "wk": 43, "fwk": 3, "fw": 1, "tw": 0, "bbi": "5/30", "bbm": "5/30", "bwa": 26.72, "bwe": 5.02, "bwsr": 31.8}, {"bl": null, "tt": "lost the toss", "sp": "2014-2019", "mt": 30, "in": 28, "pr": "toss=2", "ov": 251, "cd": 1389, "md": 13, "wk": 55, "fwk": 5, "fw": 1, "tw": 0, "bbi": "5/40", "bbm": "5/40", "bwa": 25.25, "bwe": 5.53, "bwsr": 27.3}]}, {"type": "BATTING_FIELDING_SEQUENCE_AND_TOSS", "stats": [{"bl": null, "tt": "won toss &amp; batted", "sp": "2014-2021", "mt": 14, "in": 14, "pr": "batting_fielding_first=1;toss=1", "ov": 129.1, "cd": 651, "md": 9, "wk": 31, "fwk": 2, "fw": 1, "tw": 0, "bbi": "5/30", "bbm": "5/30", "bwa": 21, "bwe": 5.04, "bwsr": 25}, {"bl": null, "tt": "won toss &amp; fielded", "sp": "2014-2021", "mt": 11, "in": 11, "pr": "batting_fielding_first=2;toss=1", "ov": 99.2, "cd": 498, "md": 11, "wk": 12, "fwk": 1, "fw": 0, "tw": 0, "bbi": "4/47", "bbm": "4/47", "bwa": 41.5, "bwe": 5.01, "bwsr": 49.6}, {"bl": null, "tt": "lost toss &amp; sent in", "sp": "2014-2019", "mt": 16, "in": 14, "pr": "batting_fielding_first=1;toss=2", "ov": 119.2, "cd": 683, "md": 4, "wk": 23, "fwk": 1, "fw": 1, "tw": 0, "bbi": "5/40", "bbm": "5/40", "bwa": 29.69, "bwe": 5.72, "bwsr": 31.1}, {"bl": null, "tt": "lost toss &amp; fielded", "sp": "2014-2019", "mt": 14, "in": 14, "pr": "batting_fielding_first=2;toss=2", "ov": 131.4, "cd": 706, "md": 9, "wk": 32, "fwk": 4, "fw": 0, "tw": 0, "bbi": "4/33", "bbm": "4/33", "bwa": 22.06, "bwe": 5.36, "bwsr": 24.6}]}, {"type": "BATTING_FIELDING_SEQUENCE", "stats": [{"bl": null, "tt": "matches batting first", "sp": "2014-2021", "mt": 30, "in": 28, "pr": "batting_fielding_first=1", "ov": 248.3, "cd": 1334, "md": 13, "wk": 54, "fwk": 3, "fw": 2, "tw": 0, "bbi": "5/30", "bbm": "5/30", "bwa": 24.7, "bwe": 5.36, "bwsr": 27.6}, {"bl": null, "tt": "matches fielding first", "sp": "2014-2021", "mt": 25, "in": 25, "pr": "batting_fielding_first=2", "ov": 231, "cd": 1204, "md": 20, "wk": 44, "fwk": 5, "fw": 0, "tw": 0, "bbi": "4/33", "bbm": "4/33", "bwa": 27.36, "bwe": 5.21, "bwsr": 31.5}]}, {"type": "TEAM_INNINGS", "stats": [{"bl": null, "tt": "1st team innings", "sp": "2014-2021", "mt": 53, "in": 53, "pr": "innings_number=2;innings_number=1", "ov": 479.3, "cd": 2538, "md": 33, "wk": 98, "fwk": 8, "fw": 2, "tw": 0, "bbi": "5/30", "bbm": "5/30", "bwa": 25.89, "bwe": 5.29, "bwsr": 29.3}]}, {"type": "MATCH_INNINGS", "stats": [{"bl": null, "tt": "1st match innings", "sp": "2014-2021", "mt": 25, "in": 25, "pr": "innings_number=1", "ov": 231, "cd": 1204, "md": 20, "wk": 44, "fwk": 5, "fw": 0, "tw": 0, "bbi": "4/33", "bbm": "4/33", "bwa": 27.36, "bwe": 5.21, "bwsr": 31.5}, {"bl": null, "tt": "2nd match innings", "sp": "2014-2021", "mt": 28, "in": 28, "pr": "innings_number=2", "ov": 248.3, "cd": 1334, "md": 13, "wk": 54, "fwk": 3, "fw": 2, "tw": 0, "bbi": "5/30", "bbm": "5/30", "bwa": 24.7, "bwe": 5.36, "bwsr": 27.6}]}, {"type": "FLOODLIT", "stats": [{"bl": null, "tt": "day match", "sp": "2014-2021", "mt": 27, "in": 26, "pr": "floodlit=1", "ov": 226.4, "cd": 1062, "md": 20, "wk": 46, "fwk": 4, "fw": 1, "tw": 0, "bbi": "5/40", "bbm": "5/40", "bwa": 23.08, "bwe": 4.68, "bwsr": 29.5}, {"bl": null, "tt": "day/night match", "sp": "2014-2021", "mt": 28, "in": 27, "pr": "floodlit=2", "ov": 252.5, "cd": 1476, "md": 13, "wk": 52, "fwk": 4, "fw": 1, "tw": 0, "bbi": "5/30", "bbm": "5/30", "bwa": 28.38, "bwe": 5.83, "bwsr": 29.1}]}, {"type": "RESULT", "stats": [{"bl": null, "tt": "won match", "sp": "2014-2021", "mt": 35, "in": 35, "pr": "result=1", "ov": 313.2, "cd": 1570, "md": 29, "wk": 72, "fwk": 7, "fw": 2, "tw": 0, "bbi": "5/30", "bbm": "5/30", "bwa": 21.8, "bwe": 5.01, "bwsr": 26.1}, {"bl": null, "tt": "lost match", "sp": "2014-2019", "mt": 15, "in": 15, "pr": "result=2", "ov": 138.1, "cd": 835, "md": 1, "wk": 22, "fwk": 1, "fw": 0, "tw": 0, "bbi": "4/35", "bbm": "4/35", "bwa": 37.95, "bwe": 6.04, "bwsr": 37.6}, {"bl": null, "tt": "tied match", "sp": "2019-2019", "mt": 1, "in": 1, "pr": "result=3", "ov": 10, "cd": 40, "md": 2, "wk": 1, "fwk": 0, "fw": 0, "tw": 0, "bbi": "1/40", "bbm": "1/40", "bwa": 40, "bwe": 4, "bwsr": 60}, {"bl": null, "tt": "no result", "sp": "2014-2018", "mt": 4, "in": 2, "pr": "result=5", "ov": 18, "cd": 93, "md": 1, "wk": 3, "fwk": 0, "fw": 0, "tw": 0, "bbi": "2/40", "bbm": "2/40", "bwa": 31, "bwe": 5.16, "bwsr": 36}]}, {"type": "BATTING_FIELDING_SEQUENCE_AND_RESULT", "stats": [{"bl": null, "tt": "won batting first", "sp": "2014-2021", "mt": 18, "in": 18, "pr": "batting_fielding_first=1;result=1", "ov": 159.2, "cd": 855, "md": 11, "wk": 42, "fwk": 3, "fw": 2, "tw": 0, "bbi": "5/30", "bbm": "5/30", "bwa": 20.35, "bwe": 5.36, "bwsr": 22.7}, {"bl": null, "tt": "won fielding first", "sp": "2014-2021", "mt": 17, "in": 17, "pr": "batting_fielding_first=2;result=1", "ov": 154, "cd": 715, "md": 18, "wk": 30, "fwk": 4, "fw": 0, "tw": 0, "bbi": "4/33", "bbm": "4/33", "bwa": 23.83, "bwe": 4.64, "bwsr": 30.8}, {"bl": null, "tt": "lost batting first", "sp": "2015-2019", "mt": 9, "in": 9, "pr": "batting_fielding_first=1;result=2", "ov": 79.1, "cd": 439, "md": 0, "wk": 11, "fwk": 0, "fw": 0, "tw": 0, "bbi": "2/34", "bbm": "2/34", "bwa": 39.9, "bwe": 5.54, "bwsr": 43.1}, {"bl": null, "tt": "lost fielding first", "sp": "2014-2019", "mt": 6, "in": 6, "pr": "batting_fielding_first=2;result=2", "ov": 59, "cd": 396, "md": 1, "wk": 11, "fwk": 1, "fw": 0, "tw": 0, "bbi": "4/35", "bbm": "4/35", "bwa": 36, "bwe": 6.71, "bwsr": 32.1}, {"bl": null, "tt": "tied batting first", "sp": "2019-2019", "mt": 1, "in": 1, "pr": "batting_fielding_first=1;result=3", "ov": 10, "cd": 40, "md": 2, "wk": 1, "fwk": 0, "fw": 0, "tw": 0, "bbi": "1/40", "bbm": "1/40", "bwa": 40, "bwe": 4, "bwsr": 60}, {"bl": null, "tt": "no result batting first", "sp": "2015-2016", "mt": 2, "in": null, "pr": "batting_fielding_first=1;result=5", "ov": null, "cd": null, "md": null, "wk": null, "fwk": null, "fw": null, "tw": null, "bbi": null, "bbm": null, "bwa": null, "bwe": null, "bwsr": null}, {"bl": null, "tt": "no result fielding first", "sp": "2014-2018", "mt": 2, "in": 2, "pr": "batting_fielding_first=2;result=5", "ov": 18, "cd": 93, "md": 1, "wk": 3, "fwk": 0, "fw": 0, "tw": 0, "bbi": "2/40", "bbm": "2/40", "bwa": 31, "bwe": 5.16, "bwsr": 36}]}, {"type": "TOURNAMENT_TYPE", "stats": [{"bl": null, "tt": "2 team series", "sp": "2014-2021", "mt": 42, "in": 40, "pr": "tournament_type=2", "ov": 364, "cd": 1975, "md": 25, "wk": 79, "fwk": 7, "fw": 2, "tw": 0, "bbi": "5/30", "bbm": "5/30", "bwa": 25, "bwe": 5.42, "bwsr": 27.6}, {"bl": null, "tt": "3-4 team tournaments", "sp": "2017-2017", "mt": 2, "in": 2, "pr": "tournament_type=3", "ov": 18, "cd": 85, "md": 1, "wk": 3, "fwk": 0, "fw": 0, "tw": 0, "bbi": "3/36", "bbm": "3/36", "bwa": 28.33, "bwe": 4.72, "bwsr": 36}, {"bl": null, "tt": "5+ team tournaments", "sp": "2015-2021", "mt": 14, "in": 14, "pr": "tournament_type=5", "ov": 126.3, "cd": 579, "md": 13, "wk": 22, "fwk": 2, "fw": 0, "tw": 0, "bbi": "4/27", "bbm": "4/27", "bwa": 26.31, "bwe": 4.57, "bwsr": 34.5}]}, {"type": "MATCH_NUMBER", "stats": [{"bl": null, "tt": "1st match in series", "sp": "2015-2021", "mt": 9, "in": 9, "pr": "match_number=1", "ov": 81, "cd": 499, "md": 3, "wk": 13, "fwk": 1, "fw": 0, "tw": 0, "bbi": "4/49", "bbm": "4/49", "bwa": 38.38, "bwe": 6.16, "bwsr": 37.3}, {"bl": null, "tt": "2nd match in series", "sp": "2014-2021", "mt": 11, "in": 11, "pr": "match_number=2", "ov": 103.4, "cd": 522, "md": 10, "wk": 17, "fwk": 2, "fw": 0, "tw": 0, "bbi": "4/33", "bbm": "4/33", "bwa": 30.7, "bwe": 5.03, "bwsr": 36.5}, {"bl": null, "tt": "3rd match in series", "sp": "2014-2021", "mt": 12, "in": 11, "pr": "match_number=3", "ov": 97.2, "cd": 546, "md": 5, "wk": 23, "fwk": 1, "fw": 0, "tw": 0, "bbi": "4/27", "bbm": "4/27", "bwa": 23.73, "bwe": 5.6, "bwsr": 25.3}, {"bl": null, "tt": "4th match in series", "sp": "2014-2019", "mt": 4, "in": 3, "pr": "match_number=4", "ov": 28, "cd": 175, "md": 2, "wk": 3, "fwk": 0, "fw": 0, "tw": 0, "bbi": "2/77", "bbm": "2/77", "bwa": 58.33, "bwe": 6.25, "bwsr": 56}, {"bl": null, "tt": "5th match in series", "sp": "2014-2019", "mt": 6, "in": 6, "pr": "match_number=5", "ov": 54, "cd": 233, "md": 5, "wk": 23, "fwk": 3, "fw": 2, "tw": 0, "bbi": "5/30", "bbm": "5/30", "bwa": 10.13, "bwe": 4.31, "bwsr": 14}]}, {"type": "MAJOR_TROPHY", "stats": [{"bl": null, "tt": "World Cup", "sp": "2015-2019", "mt": 11, "in": 11, "pr": "trophy=12", "ov": 97.3, "cd": 478, "md": 7, "wk": 16, "fwk": 1, "fw": 0, "tw": 0, "bbi": "4/47", "bbm": "4/47", "bwa": 29.87, "bwe": 4.9, "bwsr": 36.5}, {"bl": null, "tt": "Chappell-Hadlee", "sp": "2016-2016", "mt": 5, "in": 5, "pr": "trophy=65", "ov": 46, "cd": 323, "md": 1, "wk": 10, "fwk": 0, "fw": 0, "tw": 0, "bbi": "3/41", "bbm": "3/41", "bwa": 32.3, "bwe": 7.02, "bwsr": 27.6}]}, {"type": "FINAL_TYPE", "stats": [{"bl": null, "tt": "tournament finals", "sp": "2015-2019", "mt": 2, "in": 2, "pr": "final_type=1", "ov": 19.1, "cd": 86, "md": 2, "wk": 3, "fwk": 0, "fw": 0, "tw": 0, "bbi": "2/46", "bbm": "2/46", "bwa": 28.66, "bwe": 4.48, "bwsr": 38.3}, {"bl": null, "tt": "tournament semi-finals", "sp": "2015-2019", "mt": 2, "in": 2, "pr": "final_type=3", "ov": 18, "cd": 77, "md": 3, "wk": 3, "fwk": 0, "fw": 0, "tw": 0, "bbi": "3/37", "bbm": "3/37", "bwa": 25.66, "bwe": 4.27, "bwsr": 36}, {"bl": null, "tt": "preliminary matches", "sp": "2017-2021", "mt": 12, "in": 12, "pr": "final_type=0", "ov": 107.2, "cd": 501, "md": 9, "wk": 19, "fwk": 2, "fw": 0, "tw": 0, "bbi": "4/27", "bbm": "4/27", "bwa": 26.36, "bwe": 4.66, "bwsr": 33.8}]}, {"type": "BOWLING_POSITION", "stats": [{"bl": null, "tt": "1st position", "sp": "2014-2021", "mt": 25, "in": 25, "pr": "bowling_positionval1=bowling_position;bowling_positionmin1=1;bowling_positionmax1=1", "ov": 223.4, "cd": 1163, "md": 16, "wk": 45, "fwk": 4, "fw": 1, "tw": 0, "bbi": "5/30", "bbm": "5/30", "bwa": 25.84, "bwe": 5.19, "bwsr": 29.8}, {"bl": null, "tt": "2nd position", "sp": "2014-2021", "mt": 19, "in": 19, "pr": "bowling_positionval1=bowling_position;bowling_positionmin1=2;bowling_positionmax1=2", "ov": 176.2, "cd": 914, "md": 13, "wk": 36, "fwk": 3, "fw": 1, "tw": 0, "bbi": "5/40", "bbm": "5/40", "bwa": 25.38, "bwe": 5.18, "bwsr": 29.3}, {"bl": null, "tt": "3rd position", "sp": "2014-2019", "mt": 5, "in": 5, "pr": "bowling_positionval1=bowling_position;bowling_positionmin1=3;bowling_positionmax1=3", "ov": 45.2, "cd": 247, "md": 4, "wk": 10, "fwk": 1, "fw": 0, "tw": 0, "bbi": "4/38", "bbm": "4/38", "bwa": 24.7, "bwe": 5.44, "bwsr": 27.2}, {"bl": null, "tt": "4th position", "sp": "2015-2019", "mt": 3, "in": 3, "pr": "bowling_positionval1=bowling_position;bowling_positionmin1=4;bowling_positionmax1=4", "ov": 29.1, "cd": 177, "md": 0, "wk": 6, "fwk": 0, "fw": 0, "tw": 0, "bbi": "2/46", "bbm": "2/46", "bwa": 29.5, "bwe": 6.06, "bwsr": 29.1}, {"bl": null, "tt": "5th position", "sp": "2015-2015", "mt": 1, "in": 1, "pr": "bowling_positionval1=bowling_position;bowling_positionmin1=5;bowling_positionmax1=5", "ov": 5, "cd": 37, "md": 0, "wk": 1, "fwk": 0, "fw": 0, "tw": 0, "bbi": "1/37", "bbm": "1/37", "bwa": 37, "bwe": 7.4, "bwsr": 30}]}]}}