{"summary": {"recordClassId": 2, "type": "FIELDING", "groups": [{"type": "CAREER_AVERAGES", "stats": [{"tt": "overview", "sp": "2014-2021", "mt": 55, "in": 53, "pr": null, "ds": 17, "ct": 17, "st": 0, "ck": 0, "cf": 17, "mds": "2 (2ct 0st)", "dspi": 0.32}]}, {"type": "OPPOSITION_TEAM", "stats": [{"tt": "vs Afghanistan", "sp": "2019-2019", "mt": 1, "in": 1, "pr": "opposition=40", "ds": 1, "ct": 1, "st": 0, "ck": 0, "cf": 1, "mds": "1 (1ct 0st)", "dspi": 1}, {"tt": "vs Australia", "sp": "2015-2016", "mt": 6, "in": 6, "pr": "opposition=2", "ds": 1, "ct": 1, "st": 0, "ck": 0, "cf": 1, "mds": "1 (1ct 0st)", "dspi": 0.166}, {"tt": "vs Bangladesh", "sp": "2016-2021", "mt": 8, "in": 8, "pr": "opposition=25", "ds": 2, "ct": 2, "st": 0, "ck": 0, "cf": 2, "mds": "1 (1ct 0st)", "dspi": 0.25}, {"tt": "vs England", "sp": "2015-2019", "mt": 6, "in": 6, "pr": "opposition=1", "ds": 4, "ct": 4, "st": 0, "ck": 0, "cf": 4, "mds": "2 (2ct 0st)", "dspi": 0.666}, {"tt": "vs India", "sp": "2014-2019", "mt": 6, "in": 6, "pr": "opposition=6", "ds": 1, "ct": 1, "st": 0, "ck": 0, "cf": 1, "mds": "1 (1ct 0st)", "dspi": 0.166}, {"tt": "vs Ireland", "sp": "2017-2017", "mt": 1, "in": 1, "pr": "opposition=29", "ds": 0, "ct": 0, "st": 0, "ck": 0, "cf": 0, "mds": "0", "dspi": 0}, {"tt": "vs Pakistan", "sp": "2014-2019", "mt": 9, "in": 9, "pr": "opposition=7", "ds": 4, "ct": 4, "st": 0, "ck": 0, "cf": 4, "mds": "2 (2ct 0st)", "dspi": 0.444}, {"tt": "vs South Africa", "sp": "2014-2019", "mt": 3, "in": 3, "pr": "opposition=3", "ds": 1, "ct": 1, "st": 0, "ck": 0, "cf": 1, "mds": "1 (1ct 0st)", "dspi": 0.333}, {"tt": "vs Sri Lanka", "sp": "2015-2019", "mt": 10, "in": 8, "pr": "opposition=8", "ds": 2, "ct": 2, "st": 0, "ck": 0, "cf": 2, "mds": "1 (1ct 0st)", "dspi": 0.25}, {"tt": "vs West Indies", "sp": "2017-2019", "mt": 3, "in": 3, "pr": "opposition=4", "ds": 1, "ct": 1, "st": 0, "ck": 0, "cf": 1, "mds": "1 (1ct 0st)", "dspi": 0.333}, {"tt": "vs Zimbabwe", "sp": "2015-2015", "mt": 2, "in": 2, "pr": "opposition=9", "ds": 0, "ct": 0, "st": 0, "ck": 0, "cf": 0, "mds": "0", "dspi": 0}]}, {"type": "HOST_COUNTRY", "stats": [{"tt": "in Australia", "sp": "2015-2016", "mt": 3, "in": 3, "pr": "host=2", "ds": 0, "ct": 0, "st": 0, "ck": 0, "cf": 0, "mds": "0", "dspi": 0}, {"tt": "in England", "sp": "2015-2019", "mt": 13, "in": 13, "pr": "host=1", "ds": 6, "ct": 6, "st": 0, "ck": 0, "cf": 6, "mds": "2 (2ct 0st)", "dspi": 0.461}, {"tt": "in India", "sp": "2016-2016", "mt": 2, "in": 2, "pr": "host=6", "ds": 0, "ct": 0, "st": 0, "ck": 0, "cf": 0, "mds": "0", "dspi": 0}, {"tt": "in Ireland", "sp": "2017-2017", "mt": 2, "in": 2, "pr": "host=29", "ds": 0, "ct": 0, "st": 0, "ck": 0, "cf": 0, "mds": "0", "dspi": 0}, {"tt": "in New Zealand", "sp": "2014-2021", "mt": 28, "in": 26, "pr": "host=5", "ds": 10, "ct": 10, "st": 0, "ck": 0, "cf": 10, "mds": "2 (2ct 0st)", "dspi": 0.384}, {"tt": "in U.A.E.", "sp": "2014-2018", "mt": 5, "in": 5, "pr": "host=27", "ds": 1, "ct": 1, "st": 0, "ck": 0, "cf": 1, "mds": "1 (1ct 0st)", "dspi": 0.2}, {"tt": "in Zimbabwe", "sp": "2015-2015", "mt": 2, "in": 2, "pr": "host=9", "ds": 0, "ct": 0, "st": 0, "ck": 0, "cf": 0, "mds": "0", "dspi": 0}]}, {"type": "CONTINENT", "stats": [{"tt": "in Africa", "sp": "2015-2015", "mt": 2, "in": 2, "pr": "continent=1", "ds": 0, "ct": 0, "st": 0, "ck": 0, "cf": 0, "mds": "0", "dspi": 0}, {"tt": "in Asia", "sp": "2014-2018", "mt": 7, "in": 7, "pr": "continent=2", "ds": 1, "ct": 1, "st": 0, "ck": 0, "cf": 1, "mds": "1 (1ct 0st)", "dspi": 0.142}, {"tt": "in Europe", "sp": "2015-2019", "mt": 15, "in": 15, "pr": "continent=4", "ds": 6, "ct": 6, "st": 0, "ck": 0, "cf": 6, "mds": "2 (2ct 0st)", "dspi": 0.4}, {"tt": "in Oceania", "sp": "2014-2021", "mt": 31, "in": 29, "pr": "continent=5", "ds": 10, "ct": 10, "st": 0, "ck": 0, "cf": 10, "mds": "2 (2ct 0st)", "dspi": 0.344}]}, {"type": "HOME_OR_AWAY", "stats": [{"tt": "home", "sp": "2014-2021", "mt": 28, "in": 26, "pr": "home_or_away=1", "ds": 10, "ct": 10, "st": 0, "ck": 0, "cf": 10, "mds": "2 (2ct 0st)", "dspi": 0.384}, {"tt": "away", "sp": "2015-2019", "mt": 14, "in": 14, "pr": "home_or_away=2", "ds": 4, "ct": 4, "st": 0, "ck": 0, "cf": 4, "mds": "2 (2ct 0st)", "dspi": 0.285}, {"tt": "neutral", "sp": "2014-2019", "mt": 13, "in": 13, "pr": "home_or_away=3", "ds": 3, "ct": 3, "st": 0, "ck": 0, "cf": 3, "mds": "1 (1ct 0st)", "dspi": 0.23}]}, {"type": "YEAR", "stats": [{"tt": "year 2014", "sp": null, "mt": 6, "in": 6, "pr": "year=2014", "ds": 1, "ct": 1, "st": 0, "ck": 0, "cf": 1, "mds": "1 (1ct 0st)", "dspi": 0.166}, {"tt": "year 2015", "sp": null, "mt": 12, "in": 11, "pr": "year=2015", "ds": 4, "ct": 4, "st": 0, "ck": 0, "cf": 4, "mds": "2 (2ct 0st)", "dspi": 0.363}, {"tt": "year 2016", "sp": null, "mt": 12, "in": 11, "pr": "year=2016", "ds": 4, "ct": 4, "st": 0, "ck": 0, "cf": 4, "mds": "2 (2ct 0st)", "dspi": 0.363}, {"tt": "year 2017", "sp": null, "mt": 4, "in": 4, "pr": "year=2017", "ds": 1, "ct": 1, "st": 0, "ck": 0, "cf": 1, "mds": "1 (1ct 0st)", "dspi": 0.25}, {"tt": "year 2018", "sp": null, "mt": 2, "in": 2, "pr": "year=2018", "ds": 2, "ct": 2, "st": 0, "ck": 0, "cf": 2, "mds": "1 (1ct 0st)", "dspi": 1}, {"tt": "year 2019", "sp": null, "mt": 16, "in": 16, "pr": "year=2019", "ds": 5, "ct": 5, "st": 0, "ck": 0, "cf": 5, "mds": "1 (1ct 0st)", "dspi": 0.312}, {"tt": "year 2021", "sp": null, "mt": 3, "in": 3, "pr": "year=2021", "ds": 0, "ct": 0, "st": 0, "ck": 0, "cf": 0, "mds": "0", "dspi": 0}]}, {"type": "SEASON", "stats": [{"tt": "season 2013/14", "sp": null, "mt": 1, "in": 1, "pr": "season=2013/14", "ds": 0, "ct": 0, "st": 0, "ck": 0, "cf": 0, "mds": "0", "dspi": 0}, {"tt": "season 2014/15", "sp": null, "mt": 9, "in": 8, "pr": "season=2014/15", "ds": 1, "ct": 1, "st": 0, "ck": 0, "cf": 1, "mds": "1 (1ct 0st)", "dspi": 0.125}, {"tt": "season 2015", "sp": null, "mt": 6, "in": 6, "pr": "season=2015", "ds": 3, "ct": 3, "st": 0, "ck": 0, "cf": 3, "mds": "2 (2ct 0st)", "dspi": 0.5}, {"tt": "season 2015/16", "sp": null, "mt": 9, "in": 8, "pr": "season=2015/16", "ds": 4, "ct": 4, "st": 0, "ck": 0, "cf": 4, "mds": "2 (2ct 0st)", "dspi": 0.5}, {"tt": "season 2016/17", "sp": null, "mt": 5, "in": 5, "pr": "season=2016/17", "ds": 1, "ct": 1, "st": 0, "ck": 0, "cf": 1, "mds": "1 (1ct 0st)", "dspi": 0.2}, {"tt": "season 2017", "sp": null, "mt": 2, "in": 2, "pr": "season=2017", "ds": 0, "ct": 0, "st": 0, "ck": 0, "cf": 0, "mds": "0", "dspi": 0}, {"tt": "season 2017/18", "sp": null, "mt": 3, "in": 3, "pr": "season=2017/18", "ds": 2, "ct": 2, "st": 0, "ck": 0, "cf": 2, "mds": "1 (1ct 0st)", "dspi": 0.666}, {"tt": "season 2018/19", "sp": null, "mt": 8, "in": 8, "pr": "season=2018/19", "ds": 3, "ct": 3, "st": 0, "ck": 0, "cf": 3, "mds": "1 (1ct 0st)", "dspi": 0.375}, {"tt": "season 2019", "sp": null, "mt": 9, "in": 9, "pr": "season=2019", "ds": 3, "ct": 3, "st": 0, "ck": 0, "cf": 3, "mds": "1 (1ct 0st)", "dspi": 0.333}, {"tt": "season 2020/21", "sp": null, "mt": 3, "in": 3, "pr": "season=2020/21", "ds": 0, "ct": 0, "st": 0, "ck": 0, "cf": 0, "mds": "0", "dspi": 0}]}, {"type": "CAPTAINS_INVOLVED", "stats": [{"tt": "*TWM Latham", "sp": "2017-2021", "mt": 8, "in": 8, "pr": "captain_involve=59148", "ds": 2, "ct": 2, "st": 0, "ck": 0, "cf": 2, "mds": "1 (1ct 0st)", "dspi": 0.25}, {"tt": "*BB McCullum", "sp": "2014-2016", "mt": 16, "in": 15, "pr": "captain_involve=10384", "ds": 6, "ct": 6, "st": 0, "ck": 0, "cf": 6, "mds": "2 (2ct 0st)", "dspi": 0.4}, {"tt": "*KS Williamson", "sp": "2014-2019", "mt": 31, "in": 30, "pr": "captain_involve=51088", "ds": 9, "ct": 9, "st": 0, "ck": 0, "cf": 9, "mds": "2 (2ct 0st)", "dspi": 0.3}]}, {"type": "CAPTAIN", "stats": [{"tt": "is not captain", "sp": "2014-2021", "mt": 55, "in": 53, "pr": "captain=0", "ds": 17, "ct": 17, "st": 0, "ck": 0, "cf": 17, "mds": "2 (2ct 0st)", "dspi": 0.32}]}, {"type": "KEEPER", "stats": [{"tt": "is not keeper", "sp": "2014-2021", "mt": 55, "in": 53, "pr": "keeper=0", "ds": 17, "ct": 17, "st": 0, "ck": 0, "cf": 17, "mds": "2 (2ct 0st)", "dspi": 0.32}]}, {"type": "TOSS", "stats": [{"tt": "won the toss", "sp": "2014-2021", "mt": 25, "in": 25, "pr": "toss=1", "ds": 8, "ct": 8, "st": 0, "ck": 0, "cf": 8, "mds": "2 (2ct 0st)", "dspi": 0.32}, {"tt": "lost the toss", "sp": "2014-2019", "mt": 30, "in": 28, "pr": "toss=2", "ds": 9, "ct": 9, "st": 0, "ck": 0, "cf": 9, "mds": "2 (2ct 0st)", "dspi": 0.321}]}, {"type": "BATTING_FIELDING_SEQUENCE_AND_TOSS", "stats": [{"tt": "won toss &amp; batted", "sp": "2014-2021", "mt": 14, "in": 14, "pr": "batting_fielding_first=1;toss=1", "ds": 3, "ct": 3, "st": 0, "ck": 0, "cf": 3, "mds": "1 (1ct 0st)", "dspi": 0.214}, {"tt": "won toss &amp; fielded", "sp": "2014-2021", "mt": 11, "in": 11, "pr": "batting_fielding_first=2;toss=1", "ds": 5, "ct": 5, "st": 0, "ck": 0, "cf": 5, "mds": "2 (2ct 0st)", "dspi": 0.454}, {"tt": "lost toss &amp; sent in", "sp": "2014-2019", "mt": 16, "in": 14, "pr": "batting_fielding_first=1;toss=2", "ds": 3, "ct": 3, "st": 0, "ck": 0, "cf": 3, "mds": "2 (2ct 0st)", "dspi": 0.214}, {"tt": "lost toss &amp; fielded", "sp": "2014-2019", "mt": 14, "in": 14, "pr": "batting_fielding_first=2;toss=2", "ds": 6, "ct": 6, "st": 0, "ck": 0, "cf": 6, "mds": "1 (1ct 0st)", "dspi": 0.428}]}, {"type": "BATTING_FIELDING_SEQUENCE", "stats": [{"tt": "matches batting first", "sp": "2014-2021", "mt": 30, "in": 28, "pr": "batting_fielding_first=1", "ds": 6, "ct": 6, "st": 0, "ck": 0, "cf": 6, "mds": "2 (2ct 0st)", "dspi": 0.214}, {"tt": "matches fielding first", "sp": "2014-2021", "mt": 25, "in": 25, "pr": "batting_fielding_first=2", "ds": 11, "ct": 11, "st": 0, "ck": 0, "cf": 11, "mds": "2 (2ct 0st)", "dspi": 0.44}]}, {"type": "TEAM_INNINGS", "stats": [{"tt": "1st team innings", "sp": "2014-2021", "mt": 53, "in": 53, "pr": "innings_number=2;innings_number=1", "ds": 17, "ct": 17, "st": 0, "ck": 0, "cf": 17, "mds": "2 (2ct 0st)", "dspi": 0.32}]}, {"type": "MATCH_INNINGS", "stats": [{"tt": "1st match innings", "sp": "2014-2021", "mt": 25, "in": 25, "pr": "innings_number=1", "ds": 11, "ct": 11, "st": 0, "ck": 0, "cf": 11, "mds": "2 (2ct 0st)", "dspi": 0.44}, {"tt": "2nd match innings", "sp": "2014-2021", "mt": 28, "in": 28, "pr": "innings_number=2", "ds": 6, "ct": 6, "st": 0, "ck": 0, "cf": 6, "mds": "2 (2ct 0st)", "dspi": 0.214}]}, {"type": "FLOODLIT", "stats": [{"tt": "day match", "sp": "2014-2021", "mt": 27, "in": 26, "pr": "floodlit=1", "ds": 9, "ct": 9, "st": 0, "ck": 0, "cf": 9, "mds": "2 (2ct 0st)", "dspi": 0.346}, {"tt": "day/night match", "sp": "2014-2021", "mt": 28, "in": 27, "pr": "floodlit=2", "ds": 8, "ct": 8, "st": 0, "ck": 0, "cf": 8, "mds": "2 (2ct 0st)", "dspi": 0.296}]}, {"type": "RESULT", "stats": [{"tt": "won match", "sp": "2014-2021", "mt": 35, "in": 35, "pr": "result=1", "ds": 10, "ct": 10, "st": 0, "ck": 0, "cf": 10, "mds": "2 (2ct 0st)", "dspi": 0.285}, {"tt": "lost match", "sp": "2014-2019", "mt": 15, "in": 15, "pr": "result=2", "ds": 5, "ct": 5, "st": 0, "ck": 0, "cf": 5, "mds": "2 (2ct 0st)", "dspi": 0.333}, {"tt": "tied match", "sp": "2019-2019", "mt": 1, "in": 1, "pr": "result=3", "ds": 0, "ct": 0, "st": 0, "ck": 0, "cf": 0, "mds": "0", "dspi": 0}, {"tt": "no result", "sp": "2014-2018", "mt": 4, "in": 2, "pr": "result=5", "ds": 2, "ct": 2, "st": 0, "ck": 0, "cf": 2, "mds": "1 (1ct 0st)", "dspi": 1}]}, {"type": "BATTING_FIELDING_SEQUENCE_AND_RESULT", "stats": [{"tt": "won batting first", "sp": "2014-2021", "mt": 18, "in": 18, "pr": "batting_fielding_first=1;result=1", "ds": 5, "ct": 5, "st": 0, "ck": 0, "cf": 5, "mds": "2 (2ct 0st)", "dspi": 0.277}, {"tt": "won fielding first", "sp": "2014-2021", "mt": 17, "in": 17, "pr": "batting_fielding_first=2;result=1", "ds": 5, "ct": 5, "st": 0, "ck": 0, "cf": 5, "mds": "1 (1ct 0st)", "dspi": 0.294}, {"tt": "lost batting first", "sp": "2015-2019", "mt": 9, "in": 9, "pr": "batting_fielding_first=1;result=2", "ds": 1, "ct": 1, "st": 0, "ck": 0, "cf": 1, "mds": "1 (1ct 0st)", "dspi": 0.111}, {"tt": "lost fielding first", "sp": "2014-2019", "mt": 6, "in": 6, "pr": "batting_fielding_first=2;result=2", "ds": 4, "ct": 4, "st": 0, "ck": 0, "cf": 4, "mds": "2 (2ct 0st)", "dspi": 0.666}, {"tt": "tied batting first", "sp": "2019-2019", "mt": 1, "in": 1, "pr": "batting_fielding_first=1;result=3", "ds": 0, "ct": 0, "st": 0, "ck": 0, "cf": 0, "mds": "0", "dspi": 0}, {"tt": "no result batting first", "sp": "2015-2016", "mt": 2, "in": null, "pr": "batting_fielding_first=1;result=5", "ds": null, "ct": null, "st": null, "ck": null, "cf": null, "mds": null, "dspi": null}, {"tt": "no result fielding first", "sp": "2014-2018", "mt": 2, "in": 2, "pr": "batting_fielding_first=2;result=5", "ds": 2, "ct": 2, "st": 0, "ck": 0, "cf": 2, "mds": "1 (1ct 0st)", "dspi": 1}]}, {"type": "TOURNAMENT_TYPE", "stats": [{"tt": "2 team series", "sp": "2014-2021", "mt": 42, "in": 40, "pr": "tournament_type=2", "ds": 14, "ct": 14, "st": 0, "ck": 0, "cf": 14, "mds": "2 (2ct 0st)", "dspi": 0.35}, {"tt": "3-4 team tournaments", "sp": "2017-2017", "mt": 2, "in": 2, "pr": "tournament_type=3", "ds": 0, "ct": 0, "st": 0, "ck": 0, "cf": 0, "mds": "0", "dspi": 0}, {"tt": "5+ team tournaments", "sp": "2015-2021", "mt": 14, "in": 14, "pr": "tournament_type=5", "ds": 3, "ct": 3, "st": 0, "ck": 0, "cf": 3, "mds": "1 (1ct 0st)", "dspi": 0.214}]}, {"type": "MATCH_NUMBER", "stats": [{"tt": "1st match in series", "sp": "2015-2021", "mt": 9, "in": 9, "pr": "match_number=1", "ds": 5, "ct": 5, "st": 0, "ck": 0, "cf": 5, "mds": "2 (2ct 0st)", "dspi": 0.555}, {"tt": "2nd match in series", "sp": "2014-2021", "mt": 11, "in": 11, "pr": "match_number=2", "ds": 1, "ct": 1, "st": 0, "ck": 0, "cf": 1, "mds": "1 (1ct 0st)", "dspi": 0.09}, {"tt": "3rd match in series", "sp": "2014-2021", "mt": 12, "in": 11, "pr": "match_number=3", "ds": 5, "ct": 5, "st": 0, "ck": 0, "cf": 5, "mds": "1 (1ct 0st)", "dspi": 0.454}, {"tt": "4th match in series", "sp": "2014-2019", "mt": 4, "in": 3, "pr": "match_number=4", "ds": 1, "ct": 1, "st": 0, "ck": 0, "cf": 1, "mds": "1 (1ct 0st)", "dspi": 0.333}, {"tt": "5th match in series", "sp": "2014-2019", "mt": 6, "in": 6, "pr": "match_number=5", "ds": 2, "ct": 2, "st": 0, "ck": 0, "cf": 2, "mds": "1 (1ct 0st)", "dspi": 0.333}]}, {"type": "MAJOR_TROPHY", "stats": [{"tt": "World Cup", "sp": "2015-2019", "mt": 11, "in": 11, "pr": "trophy=12", "ds": 3, "ct": 3, "st": 0, "ck": 0, "cf": 3, "mds": "1 (1ct 0st)", "dspi": 0.272}, {"tt": "Chappell-Hadlee", "sp": "2016-2016", "mt": 5, "in": 5, "pr": "trophy=65", "ds": 1, "ct": 1, "st": 0, "ck": 0, "cf": 1, "mds": "1 (1ct 0st)", "dspi": 0.2}]}, {"type": "FINAL_TYPE", "stats": [{"tt": "tournament finals", "sp": "2015-2019", "mt": 2, "in": 2, "pr": "final_type=1", "ds": 0, "ct": 0, "st": 0, "ck": 0, "cf": 0, "mds": "0", "dspi": 0}, {"tt": "tournament semi-finals", "sp": "2015-2019", "mt": 2, "in": 2, "pr": "final_type=3", "ds": 0, "ct": 0, "st": 0, "ck": 0, "cf": 0, "mds": "0", "dspi": 0}, {"tt": "preliminary matches", "sp": "2017-2021", "mt": 12, "in": 12, "pr": "final_type=0", "ds": 3, "ct": 3, "st": 0, "ck": 0, "cf": 3, "mds": "1 (1ct 0st)", "dspi": 0.25}]}]}}