{"summary": {"recordClassId": 2, "type": "ALLROUND", "groups": [{"type": "CAREER_AVERAGES", "stats": [{"tt": "overview", "sp": "2014-2021", "mt": 55, "pr": null, "rn": 211, "wk": 98, "ct": 17, "st": 0, "hs": "48*", "hn": 0, "bbi": "5/30", "bta": 15.07, "bwa": 25.89, "fw": 2, "bbad": -10.82}]}, {"type": "OPPOSITION_TEAM", "stats": [{"tt": "v Afghanistan", "sp": "2019-2019", "mt": 1, "pr": "opposition=40", "rn": null, "wk": 0, "ct": 1, "st": 0, "hs": null, "hn": null, "bbi": "-", "bta": null, "bwa": null, "fw": 0, "bbad": null}, {"tt": "v Australia", "sp": "2015-2016", "mt": 6, "pr": "opposition=2", "rn": 39, "wk": 12, "ct": 1, "st": 0, "hs": "27", "hn": 0, "bbi": "3/41", "bta": 9.75, "bwa": 30.75, "fw": 0, "bbad": -21}, {"tt": "v Bangladesh", "sp": "2016-2021", "mt": 8, "pr": "opposition=25", "rn": 11, "wk": 15, "ct": 2, "st": 0, "hs": "6", "hn": 0, "bbi": "4/27", "bta": 5.5, "bwa": 21.86, "fw": 0, "bbad": -16.36}, {"tt": "v England", "sp": "2015-2019", "mt": 6, "pr": "opposition=1", "rn": 23, "wk": 8, "ct": 4, "st": 0, "hs": "12", "hn": 0, "bbi": "2/54", "bta": 5.75, "bwa": 43.12, "fw": 0, "bbad": -37.37}, {"tt": "v India", "sp": "2014-2019", "mt": 6, "pr": "opposition=6", "rn": 63, "wk": 14, "ct": 1, "st": 0, "hs": "39*", "hn": 0, "bbi": "4/35", "bta": 31.5, "bwa": 17.64, "fw": 0, "bbad": 13.85}, {"tt": "v Ireland", "sp": "2017-2017", "mt": 1, "pr": "opposition=29", "rn": null, "wk": 3, "ct": 0, "st": 0, "hs": null, "hn": null, "bbi": "3/36", "bta": null, "bwa": 12, "fw": 0, "bbad": null}, {"tt": "v Pakistan", "sp": "2014-2019", "mt": 9, "pr": "opposition=7", "rn": 49, "wk": 20, "ct": 4, "st": 0, "hs": "48*", "hn": 0, "bbi": "5/30", "bta": 49, "bwa": 21.5, "fw": 1, "bbad": 27.5}, {"tt": "v South Africa", "sp": "2014-2019", "mt": 3, "pr": "opposition=3", "rn": null, "wk": 2, "ct": 1, "st": 0, "hs": null, "hn": null, "bbi": "2/40", "bta": null, "bwa": 57, "fw": 0, "bbad": null}, {"tt": "v Sri Lanka", "sp": "2015-2019", "mt": 10, "pr": "opposition=8", "rn": 26, "wk": 21, "ct": 2, "st": 0, "hs": "20*", "hn": 0, "bbi": "5/40", "bta": 26, "bwa": 18.38, "fw": 1, "bbad": 7.61}, {"tt": "v West Indies", "sp": "2017-2019", "mt": 3, "pr": "opposition=4", "rn": 0, "wk": 3, "ct": 1, "st": 0, "hs": "0*", "hn": 0, "bbi": "2/18", "bta": null, "bwa": 43.33, "fw": 0, "bbad": null}, {"tt": "v Zimbabwe", "sp": "2015-2015", "mt": 2, "pr": "opposition=9", "rn": null, "wk": 0, "ct": 0, "st": 0, "hs": null, "hn": null, "bbi": "-", "bta": null, "bwa": null, "fw": 0, "bbad": null}]}, {"type": "HOST_COUNTRY", "stats": [{"tt": "in Australia", "sp": "2015-2016", "mt": 3, "pr": "host=2", "rn": 34, "wk": 4, "ct": 0, "st": 0, "hs": "27", "hn": 0, "bbi": "2/46", "bta": 11.33, "bwa": 52.75, "fw": 0, "bbad": -41.41}, {"tt": "in England", "sp": "2015-2019", "mt": 13, "pr": "host=1", "rn": 30, "wk": 19, "ct": 6, "st": 0, "hs": "12", "hn": 0, "bbi": "4/47", "bta": 5, "bwa": 33.84, "fw": 0, "bbad": -28.84}, {"tt": "in India", "sp": "2016-2016", "mt": 2, "pr": "host=6", "rn": 45, "wk": 3, "ct": 0, "st": 0, "hs": "39*", "hn": 0, "bbi": "2/56", "bta": 45, "bwa": 35.66, "fw": 0, "bbad": 9.33}, {"tt": "in Ireland", "sp": "2017-2017", "mt": 2, "pr": "host=29", "rn": 5, "wk": 3, "ct": 0, "st": 0, "hs": "5", "hn": 0, "bbi": "3/36", "bta": 5, "bwa": 28.33, "fw": 0, "bbad": -23.33}, {"tt": "in New Zealand", "sp": "2014-2021", "mt": 28, "pr": "host=5", "rn": 96, "wk": 55, "ct": 10, "st": 0, "hs": "48*", "hn": 0, "bbi": "5/40", "bta": 48, "bwa": 20.43, "fw": 1, "bbad": 27.56}, {"tt": "in U.A.E.", "sp": "2014-2018", "mt": 5, "pr": "host=27", "rn": 1, "wk": 14, "ct": 1, "st": 0, "hs": "1", "hn": 0, "bbi": "5/30", "bta": 1, "bwa": 18.92, "fw": 1, "bbad": -17.92}, {"tt": "in Zimbabwe", "sp": "2015-2015", "mt": 2, "pr": "host=9", "rn": null, "wk": 0, "ct": 0, "st": 0, "hs": null, "hn": null, "bbi": "-", "bta": null, "bwa": null, "fw": 0, "bbad": null}]}, {"type": "CONTINENT", "stats": [{"tt": "in Africa", "sp": "2015-2015", "mt": 2, "pr": "continent=1", "rn": null, "wk": 0, "ct": 0, "st": 0, "hs": null, "hn": null, "bbi": "-", "bta": null, "bwa": null, "fw": 0, "bbad": null}, {"tt": "in Asia", "sp": "2014-2018", "mt": 7, "pr": "continent=2", "rn": 46, "wk": 17, "ct": 1, "st": 0, "hs": "39*", "hn": 0, "bbi": "5/30", "bta": 23, "bwa": 21.88, "fw": 1, "bbad": 1.11}, {"tt": "in Europe", "sp": "2015-2019", "mt": 15, "pr": "continent=4", "rn": 35, "wk": 22, "ct": 6, "st": 0, "hs": "12", "hn": 0, "bbi": "4/47", "bta": 5, "bwa": 33.09, "fw": 0, "bbad": -28.09}, {"tt": "in Oceania", "sp": "2014-2021", "mt": 31, "pr": "continent=5", "rn": 130, "wk": 59, "ct": 10, "st": 0, "hs": "48*", "hn": 0, "bbi": "5/40", "bta": 26, "bwa": 22.62, "fw": 1, "bbad": 3.37}]}, {"type": "HOME_OR_AWAY", "stats": [{"tt": "home", "sp": "2014-2021", "mt": 28, "pr": "home_or_away=1", "rn": 96, "wk": 55, "ct": 10, "st": 0, "hs": "48*", "hn": 0, "bbi": "5/40", "bta": 48, "bwa": 20.43, "fw": 1, "bbad": 27.56}, {"tt": "away", "sp": "2015-2019", "mt": 14, "pr": "home_or_away=2", "rn": 102, "wk": 18, "ct": 4, "st": 0, "hs": "39*", "hn": 0, "bbi": "3/36", "bta": 12.75, "bwa": 44.55, "fw": 0, "bbad": -31.8}, {"tt": "neutral", "sp": "2014-2019", "mt": 13, "pr": "home_or_away=3", "rn": 13, "wk": 25, "ct": 3, "st": 0, "hs": "6", "hn": 0, "bbi": "5/30", "bta": 3.25, "bwa": 24.48, "fw": 1, "bbad": -21.23}]}, {"type": "YEAR", "stats": [{"tt": "year 2014", "sp": null, "mt": 6, "pr": "year=2014", "rn": 1, "wk": 19, "ct": 1, "st": 0, "hs": "1", "hn": 0, "bbi": "5/30", "bta": 1, "bwa": 15.26, "fw": 1, "bbad": -14.26}, {"tt": "year 2015", "sp": null, "mt": 12, "pr": "year=2015", "rn": 32, "wk": 17, "ct": 4, "st": 0, "hs": "20*", "hn": 0, "bbi": "4/33", "bta": 10.66, "bwa": 32.7, "fw": 0, "bbad": -22.03}, {"tt": "year 2016", "sp": null, "mt": 12, "pr": "year=2016", "rn": 132, "wk": 22, "ct": 4, "st": 0, "hs": "48*", "hn": 0, "bbi": "5/40", "bta": 33, "bwa": 27.72, "fw": 1, "bbad": 5.27}, {"tt": "year 2017", "sp": null, "mt": 4, "pr": "year=2017", "rn": 5, "wk": 5, "ct": 1, "st": 0, "hs": "5", "hn": 0, "bbi": "3/36", "bta": 5, "bwa": 27.8, "fw": 0, "bbad": -22.8}, {"tt": "year 2018", "sp": null, "mt": 2, "pr": "year=2018", "rn": null, "wk": 5, "ct": 2, "st": 0, "hs": null, "hn": null, "bbi": "4/53", "bta": null, "bwa": 21.2, "fw": 0, "bbad": null}, {"tt": "year 2019", "sp": null, "mt": 16, "pr": "year=2019", "rn": 41, "wk": 24, "ct": 5, "st": 0, "hs": "17*", "hn": 0, "bbi": "4/35", "bta": 8.2, "bwa": 30.66, "fw": 0, "bbad": -22.46}, {"tt": "year 2021", "sp": null, "mt": 3, "pr": "year=2021", "rn": null, "wk": 6, "ct": 0, "st": 0, "hs": null, "hn": null, "bbi": "4/27", "bta": null, "bwa": 16.83, "fw": 0, "bbad": null}]}, {"type": "SEASON", "stats": [{"tt": "season 2013/14", "sp": null, "mt": 1, "pr": "season=2013/14", "rn": null, "wk": 4, "ct": 0, "st": 0, "hs": null, "hn": null, "bbi": "4/38", "bta": null, "bwa": 9.5, "fw": 0, "bbad": null}, {"tt": "season 2014/15", "sp": null, "mt": 9, "pr": "season=2014/15", "rn": 21, "wk": 19, "ct": 1, "st": 0, "hs": "20*", "hn": 0, "bbi": "5/30", "bta": 10.5, "bwa": 19.57, "fw": 1, "bbad": -9.07}, {"tt": "season 2015", "sp": null, "mt": 6, "pr": "season=2015", "rn": 12, "wk": 5, "ct": 3, "st": 0, "hs": "12", "hn": 0, "bbi": "2/64", "bta": 6, "bwa": 70.8, "fw": 0, "bbad": -64.8}, {"tt": "season 2015/16", "sp": null, "mt": 9, "pr": "season=2015/16", "rn": 53, "wk": 23, "ct": 4, "st": 0, "hs": "48*", "hn": 0, "bbi": "5/40", "bta": 53, "bwa": 15.95, "fw": 1, "bbad": 37.04}, {"tt": "season 2016/17", "sp": null, "mt": 5, "pr": "season=2016/17", "rn": 79, "wk": 7, "ct": 1, "st": 0, "hs": "39*", "hn": 0, "bbi": "2/53", "bta": 26.33, "bwa": 46.42, "fw": 0, "bbad": -20.09}, {"tt": "season 2017", "sp": null, "mt": 2, "pr": "season=2017", "rn": 5, "wk": 3, "ct": 0, "st": 0, "hs": "5", "hn": 0, "bbi": "3/36", "bta": 5, "bwa": 28.33, "fw": 0, "bbad": -23.33}, {"tt": "season 2017/18", "sp": null, "mt": 3, "pr": "season=2017/18", "rn": null, "wk": 6, "ct": 2, "st": 0, "hs": null, "hn": null, "bbi": "4/53", "bta": null, "bwa": 17.83, "fw": 0, "bbad": null}, {"tt": "season 2018/19", "sp": null, "mt": 8, "pr": "season=2018/19", "rn": 23, "wk": 11, "ct": 3, "st": 0, "hs": "17*", "hn": 0, "bbi": "4/35", "bta": 23, "bwa": 36.09, "fw": 0, "bbad": -13.09}, {"tt": "season 2019", "sp": null, "mt": 9, "pr": "season=2019", "rn": 18, "wk": 14, "ct": 3, "st": 0, "hs": "7", "hn": 0, "bbi": "4/47", "bta": 4.5, "bwa": 28, "fw": 0, "bbad": -23.5}, {"tt": "season 2020/21", "sp": null, "mt": 3, "pr": "season=2020/21", "rn": null, "wk": 6, "ct": 0, "st": 0, "hs": null, "hn": null, "bbi": "4/27", "bta": null, "bwa": 16.83, "fw": 0, "bbad": null}]}, {"type": "CAPTAINS_INVOLVED", "stats": [{"tt": "*TWM Latham", "sp": "2017-2021", "mt": 8, "pr": "captain_involve=59148", "rn": 5, "wk": 12, "ct": 2, "st": 0, "hs": "5", "hn": 0, "bbi": "4/27", "bta": 5, "bwa": 24.41, "fw": 0, "bbad": -19.41}, {"tt": "*BB McCullum", "sp": "2014-2016", "mt": 16, "pr": "captain_involve=10384", "rn": 37, "wk": 33, "ct": 6, "st": 0, "hs": "20*", "hn": 0, "bbi": "4/33", "bta": 9.25, "bwa": 22.21, "fw": 0, "bbad": -12.96}, {"tt": "*KS Williamson", "sp": "2014-2019", "mt": 31, "pr": "captain_involve=51088", "rn": 169, "wk": 53, "ct": 9, "st": 0, "hs": "48*", "hn": 0, "bbi": "5/30", "bta": 18.77, "bwa": 28.52, "fw": 2, "bbad": -9.75}]}, {"type": "CAPTAIN", "stats": [{"tt": "is not captain", "sp": "2014-2021", "mt": 55, "pr": "captain=0", "rn": 211, "wk": 98, "ct": 17, "st": 0, "hs": "48*", "hn": 0, "bbi": "5/30", "bta": 15.07, "bwa": 25.89, "fw": 2, "bbad": -10.82}]}, {"type": "KEEPER", "stats": [{"tt": "is not keeper", "sp": "2014-2021", "mt": 55, "pr": "keeper=0", "rn": 211, "wk": 98, "ct": 17, "st": 0, "hs": "48*", "hn": 0, "bbi": "5/30", "bta": 15.07, "bwa": 25.89, "fw": 2, "bbad": -10.82}]}, {"type": "TOSS", "stats": [{"tt": "won the toss", "sp": "2014-2021", "mt": 25, "pr": "toss=1", "rn": 44, "wk": 43, "ct": 8, "st": 0, "hs": "20*", "hn": 0, "bbi": "5/30", "bta": 5.5, "bwa": 26.72, "fw": 1, "bbad": -21.22}, {"tt": "lost the toss", "sp": "2014-2019", "mt": 30, "pr": "toss=2", "rn": 167, "wk": 55, "ct": 9, "st": 0, "hs": "48*", "hn": 0, "bbi": "5/40", "bta": 27.83, "bwa": 25.25, "fw": 1, "bbad": 2.57}]}, {"type": "BATTING_FIELDING_SEQUENCE_AND_TOSS", "stats": [{"tt": "won toss &amp; batted", "sp": "2014-2021", "mt": 14, "pr": "batting_fielding_first=1;toss=1", "rn": 31, "wk": 31, "ct": 3, "st": 0, "hs": "20*", "hn": 0, "bbi": "5/30", "bta": 6.2, "bwa": 21, "fw": 1, "bbad": -14.8}, {"tt": "won toss &amp; fielded", "sp": "2014-2021", "mt": 11, "pr": "batting_fielding_first=2;toss=1", "rn": 13, "wk": 12, "ct": 5, "st": 0, "hs": "7", "hn": 0, "bbi": "4/47", "bta": 4.33, "bwa": 41.5, "fw": 0, "bbad": -37.16}, {"tt": "lost toss &amp; sent in", "sp": "2014-2019", "mt": 16, "pr": "batting_fielding_first=1;toss=2", "rn": 115, "wk": 23, "ct": 3, "st": 0, "hs": "48*", "hn": 0, "bbi": "5/40", "bta": 38.33, "bwa": 29.69, "fw": 1, "bbad": 8.63}, {"tt": "lost toss &amp; fielded", "sp": "2014-2019", "mt": 14, "pr": "batting_fielding_first=2;toss=2", "rn": 52, "wk": 32, "ct": 6, "st": 0, "hs": "27", "hn": 0, "bbi": "4/33", "bta": 17.33, "bwa": 22.06, "fw": 0, "bbad": -4.72}]}, {"type": "BATTING_FIELDING_SEQUENCE", "stats": [{"tt": "matches batting first", "sp": "2014-2021", "mt": 30, "pr": "batting_fielding_first=1", "rn": 146, "wk": 54, "ct": 6, "st": 0, "hs": "48*", "hn": 0, "bbi": "5/30", "bta": 18.25, "bwa": 24.7, "fw": 2, "bbad": -6.45}, {"tt": "matches fielding first", "sp": "2014-2021", "mt": 25, "pr": "batting_fielding_first=2", "rn": 65, "wk": 44, "ct": 11, "st": 0, "hs": "27", "hn": 0, "bbi": "4/33", "bta": 10.83, "bwa": 27.36, "fw": 0, "bbad": -16.53}]}, {"type": "TEAM_INNINGS", "stats": [{"tt": "1st team innings", "sp": "2014-2021", "mt": 55, "pr": "innings_number=1;innings_number=2", "rn": 211, "wk": 98, "ct": 17, "st": 0, "hs": "48*", "hn": 0, "bbi": "5/30", "bta": 15.07, "bwa": 25.89, "fw": 2, "bbad": -10.82}]}, {"type": "MATCH_INNINGS", "stats": [{"tt": "1st match innings", "sp": "2014-2021", "mt": 55, "pr": "innings_number=1", "rn": 146, "wk": 44, "ct": 11, "st": 0, "hs": "48*", "hn": 0, "bbi": "4/33", "bta": 18.25, "bwa": 27.36, "fw": 0, "bbad": -9.11}, {"tt": "2nd match innings", "sp": "2014-2021", "mt": 52, "pr": "innings_number=2", "rn": 65, "wk": 54, "ct": 6, "st": 0, "hs": "27", "hn": 0, "bbi": "5/30", "bta": 10.83, "bwa": 24.7, "fw": 2, "bbad": -13.87}]}, {"type": "FLOODLIT", "stats": [{"tt": "day match", "sp": "2014-2021", "mt": 27, "pr": "floodlit=1", "rn": 77, "wk": 46, "ct": 9, "st": 0, "hs": "48*", "hn": 0, "bbi": "5/40", "bta": 15.4, "bwa": 23.08, "fw": 1, "bbad": -7.68}, {"tt": "day/night match", "sp": "2014-2021", "mt": 28, "pr": "floodlit=2", "rn": 134, "wk": 52, "ct": 8, "st": 0, "hs": "39*", "hn": 0, "bbi": "5/30", "bta": 14.88, "bwa": 28.38, "fw": 1, "bbad": -13.49}]}, {"type": "RESULT", "stats": [{"tt": "won match", "sp": "2014-2021", "mt": 35, "pr": "result=1", "rn": 72, "wk": 72, "ct": 10, "st": 0, "hs": "48*", "hn": 0, "bbi": "5/30", "bta": 18, "bwa": 21.8, "fw": 2, "bbad": -3.8}, {"tt": "lost match", "sp": "2014-2019", "mt": 15, "pr": "result=2", "rn": 135, "wk": 22, "ct": 5, "st": 0, "hs": "39*", "hn": 0, "bbi": "4/35", "bta": 15, "bwa": 37.95, "fw": 0, "bbad": -22.95}, {"tt": "tied match", "sp": "2019-2019", "mt": 1, "pr": "result=3", "rn": 4, "wk": 1, "ct": 0, "st": 0, "hs": "4", "hn": 0, "bbi": "1/40", "bta": 4, "bwa": 40, "fw": 0, "bbad": -36}, {"tt": "no result", "sp": "2014-2018", "mt": 4, "pr": "result=5", "rn": null, "wk": 3, "ct": 2, "st": 0, "hs": null, "hn": null, "bbi": "2/40", "bta": null, "bwa": 31, "fw": 0, "bbad": null}]}, {"type": "BATTING_FIELDING_SEQUENCE_AND_RESULT", "stats": [{"tt": "won batting first", "sp": "2014-2021", "mt": 18, "pr": "batting_fielding_first=1;result=1", "rn": 66, "wk": 42, "ct": 5, "st": 0, "hs": "48*", "hn": 0, "bbi": "5/30", "bta": 22, "bwa": 20.35, "fw": 2, "bbad": 1.64}, {"tt": "won fielding first", "sp": "2014-2021", "mt": 17, "pr": "batting_fielding_first=2;result=1", "rn": 6, "wk": 30, "ct": 5, "st": 0, "hs": "6", "hn": 0, "bbi": "4/33", "bta": 6, "bwa": 23.83, "fw": 0, "bbad": -17.83}, {"tt": "lost batting first", "sp": "2015-2019", "mt": 9, "pr": "batting_fielding_first=1;result=2", "rn": 76, "wk": 11, "ct": 1, "st": 0, "hs": "39*", "hn": 0, "bbi": "2/34", "bta": 19, "bwa": 39.9, "fw": 0, "bbad": -20.9}, {"tt": "lost fielding first", "sp": "2014-2019", "mt": 6, "pr": "batting_fielding_first=2;result=2", "rn": 59, "wk": 11, "ct": 4, "st": 0, "hs": "27", "hn": 0, "bbi": "4/35", "bta": 11.8, "bwa": 36, "fw": 0, "bbad": -24.2}, {"tt": "tied batting first", "sp": "2019-2019", "mt": 1, "pr": "batting_fielding_first=1;result=3", "rn": 4, "wk": 1, "ct": 0, "st": 0, "hs": "4", "hn": 0, "bbi": "1/40", "bta": 4, "bwa": 40, "fw": 0, "bbad": -36}, {"tt": "no result batting first", "sp": "2015-2016", "mt": 2, "pr": "batting_fielding_first=1;result=5", "rn": null, "wk": null, "ct": null, "st": null, "hs": null, "hn": null, "bbi": null, "bta": null, "bwa": null, "fw": null, "bbad": null}, {"tt": "no result fielding first", "sp": "2014-2018", "mt": 2, "pr": "batting_fielding_first=2;result=5", "rn": null, "wk": 3, "ct": 2, "st": 0, "hs": null, "hn": null, "bbi": "2/40", "bta": null, "bwa": 31, "fw": 0, "bbad": null}]}, {"type": "TOURNAMENT_TYPE", "stats": [{"tt": "2 team series", "sp": "2014-2021", "mt": 42, "pr": "tournament_type=2", "rn": 188, "wk": 79, "ct": 14, "st": 0, "hs": "48*", "hn": 0, "bbi": "5/30", "bta": 23.5, "bwa": 25, "fw": 2, "bbad": -1.5}, {"tt": "3-4 team tournaments", "sp": "2017-2017", "mt": 2, "pr": "tournament_type=3", "rn": 5, "wk": 3, "ct": 0, "st": 0, "hs": "5", "hn": 0, "bbi": "3/36", "bta": 5, "bwa": 28.33, "fw": 0, "bbad": -23.33}, {"tt": "5+ team tournaments", "sp": "2015-2021", "mt": 14, "pr": "tournament_type=5", "rn": 18, "wk": 22, "ct": 3, "st": 0, "hs": "7", "hn": 0, "bbi": "4/27", "bta": 3.6, "bwa": 26.31, "fw": 0, "bbad": -22.71}]}, {"type": "MATCH_NUMBER", "stats": [{"tt": "1st match in series", "sp": "2015-2021", "mt": 9, "pr": "match_number=1", "rn": 86, "wk": 13, "ct": 5, "st": 0, "hs": "48*", "hn": 0, "bbi": "4/49", "bta": 28.66, "bwa": 38.38, "fw": 0, "bbad": -9.71}, {"tt": "2nd match in series", "sp": "2014-2021", "mt": 11, "pr": "match_number=2", "rn": 33, "wk": 17, "ct": 1, "st": 0, "hs": "20*", "hn": 0, "bbi": "4/33", "bta": 11, "bwa": 30.7, "fw": 0, "bbad": -19.7}, {"tt": "3rd match in series", "sp": "2014-2021", "mt": 12, "pr": "match_number=3", "rn": 40, "wk": 23, "ct": 5, "st": 0, "hs": "39*", "hn": 0, "bbi": "4/27", "bta": 40, "bwa": 23.73, "fw": 0, "bbad": 16.26}, {"tt": "4th match in series", "sp": "2014-2019", "mt": 4, "pr": "match_number=4", "rn": null, "wk": 3, "ct": 1, "st": 0, "hs": null, "hn": null, "bbi": "2/77", "bta": null, "bwa": 58.33, "fw": 0, "bbad": null}, {"tt": "5th match in series", "sp": "2014-2019", "mt": 6, "pr": "match_number=5", "rn": 29, "wk": 23, "ct": 2, "st": 0, "hs": "17*", "hn": 0, "bbi": "5/30", "bta": 29, "bwa": 10.13, "fw": 2, "bbad": 18.86}]}, {"type": "MAJOR_TROPHY", "stats": [{"tt": "World Cup", "sp": "2015-2019", "mt": 11, "pr": "trophy=12", "rn": 18, "wk": 16, "ct": 3, "st": 0, "hs": "7", "hn": 0, "bbi": "4/47", "bta": 3.6, "bwa": 29.87, "fw": 0, "bbad": -26.27}, {"tt": "Chappell-Hadlee", "sp": "2016-2016", "mt": 5, "pr": "trophy=65", "rn": 39, "wk": 10, "ct": 1, "st": 0, "hs": "27", "hn": 0, "bbi": "3/41", "bta": 13, "bwa": 32.3, "fw": 0, "bbad": -19.3}]}, {"type": "FINAL_TYPE", "stats": [{"tt": "tournament finals", "sp": "2015-2019", "mt": 2, "pr": "final_type=1", "rn": 4, "wk": 3, "ct": 0, "st": 0, "hs": "4", "hn": 0, "bbi": "2/46", "bta": 2, "bwa": 28.66, "fw": 0, "bbad": -26.66}, {"tt": "tournament semi-finals", "sp": "2015-2019", "mt": 2, "pr": "final_type=3", "rn": 1, "wk": 3, "ct": 0, "st": 0, "hs": "1", "hn": 0, "bbi": "3/37", "bta": 1, "bwa": 25.66, "fw": 0, "bbad": -24.66}, {"tt": "preliminary matches", "sp": "2017-2021", "mt": 12, "pr": "final_type=0", "rn": 18, "wk": 19, "ct": 3, "st": 0, "hs": "7", "hn": 0, "bbi": "4/27", "bta": 6, "bwa": 26.36, "fw": 0, "bbad": -20.36}]}]}}