{"summary": {"recordClassId": 3, "type": "BATTING", "groups": [{"type": "CAREER_AVERAGES", "stats": [{"tt": "overview", "sp": "2014-2017", "mt": 6, "in": 2, "pr": null, "rn": 10, "fo": 2, "si": 0, "ft": 0, "hn": 0, "bf": 5, "dk": 0, "no": 1, "hs": "10", "bta": 10, "btsr": 200}]}, {"type": "OPPOSITION_TEAM", "stats": [{"tt": "vs Bangladesh", "sp": "2017-2017", "mt": 1, "in": null, "pr": "opposition=25", "rn": null, "fo": null, "si": null, "ft": null, "hn": null, "bf": null, "dk": null, "no": null, "hs": null, "bta": null, "btsr": null}, {"tt": "vs England", "sp": "2015-2015", "mt": 1, "in": 1, "pr": "opposition=1", "rn": 0, "fo": 0, "si": 0, "ft": 0, "hn": 0, "bf": 0, "dk": 0, "no": 1, "hs": "0*", "bta": null, "btsr": null}, {"tt": "vs Pakistan", "sp": "2014-2016", "mt": 3, "in": 1, "pr": "opposition=7", "rn": 10, "fo": 2, "si": 0, "ft": 0, "hn": 0, "bf": 5, "dk": 0, "no": 0, "hs": "10", "bta": 10, "btsr": 200}, {"tt": "vs Sri Lanka", "sp": "2016-2016", "mt": 1, "in": null, "pr": "opposition=8", "rn": null, "fo": null, "si": null, "ft": null, "hn": null, "bf": null, "dk": null, "no": null, "hs": null, "bta": null, "btsr": null}]}, {"type": "HOST_COUNTRY", "stats": [{"tt": "in England", "sp": "2015-2015", "mt": 1, "in": 1, "pr": "host=1", "rn": 0, "fo": 0, "si": 0, "ft": 0, "hn": 0, "bf": 0, "dk": 0, "no": 1, "hs": "0*", "bta": null, "btsr": null}, {"tt": "in New Zealand", "sp": "2016-2017", "mt": 3, "in": 1, "pr": "host=5", "rn": 10, "fo": 2, "si": 0, "ft": 0, "hn": 0, "bf": 5, "dk": 0, "no": 0, "hs": "10", "bta": 10, "btsr": 200}, {"tt": "in U.A.E.", "sp": "2014-2014", "mt": 2, "in": null, "pr": "host=27", "rn": null, "fo": null, "si": null, "ft": null, "hn": null, "bf": null, "dk": null, "no": null, "hs": null, "bta": null, "btsr": null}]}, {"type": "CONTINENT", "stats": [{"tt": "in Asia", "sp": "2014-2014", "mt": 2, "in": null, "pr": "continent=2", "rn": null, "fo": null, "si": null, "ft": null, "hn": null, "bf": null, "dk": null, "no": null, "hs": null, "bta": null, "btsr": null}, {"tt": "in Europe", "sp": "2015-2015", "mt": 1, "in": 1, "pr": "continent=4", "rn": 0, "fo": 0, "si": 0, "ft": 0, "hn": 0, "bf": 0, "dk": 0, "no": 1, "hs": "0*", "bta": null, "btsr": null}, {"tt": "in Oceania", "sp": "2016-2017", "mt": 3, "in": 1, "pr": "continent=5", "rn": 10, "fo": 2, "si": 0, "ft": 0, "hn": 0, "bf": 5, "dk": 0, "no": 0, "hs": "10", "bta": 10, "btsr": 200}]}, {"type": "HOME_OR_AWAY", "stats": [{"tt": "home", "sp": "2016-2017", "mt": 3, "in": 1, "pr": "home_or_away=1", "rn": 10, "fo": 2, "si": 0, "ft": 0, "hn": 0, "bf": 5, "dk": 0, "no": 0, "hs": "10", "bta": 10, "btsr": 200}, {"tt": "away", "sp": "2015-2015", "mt": 1, "in": 1, "pr": "home_or_away=2", "rn": 0, "fo": 0, "si": 0, "ft": 0, "hn": 0, "bf": 0, "dk": 0, "no": 1, "hs": "0*", "bta": null, "btsr": null}, {"tt": "neutral", "sp": "2014-2014", "mt": 2, "in": null, "pr": "home_or_away=3", "rn": null, "fo": null, "si": null, "ft": null, "hn": null, "bf": null, "dk": null, "no": null, "hs": null, "bta": null, "btsr": null}]}, {"type": "YEAR", "stats": [{"tt": "year 2014", "sp": null, "mt": 2, "in": null, "pr": "year=2014", "rn": null, "fo": null, "si": null, "ft": null, "hn": null, "bf": null, "dk": null, "no": null, "hs": null, "bta": null, "btsr": null}, {"tt": "year 2015", "sp": null, "mt": 1, "in": 1, "pr": "year=2015", "rn": 0, "fo": 0, "si": 0, "ft": 0, "hn": 0, "bf": 0, "dk": 0, "no": 1, "hs": "0*", "bta": null, "btsr": null}, {"tt": "year 2016", "sp": null, "mt": 2, "in": 1, "pr": "year=2016", "rn": 10, "fo": 2, "si": 0, "ft": 0, "hn": 0, "bf": 5, "dk": 0, "no": 0, "hs": "10", "bta": 10, "btsr": 200}, {"tt": "year 2017", "sp": null, "mt": 1, "in": null, "pr": "year=2017", "rn": null, "fo": null, "si": null, "ft": null, "hn": null, "bf": null, "dk": null, "no": null, "hs": null, "bta": null, "btsr": null}]}, {"type": "SEASON", "stats": [{"tt": "season 2014/15", "sp": null, "mt": 2, "in": null, "pr": "season=NaN", "rn": null, "fo": null, "si": null, "ft": null, "hn": null, "bf": null, "dk": null, "no": null, "hs": null, "bta": null, "btsr": null}, {"tt": "season 2015", "sp": null, "mt": 1, "in": 1, "pr": "season=2015", "rn": 0, "fo": 0, "si": 0, "ft": 0, "hn": 0, "bf": 0, "dk": 0, "no": 1, "hs": "0*", "bta": null, "btsr": null}, {"tt": "season 2015/16", "sp": null, "mt": 2, "in": 1, "pr": "season=NaN", "rn": 10, "fo": 2, "si": 0, "ft": 0, "hn": 0, "bf": 5, "dk": 0, "no": 0, "hs": "10", "bta": 10, "btsr": 200}, {"tt": "season 2016/17", "sp": null, "mt": 1, "in": null, "pr": "season=NaN", "rn": null, "fo": null, "si": null, "ft": null, "hn": null, "bf": null, "dk": null, "no": null, "hs": null, "bta": null, "btsr": null}]}, {"type": "CAPTAINS_INVOLVED", "stats": [{"tt": "*BB McCullum", "sp": "2015-2015", "mt": 1, "in": 1, "pr": "captain_involve=10384", "rn": 0, "fo": 0, "si": 0, "ft": 0, "hn": 0, "bf": 0, "dk": 0, "no": 1, "hs": "0*", "bta": null, "btsr": null}, {"tt": "*KS Williamson", "sp": "2014-2017", "mt": 5, "in": 1, "pr": "captain_involve=51088", "rn": 10, "fo": 2, "si": 0, "ft": 0, "hn": 0, "bf": 5, "dk": 0, "no": 0, "hs": "10", "bta": 10, "btsr": 200}]}, {"type": "CAPTAIN", "stats": [{"tt": "is not captain", "sp": "2014-2017", "mt": 6, "in": 2, "pr": "captain=0", "rn": 10, "fo": 2, "si": 0, "ft": 0, "hn": 0, "bf": 5, "dk": 0, "no": 1, "hs": "10", "bta": 10, "btsr": 200}]}, {"type": "KEEPER", "stats": [{"tt": "is not keeper", "sp": "2014-2017", "mt": 6, "in": 2, "pr": "keeper=0", "rn": 10, "fo": 2, "si": 0, "ft": 0, "hn": 0, "bf": 5, "dk": 0, "no": 1, "hs": "10", "bta": 10, "btsr": 200}]}, {"type": "TOSS", "stats": [{"tt": "won the toss", "sp": "2016-2016", "mt": 1, "in": 1, "pr": "toss=1", "rn": 10, "fo": 2, "si": 0, "ft": 0, "hn": 0, "bf": 5, "dk": 0, "no": 0, "hs": "10", "bta": 10, "btsr": 200}, {"tt": "lost the toss", "sp": "2014-2017", "mt": 5, "in": 1, "pr": "toss=2", "rn": 0, "fo": 0, "si": 0, "ft": 0, "hn": 0, "bf": 0, "dk": 0, "no": 1, "hs": "0*", "bta": null, "btsr": null}]}, {"type": "BATTING_FIELDING_SEQUENCE_AND_TOSS", "stats": [{"tt": "won toss &amp; fielded", "sp": "2016-2016", "mt": 1, "in": 1, "pr": "batting_fielding_first=2;toss=1", "rn": 10, "fo": 2, "si": 0, "ft": 0, "hn": 0, "bf": 5, "dk": 0, "no": 0, "hs": "10", "bta": 10, "btsr": 200}, {"tt": "lost toss &amp; sent in", "sp": "2014-2016", "mt": 3, "in": null, "pr": "batting_fielding_first=1;toss=2", "rn": null, "fo": null, "si": null, "ft": null, "hn": null, "bf": null, "dk": null, "no": null, "hs": null, "bta": null, "btsr": null}, {"tt": "lost toss &amp; fielded", "sp": "2015-2017", "mt": 2, "in": 1, "pr": "batting_fielding_first=2;toss=2", "rn": 0, "fo": 0, "si": 0, "ft": 0, "hn": 0, "bf": 0, "dk": 0, "no": 1, "hs": "0*", "bta": null, "btsr": null}]}, {"type": "BATTING_FIELDING_SEQUENCE", "stats": [{"tt": "matches batting first", "sp": "2014-2016", "mt": 3, "in": null, "pr": "batting_fielding_first=1", "rn": null, "fo": null, "si": null, "ft": null, "hn": null, "bf": null, "dk": null, "no": null, "hs": null, "bta": null, "btsr": null}, {"tt": "matches fielding first", "sp": "2015-2017", "mt": 3, "in": 2, "pr": "batting_fielding_first=2", "rn": 10, "fo": 2, "si": 0, "ft": 0, "hn": 0, "bf": 5, "dk": 0, "no": 1, "hs": "10", "bta": 10, "btsr": 200}]}, {"type": "TEAM_INNINGS", "stats": [{"tt": "1st team innings", "sp": "2014-2017", "mt": 6, "in": 2, "pr": null, "rn": 10, "fo": 2, "si": 0, "ft": 0, "hn": 0, "bf": 5, "dk": 0, "no": 1, "hs": "10", "bta": 10, "btsr": 200}]}, {"type": "MATCH_INNINGS", "stats": [{"tt": "1st match innings", "sp": "2014-2016", "mt": 3, "in": null, "pr": "innings_number=1", "rn": null, "fo": null, "si": null, "ft": null, "hn": null, "bf": null, "dk": null, "no": null, "hs": null, "bta": null, "btsr": null}, {"tt": "2nd match innings", "sp": "2015-2017", "mt": 3, "in": 2, "pr": "innings_number=2", "rn": 10, "fo": 2, "si": 0, "ft": 0, "hn": 0, "bf": 5, "dk": 0, "no": 1, "hs": "10", "bta": 10, "btsr": 200}]}, {"type": "FLOODLIT", "stats": [{"tt": "day match", "sp": "2016-2016", "mt": 1, "in": null, "pr": "floodlit=1", "rn": null, "fo": null, "si": null, "ft": null, "hn": null, "bf": null, "dk": null, "no": null, "hs": null, "bta": null, "btsr": null}, {"tt": "day/night match", "sp": "2015-2016", "mt": 2, "in": 2, "pr": "floodlit=2", "rn": 10, "fo": 2, "si": 0, "ft": 0, "hn": 0, "bf": 5, "dk": 0, "no": 1, "hs": "10", "bta": 10, "btsr": 200}, {"tt": "night match", "sp": "2014-2017", "mt": 3, "in": null, "pr": "floodlit=3", "rn": null, "fo": null, "si": null, "ft": null, "hn": null, "bf": null, "dk": null, "no": null, "hs": null, "bta": null, "btsr": null}]}, {"type": "RESULT", "stats": [{"tt": "won match", "sp": "2014-2017", "mt": 3, "in": null, "pr": "result=1", "rn": null, "fo": null, "si": null, "ft": null, "hn": null, "bf": null, "dk": null, "no": null, "hs": null, "bta": null, "btsr": null}, {"tt": "lost match", "sp": "2014-2016", "mt": 3, "in": 2, "pr": "result=2", "rn": 10, "fo": 2, "si": 0, "ft": 0, "hn": 0, "bf": 5, "dk": 0, "no": 1, "hs": "10", "bta": 10, "btsr": 200}]}, {"type": "BATTING_FIELDING_SEQUENCE_AND_RESULT", "stats": [{"tt": "won batting first", "sp": "2014-2016", "mt": 2, "in": null, "pr": "batting_fielding_first=1;result=1", "rn": null, "fo": null, "si": null, "ft": null, "hn": null, "bf": null, "dk": null, "no": null, "hs": null, "bta": null, "btsr": null}, {"tt": "won fielding first", "sp": "2017-2017", "mt": 1, "in": null, "pr": "batting_fielding_first=2;result=1", "rn": null, "fo": null, "si": null, "ft": null, "hn": null, "bf": null, "dk": null, "no": null, "hs": null, "bta": null, "btsr": null}, {"tt": "lost batting first", "sp": "2014-2014", "mt": 1, "in": null, "pr": "batting_fielding_first=1;result=2", "rn": null, "fo": null, "si": null, "ft": null, "hn": null, "bf": null, "dk": null, "no": null, "hs": null, "bta": null, "btsr": null}, {"tt": "lost fielding first", "sp": "2015-2016", "mt": 2, "in": 2, "pr": "batting_fielding_first=2;result=2", "rn": 10, "fo": 2, "si": 0, "ft": 0, "hn": 0, "bf": 5, "dk": 0, "no": 1, "hs": "10", "bta": 10, "btsr": 200}]}, {"type": "TOURNAMENT_TYPE", "stats": [{"tt": "2 team series", "sp": "2014-2017", "mt": 6, "in": 2, "pr": "tournament_type=2", "rn": 10, "fo": 2, "si": 0, "ft": 0, "hn": 0, "bf": 5, "dk": 0, "no": 1, "hs": "10", "bta": 10, "btsr": 200}]}, {"type": "MATCH_NUMBER", "stats": [{"tt": "only match in series", "sp": "2015-2015", "mt": 1, "in": 1, "pr": "match_number=0", "rn": 0, "fo": 0, "si": 0, "ft": 0, "hn": 0, "bf": 0, "dk": 0, "no": 1, "hs": "0*", "bta": null, "btsr": null}, {"tt": "1st match in series", "sp": "2014-2017", "mt": 4, "in": 1, "pr": "match_number=1", "rn": 10, "fo": 2, "si": 0, "ft": 0, "hn": 0, "bf": 5, "dk": 0, "no": 0, "hs": "10", "bta": 10, "btsr": 200}, {"tt": "2nd match in series", "sp": "2014-2014", "mt": 1, "in": null, "pr": "match_number=2", "rn": null, "fo": null, "si": null, "ft": null, "hn": null, "bf": null, "dk": null, "no": null, "hs": null, "bta": null, "btsr": null}]}, {"type": "BATTING_POSITION", "stats": [{"tt": "9th position", "sp": "2016-2016", "mt": 1, "in": 1, "pr": "batting_positionval1=batting_position;batting_positionmin1=9;batting_positionmax1=9", "rn": 10, "fo": 2, "si": 0, "ft": 0, "hn": 0, "bf": 5, "dk": 0, "no": 0, "hs": "10", "bta": 10, "btsr": 200}, {"tt": "10th position", "sp": "2015-2015", "mt": 1, "in": 1, "pr": "batting_positionval1=batting_position;batting_positionmin1=10;batting_positionmax1=10", "rn": 0, "fo": 0, "si": 0, "ft": 0, "hn": 0, "bf": 0, "dk": 0, "no": 1, "hs": "0*", "bta": null, "btsr": null}]}]}}