{"summary": {"recordClassId": 3, "type": "BOWLING", "groups": [{"type": "CAREER_AVERAGES", "stats": [{"bl": null, "tt": "overview", "sp": "2014-2017", "mt": 6, "in": 6, "pr": null, "ov": 22, "cd": 191, "md": 1, "wk": 7, "fwk": 0, "fw": 0, "tw": 0, "bbi": "3/44", "bbm": "3/44", "bwa": 27.28, "bwe": 8.68, "bwsr": 18.8}]}, {"type": "OPPOSITION_TEAM", "stats": [{"bl": null, "tt": "vs Bangladesh", "sp": "2017-2017", "mt": 1, "in": 1, "pr": "opposition=25", "ov": 4, "cd": 44, "md": 0, "wk": 1, "fwk": 0, "fw": 0, "tw": 0, "bbi": "1/44", "bbm": "1/44", "bwa": 44, "bwe": 11, "bwsr": 24}, {"bl": null, "tt": "vs England", "sp": "2015-2015", "mt": 1, "in": 1, "pr": "opposition=1", "ov": 4, "cd": 32, "md": 0, "wk": 1, "fwk": 0, "fw": 0, "tw": 0, "bbi": "1/32", "bbm": "1/32", "bwa": 32, "bwe": 8, "bwsr": 24}, {"bl": null, "tt": "vs Pakistan", "sp": "2014-2016", "mt": 3, "in": 3, "pr": "opposition=7", "ov": 10, "cd": 71, "md": 1, "wk": 2, "fwk": 0, "fw": 0, "tw": 0, "bbi": "1/9", "bbm": "1/9", "bwa": 35.5, "bwe": 7.1, "bwsr": 30}, {"bl": null, "tt": "vs Sri Lanka", "sp": "2016-2016", "mt": 1, "in": 1, "pr": "opposition=8", "ov": 4, "cd": 44, "md": 0, "wk": 3, "fwk": 0, "fw": 0, "tw": 0, "bbi": "3/44", "bbm": "3/44", "bwa": 14.66, "bwe": 11, "bwsr": 8}]}, {"type": "HOST_COUNTRY", "stats": [{"bl": null, "tt": "in England", "sp": "2015-2015", "mt": 1, "in": 1, "pr": "host=1", "ov": 4, "cd": 32, "md": 0, "wk": 1, "fwk": 0, "fw": 0, "tw": 0, "bbi": "1/32", "bbm": "1/32", "bwa": 32, "bwe": 8, "bwsr": 24}, {"bl": null, "tt": "in New Zealand", "sp": "2016-2017", "mt": 3, "in": 3, "pr": "host=5", "ov": 12, "cd": 119, "md": 1, "wk": 5, "fwk": 0, "fw": 0, "tw": 0, "bbi": "3/44", "bbm": "3/44", "bwa": 23.8, "bwe": 9.91, "bwsr": 14.4}, {"bl": null, "tt": "in U.A.E.", "sp": "2014-2014", "mt": 2, "in": 2, "pr": "host=27", "ov": 6, "cd": 40, "md": 0, "wk": 1, "fwk": 0, "fw": 0, "tw": 0, "bbi": "1/9", "bbm": "1/9", "bwa": 40, "bwe": 6.66, "bwsr": 36}]}, {"type": "CONTINENT", "stats": [{"bl": null, "tt": "in Asia", "sp": "2014-2014", "mt": 2, "in": 2, "pr": "continent=2", "ov": 6, "cd": 40, "md": 0, "wk": 1, "fwk": 0, "fw": 0, "tw": 0, "bbi": "1/9", "bbm": "1/9", "bwa": 40, "bwe": 6.66, "bwsr": 36}, {"bl": null, "tt": "in Europe", "sp": "2015-2015", "mt": 1, "in": 1, "pr": "continent=4", "ov": 4, "cd": 32, "md": 0, "wk": 1, "fwk": 0, "fw": 0, "tw": 0, "bbi": "1/32", "bbm": "1/32", "bwa": 32, "bwe": 8, "bwsr": 24}, {"bl": null, "tt": "in Oceania", "sp": "2016-2017", "mt": 3, "in": 3, "pr": "continent=5", "ov": 12, "cd": 119, "md": 1, "wk": 5, "fwk": 0, "fw": 0, "tw": 0, "bbi": "3/44", "bbm": "3/44", "bwa": 23.8, "bwe": 9.91, "bwsr": 14.4}]}, {"type": "HOME_OR_AWAY", "stats": [{"bl": null, "tt": "home", "sp": "2016-2017", "mt": 3, "in": 3, "pr": "home_or_away=1", "ov": 12, "cd": 119, "md": 1, "wk": 5, "fwk": 0, "fw": 0, "tw": 0, "bbi": "3/44", "bbm": "3/44", "bwa": 23.8, "bwe": 9.91, "bwsr": 14.4}, {"bl": null, "tt": "away", "sp": "2015-2015", "mt": 1, "in": 1, "pr": "home_or_away=2", "ov": 4, "cd": 32, "md": 0, "wk": 1, "fwk": 0, "fw": 0, "tw": 0, "bbi": "1/32", "bbm": "1/32", "bwa": 32, "bwe": 8, "bwsr": 24}, {"bl": null, "tt": "neutral", "sp": "2014-2014", "mt": 2, "in": 2, "pr": "home_or_away=3", "ov": 6, "cd": 40, "md": 0, "wk": 1, "fwk": 0, "fw": 0, "tw": 0, "bbi": "1/9", "bbm": "1/9", "bwa": 40, "bwe": 6.66, "bwsr": 36}]}, {"type": "YEAR", "stats": [{"bl": null, "tt": "year 2014", "sp": null, "mt": 2, "in": 2, "pr": "year=2014", "ov": 6, "cd": 40, "md": 0, "wk": 1, "fwk": 0, "fw": 0, "tw": 0, "bbi": "1/9", "bbm": "1/9", "bwa": 40, "bwe": 6.66, "bwsr": 36}, {"bl": null, "tt": "year 2015", "sp": null, "mt": 1, "in": 1, "pr": "year=2015", "ov": 4, "cd": 32, "md": 0, "wk": 1, "fwk": 0, "fw": 0, "tw": 0, "bbi": "1/32", "bbm": "1/32", "bwa": 32, "bwe": 8, "bwsr": 24}, {"bl": null, "tt": "year 2016", "sp": null, "mt": 2, "in": 2, "pr": "year=2016", "ov": 8, "cd": 75, "md": 1, "wk": 4, "fwk": 0, "fw": 0, "tw": 0, "bbi": "3/44", "bbm": "3/44", "bwa": 18.75, "bwe": 9.37, "bwsr": 12}, {"bl": null, "tt": "year 2017", "sp": null, "mt": 1, "in": 1, "pr": "year=2017", "ov": 4, "cd": 44, "md": 0, "wk": 1, "fwk": 0, "fw": 0, "tw": 0, "bbi": "1/44", "bbm": "1/44", "bwa": 44, "bwe": 11, "bwsr": 24}]}, {"type": "SEASON", "stats": [{"bl": null, "tt": "season 2014/15", "sp": null, "mt": 2, "in": 2, "pr": "season=2014/15", "ov": 6, "cd": 40, "md": 0, "wk": 1, "fwk": 0, "fw": 0, "tw": 0, "bbi": "1/9", "bbm": "1/9", "bwa": 40, "bwe": 6.66, "bwsr": 36}, {"bl": null, "tt": "season 2015", "sp": null, "mt": 1, "in": 1, "pr": "season=2015", "ov": 4, "cd": 32, "md": 0, "wk": 1, "fwk": 0, "fw": 0, "tw": 0, "bbi": "1/32", "bbm": "1/32", "bwa": 32, "bwe": 8, "bwsr": 24}, {"bl": null, "tt": "season 2015/16", "sp": null, "mt": 2, "in": 2, "pr": "season=2015/16", "ov": 8, "cd": 75, "md": 1, "wk": 4, "fwk": 0, "fw": 0, "tw": 0, "bbi": "3/44", "bbm": "3/44", "bwa": 18.75, "bwe": 9.37, "bwsr": 12}, {"bl": null, "tt": "season 2016/17", "sp": null, "mt": 1, "in": 1, "pr": "season=2016/17", "ov": 4, "cd": 44, "md": 0, "wk": 1, "fwk": 0, "fw": 0, "tw": 0, "bbi": "1/44", "bbm": "1/44", "bwa": 44, "bwe": 11, "bwsr": 24}]}, {"type": "CAPTAINS_INVOLVED", "stats": [{"bl": null, "tt": "*BB McCullum", "sp": "2015-2015", "mt": 1, "in": 1, "pr": "captain_involve=10384", "ov": 4, "cd": 32, "md": 0, "wk": 1, "fwk": 0, "fw": 0, "tw": 0, "bbi": "1/32", "bbm": "1/32", "bwa": 32, "bwe": 8, "bwsr": 24}, {"bl": null, "tt": "*KS Williamson", "sp": "2014-2017", "mt": 5, "in": 5, "pr": "captain_involve=51088", "ov": 18, "cd": 159, "md": 1, "wk": 6, "fwk": 0, "fw": 0, "tw": 0, "bbi": "3/44", "bbm": "3/44", "bwa": 26.5, "bwe": 8.83, "bwsr": 18}]}, {"type": "CAPTAIN", "stats": [{"bl": null, "tt": "is not captain", "sp": "2014-2017", "mt": 6, "in": 6, "pr": "captain=0", "ov": 22, "cd": 191, "md": 1, "wk": 7, "fwk": 0, "fw": 0, "tw": 0, "bbi": "3/44", "bbm": "3/44", "bwa": 27.28, "bwe": 8.68, "bwsr": 18.8}]}, {"type": "KEEPER", "stats": [{"bl": null, "tt": "is not keeper", "sp": "2014-2017", "mt": 6, "in": 6, "pr": "keeper=0", "ov": 22, "cd": 191, "md": 1, "wk": 7, "fwk": 0, "fw": 0, "tw": 0, "bbi": "3/44", "bbm": "3/44", "bwa": 27.28, "bwe": 8.68, "bwsr": 18.8}]}, {"type": "TOSS", "stats": [{"bl": null, "tt": "won the toss", "sp": "2016-2016", "mt": 1, "in": 1, "pr": "toss=1", "ov": 4, "cd": 31, "md": 1, "wk": 1, "fwk": 0, "fw": 0, "tw": 0, "bbi": "1/31", "bbm": "1/31", "bwa": 31, "bwe": 7.75, "bwsr": 24}, {"bl": null, "tt": "lost the toss", "sp": "2014-2017", "mt": 5, "in": 5, "pr": "toss=2", "ov": 18, "cd": 160, "md": 0, "wk": 6, "fwk": 0, "fw": 0, "tw": 0, "bbi": "3/44", "bbm": "3/44", "bwa": 26.66, "bwe": 8.88, "bwsr": 18}]}, {"type": "BATTING_FIELDING_SEQUENCE_AND_TOSS", "stats": [{"bl": null, "tt": "won toss &amp; fielded", "sp": "2016-2016", "mt": 1, "in": 1, "pr": "batting_fielding_first=2;toss=1", "ov": 4, "cd": 31, "md": 1, "wk": 1, "fwk": 0, "fw": 0, "tw": 0, "bbi": "1/31", "bbm": "1/31", "bwa": 31, "bwe": 7.75, "bwsr": 24}, {"bl": null, "tt": "lost toss &amp; sent in", "sp": "2014-2016", "mt": 3, "in": 3, "pr": "batting_fielding_first=1;toss=2", "ov": 10, "cd": 84, "md": 0, "wk": 4, "fwk": 0, "fw": 0, "tw": 0, "bbi": "3/44", "bbm": "3/44", "bwa": 21, "bwe": 8.4, "bwsr": 15}, {"bl": null, "tt": "lost toss &amp; fielded", "sp": "2015-2017", "mt": 2, "in": 2, "pr": "batting_fielding_first=2;toss=2", "ov": 8, "cd": 76, "md": 0, "wk": 2, "fwk": 0, "fw": 0, "tw": 0, "bbi": "1/32", "bbm": "1/32", "bwa": 38, "bwe": 9.5, "bwsr": 24}]}, {"type": "BATTING_FIELDING_SEQUENCE", "stats": [{"bl": null, "tt": "matches batting first", "sp": "2014-2016", "mt": 3, "in": 3, "pr": "batting_fielding_first=1", "ov": 10, "cd": 84, "md": 0, "wk": 4, "fwk": 0, "fw": 0, "tw": 0, "bbi": "3/44", "bbm": "3/44", "bwa": 21, "bwe": 8.4, "bwsr": 15}, {"bl": null, "tt": "matches fielding first", "sp": "2015-2017", "mt": 3, "in": 3, "pr": "batting_fielding_first=2", "ov": 12, "cd": 107, "md": 1, "wk": 3, "fwk": 0, "fw": 0, "tw": 0, "bbi": "1/31", "bbm": "1/31", "bwa": 35.66, "bwe": 8.91, "bwsr": 24}]}, {"type": "TEAM_INNINGS", "stats": [{"bl": null, "tt": "1st team innings", "sp": "2014-2017", "mt": 6, "in": 6, "pr": "innings_number=2;innings_number=1", "ov": 22, "cd": 191, "md": 1, "wk": 7, "fwk": 0, "fw": 0, "tw": 0, "bbi": "3/44", "bbm": "3/44", "bwa": 27.28, "bwe": 8.68, "bwsr": 18.8}]}, {"type": "MATCH_INNINGS", "stats": [{"bl": null, "tt": "1st match innings", "sp": "2015-2017", "mt": 3, "in": 3, "pr": "innings_number=1", "ov": 12, "cd": 107, "md": 1, "wk": 3, "fwk": 0, "fw": 0, "tw": 0, "bbi": "1/31", "bbm": "1/31", "bwa": 35.66, "bwe": 8.91, "bwsr": 24}, {"bl": null, "tt": "2nd match innings", "sp": "2014-2016", "mt": 3, "in": 3, "pr": "innings_number=2", "ov": 10, "cd": 84, "md": 0, "wk": 4, "fwk": 0, "fw": 0, "tw": 0, "bbi": "3/44", "bbm": "3/44", "bwa": 21, "bwe": 8.4, "bwsr": 15}]}, {"type": "FLOODLIT", "stats": [{"bl": null, "tt": "day match", "sp": "2016-2016", "mt": 1, "in": 1, "pr": "floodlit=1", "ov": 4, "cd": 44, "md": 0, "wk": 3, "fwk": 0, "fw": 0, "tw": 0, "bbi": "3/44", "bbm": "3/44", "bwa": 14.66, "bwe": 11, "bwsr": 8}, {"bl": null, "tt": "day/night match", "sp": "2015-2016", "mt": 2, "in": 2, "pr": "floodlit=2", "ov": 8, "cd": 63, "md": 1, "wk": 2, "fwk": 0, "fw": 0, "tw": 0, "bbi": "1/31", "bbm": "1/31", "bwa": 31.5, "bwe": 7.87, "bwsr": 24}, {"bl": null, "tt": "night match", "sp": "2014-2017", "mt": 3, "in": 3, "pr": "floodlit=3", "ov": 10, "cd": 84, "md": 0, "wk": 2, "fwk": 0, "fw": 0, "tw": 0, "bbi": "1/9", "bbm": "1/9", "bwa": 42, "bwe": 8.4, "bwsr": 30}]}, {"type": "RESULT", "stats": [{"bl": null, "tt": "won match", "sp": "2014-2017", "mt": 3, "in": 3, "pr": "result=1", "ov": 10, "cd": 97, "md": 0, "wk": 5, "fwk": 0, "fw": 0, "tw": 0, "bbi": "3/44", "bbm": "3/44", "bwa": 19.4, "bwe": 9.7, "bwsr": 12}, {"bl": null, "tt": "lost match", "sp": "2014-2016", "mt": 3, "in": 3, "pr": "result=2", "ov": 12, "cd": 94, "md": 1, "wk": 2, "fwk": 0, "fw": 0, "tw": 0, "bbi": "1/31", "bbm": "1/31", "bwa": 47, "bwe": 7.83, "bwsr": 36}]}, {"type": "BATTING_FIELDING_SEQUENCE_AND_RESULT", "stats": [{"bl": null, "tt": "won batting first", "sp": "2014-2016", "mt": 2, "in": 2, "pr": "batting_fielding_first=1;result=1", "ov": 6, "cd": 53, "md": 0, "wk": 4, "fwk": 0, "fw": 0, "tw": 0, "bbi": "3/44", "bbm": "3/44", "bwa": 13.25, "bwe": 8.83, "bwsr": 9}, {"bl": null, "tt": "won fielding first", "sp": "2017-2017", "mt": 1, "in": 1, "pr": "batting_fielding_first=2;result=1", "ov": 4, "cd": 44, "md": 0, "wk": 1, "fwk": 0, "fw": 0, "tw": 0, "bbi": "1/44", "bbm": "1/44", "bwa": 44, "bwe": 11, "bwsr": 24}, {"bl": null, "tt": "lost batting first", "sp": "2014-2014", "mt": 1, "in": 1, "pr": "batting_fielding_first=1;result=2", "ov": 4, "cd": 31, "md": 0, "wk": 0, "fwk": 0, "fw": 0, "tw": 0, "bbi": null, "bbm": null, "bwa": null, "bwe": 7.75, "bwsr": null}, {"bl": null, "tt": "lost fielding first", "sp": "2015-2016", "mt": 2, "in": 2, "pr": "batting_fielding_first=2;result=2", "ov": 8, "cd": 63, "md": 1, "wk": 2, "fwk": 0, "fw": 0, "tw": 0, "bbi": "1/31", "bbm": "1/31", "bwa": 31.5, "bwe": 7.87, "bwsr": 24}]}, {"type": "TOURNAMENT_TYPE", "stats": [{"bl": null, "tt": "2 team series", "sp": "2014-2017", "mt": 6, "in": 6, "pr": "tournament_type=2", "ov": 22, "cd": 191, "md": 1, "wk": 7, "fwk": 0, "fw": 0, "tw": 0, "bbi": "3/44", "bbm": "3/44", "bwa": 27.28, "bwe": 8.68, "bwsr": 18.8}]}, {"type": "MATCH_NUMBER", "stats": [{"bl": null, "tt": "only match in series", "sp": "2015-2015", "mt": 1, "in": 1, "pr": "match_number=0", "ov": 4, "cd": 32, "md": 0, "wk": 1, "fwk": 0, "fw": 0, "tw": 0, "bbi": "1/32", "bbm": "1/32", "bwa": 32, "bwe": 8, "bwsr": 24}, {"bl": null, "tt": "1st match in series", "sp": "2014-2017", "mt": 4, "in": 4, "pr": "match_number=1", "ov": 16, "cd": 150, "md": 1, "wk": 5, "fwk": 0, "fw": 0, "tw": 0, "bbi": "3/44", "bbm": "3/44", "bwa": 30, "bwe": 9.37, "bwsr": 19.2}, {"bl": null, "tt": "2nd match in series", "sp": "2014-2014", "mt": 1, "in": 1, "pr": "match_number=2", "ov": 2, "cd": 9, "md": 0, "wk": 1, "fwk": 0, "fw": 0, "tw": 0, "bbi": "1/9", "bbm": "1/9", "bwa": 9, "bwe": 4.5, "bwsr": 12}]}, {"type": "BOWLING_POSITION", "stats": [{"bl": null, "tt": "1st position", "sp": "2014-2016", "mt": 3, "in": 3, "pr": "bowling_positionval1=bowling_position;bowling_positionmin1=1;bowling_positionmax1=1", "ov": 12, "cd": 106, "md": 1, "wk": 4, "fwk": 0, "fw": 0, "tw": 0, "bbi": "3/44", "bbm": "3/44", "bwa": 26.5, "bwe": 8.83, "bwsr": 18}, {"bl": null, "tt": "2nd position", "sp": "2014-2017", "mt": 2, "in": 2, "pr": "bowling_positionval1=bowling_position;bowling_positionmin1=2;bowling_positionmax1=2", "ov": 6, "cd": 53, "md": 0, "wk": 2, "fwk": 0, "fw": 0, "tw": 0, "bbi": "1/9", "bbm": "1/9", "bwa": 26.5, "bwe": 8.83, "bwsr": 18}, {"bl": null, "tt": "5th position", "sp": "2015-2015", "mt": 1, "in": 1, "pr": "bowling_positionval1=bowling_position;bowling_positionmin1=5;bowling_positionmax1=5", "ov": 4, "cd": 32, "md": 0, "wk": 1, "fwk": 0, "fw": 0, "tw": 0, "bbi": "1/32", "bbm": "1/32", "bwa": 32, "bwe": 8, "bwsr": 24}]}]}}