{"player": {"id": 64947, "objectId": 506612, "name": "MJ Henry", "longName": "Matt Henry", "mobileName": "Henry", "indexName": "Henry, MJ", "battingName": "MJ Henry", "fieldingName": "Henry", "slug": "matt-henry", "gender": "M", "playingRole": "bowler", "battingStyles": ["rhb"], "bowlingStyles": ["rfm"], "longBattingStyles": ["right-hand bat"], "longBowlingStyles": ["right-arm fast-medium"], "image": {"id": 303607, "objectId": 1222381, "slug": "matt-henry-portrait", "url": "/db/PICTURES/CMS/303600/303607.jpg", "width": 160, "height": 200, "caption": "Matt Henry portrait", "longCaption": "Matt Henry portrait, May 2020", "credit": "Getty Images", "photographer": null, "peerUrls": null}, "countryTeamId": 5, "playingRoleType": "P", "playingRoles": ["bowler"], "dateOfBirth": {"year": 1991, "month": 12, "date": 14}, "dateOfDeath": null, "fullName": "Matthew James Henry", "nickNames": "", "alsoKnownAs": "", "height": 0, "heightUnit": null, "education": "", "country": {"id": 5, "objectId": 5, "name": "New Zealand", "shortName": "New Zealand", "image": {"id": 313127, "objectId": 1241586, "slug": "new-zealand-logo", "url": "/db/PICTURES/CMS/313100/313127.logo.png", "width": 500, "height": 500, "caption": "New Zealand logo", "longCaption": "New Zealand logo", "credit": null, "photographer": null, "peerUrls": null}}, "altCountryTeamId": null, "placeOfBirth": "Christchurch, Canterbury", "dobText": null, "dodText": null, "placeOfDeath": "", "intlCareerSpan": "2014 - 2021", "headshotImage": {"id": 321247, "objectId": 1262818, "slug": "matt-henry-player-page-headshot-cutout-2021", "url": "/db/PICTURES/CMS/321200/321247.png", "width": 600, "height": 436, "caption": "Matt Henry player page headshot cutout, 2021", "longCaption": "Matt Henry player page headshot cutout, 2021", "credit": "", "photographer": null, "peerUrls": {"FILM": null, "WIDE": null, "SQUARE": "/db/PICTURES/CMS/321200/321247.square.png"}}, "backgroundImage": {"id": 209603, "objectId": 855637, "slug": "matt-henry-soaked-up-his-late-world-cup-call", "url": "/db/PICTURES/CMS/209600/209603.jpg", "width": 900, "height": 646, "caption": "Matt Henry soaked up his late World Cup call", "longCaption": "Matt Henry soaked up his late World Cup call, Melbourne, March 26, 2015", "credit": "Getty Images", "photographer": null, "peerUrls": {"FILM": null, "WIDE": "/db/PICTURES/CMS/209600/209603.3.jpg", "SQUARE": "/db/PICTURES/CMS/209600/209603.square.jpg"}}, "externalLinks": [], "fieldingStyles": [], "otherStyles": [], "matchPlayerTypes": [1], "hasRecords": true, "hasStats": true, "hasMatches": true, "totalStories": 90, "totalVideos": 12, "totalImages": 122}, "teams": [{"team": {"id": 5, "objectId": 5, "scribeId": 5, "slug": "new-zealand", "name": "New Zealand", "longName": "New Zealand", "abbreviation": "NZ", "isCountry": true, "primaryColor": "#000000", "image": {"id": 313127, "objectId": 1241586, "slug": "new-zealand-logo", "url": "/db/PICTURES/CMS/313100/313127.logo.png", "width": 500, "height": 500, "caption": "New Zealand logo", "longCaption": "New Zealand logo", "credit": null, "photographer": null, "peerUrls": null}}, "current": false}, {"team": {"id": 2520, "objectId": 2469, "scribeId": 2469, "slug": "canterbury", "name": "Canterbury", "longName": "Canterbury", "abbreviation": "CANT", "isCountry": false, "primaryColor": null, "image": {"id": 313330, "objectId": 1241789, "slug": "canterbury-logo", "url": "/db/PICTURES/CMS/313300/313330.logo.png", "width": 500, "height": 500, "caption": "Canterbury logo", "longCaption": "Canterbury logo", "credit": null, "photographer": null, "peerUrls": null}}, "current": false}, {"team": {"id": 2528, "objectId": 2477, "scribeId": 2477, "slug": "canterbury-under-17s", "name": "", "longName": "Canterbury Under-17s", "abbreviation": "", "isCountry": false, "primaryColor": null, "image": null}, "current": false}, {"team": {"id": 2529, "objectId": 2478, "scribeId": 2478, "slug": "canterbury-under-19s", "name": "", "longName": "Canterbury Under-19s", "abbreviation": "", "isCountry": false, "primaryColor": null, "image": null}, "current": false}, {"team": {"id": 4343, "objectId": 335974, "scribeId": 335974, "slug": "chennai-super-kings", "name": "Super Kings", "longName": "Chennai Super Kings", "abbreviation": "CSK", "isCountry": false, "primaryColor": "#fdb913", "image": {"id": 313421, "objectId": 1241880, "slug": "chennai-super-kings-logo", "url": "/db/PICTURES/CMS/313400/313421.logo.png", "width": 500, "height": 500, "caption": "Chennai Super Kings logo", "longCaption": "Chennai Super Kings logo", "credit": null, "photographer": null, "peerUrls": null}}, "current": false}, {"team": {"id": 955, "objectId": 904, "scribeId": 904, "slug": "derbyshire", "name": "Derbyshire", "longName": "Derbyshire", "abbreviation": "DERBS", "isCountry": false, "primaryColor": null, "image": {"id": 313254, "objectId": 1241713, "slug": "derbyshire-logo", "url": "/db/PICTURES/CMS/313200/313254.logo.png", "width": 500, "height": 500, "caption": "Derbyshire logo", "longCaption": "Derbyshire logo", "credit": null, "photographer": null, "peerUrls": null}}, "current": false}, {"team": {"id": 4342, "objectId": 335973, "scribeId": 335973, "slug": "punjab-kings", "name": "Kings XI", "longName": "Kings XI Punjab", "abbreviation": "KXIP", "isCountry": false, "primaryColor": "#b32524", "image": {"id": 317003, "objectId": 1252156, "slug": "punjab-kings-team-logo", "url": "/db/PICTURES/CMS/317000/317003.png", "width": 500, "height": 500, "caption": "Punjab Kings team logo", "longCaption": "Punjab Kings team logo", "credit": "IPL", "photographer": null, "peerUrls": null}}, "current": false}, {"team": {"id": 2591, "objectId": 2540, "scribeId": 2540, "slug": "new-zealand-a", "name": "NZ A", "longName": "New Zealand A", "abbreviation": "NZ-A", "isCountry": false, "primaryColor": null, "image": {"id": 313333, "objectId": 1241792, "slug": "new-zealand-a-logo", "url": "/db/PICTURES/CMS/313300/313333.logo.png", "width": 500, "height": 500, "caption": "New Zealand A logo", "longCaption": "New Zealand A logo", "credit": null, "photographer": null, "peerUrls": null}}, "current": false}]}