{"summary": {"recordClassId": 3, "type": "ALLROUND", "groups": [{"type": "CAREER_AVERAGES", "stats": [{"tt": "overview", "sp": "2014-2017", "mt": 6, "pr": null, "rn": 10, "wk": 7, "ct": 1, "st": 0, "hs": "10", "hn": 0, "bbi": "3/44", "bta": 10, "bwa": 27.28, "fw": 0, "bbad": -17.28}]}, {"type": "OPPOSITION_TEAM", "stats": [{"tt": "v Bangladesh", "sp": "2017-2017", "mt": 1, "pr": "opposition=25", "rn": null, "wk": 1, "ct": 1, "st": 0, "hs": null, "hn": null, "bbi": "1/44", "bta": null, "bwa": 44, "fw": 0, "bbad": null}, {"tt": "v England", "sp": "2015-2015", "mt": 1, "pr": "opposition=1", "rn": 0, "wk": 1, "ct": 0, "st": 0, "hs": "0*", "hn": 0, "bbi": "1/32", "bta": null, "bwa": 32, "fw": 0, "bbad": null}, {"tt": "v Pakistan", "sp": "2014-2016", "mt": 3, "pr": "opposition=7", "rn": 10, "wk": 2, "ct": 0, "st": 0, "hs": "10", "hn": 0, "bbi": "1/9", "bta": 10, "bwa": 35.5, "fw": 0, "bbad": -25.5}, {"tt": "v Sri Lanka", "sp": "2016-2016", "mt": 1, "pr": "opposition=8", "rn": null, "wk": 3, "ct": 0, "st": 0, "hs": null, "hn": null, "bbi": "3/44", "bta": null, "bwa": 14.66, "fw": 0, "bbad": null}]}, {"type": "HOST_COUNTRY", "stats": [{"tt": "in England", "sp": "2015-2015", "mt": 1, "pr": "host=1", "rn": 0, "wk": 1, "ct": 0, "st": 0, "hs": "0*", "hn": 0, "bbi": "1/32", "bta": null, "bwa": 32, "fw": 0, "bbad": null}, {"tt": "in New Zealand", "sp": "2016-2017", "mt": 3, "pr": "host=5", "rn": 10, "wk": 5, "ct": 1, "st": 0, "hs": "10", "hn": 0, "bbi": "3/44", "bta": 10, "bwa": 23.8, "fw": 0, "bbad": -13.8}, {"tt": "in U.A.E.", "sp": "2014-2014", "mt": 2, "pr": "host=27", "rn": null, "wk": 1, "ct": 0, "st": 0, "hs": null, "hn": null, "bbi": "1/9", "bta": null, "bwa": 40, "fw": 0, "bbad": null}]}, {"type": "CONTINENT", "stats": [{"tt": "in Asia", "sp": "2014-2014", "mt": 2, "pr": "continent=2", "rn": null, "wk": 1, "ct": 0, "st": 0, "hs": null, "hn": null, "bbi": "1/9", "bta": null, "bwa": 40, "fw": 0, "bbad": null}, {"tt": "in Europe", "sp": "2015-2015", "mt": 1, "pr": "continent=4", "rn": 0, "wk": 1, "ct": 0, "st": 0, "hs": "0*", "hn": 0, "bbi": "1/32", "bta": null, "bwa": 32, "fw": 0, "bbad": null}, {"tt": "in Oceania", "sp": "2016-2017", "mt": 3, "pr": "continent=5", "rn": 10, "wk": 5, "ct": 1, "st": 0, "hs": "10", "hn": 0, "bbi": "3/44", "bta": 10, "bwa": 23.8, "fw": 0, "bbad": -13.8}]}, {"type": "HOME_OR_AWAY", "stats": [{"tt": "home", "sp": "2016-2017", "mt": 3, "pr": "home_or_away=1", "rn": 10, "wk": 5, "ct": 1, "st": 0, "hs": "10", "hn": 0, "bbi": "3/44", "bta": 10, "bwa": 23.8, "fw": 0, "bbad": -13.8}, {"tt": "away", "sp": "2015-2015", "mt": 1, "pr": "home_or_away=2", "rn": 0, "wk": 1, "ct": 0, "st": 0, "hs": "0*", "hn": 0, "bbi": "1/32", "bta": null, "bwa": 32, "fw": 0, "bbad": null}, {"tt": "neutral", "sp": "2014-2014", "mt": 2, "pr": "home_or_away=3", "rn": null, "wk": 1, "ct": 0, "st": 0, "hs": null, "hn": null, "bbi": "1/9", "bta": null, "bwa": 40, "fw": 0, "bbad": null}]}, {"type": "YEAR", "stats": [{"tt": "year 2014", "sp": null, "mt": 2, "pr": "year=2014", "rn": null, "wk": 1, "ct": 0, "st": 0, "hs": null, "hn": null, "bbi": "1/9", "bta": null, "bwa": 40, "fw": 0, "bbad": null}, {"tt": "year 2015", "sp": null, "mt": 1, "pr": "year=2015", "rn": 0, "wk": 1, "ct": 0, "st": 0, "hs": "0*", "hn": 0, "bbi": "1/32", "bta": null, "bwa": 32, "fw": 0, "bbad": null}, {"tt": "year 2016", "sp": null, "mt": 2, "pr": "year=2016", "rn": 10, "wk": 4, "ct": 0, "st": 0, "hs": "10", "hn": 0, "bbi": "3/44", "bta": 10, "bwa": 18.75, "fw": 0, "bbad": -8.75}, {"tt": "year 2017", "sp": null, "mt": 1, "pr": "year=2017", "rn": null, "wk": 1, "ct": 1, "st": 0, "hs": null, "hn": null, "bbi": "1/44", "bta": null, "bwa": 44, "fw": 0, "bbad": null}]}, {"type": "SEASON", "stats": [{"tt": "season 2014/15", "sp": null, "mt": 2, "pr": "season=2014/15", "rn": null, "wk": 1, "ct": 0, "st": 0, "hs": null, "hn": null, "bbi": "1/9", "bta": null, "bwa": 40, "fw": 0, "bbad": null}, {"tt": "season 2015", "sp": null, "mt": 1, "pr": "season=2015", "rn": 0, "wk": 1, "ct": 0, "st": 0, "hs": "0*", "hn": 0, "bbi": "1/32", "bta": null, "bwa": 32, "fw": 0, "bbad": null}, {"tt": "season 2015/16", "sp": null, "mt": 2, "pr": "season=2015/16", "rn": 10, "wk": 4, "ct": 0, "st": 0, "hs": "10", "hn": 0, "bbi": "3/44", "bta": 10, "bwa": 18.75, "fw": 0, "bbad": -8.75}, {"tt": "season 2016/17", "sp": null, "mt": 1, "pr": "season=2016/17", "rn": null, "wk": 1, "ct": 1, "st": 0, "hs": null, "hn": null, "bbi": "1/44", "bta": null, "bwa": 44, "fw": 0, "bbad": null}]}, {"type": "CAPTAINS_INVOLVED", "stats": [{"tt": "*BB McCullum", "sp": "2015-2015", "mt": 1, "pr": "captain_involve=10384", "rn": 0, "wk": 1, "ct": 0, "st": 0, "hs": "0*", "hn": 0, "bbi": "1/32", "bta": null, "bwa": 32, "fw": 0, "bbad": null}, {"tt": "*KS Williamson", "sp": "2014-2017", "mt": 5, "pr": "captain_involve=51088", "rn": 10, "wk": 6, "ct": 1, "st": 0, "hs": "10", "hn": 0, "bbi": "3/44", "bta": 10, "bwa": 26.5, "fw": 0, "bbad": -16.5}]}, {"type": "CAPTAIN", "stats": [{"tt": "is not captain", "sp": "2014-2017", "mt": 6, "pr": "captain=0", "rn": 10, "wk": 7, "ct": 1, "st": 0, "hs": "10", "hn": 0, "bbi": "3/44", "bta": 10, "bwa": 27.28, "fw": 0, "bbad": -17.28}]}, {"type": "KEEPER", "stats": [{"tt": "is not keeper", "sp": "2014-2017", "mt": 6, "pr": "keeper=0", "rn": 10, "wk": 7, "ct": 1, "st": 0, "hs": "10", "hn": 0, "bbi": "3/44", "bta": 10, "bwa": 27.28, "fw": 0, "bbad": -17.28}]}, {"type": "TOSS", "stats": [{"tt": "won the toss", "sp": "2016-2016", "mt": 1, "pr": "toss=1", "rn": 10, "wk": 1, "ct": 0, "st": 0, "hs": "10", "hn": 0, "bbi": "1/31", "bta": 10, "bwa": 31, "fw": 0, "bbad": -21}, {"tt": "lost the toss", "sp": "2014-2017", "mt": 5, "pr": "toss=2", "rn": 0, "wk": 6, "ct": 1, "st": 0, "hs": "0*", "hn": 0, "bbi": "3/44", "bta": null, "bwa": 26.66, "fw": 0, "bbad": null}]}, {"type": "BATTING_FIELDING_SEQUENCE_AND_TOSS", "stats": [{"tt": "won toss &amp; fielded", "sp": "2016-2016", "mt": 1, "pr": "batting_fielding_first=2;toss=1", "rn": 10, "wk": 1, "ct": 0, "st": 0, "hs": "10", "hn": 0, "bbi": "1/31", "bta": 10, "bwa": 31, "fw": 0, "bbad": -21}, {"tt": "lost toss &amp; sent in", "sp": "2014-2016", "mt": 3, "pr": "batting_fielding_first=1;toss=2", "rn": null, "wk": 4, "ct": 0, "st": 0, "hs": null, "hn": null, "bbi": "3/44", "bta": null, "bwa": 21, "fw": 0, "bbad": null}, {"tt": "lost toss &amp; fielded", "sp": "2015-2017", "mt": 2, "pr": "batting_fielding_first=2;toss=2", "rn": 0, "wk": 2, "ct": 1, "st": 0, "hs": "0*", "hn": 0, "bbi": "1/32", "bta": null, "bwa": 38, "fw": 0, "bbad": null}]}, {"type": "BATTING_FIELDING_SEQUENCE", "stats": [{"tt": "matches batting first", "sp": "2014-2016", "mt": 3, "pr": "batting_fielding_first=1", "rn": null, "wk": 4, "ct": 0, "st": 0, "hs": null, "hn": null, "bbi": "3/44", "bta": null, "bwa": 21, "fw": 0, "bbad": null}, {"tt": "matches fielding first", "sp": "2015-2017", "mt": 3, "pr": "batting_fielding_first=2", "rn": 10, "wk": 3, "ct": 1, "st": 0, "hs": "10", "hn": 0, "bbi": "1/31", "bta": 10, "bwa": 35.66, "fw": 0, "bbad": -25.66}]}, {"type": "TEAM_INNINGS", "stats": [{"tt": "1st team innings", "sp": "2014-2017", "mt": 6, "pr": "innings_number=1;innings_number=2", "rn": 10, "wk": 7, "ct": 1, "st": 0, "hs": "10", "hn": 0, "bbi": "3/44", "bta": 10, "bwa": 27.28, "fw": 0, "bbad": -17.28}]}, {"type": "MATCH_INNINGS", "stats": [{"tt": "1st match innings", "sp": "2014-2017", "mt": 6, "pr": "innings_number=1", "rn": null, "wk": 3, "ct": 1, "st": 0, "hs": null, "hn": null, "bbi": "1/31", "bta": null, "bwa": 35.66, "fw": 0, "bbad": null}, {"tt": "2nd match innings", "sp": "2014-2017", "mt": 6, "pr": "innings_number=2", "rn": 10, "wk": 4, "ct": 0, "st": 0, "hs": "10", "hn": 0, "bbi": "3/44", "bta": 10, "bwa": 21, "fw": 0, "bbad": -11}]}, {"type": "FLOODLIT", "stats": [{"tt": "day match", "sp": "2016-2016", "mt": 1, "pr": "floodlit=1", "rn": null, "wk": 3, "ct": 0, "st": 0, "hs": null, "hn": null, "bbi": "3/44", "bta": null, "bwa": 14.66, "fw": 0, "bbad": null}, {"tt": "day/night match", "sp": "2015-2016", "mt": 2, "pr": "floodlit=2", "rn": 10, "wk": 2, "ct": 0, "st": 0, "hs": "10", "hn": 0, "bbi": "1/31", "bta": 10, "bwa": 31.5, "fw": 0, "bbad": -21.5}, {"tt": "night match", "sp": "2014-2017", "mt": 3, "pr": "floodlit=3", "rn": null, "wk": 2, "ct": 1, "st": 0, "hs": null, "hn": null, "bbi": "1/9", "bta": null, "bwa": 42, "fw": 0, "bbad": null}]}, {"type": "RESULT", "stats": [{"tt": "won match", "sp": "2014-2017", "mt": 3, "pr": "result=1", "rn": null, "wk": 5, "ct": 1, "st": 0, "hs": null, "hn": null, "bbi": "3/44", "bta": null, "bwa": 19.4, "fw": 0, "bbad": null}, {"tt": "lost match", "sp": "2014-2016", "mt": 3, "pr": "result=2", "rn": 10, "wk": 2, "ct": 0, "st": 0, "hs": "10", "hn": 0, "bbi": "1/31", "bta": 10, "bwa": 47, "fw": 0, "bbad": -37}]}, {"type": "BATTING_FIELDING_SEQUENCE_AND_RESULT", "stats": [{"tt": "won batting first", "sp": "2014-2016", "mt": 2, "pr": "batting_fielding_first=1;result=1", "rn": null, "wk": 4, "ct": 0, "st": 0, "hs": null, "hn": null, "bbi": "3/44", "bta": null, "bwa": 13.25, "fw": 0, "bbad": null}, {"tt": "won fielding first", "sp": "2017-2017", "mt": 1, "pr": "batting_fielding_first=2;result=1", "rn": null, "wk": 1, "ct": 1, "st": 0, "hs": null, "hn": null, "bbi": "1/44", "bta": null, "bwa": 44, "fw": 0, "bbad": null}, {"tt": "lost batting first", "sp": "2014-2014", "mt": 1, "pr": "batting_fielding_first=1;result=2", "rn": null, "wk": 0, "ct": 0, "st": 0, "hs": null, "hn": null, "bbi": "-", "bta": null, "bwa": null, "fw": 0, "bbad": null}, {"tt": "lost fielding first", "sp": "2015-2016", "mt": 2, "pr": "batting_fielding_first=2;result=2", "rn": 10, "wk": 2, "ct": 0, "st": 0, "hs": "10", "hn": 0, "bbi": "1/31", "bta": 10, "bwa": 31.5, "fw": 0, "bbad": -21.5}]}, {"type": "TOURNAMENT_TYPE", "stats": [{"tt": "2 team series", "sp": "2014-2017", "mt": 6, "pr": "tournament_type=2", "rn": 10, "wk": 7, "ct": 1, "st": 0, "hs": "10", "hn": 0, "bbi": "3/44", "bta": 10, "bwa": 27.28, "fw": 0, "bbad": -17.28}]}, {"type": "MATCH_NUMBER", "stats": [{"tt": "only match in series", "sp": "2015-2015", "mt": 1, "pr": "match_number=0", "rn": 0, "wk": 1, "ct": 0, "st": 0, "hs": "0*", "hn": 0, "bbi": "1/32", "bta": null, "bwa": 32, "fw": 0, "bbad": null}, {"tt": "1st match in series", "sp": "2014-2017", "mt": 4, "pr": "match_number=1", "rn": 10, "wk": 5, "ct": 1, "st": 0, "hs": "10", "hn": 0, "bbi": "3/44", "bta": 10, "bwa": 30, "fw": 0, "bbad": -20}, {"tt": "2nd match in series", "sp": "2014-2014", "mt": 1, "pr": "match_number=2", "rn": null, "wk": 1, "ct": 0, "st": 0, "hs": null, "hn": null, "bbi": "1/9", "bta": null, "bwa": 9, "fw": 0, "bbad": null}]}]}}