{"summary": {"recordClassId": 3, "type": "BATTING", "groups": [{"type": "CAREER_AVERAGES", "stats": [{"tt": "overview", "sp": "2012-2017", "mt": 13, "in": 10, "pr": null, "rn": 163, "fo": 12, "si": 2, "ft": 0, "hn": 0, "bf": 157, "dk": 0, "no": 0, "hs": "39", "bta": 16.3, "btsr": 103.82}]}, {"type": "OPPOSITION_TEAM", "stats": [{"tt": "vs Bangladesh", "sp": "2013-2013", "mt": 1, "in": null, "pr": "opposition=25", "rn": null, "fo": null, "si": null, "ft": null, "hn": null, "bf": null, "dk": null, "no": null, "hs": null, "bta": null, "btsr": null}, {"tt": "vs England", "sp": "2013-2013", "mt": 2, "in": 1, "pr": "opposition=1", "rn": 22, "fo": 1, "si": 1, "ft": 0, "hn": 0, "bf": 17, "dk": 0, "no": 0, "hs": "22", "bta": 22, "btsr": 129.41}, {"tt": "vs India", "sp": "2017-2017", "mt": 1, "in": 1, "pr": "opposition=6", "rn": 39, "fo": 3, "si": 1, "ft": 0, "hn": 0, "bf": 36, "dk": 0, "no": 0, "hs": "39", "bta": 39, "btsr": 108.33}, {"tt": "vs Pakistan", "sp": "2014-2014", "mt": 1, "in": 1, "pr": "opposition=7", "rn": 26, "fo": 3, "si": 0, "ft": 0, "hn": 0, "bf": 22, "dk": 0, "no": 0, "hs": "26", "bta": 26, "btsr": 118.18}, {"tt": "vs South Africa", "sp": "2015-2015", "mt": 2, "in": 2, "pr": "opposition=3", "rn": 15, "fo": 1, "si": 0, "ft": 0, "hn": 0, "bf": 18, "dk": 0, "no": 0, "hs": "12", "bta": 7.5, "btsr": 83.33}, {"tt": "vs Sri Lanka", "sp": "2012-2013", "mt": 2, "in": 2, "pr": "opposition=8", "rn": 24, "fo": 2, "si": 0, "ft": 0, "hn": 0, "bf": 29, "dk": 0, "no": 0, "hs": "20", "bta": 12, "btsr": 82.75}, {"tt": "vs West Indies", "sp": "2012-2014", "mt": 4, "in": 3, "pr": "opposition=4", "rn": 37, "fo": 2, "si": 0, "ft": 0, "hn": 0, "bf": 35, "dk": 0, "no": 0, "hs": "19", "bta": 12.33, "btsr": 105.71}]}, {"type": "HOST_COUNTRY", "stats": [{"tt": "in Bangladesh", "sp": "2013-2013", "mt": 1, "in": null, "pr": "host=25", "rn": null, "fo": null, "si": null, "ft": null, "hn": null, "bf": null, "dk": null, "no": null, "hs": null, "bta": null, "btsr": null}, {"tt": "in England", "sp": "2013-2013", "mt": 2, "in": 1, "pr": "host=1", "rn": 22, "fo": 1, "si": 1, "ft": 0, "hn": 0, "bf": 17, "dk": 0, "no": 0, "hs": "22", "bta": 22, "btsr": 129.41}, {"tt": "in India", "sp": "2017-2017", "mt": 1, "in": 1, "pr": "host=6", "rn": 39, "fo": 3, "si": 1, "ft": 0, "hn": 0, "bf": 36, "dk": 0, "no": 0, "hs": "39", "bta": 39, "btsr": 108.33}, {"tt": "in South Africa", "sp": "2015-2015", "mt": 2, "in": 2, "pr": "host=3", "rn": 15, "fo": 1, "si": 0, "ft": 0, "hn": 0, "bf": 18, "dk": 0, "no": 0, "hs": "12", "bta": 7.5, "btsr": 83.33}, {"tt": "in Sri Lanka", "sp": "2012-2013", "mt": 2, "in": 2, "pr": "host=8", "rn": 24, "fo": 2, "si": 0, "ft": 0, "hn": 0, "bf": 29, "dk": 0, "no": 0, "hs": "20", "bta": 12, "btsr": 82.75}, {"tt": "in U.A.E.", "sp": "2014-2014", "mt": 1, "in": 1, "pr": "host=27", "rn": 26, "fo": 3, "si": 0, "ft": 0, "hn": 0, "bf": 22, "dk": 0, "no": 0, "hs": "26", "bta": 26, "btsr": 118.18}, {"tt": "in U.S.A.", "sp": "2012-2012", "mt": 2, "in": 2, "pr": "host=11", "rn": 34, "fo": 2, "si": 0, "ft": 0, "hn": 0, "bf": 30, "dk": 0, "no": 0, "hs": "19", "bta": 17, "btsr": 113.33}, {"tt": "in West Indies", "sp": "2014-2014", "mt": 2, "in": 1, "pr": "host=4", "rn": 3, "fo": 0, "si": 0, "ft": 0, "hn": 0, "bf": 5, "dk": 0, "no": 0, "hs": "3", "bta": 3, "btsr": 60}]}, {"type": "CONTINENT", "stats": [{"tt": "in Africa", "sp": "2015-2015", "mt": 2, "in": 2, "pr": "continent=1", "rn": 15, "fo": 1, "si": 0, "ft": 0, "hn": 0, "bf": 18, "dk": 0, "no": 0, "hs": "12", "bta": 7.5, "btsr": 83.33}, {"tt": "in Americas", "sp": "2012-2014", "mt": 4, "in": 3, "pr": "continent=3", "rn": 37, "fo": 2, "si": 0, "ft": 0, "hn": 0, "bf": 35, "dk": 0, "no": 0, "hs": "19", "bta": 12.33, "btsr": 105.71}, {"tt": "in Asia", "sp": "2012-2017", "mt": 5, "in": 4, "pr": "continent=2", "rn": 89, "fo": 8, "si": 1, "ft": 0, "hn": 0, "bf": 87, "dk": 0, "no": 0, "hs": "39", "bta": 22.25, "btsr": 102.29}, {"tt": "in Europe", "sp": "2013-2013", "mt": 2, "in": 1, "pr": "continent=4", "rn": 22, "fo": 1, "si": 1, "ft": 0, "hn": 0, "bf": 17, "dk": 0, "no": 0, "hs": "22", "bta": 22, "btsr": 129.41}]}, {"type": "HOME_OR_AWAY", "stats": [{"tt": "away", "sp": "2012-2017", "mt": 10, "in": 7, "pr": "home_or_away=2", "rn": 103, "fo": 7, "si": 2, "ft": 0, "hn": 0, "bf": 105, "dk": 0, "no": 0, "hs": "39", "bta": 14.71, "btsr": 98.09}, {"tt": "neutral", "sp": "2012-2014", "mt": 3, "in": 3, "pr": "home_or_away=3", "rn": 60, "fo": 5, "si": 0, "ft": 0, "hn": 0, "bf": 52, "dk": 0, "no": 0, "hs": "26", "bta": 20, "btsr": 115.38}]}, {"type": "YEAR", "stats": [{"tt": "year 2012", "sp": null, "mt": 3, "in": 3, "pr": "year=2012", "rn": 38, "fo": 3, "si": 0, "ft": 0, "hn": 0, "bf": 35, "dk": 0, "no": 0, "hs": "19", "bta": 12.66, "btsr": 108.57}, {"tt": "year 2013", "sp": null, "mt": 4, "in": 2, "pr": "year=2013", "rn": 42, "fo": 2, "si": 1, "ft": 0, "hn": 0, "bf": 41, "dk": 0, "no": 0, "hs": "22", "bta": 21, "btsr": 102.43}, {"tt": "year 2014", "sp": null, "mt": 3, "in": 2, "pr": "year=2014", "rn": 29, "fo": 3, "si": 0, "ft": 0, "hn": 0, "bf": 27, "dk": 0, "no": 0, "hs": "26", "bta": 14.5, "btsr": 107.4}, {"tt": "year 2015", "sp": null, "mt": 2, "in": 2, "pr": "year=2015", "rn": 15, "fo": 1, "si": 0, "ft": 0, "hn": 0, "bf": 18, "dk": 0, "no": 0, "hs": "12", "bta": 7.5, "btsr": 83.33}, {"tt": "year 2017", "sp": null, "mt": 1, "in": 1, "pr": "year=2017", "rn": 39, "fo": 3, "si": 1, "ft": 0, "hn": 0, "bf": 36, "dk": 0, "no": 0, "hs": "39", "bta": 39, "btsr": 108.33}]}, {"type": "SEASON", "stats": [{"tt": "season 2012", "sp": null, "mt": 2, "in": 2, "pr": "season=2012", "rn": 34, "fo": 2, "si": 0, "ft": 0, "hn": 0, "bf": 30, "dk": 0, "no": 0, "hs": "19", "bta": 17, "btsr": 113.33}, {"tt": "season 2012/13", "sp": null, "mt": 1, "in": 1, "pr": "season=NaN", "rn": 4, "fo": 1, "si": 0, "ft": 0, "hn": 0, "bf": 5, "dk": 0, "no": 0, "hs": "4", "bta": 4, "btsr": 80}, {"tt": "season 2013", "sp": null, "mt": 2, "in": 1, "pr": "season=2013", "rn": 22, "fo": 1, "si": 1, "ft": 0, "hn": 0, "bf": 17, "dk": 0, "no": 0, "hs": "22", "bta": 22, "btsr": 129.41}, {"tt": "season 2013/14", "sp": null, "mt": 2, "in": 1, "pr": "season=NaN", "rn": 20, "fo": 1, "si": 0, "ft": 0, "hn": 0, "bf": 24, "dk": 0, "no": 0, "hs": "20", "bta": 20, "btsr": 83.33}, {"tt": "season 2014", "sp": null, "mt": 2, "in": 1, "pr": "season=2014", "rn": 3, "fo": 0, "si": 0, "ft": 0, "hn": 0, "bf": 5, "dk": 0, "no": 0, "hs": "3", "bta": 3, "btsr": 60}, {"tt": "season 2014/15", "sp": null, "mt": 1, "in": 1, "pr": "season=NaN", "rn": 26, "fo": 3, "si": 0, "ft": 0, "hn": 0, "bf": 22, "dk": 0, "no": 0, "hs": "26", "bta": 26, "btsr": 118.18}, {"tt": "season 2015", "sp": null, "mt": 2, "in": 2, "pr": "season=2015", "rn": 15, "fo": 1, "si": 0, "ft": 0, "hn": 0, "bf": 18, "dk": 0, "no": 0, "hs": "12", "bta": 7.5, "btsr": 83.33}, {"tt": "season 2017/18", "sp": null, "mt": 1, "in": 1, "pr": "season=NaN", "rn": 39, "fo": 3, "si": 1, "ft": 0, "hn": 0, "bf": 36, "dk": 0, "no": 0, "hs": "39", "bta": 39, "btsr": 108.33}]}, {"type": "CAPTAINS_INVOLVED", "stats": [{"tt": "*BB McCullum", "sp": "2013-2014", "mt": 3, "in": 1, "pr": "captain_involve=10384", "rn": 22, "fo": 1, "si": 1, "ft": 0, "hn": 0, "bf": 17, "dk": 0, "no": 0, "hs": "22", "bta": 22, "btsr": 129.41}, {"tt": "*KD Mills", "sp": "2013-2013", "mt": 2, "in": 1, "pr": "captain_involve=10303", "rn": 20, "fo": 1, "si": 0, "ft": 0, "hn": 0, "bf": 24, "dk": 0, "no": 0, "hs": "20", "bta": 20, "btsr": 83.33}, {"tt": "*LRPL Taylor", "sp": "2012-2012", "mt": 2, "in": 2, "pr": "captain_involve=44930", "rn": 19, "fo": 2, "si": 0, "ft": 0, "hn": 0, "bf": 16, "dk": 0, "no": 0, "hs": "15", "bta": 9.5, "btsr": 118.75}, {"tt": "*KS Williamson", "sp": "2012-2017", "mt": 6, "in": 6, "pr": "captain_involve=51088", "rn": 102, "fo": 8, "si": 1, "ft": 0, "hn": 0, "bf": 100, "dk": 0, "no": 0, "hs": "39", "bta": 17, "btsr": 102}]}, {"type": "CAPTAIN", "stats": [{"tt": "is not captain", "sp": "2012-2017", "mt": 13, "in": 10, "pr": "captain=0", "rn": 163, "fo": 12, "si": 2, "ft": 0, "hn": 0, "bf": 157, "dk": 0, "no": 0, "hs": "39", "bta": 16.3, "btsr": 103.82}]}, {"type": "KEEPER", "stats": [{"tt": "is designated keeper", "sp": "2012-2017", "mt": 5, "in": 4, "pr": "keeper=1", "rn": 95, "fo": 6, "si": 2, "ft": 0, "hn": 0, "bf": 83, "dk": 0, "no": 0, "hs": "39", "bta": 23.75, "btsr": 114.45}, {"tt": "is not keeper", "sp": "2012-2015", "mt": 8, "in": 6, "pr": "keeper=0", "rn": 68, "fo": 6, "si": 0, "ft": 0, "hn": 0, "bf": 74, "dk": 0, "no": 0, "hs": "26", "bta": 11.33, "btsr": 91.89}]}, {"type": "TOSS", "stats": [{"tt": "won the toss", "sp": "2012-2017", "mt": 7, "in": 4, "pr": "toss=1", "rn": 60, "fo": 4, "si": 1, "ft": 0, "hn": 0, "bf": 60, "dk": 0, "no": 0, "hs": "39", "bta": 15, "btsr": 100}, {"tt": "lost the toss", "sp": "2012-2015", "mt": 6, "in": 6, "pr": "toss=2", "rn": 103, "fo": 8, "si": 1, "ft": 0, "hn": 0, "bf": 97, "dk": 0, "no": 0, "hs": "26", "bta": 17.16, "btsr": 106.18}]}, {"type": "BATTING_FIELDING_SEQUENCE_AND_TOSS", "stats": [{"tt": "won toss &amp; batted", "sp": "2013-2015", "mt": 2, "in": 1, "pr": "batting_fielding_first=1;toss=1", "rn": 3, "fo": 0, "si": 0, "ft": 0, "hn": 0, "bf": 8, "dk": 0, "no": 0, "hs": "3", "bta": 3, "btsr": 37.5}, {"tt": "won toss &amp; fielded", "sp": "2012-2017", "mt": 5, "in": 3, "pr": "batting_fielding_first=2;toss=1", "rn": 57, "fo": 4, "si": 1, "ft": 0, "hn": 0, "bf": 52, "dk": 0, "no": 0, "hs": "39", "bta": 19, "btsr": 109.61}, {"tt": "lost toss &amp; sent in", "sp": "2012-2015", "mt": 5, "in": 5, "pr": "batting_fielding_first=1;toss=2", "rn": 84, "fo": 7, "si": 1, "ft": 0, "hn": 0, "bf": 78, "dk": 0, "no": 0, "hs": "26", "bta": 16.8, "btsr": 107.69}, {"tt": "lost toss &amp; fielded", "sp": "2012-2012", "mt": 1, "in": 1, "pr": "batting_fielding_first=2;toss=2", "rn": 19, "fo": 1, "si": 0, "ft": 0, "hn": 0, "bf": 19, "dk": 0, "no": 0, "hs": "19", "bta": 19, "btsr": 100}]}, {"type": "BATTING_FIELDING_SEQUENCE", "stats": [{"tt": "matches batting first", "sp": "2012-2015", "mt": 7, "in": 6, "pr": "batting_fielding_first=1", "rn": 87, "fo": 7, "si": 1, "ft": 0, "hn": 0, "bf": 86, "dk": 0, "no": 0, "hs": "26", "bta": 14.5, "btsr": 101.16}, {"tt": "matches fielding first", "sp": "2012-2017", "mt": 6, "in": 4, "pr": "batting_fielding_first=2", "rn": 76, "fo": 5, "si": 1, "ft": 0, "hn": 0, "bf": 71, "dk": 0, "no": 0, "hs": "39", "bta": 19, "btsr": 107.04}]}, {"type": "TEAM_INNINGS", "stats": [{"tt": "1st team innings", "sp": "2012-2017", "mt": 12, "in": 10, "pr": null, "rn": 163, "fo": 12, "si": 2, "ft": 0, "hn": 0, "bf": 157, "dk": 0, "no": 0, "hs": "39", "bta": 16.3, "btsr": 103.82}]}, {"type": "MATCH_INNINGS", "stats": [{"tt": "1st match innings", "sp": "2012-2015", "mt": 7, "in": 6, "pr": "innings_number=1", "rn": 87, "fo": 7, "si": 1, "ft": 0, "hn": 0, "bf": 86, "dk": 0, "no": 0, "hs": "26", "bta": 14.5, "btsr": 101.16}, {"tt": "2nd match innings", "sp": "2012-2017", "mt": 5, "in": 4, "pr": "innings_number=2", "rn": 76, "fo": 5, "si": 1, "ft": 0, "hn": 0, "bf": 71, "dk": 0, "no": 0, "hs": "39", "bta": 19, "btsr": 107.04}]}, {"type": "FLOODLIT", "stats": [{"tt": "day match", "sp": "2012-2015", "mt": 7, "in": 5, "pr": "floodlit=1", "rn": 44, "fo": 3, "si": 0, "ft": 0, "hn": 0, "bf": 48, "dk": 0, "no": 0, "hs": "19", "bta": 8.8, "btsr": 91.66}, {"tt": "day/night match", "sp": "2013-2013", "mt": 2, "in": 1, "pr": "floodlit=2", "rn": 22, "fo": 1, "si": 1, "ft": 0, "hn": 0, "bf": 17, "dk": 0, "no": 0, "hs": "22", "bta": 22, "btsr": 129.41}, {"tt": "night match", "sp": "2013-2017", "mt": 4, "in": 4, "pr": "floodlit=3", "rn": 97, "fo": 8, "si": 1, "ft": 0, "hn": 0, "bf": 92, "dk": 0, "no": 0, "hs": "39", "bta": 24.25, "btsr": 105.43}]}, {"type": "RESULT", "stats": [{"tt": "won match", "sp": "2013-2015", "mt": 5, "in": 3, "pr": "result=1", "rn": 51, "fo": 4, "si": 1, "ft": 0, "hn": 0, "bf": 47, "dk": 0, "no": 0, "hs": "26", "bta": 17, "btsr": 108.51}, {"tt": "lost match", "sp": "2012-2017", "mt": 6, "in": 6, "pr": "result=2", "rn": 108, "fo": 7, "si": 1, "ft": 0, "hn": 0, "bf": 105, "dk": 0, "no": 0, "hs": "39", "bta": 18, "btsr": 102.85}, {"tt": "no result", "sp": "2012-2013", "mt": 2, "in": 1, "pr": "result=5", "rn": 4, "fo": 1, "si": 0, "ft": 0, "hn": 0, "bf": 5, "dk": 0, "no": 0, "hs": "4", "bta": 4, "btsr": 80}]}, {"type": "BATTING_FIELDING_SEQUENCE_AND_RESULT", "stats": [{"tt": "won batting first", "sp": "2013-2015", "mt": 4, "in": 3, "pr": "batting_fielding_first=1;result=1", "rn": 51, "fo": 4, "si": 1, "ft": 0, "hn": 0, "bf": 47, "dk": 0, "no": 0, "hs": "26", "bta": 17, "btsr": 108.51}, {"tt": "won fielding first", "sp": "2014-2014", "mt": 1, "in": null, "pr": "batting_fielding_first=2;result=1", "rn": null, "fo": null, "si": null, "ft": null, "hn": null, "bf": null, "dk": null, "no": null, "hs": null, "bta": null, "btsr": null}, {"tt": "lost batting first", "sp": "2013-2015", "mt": 2, "in": 2, "pr": "batting_fielding_first=1;result=2", "rn": 32, "fo": 2, "si": 0, "ft": 0, "hn": 0, "bf": 34, "dk": 0, "no": 0, "hs": "20", "bta": 16, "btsr": 94.11}, {"tt": "lost fielding first", "sp": "2012-2017", "mt": 4, "in": 4, "pr": "batting_fielding_first=2;result=2", "rn": 76, "fo": 5, "si": 1, "ft": 0, "hn": 0, "bf": 71, "dk": 0, "no": 0, "hs": "39", "bta": 19, "btsr": 107.04}, {"tt": "no result batting first", "sp": "2012-2012", "mt": 1, "in": 1, "pr": "batting_fielding_first=1;result=5", "rn": 4, "fo": 1, "si": 0, "ft": 0, "hn": 0, "bf": 5, "dk": 0, "no": 0, "hs": "4", "bta": 4, "btsr": 80}, {"tt": "no result fielding first", "sp": "2013-2013", "mt": 1, "in": null, "pr": "batting_fielding_first=2;result=5", "rn": null, "fo": null, "si": null, "ft": null, "hn": null, "bf": null, "dk": null, "no": null, "hs": null, "bta": null, "btsr": null}]}, {"type": "TOURNAMENT_TYPE", "stats": [{"tt": "2 team series", "sp": "2012-2017", "mt": 13, "in": 10, "pr": "tournament_type=2", "rn": 163, "fo": 12, "si": 2, "ft": 0, "hn": 0, "bf": 157, "dk": 0, "no": 0, "hs": "39", "bta": 16.3, "btsr": 103.82}]}, {"type": "MATCH_NUMBER", "stats": [{"tt": "only match in series", "sp": "2012-2013", "mt": 2, "in": 1, "pr": "match_number=0", "rn": 4, "fo": 1, "si": 0, "ft": 0, "hn": 0, "bf": 5, "dk": 0, "no": 0, "hs": "4", "bta": 4, "btsr": 80}, {"tt": "1st match in series", "sp": "2012-2017", "mt": 5, "in": 4, "pr": "match_number=1", "rn": 88, "fo": 6, "si": 2, "ft": 0, "hn": 0, "bf": 74, "dk": 0, "no": 0, "hs": "39", "bta": 22, "btsr": 118.91}, {"tt": "2nd match in series", "sp": "2012-2015", "mt": 6, "in": 5, "pr": "match_number=2", "rn": 71, "fo": 5, "si": 0, "ft": 0, "hn": 0, "bf": 78, "dk": 0, "no": 0, "hs": "26", "bta": 14.2, "btsr": 91.02}]}, {"type": "BATTING_POSITION", "stats": [{"tt": "2nd position", "sp": "2012-2012", "mt": 1, "in": 1, "pr": "batting_positionval1=batting_position;batting_positionmin1=2;batting_positionmax1=2", "rn": 4, "fo": 1, "si": 0, "ft": 0, "hn": 0, "bf": 5, "dk": 0, "no": 0, "hs": "4", "bta": 4, "btsr": 80}, {"tt": "3rd position", "sp": "2015-2015", "mt": 1, "in": 1, "pr": "batting_positionval1=batting_position;batting_positionmin1=3;batting_positionmax1=3", "rn": 3, "fo": 0, "si": 0, "ft": 0, "hn": 0, "bf": 8, "dk": 0, "no": 0, "hs": "3", "bta": 3, "btsr": 37.5}, {"tt": "4th position", "sp": "2013-2017", "mt": 2, "in": 2, "pr": "batting_positionval1=batting_position;batting_positionmin1=4;batting_positionmax1=4", "rn": 59, "fo": 4, "si": 1, "ft": 0, "hn": 0, "bf": 60, "dk": 0, "no": 0, "hs": "39", "bta": 29.5, "btsr": 98.33}, {"tt": "5th position", "sp": "2013-2014", "mt": 2, "in": 2, "pr": "batting_positionval1=batting_position;batting_positionmin1=5;batting_positionmax1=5", "rn": 48, "fo": 4, "si": 1, "ft": 0, "hn": 0, "bf": 39, "dk": 0, "no": 0, "hs": "26", "bta": 24, "btsr": 123.07}, {"tt": "6th position", "sp": "2012-2012", "mt": 1, "in": 1, "pr": "batting_positionval1=batting_position;batting_positionmin1=6;batting_positionmax1=6", "rn": 15, "fo": 1, "si": 0, "ft": 0, "hn": 0, "bf": 11, "dk": 0, "no": 0, "hs": "15", "bta": 15, "btsr": 136.36}, {"tt": "7th position", "sp": "2012-2015", "mt": 2, "in": 2, "pr": "batting_positionval1=batting_position;batting_positionmin1=7;batting_positionmax1=7", "rn": 31, "fo": 2, "si": 0, "ft": 0, "hn": 0, "bf": 29, "dk": 0, "no": 0, "hs": "19", "bta": 15.5, "btsr": 106.89}, {"tt": "8th position", "sp": "2014-2014", "mt": 1, "in": 1, "pr": "batting_positionval1=batting_position;batting_positionmin1=8;batting_positionmax1=8", "rn": 3, "fo": 0, "si": 0, "ft": 0, "hn": 0, "bf": 5, "dk": 0, "no": 0, "hs": "3", "bta": 3, "btsr": 60}]}]}}