{"summary": {"recordClassId": 2, "type": "ALLROUND", "groups": [{"type": "CAREER_AVERAGES", "stats": [{"tt": "overview", "sp": "2012-2021", "mt": 102, "pr": null, "rn": 2824, "wk": null, "ct": 85, "st": 8, "hs": "137", "hn": 5, "bbi": null, "bta": 34.02, "bwa": null, "fw": null, "bbad": null}]}, {"type": "OPPOSITION_TEAM", "stats": [{"tt": "v Afghanistan", "sp": "2019-2019", "mt": 1, "pr": "opposition=40", "rn": 13, "wk": null, "ct": 5, "st": 0, "hs": "13*", "hn": 0, "bbi": null, "bta": null, "bwa": null, "fw": null, "bbad": null}, {"tt": "v Australia", "sp": "2016-2020", "mt": 7, "pr": "opposition=2", "rn": 93, "wk": null, "ct": 7, "st": 2, "hs": "38", "hn": 0, "bbi": null, "bta": 13.28, "bwa": null, "fw": null, "bbad": null}, {"tt": "v Bangladesh", "sp": "2013-2021", "mt": 14, "pr": "opposition=25", "rn": 531, "wk": null, "ct": 12, "st": 3, "hs": "137", "hn": 2, "bbi": null, "bta": 53.1, "bwa": null, "fw": null, "bbad": null}, {"tt": "v England", "sp": "2018-2019", "mt": 7, "pr": "opposition=1", "rn": 286, "wk": null, "ct": 6, "st": 0, "hs": "79", "hn": 0, "bbi": null, "bta": 40.85, "bwa": null, "fw": null, "bbad": null}, {"tt": "v India", "sp": "2016-2020", "mt": 17, "pr": "opposition=6", "rn": 701, "wk": null, "ct": 14, "st": 1, "hs": "103*", "hn": 1, "bbi": null, "bta": 53.92, "bwa": null, "fw": null, "bbad": null}, {"tt": "v Ireland", "sp": "2017-2017", "mt": 2, "pr": "opposition=29", "rn": 119, "wk": null, "ct": 3, "st": 0, "hs": "104", "hn": 1, "bbi": null, "bta": 59.5, "bwa": null, "fw": null, "bbad": null}, {"tt": "v Pakistan", "sp": "2014-2019", "mt": 16, "pr": "opposition=7", "rn": 238, "wk": null, "ct": 13, "st": 1, "hs": "68", "hn": 0, "bbi": null, "bta": 19.83, "bwa": null, "fw": null, "bbad": null}, {"tt": "v South Africa", "sp": "2014-2019", "mt": 10, "pr": "opposition=3", "rn": 226, "wk": null, "ct": 6, "st": 1, "hs": "64", "hn": 0, "bbi": null, "bta": 25.11, "bwa": null, "fw": null, "bbad": null}, {"tt": "v Sri Lanka", "sp": "2012-2019", "mt": 14, "pr": "opposition=8", "rn": 255, "wk": null, "ct": 7, "st": 0, "hs": "86", "hn": 0, "bbi": null, "bta": 23.18, "bwa": null, "fw": null, "bbad": null}, {"tt": "v West Indies", "sp": "2012-2019", "mt": 8, "pr": "opposition=4", "rn": 143, "wk": null, "ct": 11, "st": 0, "hs": "37", "hn": 0, "bbi": null, "bta": 17.87, "bwa": null, "fw": null, "bbad": null}, {"tt": "v Zimbabwe", "sp": "2012-2015", "mt": 6, "pr": "opposition=9", "rn": 219, "wk": null, "ct": 1, "st": 0, "hs": "110*", "hn": 1, "bbi": null, "bta": 54.75, "bwa": null, "fw": null, "bbad": null}]}, {"type": "HOST_COUNTRY", "stats": [{"tt": "in Australia", "sp": "2016-2020", "mt": 4, "pr": "host=2", "rn": 72, "wk": null, "ct": 1, "st": 0, "hs": "38", "hn": 0, "bbi": null, "bta": 18, "bwa": null, "fw": null, "bbad": null}, {"tt": "in Bangladesh", "sp": "2013-2013", "mt": 2, "pr": "host=25", "rn": 43, "wk": null, "ct": 2, "st": 1, "hs": "43", "hn": 0, "bbi": null, "bta": 21.5, "bwa": null, "fw": null, "bbad": null}, {"tt": "in England", "sp": "2019-2019", "mt": 10, "pr": "host=1", "rn": 155, "wk": null, "ct": 21, "st": 0, "hs": "57", "hn": 0, "bbi": null, "bta": 19.37, "bwa": null, "fw": null, "bbad": null}, {"tt": "in India", "sp": "2016-2017", "mt": 8, "pr": "host=6", "rn": 450, "wk": null, "ct": 5, "st": 0, "hs": "103*", "hn": 1, "bbi": null, "bta": 75, "bwa": null, "fw": null, "bbad": null}, {"tt": "in Ireland", "sp": "2017-2017", "mt": 4, "pr": "host=29", "rn": 257, "wk": null, "ct": 4, "st": 0, "hs": "104", "hn": 1, "bbi": null, "bta": 64.25, "bwa": null, "fw": null, "bbad": null}, {"tt": "in New Zealand", "sp": "2012-2021", "mt": 52, "pr": "host=5", "rn": 1216, "wk": null, "ct": 39, "st": 7, "hs": "137", "hn": 2, "bbi": null, "bta": 28.95, "bwa": null, "fw": null, "bbad": null}, {"tt": "in South Africa", "sp": "2015-2015", "mt": 3, "pr": "host=3", "rn": 178, "wk": null, "ct": 3, "st": 0, "hs": "64", "hn": 0, "bbi": null, "bta": 59.33, "bwa": null, "fw": null, "bbad": null}, {"tt": "in Sri Lanka", "sp": "2012-2013", "mt": 4, "pr": "host=8", "rn": 101, "wk": null, "ct": 2, "st": 0, "hs": "86", "hn": 0, "bbi": null, "bta": 33.66, "bwa": null, "fw": null, "bbad": null}, {"tt": "in U.A.E.", "sp": "2014-2018", "mt": 8, "pr": "host=27", "rn": 155, "wk": null, "ct": 5, "st": 0, "hs": "68", "hn": 0, "bbi": null, "bta": 31, "bwa": null, "fw": null, "bbad": null}, {"tt": "in West Indies", "sp": "2012-2012", "mt": 4, "pr": "host=4", "rn": 57, "wk": null, "ct": 2, "st": 0, "hs": "32", "hn": 0, "bbi": null, "bta": 14.25, "bwa": null, "fw": null, "bbad": null}, {"tt": "in Zimbabwe", "sp": "2015-2015", "mt": 3, "pr": "host=9", "rn": 140, "wk": null, "ct": 1, "st": 0, "hs": "110*", "hn": 1, "bbi": null, "bta": 70, "bwa": null, "fw": null, "bbad": null}]}, {"type": "CONTINENT", "stats": [{"tt": "in Africa", "sp": "2015-2015", "mt": 6, "pr": "continent=1", "rn": 318, "wk": null, "ct": 4, "st": 0, "hs": "110*", "hn": 1, "bbi": null, "bta": 63.6, "bwa": null, "fw": null, "bbad": null}, {"tt": "in Americas", "sp": "2012-2012", "mt": 4, "pr": "continent=3", "rn": 57, "wk": null, "ct": 2, "st": 0, "hs": "32", "hn": 0, "bbi": null, "bta": 14.25, "bwa": null, "fw": null, "bbad": null}, {"tt": "in Asia", "sp": "2012-2018", "mt": 22, "pr": "continent=2", "rn": 749, "wk": null, "ct": 14, "st": 1, "hs": "103*", "hn": 1, "bbi": null, "bta": 46.81, "bwa": null, "fw": null, "bbad": null}, {"tt": "in Europe", "sp": "2017-2019", "mt": 14, "pr": "continent=4", "rn": 412, "wk": null, "ct": 25, "st": 0, "hs": "104", "hn": 1, "bbi": null, "bta": 34.33, "bwa": null, "fw": null, "bbad": null}, {"tt": "in Oceania", "sp": "2012-2021", "mt": 56, "pr": "continent=5", "rn": 1288, "wk": null, "ct": 40, "st": 7, "hs": "137", "hn": 2, "bbi": null, "bta": 28, "bwa": null, "fw": null, "bbad": null}]}, {"type": "HOME_OR_AWAY", "stats": [{"tt": "home", "sp": "2012-2021", "mt": 52, "pr": "home_or_away=1", "rn": 1216, "wk": null, "ct": 39, "st": 7, "hs": "137", "hn": 2, "bbi": null, "bta": 28.95, "bwa": null, "fw": null, "bbad": null}, {"tt": "away", "sp": "2012-2020", "mt": 32, "pr": "home_or_away=2", "rn": 1264, "wk": null, "ct": 23, "st": 1, "hs": "110*", "hn": 3, "bbi": null, "bta": 45.14, "bwa": null, "fw": null, "bbad": null}, {"tt": "neutral", "sp": "2014-2019", "mt": 18, "pr": "home_or_away=3", "rn": 344, "wk": null, "ct": 23, "st": 0, "hs": "84", "hn": 0, "bbi": null, "bta": 26.46, "bwa": null, "fw": null, "bbad": null}]}, {"type": "YEAR", "stats": [{"tt": "year 2012", "sp": null, "mt": 8, "pr": "year=2012", "rn": 138, "wk": null, "ct": 2, "st": 0, "hs": "48", "hn": 0, "bbi": null, "bta": 19.71, "bwa": null, "fw": null, "bbad": null}, {"tt": "year 2013", "sp": null, "mt": 5, "pr": "year=2013", "rn": 142, "wk": null, "ct": 4, "st": 1, "hs": "86", "hn": 0, "bbi": null, "bta": 35.5, "bwa": null, "fw": null, "bbad": null}, {"tt": "year 2014", "sp": null, "mt": 8, "pr": "year=2014", "rn": 131, "wk": null, "ct": 4, "st": 0, "hs": "34", "hn": 0, "bbi": null, "bta": 26.2, "bwa": null, "fw": null, "bbad": null}, {"tt": "year 2015", "sp": null, "mt": 14, "pr": "year=2015", "rn": 486, "wk": null, "ct": 10, "st": 0, "hs": "110*", "hn": 1, "bbi": null, "bta": 40.5, "bwa": null, "fw": null, "bbad": null}, {"tt": "year 2016", "sp": null, "mt": 14, "pr": "year=2016", "rn": 461, "wk": null, "ct": 5, "st": 0, "hs": "137", "hn": 1, "bbi": null, "bta": 35.46, "bwa": null, "fw": null, "bbad": null}, {"tt": "year 2017", "sp": null, "mt": 15, "pr": "year=2017", "rn": 546, "wk": null, "ct": 17, "st": 3, "hs": "104", "hn": 2, "bbi": null, "bta": 39, "bwa": null, "fw": null, "bbad": null}, {"tt": "year 2018", "sp": null, "mt": 13, "pr": "year=2018", "rn": 299, "wk": null, "ct": 9, "st": 1, "hs": "79", "hn": 0, "bbi": null, "bta": 27.18, "bwa": null, "fw": null, "bbad": null}, {"tt": "year 2019", "sp": null, "mt": 18, "pr": "year=2019", "rn": 347, "wk": null, "ct": 28, "st": 2, "hs": "59", "hn": 0, "bbi": null, "bta": 26.69, "bwa": null, "fw": null, "bbad": null}, {"tt": "year 2020", "sp": null, "mt": 4, "pr": "year=2020", "rn": 146, "wk": null, "ct": 3, "st": 0, "hs": "69", "hn": 0, "bbi": null, "bta": 48.66, "bwa": null, "fw": null, "bbad": null}, {"tt": "year 2021", "sp": null, "mt": 3, "pr": "year=2021", "rn": 128, "wk": null, "ct": 3, "st": 1, "hs": "110*", "hn": 1, "bbi": null, "bta": 128, "bwa": null, "fw": null, "bbad": null}]}, {"type": "SEASON", "stats": [{"tt": "season 2011/12", "sp": null, "mt": 3, "pr": "season=2011/12", "rn": 79, "wk": null, "ct": 0, "st": 0, "hs": "48", "hn": 0, "bbi": null, "bta": 39.5, "bwa": null, "fw": null, "bbad": null}, {"tt": "season 2012", "sp": null, "mt": 4, "pr": "season=2012", "rn": 57, "wk": null, "ct": 2, "st": 0, "hs": "32", "hn": 0, "bbi": null, "bta": 14.25, "bwa": null, "fw": null, "bbad": null}, {"tt": "season 2012/13", "sp": null, "mt": 1, "pr": "season=2012/13", "rn": 2, "wk": null, "ct": 0, "st": 0, "hs": "2", "hn": 0, "bbi": null, "bta": 2, "bwa": null, "fw": null, "bbad": null}, {"tt": "season 2013/14", "sp": null, "mt": 5, "pr": "season=2013/14", "rn": 142, "wk": null, "ct": 4, "st": 1, "hs": "86", "hn": 0, "bbi": null, "bta": 35.5, "bwa": null, "fw": null, "bbad": null}, {"tt": "season 2014/15", "sp": null, "mt": 13, "pr": "season=2014/15", "rn": 222, "wk": null, "ct": 7, "st": 0, "hs": "42", "hn": 0, "bbi": null, "bta": 22.2, "bwa": null, "fw": null, "bbad": null}, {"tt": "season 2015", "sp": null, "mt": 6, "pr": "season=2015", "rn": 318, "wk": null, "ct": 4, "st": 0, "hs": "110*", "hn": 1, "bbi": null, "bta": 63.6, "bwa": null, "fw": null, "bbad": null}, {"tt": "season 2015/16", "sp": null, "mt": 6, "pr": "season=2015/16", "rn": 97, "wk": null, "ct": 4, "st": 0, "hs": "42", "hn": 0, "bbi": null, "bta": 19.4, "bwa": null, "fw": null, "bbad": null}, {"tt": "season 2016/17", "sp": null, "mt": 16, "pr": "season=2016/17", "rn": 450, "wk": null, "ct": 10, "st": 3, "hs": "137", "hn": 1, "bbi": null, "bta": 30, "bwa": null, "fw": null, "bbad": null}, {"tt": "season 2017", "sp": null, "mt": 4, "pr": "season=2017", "rn": 257, "wk": null, "ct": 4, "st": 0, "hs": "104", "hn": 1, "bbi": null, "bta": 64.25, "bwa": null, "fw": null, "bbad": null}, {"tt": "season 2017/18", "sp": null, "mt": 16, "pr": "season=2017/18", "rn": 510, "wk": null, "ct": 14, "st": 1, "hs": "103*", "hn": 1, "bbi": null, "bta": 36.42, "bwa": null, "fw": null, "bbad": null}, {"tt": "season 2018/19", "sp": null, "mt": 11, "pr": "season=2018/19", "rn": 261, "wk": null, "ct": 9, "st": 2, "hs": "68", "hn": 0, "bbi": null, "bta": 37.28, "bwa": null, "fw": null, "bbad": null}, {"tt": "season 2019", "sp": null, "mt": 10, "pr": "season=2019", "rn": 155, "wk": null, "ct": 21, "st": 0, "hs": "57", "hn": 0, "bbi": null, "bta": 19.37, "bwa": null, "fw": null, "bbad": null}, {"tt": "season 2019/20", "sp": null, "mt": 4, "pr": "season=2019/20", "rn": 146, "wk": null, "ct": 3, "st": 0, "hs": "69", "hn": 0, "bbi": null, "bta": 48.66, "bwa": null, "fw": null, "bbad": null}, {"tt": "season 2020/21", "sp": null, "mt": 3, "pr": "season=2020/21", "rn": 128, "wk": null, "ct": 3, "st": 1, "hs": "110*", "hn": 1, "bbi": null, "bta": 128, "bwa": null, "fw": null, "bbad": null}]}, {"type": "CAPTAINS_INVOLVED", "stats": [{"tt": "*TWM Latham", "sp": "2017-2021", "mt": 13, "pr": "captain_involve=59148", "rn": 577, "wk": null, "ct": 12, "st": 1, "hs": "110*", "hn": 2, "bbi": null, "bta": 57.7, "bwa": null, "fw": null, "bbad": null}, {"tt": "*BB McCullum", "sp": "2012-2015", "mt": 13, "pr": "captain_involve=10384", "rn": 244, "wk": null, "ct": 9, "st": 1, "hs": "48", "hn": 0, "bbi": null, "bta": 24.4, "bwa": null, "fw": null, "bbad": null}, {"tt": "*KD Mills", "sp": "2013-2013", "mt": 4, "pr": "captain_involve=10303", "rn": 142, "wk": null, "ct": 2, "st": 0, "hs": "86", "hn": 0, "bbi": null, "bta": 47.33, "bwa": null, "fw": null, "bbad": null}, {"tt": "*TG Southee", "sp": "2018-2018", "mt": 1, "pr": "captain_involve=49108", "rn": 22, "wk": null, "ct": 0, "st": 0, "hs": "22", "hn": 0, "bbi": null, "bta": 22, "bwa": null, "fw": null, "bbad": null}, {"tt": "*LRPL Taylor", "sp": "2012-2012", "mt": 3, "pr": "captain_involve=44930", "rn": 45, "wk": null, "ct": 1, "st": 0, "hs": "32", "hn": 0, "bbi": null, "bta": 15, "bwa": null, "fw": null, "bbad": null}, {"tt": "*KS Williamson", "sp": "2012-2020", "mt": 68, "pr": "captain_involve=51088", "rn": 1794, "wk": null, "ct": 61, "st": 6, "hs": "137", "hn": 3, "bbi": null, "bta": 32.03, "bwa": null, "fw": null, "bbad": null}]}, {"type": "CAPTAIN", "stats": [{"tt": "is captain", "sp": "2017-2021", "mt": 13, "pr": "captain=1", "rn": 577, "wk": null, "ct": 12, "st": 1, "hs": "110*", "hn": 2, "bbi": null, "bta": 57.7, "bwa": null, "fw": null, "bbad": null}, {"tt": "is not captain", "sp": "2012-2020", "mt": 89, "pr": "captain=0", "rn": 2247, "wk": null, "ct": 73, "st": 7, "hs": "137", "hn": 3, "bbi": null, "bta": 30.78, "bwa": null, "fw": null, "bbad": null}]}, {"type": "KEEPER", "stats": [{"tt": "is designated keeper", "sp": "2012-2021", "mt": 52, "pr": "keeper=1", "rn": 1252, "wk": null, "ct": 59, "st": 8, "hs": "110*", "hn": 2, "bbi": null, "bta": 30.53, "bwa": null, "fw": null, "bbad": null}, {"tt": "is not keeper", "sp": "2012-2017", "mt": 50, "pr": "keeper=0", "rn": 1572, "wk": null, "ct": 26, "st": 0, "hs": "137", "hn": 3, "bbi": null, "bta": 37.42, "bwa": null, "fw": null, "bbad": null}]}, {"type": "TOSS", "stats": [{"tt": "won the toss", "sp": "2012-2021", "mt": 45, "pr": "toss=1", "rn": 1216, "wk": null, "ct": 42, "st": 2, "hs": "137", "hn": 2, "bbi": null, "bta": 36.84, "bwa": null, "fw": null, "bbad": null}, {"tt": "lost the toss", "sp": "2012-2020", "mt": 57, "pr": "toss=2", "rn": 1608, "wk": null, "ct": 43, "st": 6, "hs": "110*", "hn": 3, "bbi": null, "bta": 32.16, "bwa": null, "fw": null, "bbad": null}]}, {"type": "BATTING_FIELDING_SEQUENCE_AND_TOSS", "stats": [{"tt": "won toss &amp; batted", "sp": "2012-2021", "mt": 21, "pr": "batting_fielding_first=1;toss=1", "rn": 587, "wk": null, "ct": 18, "st": 1, "hs": "137", "hn": 1, "bbi": null, "bta": 32.61, "bwa": null, "fw": null, "bbad": null}, {"tt": "won toss &amp; fielded", "sp": "2012-2021", "mt": 24, "pr": "batting_fielding_first=2;toss=1", "rn": 629, "wk": null, "ct": 24, "st": 1, "hs": "110*", "hn": 1, "bbi": null, "bta": 41.93, "bwa": null, "fw": null, "bbad": null}, {"tt": "lost toss &amp; sent in", "sp": "2012-2020", "mt": 29, "pr": "batting_fielding_first=1;toss=2", "rn": 814, "wk": null, "ct": 21, "st": 3, "hs": "104", "hn": 1, "bbi": null, "bta": 29.07, "bwa": null, "fw": null, "bbad": null}, {"tt": "lost toss &amp; fielded", "sp": "2012-2020", "mt": 28, "pr": "batting_fielding_first=2;toss=2", "rn": 794, "wk": null, "ct": 22, "st": 3, "hs": "110*", "hn": 2, "bbi": null, "bta": 36.09, "bwa": null, "fw": null, "bbad": null}]}, {"type": "BATTING_FIELDING_SEQUENCE", "stats": [{"tt": "matches batting first", "sp": "2012-2021", "mt": 50, "pr": "batting_fielding_first=1", "rn": 1401, "wk": null, "ct": 39, "st": 4, "hs": "137", "hn": 2, "bbi": null, "bta": 30.45, "bwa": null, "fw": null, "bbad": null}, {"tt": "matches fielding first", "sp": "2012-2021", "mt": 52, "pr": "batting_fielding_first=2", "rn": 1423, "wk": null, "ct": 46, "st": 4, "hs": "110*", "hn": 3, "bbi": null, "bta": 38.45, "bwa": null, "fw": null, "bbad": null}]}, {"type": "TEAM_INNINGS", "stats": [{"tt": "1st team innings", "sp": "2012-2021", "mt": 102, "pr": "innings_number=1;innings_number=2", "rn": 2824, "wk": null, "ct": 85, "st": 8, "hs": "137", "hn": 5, "bbi": null, "bta": 34.02, "bwa": null, "fw": null, "bbad": null}]}, {"type": "MATCH_INNINGS", "stats": [{"tt": "1st match innings", "sp": "2012-2021", "mt": 102, "pr": "innings_number=1", "rn": 1401, "wk": null, "ct": 46, "st": 4, "hs": "137", "hn": 2, "bbi": null, "bta": 30.45, "bwa": null, "fw": null, "bbad": null}, {"tt": "2nd match innings", "sp": "2012-2021", "mt": 99, "pr": "innings_number=2", "rn": 1423, "wk": null, "ct": 39, "st": 4, "hs": "110*", "hn": 3, "bbi": null, "bta": 38.45, "bwa": null, "fw": null, "bbad": null}]}, {"type": "FLOODLIT", "stats": [{"tt": "day match", "sp": "2012-2021", "mt": 51, "pr": "floodlit=1", "rn": 1359, "wk": null, "ct": 43, "st": 4, "hs": "137", "hn": 3, "bbi": null, "bta": 30.88, "bwa": null, "fw": null, "bbad": null}, {"tt": "day/night match", "sp": "2012-2021", "mt": 51, "pr": "floodlit=2", "rn": 1465, "wk": null, "ct": 42, "st": 4, "hs": "110*", "hn": 2, "bbi": null, "bta": 37.56, "bwa": null, "fw": null, "bbad": null}]}, {"type": "RESULT", "stats": [{"tt": "won match", "sp": "2012-2021", "mt": 56, "pr": "result=1", "rn": 1694, "wk": null, "ct": 61, "st": 6, "hs": "137", "hn": 5, "bbi": null, "bta": 41.31, "bwa": null, "fw": null, "bbad": null}, {"tt": "lost match", "sp": "2012-2020", "mt": 40, "pr": "result=2", "rn": 1028, "wk": null, "ct": 21, "st": 2, "hs": "84", "hn": 0, "bbi": null, "bta": 26.35, "bwa": null, "fw": null, "bbad": null}, {"tt": "tied match", "sp": "2019-2019", "mt": 1, "pr": "result=3", "rn": 47, "wk": null, "ct": 3, "st": 0, "hs": "47", "hn": 0, "bbi": null, "bta": 47, "bwa": null, "fw": null, "bbad": null}, {"tt": "no result", "sp": "2013-2018", "mt": 5, "pr": "result=5", "rn": 55, "wk": null, "ct": 0, "st": 0, "hs": "42", "hn": 0, "bbi": null, "bta": 27.5, "bwa": null, "fw": null, "bbad": null}]}, {"type": "BATTING_FIELDING_SEQUENCE_AND_RESULT", "stats": [{"tt": "won batting first", "sp": "2012-2021", "mt": 29, "pr": "batting_fielding_first=1;result=1", "rn": 797, "wk": null, "ct": 31, "st": 3, "hs": "137", "hn": 2, "bbi": null, "bta": 30.65, "bwa": null, "fw": null, "bbad": null}, {"tt": "won fielding first", "sp": "2013-2021", "mt": 27, "pr": "batting_fielding_first=2;result=1", "rn": 897, "wk": null, "ct": 30, "st": 3, "hs": "110*", "hn": 3, "bbi": null, "bta": 59.8, "bwa": null, "fw": null, "bbad": null}, {"tt": "lost batting first", "sp": "2012-2019", "mt": 18, "pr": "batting_fielding_first=1;result=2", "rn": 506, "wk": null, "ct": 5, "st": 1, "hs": "84", "hn": 0, "bbi": null, "bta": 29.76, "bwa": null, "fw": null, "bbad": null}, {"tt": "lost fielding first", "sp": "2012-2020", "mt": 22, "pr": "batting_fielding_first=2;result=2", "rn": 522, "wk": null, "ct": 16, "st": 1, "hs": "65", "hn": 0, "bbi": null, "bta": 23.72, "bwa": null, "fw": null, "bbad": null}, {"tt": "tied batting first", "sp": "2019-2019", "mt": 1, "pr": "batting_fielding_first=1;result=3", "rn": 47, "wk": null, "ct": 3, "st": 0, "hs": "47", "hn": 0, "bbi": null, "bta": 47, "bwa": null, "fw": null, "bbad": null}, {"tt": "no result batting first", "sp": "2015-2016", "mt": 2, "pr": "batting_fielding_first=1;result=5", "rn": 51, "wk": null, "ct": null, "st": null, "hs": "42", "hn": 0, "bbi": null, "bta": 25.5, "bwa": null, "fw": null, "bbad": null}, {"tt": "no result fielding first", "sp": "2013-2018", "mt": 3, "pr": "batting_fielding_first=2;result=5", "rn": 4, "wk": null, "ct": 0, "st": 0, "hs": "4*", "hn": 0, "bbi": null, "bta": null, "bwa": null, "fw": null, "bbad": null}]}, {"type": "TOURNAMENT_TYPE", "stats": [{"tt": "2 team series", "sp": "2012-2021", "mt": 88, "pr": "tournament_type=2", "rn": 2412, "wk": null, "ct": 60, "st": 8, "hs": "137", "hn": 4, "bbi": null, "bta": 33.97, "bwa": null, "fw": null, "bbad": null}, {"tt": "3-4 team tournaments", "sp": "2017-2017", "mt": 4, "pr": "tournament_type=3", "rn": 257, "wk": null, "ct": 4, "st": 0, "hs": "104", "hn": 1, "bbi": null, "bta": 64.25, "bwa": null, "fw": null, "bbad": null}, {"tt": "5+ team tournaments", "sp": "2019-2021", "mt": 13, "pr": "tournament_type=5", "rn": 283, "wk": null, "ct": 24, "st": 1, "hs": "110*", "hn": 1, "bbi": null, "bta": 31.44, "bwa": null, "fw": null, "bbad": null}]}, {"type": "MATCH_NUMBER", "stats": [{"tt": "1st match in series", "sp": "2012-2021", "mt": 25, "pr": "match_number=1", "rn": 824, "wk": null, "ct": 21, "st": 3, "hs": "137", "hn": 2, "bbi": null, "bta": 41.2, "bwa": null, "fw": null, "bbad": null}, {"tt": "2nd match in series", "sp": "2012-2021", "mt": 24, "pr": "match_number=2", "rn": 659, "wk": null, "ct": 19, "st": 4, "hs": "110*", "hn": 2, "bbi": null, "bta": 34.68, "bwa": null, "fw": null, "bbad": null}, {"tt": "3rd match in series", "sp": "2012-2021", "mt": 24, "pr": "match_number=3", "rn": 649, "wk": null, "ct": 10, "st": 1, "hs": "65", "hn": 0, "bbi": null, "bta": 32.45, "bwa": null, "fw": null, "bbad": null}, {"tt": "4th match in series", "sp": "2012-2019", "mt": 7, "pr": "match_number=4", "rn": 173, "wk": null, "ct": 8, "st": 0, "hs": "71", "hn": 0, "bbi": null, "bta": 34.6, "bwa": null, "fw": null, "bbad": null}, {"tt": "5th match in series", "sp": "2012-2019", "mt": 7, "pr": "match_number=5", "rn": 101, "wk": null, "ct": 2, "st": 0, "hs": "37", "hn": 0, "bbi": null, "bta": 16.83, "bwa": null, "fw": null, "bbad": null}, {"tt": "7th match in series", "sp": "2015-2015", "mt": 1, "pr": "match_number=7", "rn": 6, "wk": null, "ct": 0, "st": 0, "hs": "6", "hn": 0, "bbi": null, "bta": 6, "bwa": null, "fw": null, "bbad": null}]}, {"type": "MAJOR_TROPHY", "stats": [{"tt": "World Cup", "sp": "2019-2019", "mt": 10, "pr": "trophy=12", "rn": 155, "wk": null, "ct": 21, "st": 0, "hs": "57", "hn": 0, "bbi": null, "bta": 19.37, "bwa": null, "fw": null, "bbad": null}, {"tt": "Chappell-Hadlee", "sp": "2016-2020", "mt": 6, "pr": "trophy=65", "rn": 79, "wk": null, "ct": 5, "st": 2, "hs": "38", "hn": 0, "bbi": null, "bta": 13.16, "bwa": null, "fw": null, "bbad": null}]}, {"type": "FINAL_TYPE", "stats": [{"tt": "tournament finals", "sp": "2019-2019", "mt": 1, "pr": "final_type=1", "rn": 47, "wk": null, "ct": 3, "st": 0, "hs": "47", "hn": 0, "bbi": null, "bta": 47, "bwa": null, "fw": null, "bbad": null}, {"tt": "tournament semi-finals", "sp": "2019-2019", "mt": 1, "pr": "final_type=3", "rn": 10, "wk": null, "ct": 3, "st": 0, "hs": "10", "hn": 0, "bbi": null, "bta": 10, "bwa": null, "fw": null, "bbad": null}, {"tt": "preliminary matches", "sp": "2017-2021", "mt": 15, "pr": "final_type=0", "rn": 483, "wk": null, "ct": 22, "st": 1, "hs": "110*", "hn": 2, "bbi": null, "bta": 43.9, "bwa": null, "fw": null, "bbad": null}]}]}}