{"summary": {"recordClassId": 3, "type": "FIELDING", "groups": [{"type": "CAREER_AVERAGES", "stats": [{"tt": "overview", "sp": "2012-2017", "mt": 13, "in": 13, "pr": null, "ds": 6, "ct": 6, "st": 0, "ck": 4, "cf": 2, "mds": "3 (3ct 0st)", "dspi": 0.461}]}, {"type": "OPPOSITION_TEAM", "stats": [{"tt": "vs Bangladesh", "sp": "2013-2013", "mt": 1, "in": 1, "pr": "opposition=25", "ds": 0, "ct": 0, "st": 0, "ck": 0, "cf": 0, "mds": "0", "dspi": 0}, {"tt": "vs England", "sp": "2013-2013", "mt": 2, "in": 2, "pr": "opposition=1", "ds": 1, "ct": 1, "st": 0, "ck": 1, "cf": 0, "mds": "1 (1ct 0st)", "dspi": 0.5}, {"tt": "vs India", "sp": "2017-2017", "mt": 1, "in": 1, "pr": "opposition=6", "ds": 3, "ct": 3, "st": 0, "ck": 3, "cf": 0, "mds": "3 (3ct 0st)", "dspi": 3}, {"tt": "vs Pakistan", "sp": "2014-2014", "mt": 1, "in": 1, "pr": "opposition=7", "ds": 1, "ct": 1, "st": 0, "ck": 0, "cf": 1, "mds": "1 (1ct 0st)", "dspi": 1}, {"tt": "vs South Africa", "sp": "2015-2015", "mt": 2, "in": 2, "pr": "opposition=3", "ds": 1, "ct": 1, "st": 0, "ck": 0, "cf": 1, "mds": "1 (1ct 0st)", "dspi": 0.5}, {"tt": "vs Sri Lanka", "sp": "2012-2013", "mt": 2, "in": 2, "pr": "opposition=8", "ds": 0, "ct": 0, "st": 0, "ck": 0, "cf": 0, "mds": "0", "dspi": 0}, {"tt": "vs West Indies", "sp": "2012-2014", "mt": 4, "in": 4, "pr": "opposition=4", "ds": 0, "ct": 0, "st": 0, "ck": 0, "cf": 0, "mds": "0", "dspi": 0}]}, {"type": "HOST_COUNTRY", "stats": [{"tt": "in Bangladesh", "sp": "2013-2013", "mt": 1, "in": 1, "pr": "host=25", "ds": 0, "ct": 0, "st": 0, "ck": 0, "cf": 0, "mds": "0", "dspi": 0}, {"tt": "in England", "sp": "2013-2013", "mt": 2, "in": 2, "pr": "host=1", "ds": 1, "ct": 1, "st": 0, "ck": 1, "cf": 0, "mds": "1 (1ct 0st)", "dspi": 0.5}, {"tt": "in India", "sp": "2017-2017", "mt": 1, "in": 1, "pr": "host=6", "ds": 3, "ct": 3, "st": 0, "ck": 3, "cf": 0, "mds": "3 (3ct 0st)", "dspi": 3}, {"tt": "in South Africa", "sp": "2015-2015", "mt": 2, "in": 2, "pr": "host=3", "ds": 1, "ct": 1, "st": 0, "ck": 0, "cf": 1, "mds": "1 (1ct 0st)", "dspi": 0.5}, {"tt": "in Sri Lanka", "sp": "2012-2013", "mt": 2, "in": 2, "pr": "host=8", "ds": 0, "ct": 0, "st": 0, "ck": 0, "cf": 0, "mds": "0", "dspi": 0}, {"tt": "in U.A.E.", "sp": "2014-2014", "mt": 1, "in": 1, "pr": "host=27", "ds": 1, "ct": 1, "st": 0, "ck": 0, "cf": 1, "mds": "1 (1ct 0st)", "dspi": 1}, {"tt": "in U.S.A.", "sp": "2012-2012", "mt": 2, "in": 2, "pr": "host=11", "ds": 0, "ct": 0, "st": 0, "ck": 0, "cf": 0, "mds": "0", "dspi": 0}, {"tt": "in West Indies", "sp": "2014-2014", "mt": 2, "in": 2, "pr": "host=4", "ds": 0, "ct": 0, "st": 0, "ck": 0, "cf": 0, "mds": "0", "dspi": 0}]}, {"type": "CONTINENT", "stats": [{"tt": "in Africa", "sp": "2015-2015", "mt": 2, "in": 2, "pr": "continent=1", "ds": 1, "ct": 1, "st": 0, "ck": 0, "cf": 1, "mds": "1 (1ct 0st)", "dspi": 0.5}, {"tt": "in Americas", "sp": "2012-2014", "mt": 4, "in": 4, "pr": "continent=3", "ds": 0, "ct": 0, "st": 0, "ck": 0, "cf": 0, "mds": "0", "dspi": 0}, {"tt": "in Asia", "sp": "2012-2017", "mt": 5, "in": 5, "pr": "continent=2", "ds": 4, "ct": 4, "st": 0, "ck": 3, "cf": 1, "mds": "3 (3ct 0st)", "dspi": 0.8}, {"tt": "in Europe", "sp": "2013-2013", "mt": 2, "in": 2, "pr": "continent=4", "ds": 1, "ct": 1, "st": 0, "ck": 1, "cf": 0, "mds": "1 (1ct 0st)", "dspi": 0.5}]}, {"type": "HOME_OR_AWAY", "stats": [{"tt": "away", "sp": "2012-2017", "mt": 10, "in": 10, "pr": "home_or_away=2", "ds": 5, "ct": 5, "st": 0, "ck": 4, "cf": 1, "mds": "3 (3ct 0st)", "dspi": 0.5}, {"tt": "neutral", "sp": "2012-2014", "mt": 3, "in": 3, "pr": "home_or_away=3", "ds": 1, "ct": 1, "st": 0, "ck": 0, "cf": 1, "mds": "1 (1ct 0st)", "dspi": 0.333}]}, {"type": "YEAR", "stats": [{"tt": "year 2012", "sp": null, "mt": 3, "in": 3, "pr": "year=2012", "ds": 0, "ct": 0, "st": 0, "ck": 0, "cf": 0, "mds": "0", "dspi": 0}, {"tt": "year 2013", "sp": null, "mt": 4, "in": 4, "pr": "year=2013", "ds": 1, "ct": 1, "st": 0, "ck": 1, "cf": 0, "mds": "1 (1ct 0st)", "dspi": 0.25}, {"tt": "year 2014", "sp": null, "mt": 3, "in": 3, "pr": "year=2014", "ds": 1, "ct": 1, "st": 0, "ck": 0, "cf": 1, "mds": "1 (1ct 0st)", "dspi": 0.333}, {"tt": "year 2015", "sp": null, "mt": 2, "in": 2, "pr": "year=2015", "ds": 1, "ct": 1, "st": 0, "ck": 0, "cf": 1, "mds": "1 (1ct 0st)", "dspi": 0.5}, {"tt": "year 2017", "sp": null, "mt": 1, "in": 1, "pr": "year=2017", "ds": 3, "ct": 3, "st": 0, "ck": 3, "cf": 0, "mds": "3 (3ct 0st)", "dspi": 3}]}, {"type": "SEASON", "stats": [{"tt": "season 2012", "sp": null, "mt": 2, "in": 2, "pr": "season=2012", "ds": 0, "ct": 0, "st": 0, "ck": 0, "cf": 0, "mds": "0", "dspi": 0}, {"tt": "season 2012/13", "sp": null, "mt": 1, "in": 1, "pr": "season=2012/13", "ds": 0, "ct": 0, "st": 0, "ck": 0, "cf": 0, "mds": "0", "dspi": 0}, {"tt": "season 2013", "sp": null, "mt": 2, "in": 2, "pr": "season=2013", "ds": 1, "ct": 1, "st": 0, "ck": 1, "cf": 0, "mds": "1 (1ct 0st)", "dspi": 0.5}, {"tt": "season 2013/14", "sp": null, "mt": 2, "in": 2, "pr": "season=2013/14", "ds": 0, "ct": 0, "st": 0, "ck": 0, "cf": 0, "mds": "0", "dspi": 0}, {"tt": "season 2014", "sp": null, "mt": 2, "in": 2, "pr": "season=2014", "ds": 0, "ct": 0, "st": 0, "ck": 0, "cf": 0, "mds": "0", "dspi": 0}, {"tt": "season 2014/15", "sp": null, "mt": 1, "in": 1, "pr": "season=2014/15", "ds": 1, "ct": 1, "st": 0, "ck": 0, "cf": 1, "mds": "1 (1ct 0st)", "dspi": 1}, {"tt": "season 2015", "sp": null, "mt": 2, "in": 2, "pr": "season=2015", "ds": 1, "ct": 1, "st": 0, "ck": 0, "cf": 1, "mds": "1 (1ct 0st)", "dspi": 0.5}, {"tt": "season 2017/18", "sp": null, "mt": 1, "in": 1, "pr": "season=2017/18", "ds": 3, "ct": 3, "st": 0, "ck": 3, "cf": 0, "mds": "3 (3ct 0st)", "dspi": 3}]}, {"type": "CAPTAINS_INVOLVED", "stats": [{"tt": "*BB McCullum", "sp": "2013-2014", "mt": 3, "in": 3, "pr": "captain_involve=10384", "ds": 1, "ct": 1, "st": 0, "ck": 1, "cf": 0, "mds": "1 (1ct 0st)", "dspi": 0.333}, {"tt": "*KD Mills", "sp": "2013-2013", "mt": 2, "in": 2, "pr": "captain_involve=10303", "ds": 0, "ct": 0, "st": 0, "ck": 0, "cf": 0, "mds": "0", "dspi": 0}, {"tt": "*LRPL Taylor", "sp": "2012-2012", "mt": 2, "in": 2, "pr": "captain_involve=44930", "ds": 0, "ct": 0, "st": 0, "ck": 0, "cf": 0, "mds": "0", "dspi": 0}, {"tt": "*KS Williamson", "sp": "2012-2017", "mt": 6, "in": 6, "pr": "captain_involve=51088", "ds": 5, "ct": 5, "st": 0, "ck": 3, "cf": 2, "mds": "3 (3ct 0st)", "dspi": 0.833}]}, {"type": "CAPTAIN", "stats": [{"tt": "is not captain", "sp": "2012-2017", "mt": 13, "in": 13, "pr": "captain=0", "ds": 6, "ct": 6, "st": 0, "ck": 4, "cf": 2, "mds": "3 (3ct 0st)", "dspi": 0.461}]}, {"type": "KEEPER", "stats": [{"tt": "is designated keeper", "sp": "2012-2017", "mt": 5, "in": 5, "pr": "keeper=1", "ds": 4, "ct": 4, "st": 0, "ck": 4, "cf": 0, "mds": "3 (3ct 0st)", "dspi": 0.8}, {"tt": "is not keeper", "sp": "2012-2015", "mt": 8, "in": 8, "pr": "keeper=0", "ds": 2, "ct": 2, "st": 0, "ck": 0, "cf": 2, "mds": "1 (1ct 0st)", "dspi": 0.25}]}, {"type": "TOSS", "stats": [{"tt": "won the toss", "sp": "2012-2017", "mt": 7, "in": 7, "pr": "toss=1", "ds": 3, "ct": 3, "st": 0, "ck": 3, "cf": 0, "mds": "3 (3ct 0st)", "dspi": 0.428}, {"tt": "lost the toss", "sp": "2012-2015", "mt": 6, "in": 6, "pr": "toss=2", "ds": 3, "ct": 3, "st": 0, "ck": 1, "cf": 2, "mds": "1 (1ct 0st)", "dspi": 0.5}]}, {"type": "BATTING_FIELDING_SEQUENCE_AND_TOSS", "stats": [{"tt": "won toss &amp; batted", "sp": "2013-2015", "mt": 2, "in": 2, "pr": "batting_fielding_first=1;toss=1", "ds": 0, "ct": 0, "st": 0, "ck": 0, "cf": 0, "mds": "0", "dspi": 0}, {"tt": "won toss &amp; fielded", "sp": "2012-2017", "mt": 5, "in": 5, "pr": "batting_fielding_first=2;toss=1", "ds": 3, "ct": 3, "st": 0, "ck": 3, "cf": 0, "mds": "3 (3ct 0st)", "dspi": 0.6}, {"tt": "lost toss &amp; sent in", "sp": "2012-2015", "mt": 5, "in": 5, "pr": "batting_fielding_first=1;toss=2", "ds": 3, "ct": 3, "st": 0, "ck": 1, "cf": 2, "mds": "1 (1ct 0st)", "dspi": 0.6}, {"tt": "lost toss &amp; fielded", "sp": "2012-2012", "mt": 1, "in": 1, "pr": "batting_fielding_first=2;toss=2", "ds": 0, "ct": 0, "st": 0, "ck": 0, "cf": 0, "mds": "0", "dspi": 0}]}, {"type": "BATTING_FIELDING_SEQUENCE", "stats": [{"tt": "matches batting first", "sp": "2012-2015", "mt": 7, "in": 7, "pr": "batting_fielding_first=1", "ds": 3, "ct": 3, "st": 0, "ck": 1, "cf": 2, "mds": "1 (1ct 0st)", "dspi": 0.428}, {"tt": "matches fielding first", "sp": "2012-2017", "mt": 6, "in": 6, "pr": "batting_fielding_first=2", "ds": 3, "ct": 3, "st": 0, "ck": 3, "cf": 0, "mds": "3 (3ct 0st)", "dspi": 0.5}]}, {"type": "TEAM_INNINGS", "stats": [{"tt": "1st team innings", "sp": "2012-2017", "mt": 13, "in": 13, "pr": "innings_number=1;innings_number=2", "ds": 6, "ct": 6, "st": 0, "ck": 4, "cf": 2, "mds": "3 (3ct 0st)", "dspi": 0.461}]}, {"type": "MATCH_INNINGS", "stats": [{"tt": "1st match innings", "sp": "2012-2017", "mt": 6, "in": 6, "pr": "innings_number=1", "ds": 3, "ct": 3, "st": 0, "ck": 3, "cf": 0, "mds": "3 (3ct 0st)", "dspi": 0.5}, {"tt": "2nd match innings", "sp": "2012-2015", "mt": 7, "in": 7, "pr": "innings_number=2", "ds": 3, "ct": 3, "st": 0, "ck": 1, "cf": 2, "mds": "1 (1ct 0st)", "dspi": 0.428}]}, {"type": "FLOODLIT", "stats": [{"tt": "day match", "sp": "2012-2015", "mt": 7, "in": 7, "pr": "floodlit=1", "ds": 0, "ct": 0, "st": 0, "ck": 0, "cf": 0, "mds": "0", "dspi": 0}, {"tt": "day/night match", "sp": "2013-2013", "mt": 2, "in": 2, "pr": "floodlit=2", "ds": 1, "ct": 1, "st": 0, "ck": 1, "cf": 0, "mds": "1 (1ct 0st)", "dspi": 0.5}, {"tt": "night match", "sp": "2013-2017", "mt": 4, "in": 4, "pr": "floodlit=3", "ds": 5, "ct": 5, "st": 0, "ck": 3, "cf": 2, "mds": "3 (3ct 0st)", "dspi": 1.25}]}, {"type": "RESULT", "stats": [{"tt": "won match", "sp": "2013-2015", "mt": 5, "in": 5, "pr": "result=1", "ds": 2, "ct": 2, "st": 0, "ck": 1, "cf": 1, "mds": "1 (1ct 0st)", "dspi": 0.4}, {"tt": "lost match", "sp": "2012-2017", "mt": 6, "in": 6, "pr": "result=2", "ds": 4, "ct": 4, "st": 0, "ck": 3, "cf": 1, "mds": "3 (3ct 0st)", "dspi": 0.666}, {"tt": "no result", "sp": "2012-2013", "mt": 2, "in": 2, "pr": "result=5", "ds": 0, "ct": 0, "st": 0, "ck": 0, "cf": 0, "mds": "0", "dspi": 0}]}, {"type": "BATTING_FIELDING_SEQUENCE_AND_RESULT", "stats": [{"tt": "won batting first", "sp": "2013-2015", "mt": 4, "in": 4, "pr": "batting_fielding_first=1;result=1", "ds": 2, "ct": 2, "st": 0, "ck": 1, "cf": 1, "mds": "1 (1ct 0st)", "dspi": 0.5}, {"tt": "won fielding first", "sp": "2014-2014", "mt": 1, "in": 1, "pr": "batting_fielding_first=2;result=1", "ds": 0, "ct": 0, "st": 0, "ck": 0, "cf": 0, "mds": "0", "dspi": 0}, {"tt": "lost batting first", "sp": "2013-2015", "mt": 2, "in": 2, "pr": "batting_fielding_first=1;result=2", "ds": 1, "ct": 1, "st": 0, "ck": 0, "cf": 1, "mds": "1 (1ct 0st)", "dspi": 0.5}, {"tt": "lost fielding first", "sp": "2012-2017", "mt": 4, "in": 4, "pr": "batting_fielding_first=2;result=2", "ds": 3, "ct": 3, "st": 0, "ck": 3, "cf": 0, "mds": "3 (3ct 0st)", "dspi": 0.75}, {"tt": "no result batting first", "sp": "2012-2012", "mt": 1, "in": 1, "pr": "batting_fielding_first=1;result=5", "ds": 0, "ct": 0, "st": 0, "ck": 0, "cf": 0, "mds": "0", "dspi": 0}, {"tt": "no result fielding first", "sp": "2013-2013", "mt": 1, "in": 1, "pr": "batting_fielding_first=2;result=5", "ds": 0, "ct": 0, "st": 0, "ck": 0, "cf": 0, "mds": "0", "dspi": 0}]}, {"type": "TOURNAMENT_TYPE", "stats": [{"tt": "2 team series", "sp": "2012-2017", "mt": 13, "in": 13, "pr": "tournament_type=2", "ds": 6, "ct": 6, "st": 0, "ck": 4, "cf": 2, "mds": "3 (3ct 0st)", "dspi": 0.461}]}, {"type": "MATCH_NUMBER", "stats": [{"tt": "only match in series", "sp": "2012-2013", "mt": 2, "in": 2, "pr": "match_number=0", "ds": 0, "ct": 0, "st": 0, "ck": 0, "cf": 0, "mds": "0", "dspi": 0}, {"tt": "1st match in series", "sp": "2012-2017", "mt": 5, "in": 5, "pr": "match_number=1", "ds": 5, "ct": 5, "st": 0, "ck": 4, "cf": 1, "mds": "3 (3ct 0st)", "dspi": 1}, {"tt": "2nd match in series", "sp": "2012-2015", "mt": 6, "in": 6, "pr": "match_number=2", "ds": 1, "ct": 1, "st": 0, "ck": 0, "cf": 1, "mds": "1 (1ct 0st)", "dspi": 0.166}]}]}}