{"player": {"id": 59148, "objectId": 388802, "name": "TWM Latham", "longName": "Tom Latham", "mobileName": "Latham", "indexName": "Latham, TWM", "battingName": "TWM Latham", "fieldingName": "Latham", "slug": "tom-latham", "gender": "M", "playingRole": "wicketkeeper batter", "battingStyles": ["lhb"], "bowlingStyles": ["rm"], "longBattingStyles": ["left-hand bat"], "longBowlingStyles": ["right-arm medium"], "image": {"id": 303601, "objectId": 1222375, "slug": "tom-latham-portrait", "url": "/db/PICTURES/CMS/303600/303601.jpg", "width": 160, "height": 199, "caption": "Tom Latham portrait", "longCaption": "Tom Latham portrait, May 2020", "credit": "Getty Images", "photographer": null, "peerUrls": null}, "countryTeamId": 5, "playingRoleType": "WK", "playingRoles": ["wicketkeeper batter"], "dateOfBirth": {"year": 1992, "month": 4, "date": 2}, "dateOfDeath": null, "fullName": "Thomas William Maxwell Latham", "nickNames": "", "alsoKnownAs": "", "height": 0, "heightUnit": null, "education": "", "country": {"id": 5, "objectId": 5, "name": "New Zealand", "shortName": "New Zealand", "image": {"id": 313127, "objectId": 1241586, "slug": "new-zealand-logo", "url": "/db/PICTURES/CMS/313100/313127.logo.png", "width": 500, "height": 500, "caption": "New Zealand logo", "longCaption": "New Zealand logo", "credit": null, "photographer": null, "peerUrls": null}}, "altCountryTeamId": null, "placeOfBirth": "Christchurch, Canterbury", "dobText": null, "dodText": null, "placeOfDeath": "", "intlCareerSpan": "2012 - 2021", "headshotImage": {"id": 316672, "objectId": 1251305, "slug": "twm-latham-headshot", "url": "/db/PICTURES/CMS/316600/316672.png", "width": 600, "height": 436, "caption": "TWM Latham headshot", "longCaption": "TWM Latham headshot", "credit": null, "photographer": null, "peerUrls": {"FILM": null, "WIDE": null, "SQUARE": null}}, "backgroundImage": {"id": 186843, "objectId": 751047, "slug": "tom-latham-brings-up-his-maiden-test-fifty", "url": "/db/PICTURES/CMS/186800/186843.jpg", "width": 900, "height": 779, "caption": "Tom Latham brings up his maiden Test fifty", "longCaption": "Tom Latham brings up his maiden Test fifty, West Indies v New Zealand, 1st Test, 1st day, Kingston, June 8, 2014", "credit": "Associated Press", "photographer": null, "peerUrls": {"FILM": null, "WIDE": "/db/PICTURES/CMS/186800/186843.3.jpg", "SQUARE": null}}, "externalLinks": [], "fieldingStyles": ["wicketkeeper"], "otherStyles": [], "matchPlayerTypes": [1], "hasRecords": true, "hasStats": true, "hasMatches": true, "totalStories": 153, "totalVideos": 15, "totalImages": 298}, "teams": [{"team": {"id": 5, "objectId": 5, "scribeId": 5, "slug": "new-zealand", "name": "New Zealand", "longName": "New Zealand", "abbreviation": "NZ", "isCountry": true, "primaryColor": "#000000", "image": {"id": 313127, "objectId": 1241586, "slug": "new-zealand-logo", "url": "/db/PICTURES/CMS/313100/313127.logo.png", "width": 500, "height": 500, "caption": "New Zealand logo", "longCaption": "New Zealand logo", "credit": null, "photographer": null, "peerUrls": null}}, "current": false}, {"team": {"id": 30, "objectId": 30, "scribeId": 30, "slug": "scotland", "name": "Scotland", "longName": "Scotland", "abbreviation": "SCOT", "isCountry": true, "primaryColor": null, "image": {"id": 313150, "objectId": 1241609, "slug": "scotland-logo", "url": "/db/PICTURES/CMS/313100/313150.logo.png", "width": 500, "height": 500, "caption": "Scotland logo", "longCaption": "Scotland logo", "credit": null, "photographer": null, "peerUrls": null}}, "current": false}, {"team": {"id": 2520, "objectId": 2469, "scribeId": 2469, "slug": "canterbury", "name": "Canterbury", "longName": "Canterbury", "abbreviation": "CANT", "isCountry": false, "primaryColor": null, "image": {"id": 313330, "objectId": 1241789, "slug": "canterbury-logo", "url": "/db/PICTURES/CMS/313300/313330.logo.png", "width": 500, "height": 500, "caption": "Canterbury logo", "longCaption": "Canterbury logo", "credit": null, "photographer": null, "peerUrls": null}}, "current": false}, {"team": {"id": 4503, "objectId": 388445, "scribeId": 388445, "slug": "canterbury-second-xi", "name": "Cant 2nd XI", "longName": "Canterbury Second XI", "abbreviation": "", "isCountry": false, "primaryColor": null, "image": null}, "current": false}, {"team": {"id": 2529, "objectId": 2478, "scribeId": 2478, "slug": "canterbury-under-19s", "name": "", "longName": "Canterbury Under-19s", "abbreviation": "", "isCountry": false, "primaryColor": null, "image": null}, "current": false}, {"team": {"id": 976, "objectId": 925, "scribeId": 925, "slug": "durham-2nd-xi", "name": "Durham 2nd", "longName": "Durham 2nd XI", "abbreviation": "Du2XI", "isCountry": false, "primaryColor": null, "image": {"id": 163827, "objectId": 657753, "slug": "durham", "url": "/db/PICTURES/CMS/163800/163827.jpg", "width": 120, "height": 80, "caption": "Durham", "longCaption": "Durham", "credit": "ESPNcricinfo Ltd", "photographer": null, "peerUrls": null}}, "current": false}, {"team": {"id": 2591, "objectId": 2540, "scribeId": 2540, "slug": "new-zealand-a", "name": "NZ A", "longName": "New Zealand A", "abbreviation": "NZ-A", "isCountry": false, "primaryColor": null, "image": {"id": 313333, "objectId": 1241792, "slug": "new-zealand-a-logo", "url": "/db/PICTURES/CMS/313300/313333.logo.png", "width": 500, "height": 500, "caption": "New Zealand A logo", "longCaption": "New Zealand A logo", "credit": null, "photographer": null, "peerUrls": null}}, "current": false}, {"team": {"id": 2611, "objectId": 2560, "scribeId": 2560, "slug": "new-zealand-under-19s-young-cricketers", "name": "NZ U19", "longName": "New Zealand Under-19s", "abbreviation": "NZ19", "isCountry": false, "primaryColor": null, "image": {"id": 313334, "objectId": 1241793, "slug": "new-zealand-under-19s-young-cricketers-logo", "url": "/db/PICTURES/CMS/313300/313334.logo.png", "width": 500, "height": 500, "caption": "New Zealand Under-19s (Young Cricketers) logo", "longCaption": "New Zealand Under-19s (Young Cricketers) logo", "credit": null, "photographer": null, "peerUrls": null}}, "current": false}]}