{"summary": {"recordClassId": 2, "type": "FIELDING", "groups": [{"type": "CAREER_AVERAGES", "stats": [{"tt": "overview", "sp": "2012-2021", "mt": 102, "in": 100, "pr": null, "ds": 93, "ct": 85, "st": 8, "ck": 59, "cf": 26, "mds": "5 (5ct 0st)", "dspi": 0.93}]}, {"type": "OPPOSITION_TEAM", "stats": [{"tt": "vs Afghanistan", "sp": "2019-2019", "mt": 1, "in": 1, "pr": "opposition=40", "ds": 5, "ct": 5, "st": 0, "ck": 5, "cf": 0, "mds": "5 (5ct 0st)", "dspi": 5}, {"tt": "vs Australia", "sp": "2016-2020", "mt": 7, "in": 7, "pr": "opposition=2", "ds": 9, "ct": 7, "st": 2, "ck": 7, "cf": 0, "mds": "5 (3ct 2st)", "dspi": 1.285}, {"tt": "vs Bangladesh", "sp": "2013-2021", "mt": 14, "in": 14, "pr": "opposition=25", "ds": 15, "ct": 12, "st": 3, "ck": 10, "cf": 2, "mds": "3 (3ct 0st)", "dspi": 1.071}, {"tt": "vs England", "sp": "2018-2019", "mt": 7, "in": 7, "pr": "opposition=1", "ds": 6, "ct": 6, "st": 0, "ck": 6, "cf": 0, "mds": "3 (3ct 0st)", "dspi": 0.857}, {"tt": "vs India", "sp": "2016-2020", "mt": 17, "in": 17, "pr": "opposition=6", "ds": 15, "ct": 14, "st": 1, "ck": 11, "cf": 3, "mds": "3 (3ct 0st)", "dspi": 0.882}, {"tt": "vs Ireland", "sp": "2017-2017", "mt": 2, "in": 2, "pr": "opposition=29", "ds": 3, "ct": 3, "st": 0, "ck": 0, "cf": 3, "mds": "3 (3ct 0st)", "dspi": 1.5}, {"tt": "vs Pakistan", "sp": "2014-2019", "mt": 16, "in": 16, "pr": "opposition=7", "ds": 14, "ct": 13, "st": 1, "ck": 7, "cf": 6, "mds": "2 (2ct 0st)", "dspi": 0.875}, {"tt": "vs South Africa", "sp": "2014-2019", "mt": 10, "in": 10, "pr": "opposition=3", "ds": 7, "ct": 6, "st": 1, "ck": 2, "cf": 4, "mds": "3 (2ct 1st)", "dspi": 0.7}, {"tt": "vs Sri Lanka", "sp": "2012-2019", "mt": 14, "in": 12, "pr": "opposition=8", "ds": 7, "ct": 7, "st": 0, "ck": 1, "cf": 6, "mds": "2 (2ct 0st)", "dspi": 0.583}, {"tt": "vs West Indies", "sp": "2012-2019", "mt": 8, "in": 8, "pr": "opposition=4", "ds": 11, "ct": 11, "st": 0, "ck": 10, "cf": 1, "mds": "4 (4ct 0st)", "dspi": 1.375}, {"tt": "vs Zimbabwe", "sp": "2012-2015", "mt": 6, "in": 6, "pr": "opposition=9", "ds": 1, "ct": 1, "st": 0, "ck": 0, "cf": 1, "mds": "1 (1ct 0st)", "dspi": 0.166}]}, {"type": "HOST_COUNTRY", "stats": [{"tt": "in Australia", "sp": "2016-2020", "mt": 4, "in": 4, "pr": "host=2", "ds": 1, "ct": 1, "st": 0, "ck": 1, "cf": 0, "mds": "1 (1ct 0st)", "dspi": 0.25}, {"tt": "in Bangladesh", "sp": "2013-2013", "mt": 2, "in": 2, "pr": "host=25", "ds": 3, "ct": 2, "st": 1, "ck": 2, "cf": 0, "mds": "3 (2ct 1st)", "dspi": 1.5}, {"tt": "in England", "sp": "2019-2019", "mt": 10, "in": 10, "pr": "host=1", "ds": 21, "ct": 21, "st": 0, "ck": 21, "cf": 0, "mds": "5 (5ct 0st)", "dspi": 2.1}, {"tt": "in India", "sp": "2016-2017", "mt": 8, "in": 8, "pr": "host=6", "ds": 5, "ct": 5, "st": 0, "ck": 2, "cf": 3, "mds": "2 (2ct 0st)", "dspi": 0.625}, {"tt": "in Ireland", "sp": "2017-2017", "mt": 4, "in": 4, "pr": "host=29", "ds": 4, "ct": 4, "st": 0, "ck": 0, "cf": 4, "mds": "3 (3ct 0st)", "dspi": 1}, {"tt": "in New Zealand", "sp": "2012-2021", "mt": 52, "in": 50, "pr": "host=5", "ds": 46, "ct": 39, "st": 7, "ck": 30, "cf": 9, "mds": "5 (3ct 2st)", "dspi": 0.92}, {"tt": "in South Africa", "sp": "2015-2015", "mt": 3, "in": 3, "pr": "host=3", "ds": 3, "ct": 3, "st": 0, "ck": 0, "cf": 3, "mds": "2 (2ct 0st)", "dspi": 1}, {"tt": "in Sri Lanka", "sp": "2012-2013", "mt": 4, "in": 4, "pr": "host=8", "ds": 2, "ct": 2, "st": 0, "ck": 0, "cf": 2, "mds": "2 (2ct 0st)", "dspi": 0.5}, {"tt": "in U.A.E.", "sp": "2014-2018", "mt": 8, "in": 8, "pr": "host=27", "ds": 5, "ct": 5, "st": 0, "ck": 2, "cf": 3, "mds": "2 (2ct 0st)", "dspi": 0.625}, {"tt": "in West Indies", "sp": "2012-2012", "mt": 4, "in": 4, "pr": "host=4", "ds": 2, "ct": 2, "st": 0, "ck": 1, "cf": 1, "mds": "1 (1ct 0st)", "dspi": 0.5}, {"tt": "in Zimbabwe", "sp": "2015-2015", "mt": 3, "in": 3, "pr": "host=9", "ds": 1, "ct": 1, "st": 0, "ck": 0, "cf": 1, "mds": "1 (1ct 0st)", "dspi": 0.333}]}, {"type": "CONTINENT", "stats": [{"tt": "in Africa", "sp": "2015-2015", "mt": 6, "in": 6, "pr": "continent=1", "ds": 4, "ct": 4, "st": 0, "ck": 0, "cf": 4, "mds": "2 (2ct 0st)", "dspi": 0.666}, {"tt": "in Americas", "sp": "2012-2012", "mt": 4, "in": 4, "pr": "continent=3", "ds": 2, "ct": 2, "st": 0, "ck": 1, "cf": 1, "mds": "1 (1ct 0st)", "dspi": 0.5}, {"tt": "in Asia", "sp": "2012-2018", "mt": 22, "in": 22, "pr": "continent=2", "ds": 15, "ct": 14, "st": 1, "ck": 6, "cf": 8, "mds": "3 (2ct 1st)", "dspi": 0.681}, {"tt": "in Europe", "sp": "2017-2019", "mt": 14, "in": 14, "pr": "continent=4", "ds": 25, "ct": 25, "st": 0, "ck": 21, "cf": 4, "mds": "5 (5ct 0st)", "dspi": 1.785}, {"tt": "in Oceania", "sp": "2012-2021", "mt": 56, "in": 54, "pr": "continent=5", "ds": 47, "ct": 40, "st": 7, "ck": 31, "cf": 9, "mds": "5 (3ct 2st)", "dspi": 0.87}]}, {"type": "HOME_OR_AWAY", "stats": [{"tt": "home", "sp": "2012-2021", "mt": 52, "in": 50, "pr": "home_or_away=1", "ds": 46, "ct": 39, "st": 7, "ck": 30, "cf": 9, "mds": "5 (3ct 2st)", "dspi": 0.92}, {"tt": "away", "sp": "2012-2020", "mt": 32, "in": 32, "pr": "home_or_away=2", "ds": 24, "ct": 23, "st": 1, "ck": 10, "cf": 13, "mds": "3 (3ct 0st)", "dspi": 0.75}, {"tt": "neutral", "sp": "2014-2019", "mt": 18, "in": 18, "pr": "home_or_away=3", "ds": 23, "ct": 23, "st": 0, "ck": 19, "cf": 4, "mds": "5 (5ct 0st)", "dspi": 1.277}]}, {"type": "YEAR", "stats": [{"tt": "year 2012", "sp": null, "mt": 8, "in": 8, "pr": "year=2012", "ds": 2, "ct": 2, "st": 0, "ck": 1, "cf": 1, "mds": "1 (1ct 0st)", "dspi": 0.25}, {"tt": "year 2013", "sp": null, "mt": 5, "in": 5, "pr": "year=2013", "ds": 5, "ct": 4, "st": 1, "ck": 2, "cf": 2, "mds": "3 (2ct 1st)", "dspi": 1}, {"tt": "year 2014", "sp": null, "mt": 8, "in": 8, "pr": "year=2014", "ds": 4, "ct": 4, "st": 0, "ck": 0, "cf": 4, "mds": "2 (2ct 0st)", "dspi": 0.5}, {"tt": "year 2015", "sp": null, "mt": 14, "in": 13, "pr": "year=2015", "ds": 10, "ct": 10, "st": 0, "ck": 0, "cf": 10, "mds": "2 (2ct 0st)", "dspi": 0.769}, {"tt": "year 2016", "sp": null, "mt": 14, "in": 13, "pr": "year=2016", "ds": 5, "ct": 5, "st": 0, "ck": 0, "cf": 5, "mds": "2 (2ct 0st)", "dspi": 0.384}, {"tt": "year 2017", "sp": null, "mt": 15, "in": 15, "pr": "year=2017", "ds": 20, "ct": 17, "st": 3, "ck": 13, "cf": 4, "mds": "5 (3ct 2st)", "dspi": 1.333}, {"tt": "year 2018", "sp": null, "mt": 13, "in": 13, "pr": "year=2018", "ds": 10, "ct": 9, "st": 1, "ck": 9, "cf": 0, "mds": "2 (2ct 0st)", "dspi": 0.769}, {"tt": "year 2019", "sp": null, "mt": 18, "in": 18, "pr": "year=2019", "ds": 30, "ct": 28, "st": 2, "ck": 28, "cf": 0, "mds": "5 (5ct 0st)", "dspi": 1.666}, {"tt": "year 2020", "sp": null, "mt": 4, "in": 4, "pr": "year=2020", "ds": 3, "ct": 3, "st": 0, "ck": 3, "cf": 0, "mds": "1 (1ct 0st)", "dspi": 0.75}, {"tt": "year 2021", "sp": null, "mt": 3, "in": 3, "pr": "year=2021", "ds": 4, "ct": 3, "st": 1, "ck": 3, "cf": 0, "mds": "3 (3ct 0st)", "dspi": 1.333}]}, {"type": "SEASON", "stats": [{"tt": "season 2011/12", "sp": null, "mt": 3, "in": 3, "pr": "season=2011/12", "ds": 0, "ct": 0, "st": 0, "ck": 0, "cf": 0, "mds": "0", "dspi": 0}, {"tt": "season 2012", "sp": null, "mt": 4, "in": 4, "pr": "season=2012", "ds": 2, "ct": 2, "st": 0, "ck": 1, "cf": 1, "mds": "1 (1ct 0st)", "dspi": 0.5}, {"tt": "season 2012/13", "sp": null, "mt": 1, "in": 1, "pr": "season=2012/13", "ds": 0, "ct": 0, "st": 0, "ck": 0, "cf": 0, "mds": "0", "dspi": 0}, {"tt": "season 2013/14", "sp": null, "mt": 5, "in": 5, "pr": "season=2013/14", "ds": 5, "ct": 4, "st": 1, "ck": 2, "cf": 2, "mds": "3 (2ct 1st)", "dspi": 1}, {"tt": "season 2014/15", "sp": null, "mt": 13, "in": 12, "pr": "season=2014/15", "ds": 7, "ct": 7, "st": 0, "ck": 0, "cf": 7, "mds": "2 (2ct 0st)", "dspi": 0.583}, {"tt": "season 2015", "sp": null, "mt": 6, "in": 6, "pr": "season=2015", "ds": 4, "ct": 4, "st": 0, "ck": 0, "cf": 4, "mds": "2 (2ct 0st)", "dspi": 0.666}, {"tt": "season 2015/16", "sp": null, "mt": 6, "in": 5, "pr": "season=2015/16", "ds": 4, "ct": 4, "st": 0, "ck": 0, "cf": 4, "mds": "2 (2ct 0st)", "dspi": 0.8}, {"tt": "season 2016/17", "sp": null, "mt": 16, "in": 16, "pr": "season=2016/17", "ds": 13, "ct": 10, "st": 3, "ck": 6, "cf": 4, "mds": "5 (3ct 2st)", "dspi": 0.812}, {"tt": "season 2017", "sp": null, "mt": 4, "in": 4, "pr": "season=2017", "ds": 4, "ct": 4, "st": 0, "ck": 0, "cf": 4, "mds": "3 (3ct 0st)", "dspi": 1}, {"tt": "season 2017/18", "sp": null, "mt": 16, "in": 16, "pr": "season=2017/18", "ds": 15, "ct": 14, "st": 1, "ck": 14, "cf": 0, "mds": "3 (3ct 0st)", "dspi": 0.937}, {"tt": "season 2018/19", "sp": null, "mt": 11, "in": 11, "pr": "season=2018/19", "ds": 11, "ct": 9, "st": 2, "ck": 9, "cf": 0, "mds": "2 (2ct 0st)", "dspi": 1}, {"tt": "season 2019", "sp": null, "mt": 10, "in": 10, "pr": "season=2019", "ds": 21, "ct": 21, "st": 0, "ck": 21, "cf": 0, "mds": "5 (5ct 0st)", "dspi": 2.1}, {"tt": "season 2019/20", "sp": null, "mt": 4, "in": 4, "pr": "season=2019/20", "ds": 3, "ct": 3, "st": 0, "ck": 3, "cf": 0, "mds": "1 (1ct 0st)", "dspi": 0.75}, {"tt": "season 2020/21", "sp": null, "mt": 3, "in": 3, "pr": "season=2020/21", "ds": 4, "ct": 3, "st": 1, "ck": 3, "cf": 0, "mds": "3 (3ct 0st)", "dspi": 1.333}]}, {"type": "CAPTAINS_INVOLVED", "stats": [{"tt": "*TWM Latham", "sp": "2017-2021", "mt": 13, "in": 13, "pr": "captain_involve=59148", "ds": 13, "ct": 12, "st": 1, "ck": 8, "cf": 4, "mds": "3 (3ct 0st)", "dspi": 1}, {"tt": "*BB McCullum", "sp": "2012-2015", "mt": 13, "in": 12, "pr": "captain_involve=10384", "ds": 10, "ct": 9, "st": 1, "ck": 2, "cf": 7, "mds": "3 (2ct 1st)", "dspi": 0.833}, {"tt": "*KD Mills", "sp": "2013-2013", "mt": 4, "in": 4, "pr": "captain_involve=10303", "ds": 2, "ct": 2, "st": 0, "ck": 0, "cf": 2, "mds": "2 (2ct 0st)", "dspi": 0.5}, {"tt": "*TG Southee", "sp": "2018-2018", "mt": 1, "in": 1, "pr": "captain_involve=49108", "ds": 0, "ct": 0, "st": 0, "ck": 0, "cf": 0, "mds": "0", "dspi": 0}, {"tt": "*LRPL Taylor", "sp": "2012-2012", "mt": 3, "in": 3, "pr": "captain_involve=44930", "ds": 1, "ct": 1, "st": 0, "ck": 1, "cf": 0, "mds": "1 (1ct 0st)", "dspi": 0.333}, {"tt": "*KS Williamson", "sp": "2012-2020", "mt": 68, "in": 67, "pr": "captain_involve=51088", "ds": 67, "ct": 61, "st": 6, "ck": 48, "cf": 13, "mds": "5 (5ct 0st)", "dspi": 1}]}, {"type": "CAPTAIN", "stats": [{"tt": "is captain", "sp": "2017-2021", "mt": 13, "in": 13, "pr": "captain=1", "ds": 13, "ct": 12, "st": 1, "ck": 8, "cf": 4, "mds": "3 (3ct 0st)", "dspi": 1}, {"tt": "is not captain", "sp": "2012-2020", "mt": 89, "in": 87, "pr": "captain=0", "ds": 80, "ct": 73, "st": 7, "ck": 51, "cf": 22, "mds": "5 (5ct 0st)", "dspi": 0.919}]}, {"type": "KEEPER", "stats": [{"tt": "is designated keeper", "sp": "2012-2021", "mt": 52, "in": 52, "pr": "keeper=1", "ds": 67, "ct": 59, "st": 8, "ck": 59, "cf": 0, "mds": "5 (5ct 0st)", "dspi": 1.288}, {"tt": "is not keeper", "sp": "2012-2017", "mt": 50, "in": 48, "pr": "keeper=0", "ds": 26, "ct": 26, "st": 0, "ck": 0, "cf": 26, "mds": "3 (3ct 0st)", "dspi": 0.541}]}, {"type": "TOSS", "stats": [{"tt": "won the toss", "sp": "2012-2021", "mt": 45, "in": 45, "pr": "toss=1", "ds": 44, "ct": 42, "st": 2, "ck": 31, "cf": 11, "mds": "5 (5ct 0st)", "dspi": 0.977}, {"tt": "lost the toss", "sp": "2012-2020", "mt": 57, "in": 55, "pr": "toss=2", "ds": 49, "ct": 43, "st": 6, "ck": 28, "cf": 15, "mds": "5 (3ct 2st)", "dspi": 0.89}]}, {"type": "BATTING_FIELDING_SEQUENCE_AND_TOSS", "stats": [{"tt": "won toss &amp; batted", "sp": "2012-2021", "mt": 21, "in": 21, "pr": "batting_fielding_first=1;toss=1", "ds": 19, "ct": 18, "st": 1, "ck": 14, "cf": 4, "mds": "3 (3ct 0st)", "dspi": 0.904}, {"tt": "won toss &amp; fielded", "sp": "2012-2021", "mt": 24, "in": 24, "pr": "batting_fielding_first=2;toss=1", "ds": 25, "ct": 24, "st": 1, "ck": 17, "cf": 7, "mds": "5 (5ct 0st)", "dspi": 1.041}, {"tt": "lost toss &amp; sent in", "sp": "2012-2020", "mt": 29, "in": 27, "pr": "batting_fielding_first=1;toss=2", "ds": 24, "ct": 21, "st": 3, "ck": 15, "cf": 6, "mds": "5 (3ct 2st)", "dspi": 0.888}, {"tt": "lost toss &amp; fielded", "sp": "2012-2020", "mt": 28, "in": 28, "pr": "batting_fielding_first=2;toss=2", "ds": 25, "ct": 22, "st": 3, "ck": 13, "cf": 9, "mds": "3 (2ct 1st)", "dspi": 0.892}]}, {"type": "BATTING_FIELDING_SEQUENCE", "stats": [{"tt": "matches batting first", "sp": "2012-2021", "mt": 50, "in": 48, "pr": "batting_fielding_first=1", "ds": 43, "ct": 39, "st": 4, "ck": 29, "cf": 10, "mds": "5 (3ct 2st)", "dspi": 0.895}, {"tt": "matches fielding first", "sp": "2012-2021", "mt": 52, "in": 52, "pr": "batting_fielding_first=2", "ds": 50, "ct": 46, "st": 4, "ck": 30, "cf": 16, "mds": "5 (5ct 0st)", "dspi": 0.961}]}, {"type": "TEAM_INNINGS", "stats": [{"tt": "1st team innings", "sp": "2012-2021", "mt": 100, "in": 100, "pr": "innings_number=2;innings_number=1", "ds": 93, "ct": 85, "st": 8, "ck": 59, "cf": 26, "mds": "5 (5ct 0st)", "dspi": 0.93}]}, {"type": "MATCH_INNINGS", "stats": [{"tt": "1st match innings", "sp": "2012-2021", "mt": 52, "in": 52, "pr": "innings_number=1", "ds": 50, "ct": 46, "st": 4, "ck": 30, "cf": 16, "mds": "5 (5ct 0st)", "dspi": 0.961}, {"tt": "2nd match innings", "sp": "2012-2021", "mt": 48, "in": 48, "pr": "innings_number=2", "ds": 43, "ct": 39, "st": 4, "ck": 29, "cf": 10, "mds": "5 (3ct 2st)", "dspi": 0.895}]}, {"type": "FLOODLIT", "stats": [{"tt": "day match", "sp": "2012-2021", "mt": 51, "in": 50, "pr": "floodlit=1", "ds": 47, "ct": 43, "st": 4, "ck": 29, "cf": 14, "mds": "5 (3ct 2st)", "dspi": 0.94}, {"tt": "day/night match", "sp": "2012-2021", "mt": 51, "in": 50, "pr": "floodlit=2", "ds": 46, "ct": 42, "st": 4, "ck": 30, "cf": 12, "mds": "5 (5ct 0st)", "dspi": 0.92}]}, {"type": "RESULT", "stats": [{"tt": "won match", "sp": "2012-2021", "mt": 56, "in": 56, "pr": "result=1", "ds": 67, "ct": 61, "st": 6, "ck": 44, "cf": 17, "mds": "5 (5ct 0st)", "dspi": 1.196}, {"tt": "lost match", "sp": "2012-2020", "mt": 40, "in": 40, "pr": "result=2", "ds": 23, "ct": 21, "st": 2, "ck": 12, "cf": 9, "mds": "3 (2ct 1st)", "dspi": 0.575}, {"tt": "tied match", "sp": "2019-2019", "mt": 1, "in": 1, "pr": "result=3", "ds": 3, "ct": 3, "st": 0, "ck": 3, "cf": 0, "mds": "3 (3ct 0st)", "dspi": 3}, {"tt": "no result", "sp": "2013-2018", "mt": 5, "in": 3, "pr": "result=5", "ds": 0, "ct": 0, "st": 0, "ck": 0, "cf": 0, "mds": "0", "dspi": 0}]}, {"type": "BATTING_FIELDING_SEQUENCE_AND_RESULT", "stats": [{"tt": "won batting first", "sp": "2012-2021", "mt": 29, "in": 29, "pr": "batting_fielding_first=1;result=1", "ds": 34, "ct": 31, "st": 3, "ck": 23, "cf": 8, "mds": "5 (3ct 2st)", "dspi": 1.172}, {"tt": "won fielding first", "sp": "2013-2021", "mt": 27, "in": 27, "pr": "batting_fielding_first=2;result=1", "ds": 33, "ct": 30, "st": 3, "ck": 21, "cf": 9, "mds": "5 (5ct 0st)", "dspi": 1.222}, {"tt": "lost batting first", "sp": "2012-2019", "mt": 18, "in": 18, "pr": "batting_fielding_first=1;result=2", "ds": 6, "ct": 5, "st": 1, "ck": 3, "cf": 2, "mds": "1 (1ct 0st)", "dspi": 0.333}, {"tt": "lost fielding first", "sp": "2012-2020", "mt": 22, "in": 22, "pr": "batting_fielding_first=2;result=2", "ds": 17, "ct": 16, "st": 1, "ck": 9, "cf": 7, "mds": "3 (2ct 1st)", "dspi": 0.772}, {"tt": "tied batting first", "sp": "2019-2019", "mt": 1, "in": 1, "pr": "batting_fielding_first=1;result=3", "ds": 3, "ct": 3, "st": 0, "ck": 3, "cf": 0, "mds": "3 (3ct 0st)", "dspi": 3}, {"tt": "no result batting first", "sp": "2015-2016", "mt": 2, "in": null, "pr": "batting_fielding_first=1;result=5", "ds": null, "ct": null, "st": null, "ck": null, "cf": null, "mds": null, "dspi": null}, {"tt": "no result fielding first", "sp": "2013-2018", "mt": 3, "in": 3, "pr": "batting_fielding_first=2;result=5", "ds": 0, "ct": 0, "st": 0, "ck": 0, "cf": 0, "mds": "0", "dspi": 0}]}, {"type": "TOURNAMENT_TYPE", "stats": [{"tt": "2 team series", "sp": "2012-2021", "mt": 88, "in": 86, "pr": "tournament_type=2", "ds": 68, "ct": 60, "st": 8, "ck": 38, "cf": 22, "mds": "5 (3ct 2st)", "dspi": 0.79}, {"tt": "3-4 team tournaments", "sp": "2017-2017", "mt": 4, "in": 4, "pr": "tournament_type=3", "ds": 4, "ct": 4, "st": 0, "ck": 0, "cf": 4, "mds": "3 (3ct 0st)", "dspi": 1}, {"tt": "5+ team tournaments", "sp": "2019-2021", "mt": 13, "in": 13, "pr": "tournament_type=5", "ds": 25, "ct": 24, "st": 1, "ck": 24, "cf": 0, "mds": "5 (5ct 0st)", "dspi": 1.923}]}, {"type": "MATCH_NUMBER", "stats": [{"tt": "1st match in series", "sp": "2012-2021", "mt": 25, "in": 25, "pr": "match_number=1", "ds": 24, "ct": 21, "st": 3, "ck": 14, "cf": 7, "mds": "5 (3ct 2st)", "dspi": 0.96}, {"tt": "2nd match in series", "sp": "2012-2021", "mt": 24, "in": 24, "pr": "match_number=2", "ds": 23, "ct": 19, "st": 4, "ck": 12, "cf": 7, "mds": "3 (2ct 1st)", "dspi": 0.958}, {"tt": "3rd match in series", "sp": "2012-2021", "mt": 24, "in": 23, "pr": "match_number=3", "ds": 11, "ct": 10, "st": 1, "ck": 6, "cf": 4, "mds": "3 (3ct 0st)", "dspi": 0.478}, {"tt": "4th match in series", "sp": "2012-2019", "mt": 7, "in": 6, "pr": "match_number=4", "ds": 8, "ct": 8, "st": 0, "ck": 5, "cf": 3, "mds": "2 (2ct 0st)", "dspi": 1.333}, {"tt": "5th match in series", "sp": "2012-2019", "mt": 7, "in": 7, "pr": "match_number=5", "ds": 2, "ct": 2, "st": 0, "ck": 1, "cf": 1, "mds": "1 (1ct 0st)", "dspi": 0.285}, {"tt": "7th match in series", "sp": "2015-2015", "mt": 1, "in": 1, "pr": "match_number=7", "ds": 0, "ct": 0, "st": 0, "ck": 0, "cf": 0, "mds": "0", "dspi": 0}]}, {"type": "MAJOR_TROPHY", "stats": [{"tt": "World Cup", "sp": "2019-2019", "mt": 10, "in": 10, "pr": "trophy=12", "ds": 21, "ct": 21, "st": 0, "ck": 21, "cf": 0, "mds": "5 (5ct 0st)", "dspi": 2.1}, {"tt": "Chappell-Hadlee", "sp": "2016-2020", "mt": 6, "in": 6, "pr": "trophy=65", "ds": 7, "ct": 5, "st": 2, "ck": 5, "cf": 0, "mds": "5 (3ct 2st)", "dspi": 1.166}]}, {"type": "FINAL_TYPE", "stats": [{"tt": "tournament finals", "sp": "2019-2019", "mt": 1, "in": 1, "pr": "final_type=1", "ds": 3, "ct": 3, "st": 0, "ck": 3, "cf": 0, "mds": "3 (3ct 0st)", "dspi": 3}, {"tt": "tournament semi-finals", "sp": "2019-2019", "mt": 1, "in": 1, "pr": "final_type=3", "ds": 3, "ct": 3, "st": 0, "ck": 3, "cf": 0, "mds": "3 (3ct 0st)", "dspi": 3}, {"tt": "preliminary matches", "sp": "2017-2021", "mt": 15, "in": 15, "pr": "final_type=0", "ds": 23, "ct": 22, "st": 1, "ck": 18, "cf": 4, "mds": "5 (5ct 0st)", "dspi": 1.533}]}]}}