{"summary": {"recordClassId": 2, "type": "BATTING", "groups": [{"type": "CAREER_AVERAGES", "stats": [{"tt": "overview", "sp": "2012-2021", "mt": 102, "in": 94, "pr": null, "rn": 2824, "fo": 239, "si": 36, "ft": 16, "hn": 5, "bf": 3373, "dk": 7, "no": 11, "hs": "137", "bta": 34.02, "btsr": 83.72}]}, {"type": "OPPOSITION_TEAM", "stats": [{"tt": "vs Afghanistan", "sp": "2019-2019", "mt": 1, "in": 1, "pr": "opposition=40", "rn": 13, "fo": 1, "si": 0, "ft": 0, "hn": 0, "bf": 18, "dk": 0, "no": 1, "hs": "13*", "bta": null, "btsr": 72.22}, {"tt": "vs Australia", "sp": "2016-2020", "mt": 7, "in": 7, "pr": "opposition=2", "rn": 93, "fo": 8, "si": 0, "ft": 0, "hn": 0, "bf": 139, "dk": 1, "no": 0, "hs": "38", "bta": 13.28, "btsr": 66.9}, {"tt": "vs Bangladesh", "sp": "2013-2021", "mt": 14, "in": 11, "pr": "opposition=25", "rn": 531, "fo": 39, "si": 10, "ft": 3, "hn": 2, "bf": 589, "dk": 2, "no": 1, "hs": "137", "bta": 53.1, "btsr": 90.15}, {"tt": "vs England", "sp": "2018-2019", "mt": 7, "in": 7, "pr": "opposition=1", "rn": 286, "fo": 16, "si": 4, "ft": 3, "hn": 0, "bf": 328, "dk": 1, "no": 0, "hs": "79", "bta": 40.85, "btsr": 87.19}, {"tt": "vs India", "sp": "2016-2020", "mt": 17, "in": 16, "pr": "opposition=6", "rn": 701, "fo": 59, "si": 9, "ft": 5, "hn": 1, "bf": 751, "dk": 0, "no": 3, "hs": "103*", "bta": 53.92, "btsr": 93.34}, {"tt": "vs Ireland", "sp": "2017-2017", "mt": 2, "in": 2, "pr": "opposition=29", "rn": 119, "fo": 12, "si": 4, "ft": 0, "hn": 1, "bf": 136, "dk": 0, "no": 0, "hs": "104", "bta": 59.5, "btsr": 87.5}, {"tt": "vs Pakistan", "sp": "2014-2019", "mt": 16, "in": 14, "pr": "opposition=7", "rn": 238, "fo": 22, "si": 0, "ft": 1, "hn": 0, "bf": 292, "dk": 0, "no": 2, "hs": "68", "bta": 19.83, "btsr": 81.5}, {"tt": "vs South Africa", "sp": "2014-2019", "mt": 10, "in": 9, "pr": "opposition=3", "rn": 226, "fo": 23, "si": 2, "ft": 3, "hn": 0, "bf": 329, "dk": 2, "no": 0, "hs": "64", "bta": 25.11, "btsr": 68.69}, {"tt": "vs Sri Lanka", "sp": "2012-2019", "mt": 14, "in": 13, "pr": "opposition=8", "rn": 255, "fo": 31, "si": 2, "ft": 1, "hn": 0, "bf": 333, "dk": 1, "no": 2, "hs": "86", "bta": 23.18, "btsr": 76.57}, {"tt": "vs West Indies", "sp": "2012-2019", "mt": 8, "in": 8, "pr": "opposition=4", "rn": 143, "fo": 8, "si": 0, "ft": 0, "hn": 0, "bf": 230, "dk": 0, "no": 0, "hs": "37", "bta": 17.87, "btsr": 62.17}, {"tt": "vs Zimbabwe", "sp": "2012-2015", "mt": 6, "in": 6, "pr": "opposition=9", "rn": 219, "fo": 20, "si": 5, "ft": 0, "hn": 1, "bf": 228, "dk": 0, "no": 2, "hs": "110*", "bta": 54.75, "btsr": 96.05}]}, {"type": "HOST_COUNTRY", "stats": [{"tt": "in Australia", "sp": "2016-2020", "mt": 4, "in": 4, "pr": "host=2", "rn": 72, "fo": 7, "si": 0, "ft": 0, "hn": 0, "bf": 94, "dk": 0, "no": 0, "hs": "38", "bta": 18, "btsr": 76.59}, {"tt": "in Bangladesh", "sp": "2013-2013", "mt": 2, "in": 2, "pr": "host=25", "rn": 43, "fo": 0, "si": 2, "ft": 0, "hn": 0, "bf": 74, "dk": 1, "no": 0, "hs": "43", "bta": 21.5, "btsr": 58.1}, {"tt": "in England", "sp": "2019-2019", "mt": 10, "in": 9, "pr": "host=1", "rn": 155, "fo": 8, "si": 1, "ft": 1, "hn": 0, "bf": 216, "dk": 1, "no": 1, "hs": "57", "bta": 19.37, "btsr": 71.75}, {"tt": "in India", "sp": "2016-2017", "mt": 8, "in": 8, "pr": "host=6", "rn": 450, "fo": 40, "si": 5, "ft": 3, "hn": 1, "bf": 489, "dk": 0, "no": 2, "hs": "103*", "bta": 75, "btsr": 92.02}, {"tt": "in Ireland", "sp": "2017-2017", "mt": 4, "in": 4, "pr": "host=29", "rn": 257, "fo": 26, "si": 5, "ft": 2, "hn": 1, "bf": 292, "dk": 0, "no": 0, "hs": "104", "bta": 64.25, "btsr": 88.01}, {"tt": "in New Zealand", "sp": "2012-2021", "mt": 52, "in": 46, "pr": "host=5", "rn": 1216, "fo": 103, "si": 18, "ft": 5, "hn": 2, "bf": 1397, "dk": 5, "no": 4, "hs": "137", "bta": 28.95, "btsr": 87.04}, {"tt": "in South Africa", "sp": "2015-2015", "mt": 3, "in": 3, "pr": "host=3", "rn": 178, "fo": 16, "si": 2, "ft": 3, "hn": 0, "bf": 235, "dk": 0, "no": 0, "hs": "64", "bta": 59.33, "btsr": 75.74}, {"tt": "in Sri Lanka", "sp": "2012-2013", "mt": 4, "in": 4, "pr": "host=8", "rn": 101, "fo": 14, "si": 1, "ft": 1, "hn": 0, "bf": 121, "dk": 0, "no": 1, "hs": "86", "bta": 33.66, "btsr": 83.47}, {"tt": "in U.A.E.", "sp": "2014-2018", "mt": 8, "in": 7, "pr": "host=27", "rn": 155, "fo": 12, "si": 0, "ft": 1, "hn": 0, "bf": 172, "dk": 0, "no": 2, "hs": "68", "bta": 31, "btsr": 90.11}, {"tt": "in West Indies", "sp": "2012-2012", "mt": 4, "in": 4, "pr": "host=4", "rn": 57, "fo": 1, "si": 0, "ft": 0, "hn": 0, "bf": 119, "dk": 0, "no": 0, "hs": "32", "bta": 14.25, "btsr": 47.89}, {"tt": "in Zimbabwe", "sp": "2015-2015", "mt": 3, "in": 3, "pr": "host=9", "rn": 140, "fo": 12, "si": 2, "ft": 0, "hn": 1, "bf": 164, "dk": 0, "no": 1, "hs": "110*", "bta": 70, "btsr": 85.36}]}, {"type": "CONTINENT", "stats": [{"tt": "in Africa", "sp": "2015-2015", "mt": 6, "in": 6, "pr": "continent=1", "rn": 318, "fo": 28, "si": 4, "ft": 3, "hn": 1, "bf": 399, "dk": 0, "no": 1, "hs": "110*", "bta": 63.6, "btsr": 79.69}, {"tt": "in Americas", "sp": "2012-2012", "mt": 4, "in": 4, "pr": "continent=3", "rn": 57, "fo": 1, "si": 0, "ft": 0, "hn": 0, "bf": 119, "dk": 0, "no": 0, "hs": "32", "bta": 14.25, "btsr": 47.89}, {"tt": "in Asia", "sp": "2012-2018", "mt": 22, "in": 21, "pr": "continent=2", "rn": 749, "fo": 66, "si": 8, "ft": 5, "hn": 1, "bf": 856, "dk": 1, "no": 5, "hs": "103*", "bta": 46.81, "btsr": 87.5}, {"tt": "in Europe", "sp": "2017-2019", "mt": 14, "in": 13, "pr": "continent=4", "rn": 412, "fo": 34, "si": 6, "ft": 3, "hn": 1, "bf": 508, "dk": 1, "no": 1, "hs": "104", "bta": 34.33, "btsr": 81.1}, {"tt": "in Oceania", "sp": "2012-2021", "mt": 56, "in": 50, "pr": "continent=5", "rn": 1288, "fo": 110, "si": 18, "ft": 5, "hn": 2, "bf": 1491, "dk": 5, "no": 4, "hs": "137", "bta": 28, "btsr": 86.38}]}, {"type": "HOME_OR_AWAY", "stats": [{"tt": "home", "sp": "2012-2021", "mt": 52, "in": 46, "pr": "home_or_away=1", "rn": 1216, "fo": 103, "si": 18, "ft": 5, "hn": 2, "bf": 1397, "dk": 5, "no": 4, "hs": "137", "bta": 28.95, "btsr": 87.04}, {"tt": "away", "sp": "2012-2020", "mt": 32, "in": 32, "pr": "home_or_away=2", "rn": 1264, "fo": 109, "si": 17, "ft": 8, "hn": 3, "bf": 1553, "dk": 1, "no": 4, "hs": "110*", "bta": 45.14, "btsr": 81.39}, {"tt": "neutral", "sp": "2014-2019", "mt": 18, "in": 16, "pr": "home_or_away=3", "rn": 344, "fo": 27, "si": 1, "ft": 3, "hn": 0, "bf": 423, "dk": 1, "no": 3, "hs": "84", "bta": 26.46, "btsr": 81.32}]}, {"type": "YEAR", "stats": [{"tt": "year 2012", "sp": null, "mt": 8, "in": 8, "pr": "year=2012", "rn": 138, "fo": 9, "si": 3, "ft": 0, "hn": 0, "bf": 201, "dk": 0, "no": 1, "hs": "48", "bta": 19.71, "btsr": 68.65}, {"tt": "year 2013", "sp": null, "mt": 5, "in": 5, "pr": "year=2013", "rn": 142, "fo": 14, "si": 3, "ft": 1, "hn": 0, "bf": 177, "dk": 1, "no": 1, "hs": "86", "bta": 35.5, "btsr": 80.22}, {"tt": "year 2014", "sp": null, "mt": 8, "in": 7, "pr": "year=2014", "rn": 131, "fo": 14, "si": 0, "ft": 0, "hn": 0, "bf": 167, "dk": 0, "no": 2, "hs": "34", "bta": 26.2, "btsr": 78.44}, {"tt": "year 2015", "sp": null, "mt": 14, "in": 14, "pr": "year=2015", "rn": 486, "fo": 49, "si": 5, "ft": 3, "hn": 1, "bf": 628, "dk": 0, "no": 2, "hs": "110*", "bta": 40.5, "btsr": 77.38}, {"tt": "year 2016", "sp": null, "mt": 14, "in": 14, "pr": "year=2016", "rn": 461, "fo": 40, "si": 7, "ft": 2, "hn": 1, "bf": 516, "dk": 1, "no": 1, "hs": "137", "bta": 35.46, "btsr": 89.34}, {"tt": "year 2017", "sp": null, "mt": 15, "in": 15, "pr": "year=2017", "rn": 546, "fo": 51, "si": 7, "ft": 3, "hn": 2, "bf": 644, "dk": 3, "no": 1, "hs": "104", "bta": 39, "btsr": 84.78}, {"tt": "year 2018", "sp": null, "mt": 13, "in": 11, "pr": "year=2018", "rn": 299, "fo": 18, "si": 3, "ft": 3, "hn": 0, "bf": 341, "dk": 1, "no": 0, "hs": "79", "bta": 27.18, "btsr": 87.68}, {"tt": "year 2019", "sp": null, "mt": 18, "in": 14, "pr": "year=2019", "rn": 347, "fo": 18, "si": 6, "ft": 3, "hn": 0, "bf": 422, "dk": 1, "no": 1, "hs": "59", "bta": 26.69, "btsr": 82.22}, {"tt": "year 2020", "sp": null, "mt": 4, "in": 4, "pr": "year=2020", "rn": 146, "fo": 15, "si": 2, "ft": 1, "hn": 0, "bf": 136, "dk": 0, "no": 1, "hs": "69", "bta": 48.66, "btsr": 107.35}, {"tt": "year 2021", "sp": null, "mt": 3, "in": 2, "pr": "year=2021", "rn": 128, "fo": 11, "si": 0, "ft": 0, "hn": 1, "bf": 141, "dk": 0, "no": 1, "hs": "110*", "bta": 128, "btsr": 90.78}]}, {"type": "SEASON", "stats": [{"tt": "season 2011/12", "sp": null, "mt": 3, "in": 3, "pr": "season=NaN", "rn": 79, "fo": 8, "si": 3, "ft": 0, "hn": 0, "bf": 64, "dk": 0, "no": 1, "hs": "48", "bta": 39.5, "btsr": 123.43}, {"tt": "season 2012", "sp": null, "mt": 4, "in": 4, "pr": "season=2012", "rn": 57, "fo": 1, "si": 0, "ft": 0, "hn": 0, "bf": 119, "dk": 0, "no": 0, "hs": "32", "bta": 14.25, "btsr": 47.89}, {"tt": "season 2012/13", "sp": null, "mt": 1, "in": 1, "pr": "season=NaN", "rn": 2, "fo": 0, "si": 0, "ft": 0, "hn": 0, "bf": 18, "dk": 0, "no": 0, "hs": "2", "bta": 2, "btsr": 11.11}, {"tt": "season 2013/14", "sp": null, "mt": 5, "in": 5, "pr": "season=NaN", "rn": 142, "fo": 14, "si": 3, "ft": 1, "hn": 0, "bf": 177, "dk": 1, "no": 1, "hs": "86", "bta": 35.5, "btsr": 80.22}, {"tt": "season 2014/15", "sp": null, "mt": 13, "in": 12, "pr": "season=NaN", "rn": 222, "fo": 26, "si": 0, "ft": 0, "hn": 0, "bf": 314, "dk": 0, "no": 2, "hs": "42", "bta": 22.2, "btsr": 70.7}, {"tt": "season 2015", "sp": null, "mt": 6, "in": 6, "pr": "season=2015", "rn": 318, "fo": 28, "si": 4, "ft": 3, "hn": 1, "bf": 399, "dk": 0, "no": 1, "hs": "110*", "bta": 63.6, "btsr": 79.69}, {"tt": "season 2015/16", "sp": null, "mt": 6, "in": 6, "pr": "season=NaN", "rn": 97, "fo": 11, "si": 1, "ft": 0, "hn": 0, "bf": 108, "dk": 1, "no": 1, "hs": "42", "bta": 19.4, "btsr": 89.81}, {"tt": "season 2016/17", "sp": null, "mt": 16, "in": 16, "pr": "season=NaN", "rn": 450, "fo": 39, "si": 7, "ft": 2, "hn": 1, "bf": 531, "dk": 3, "no": 1, "hs": "137", "bta": 30, "btsr": 84.74}, {"tt": "season 2017", "sp": null, "mt": 4, "in": 4, "pr": "season=2017", "rn": 257, "fo": 26, "si": 5, "ft": 2, "hn": 1, "bf": 292, "dk": 0, "no": 0, "hs": "104", "bta": 64.25, "btsr": 88.01}, {"tt": "season 2017/18", "sp": null, "mt": 16, "in": 15, "pr": "season=NaN", "rn": 510, "fo": 37, "si": 5, "ft": 3, "hn": 1, "bf": 581, "dk": 1, "no": 1, "hs": "103*", "bta": 36.42, "btsr": 87.77}, {"tt": "season 2018/19", "sp": null, "mt": 11, "in": 7, "pr": "season=NaN", "rn": 261, "fo": 15, "si": 5, "ft": 3, "hn": 0, "bf": 277, "dk": 0, "no": 0, "hs": "68", "bta": 37.28, "btsr": 94.22}, {"tt": "season 2019", "sp": null, "mt": 10, "in": 9, "pr": "season=2019", "rn": 155, "fo": 8, "si": 1, "ft": 1, "hn": 0, "bf": 216, "dk": 1, "no": 1, "hs": "57", "bta": 19.37, "btsr": 71.75}, {"tt": "season 2019/20", "sp": null, "mt": 4, "in": 4, "pr": "season=NaN", "rn": 146, "fo": 15, "si": 2, "ft": 1, "hn": 0, "bf": 136, "dk": 0, "no": 1, "hs": "69", "bta": 48.66, "btsr": 107.35}, {"tt": "season 2020/21", "sp": null, "mt": 3, "in": 2, "pr": "season=NaN", "rn": 128, "fo": 11, "si": 0, "ft": 0, "hn": 1, "bf": 141, "dk": 0, "no": 1, "hs": "110*", "bta": 128, "btsr": 90.78}]}, {"type": "CAPTAINS_INVOLVED", "stats": [{"tt": "*TWM Latham", "sp": "2017-2021", "mt": 13, "in": 11, "pr": "captain_involve=59148", "rn": 577, "fo": 53, "si": 10, "ft": 4, "hn": 2, "bf": 622, "dk": 0, "no": 1, "hs": "110*", "bta": 57.7, "btsr": 92.76}, {"tt": "*BB McCullum", "sp": "2012-2015", "mt": 13, "in": 12, "pr": "captain_involve=10384", "rn": 244, "fo": 30, "si": 3, "ft": 0, "hn": 0, "bf": 304, "dk": 1, "no": 2, "hs": "48", "bta": 24.4, "btsr": 80.26}, {"tt": "*KD Mills", "sp": "2013-2013", "mt": 4, "in": 4, "pr": "captain_involve=10303", "rn": 142, "fo": 14, "si": 3, "ft": 1, "hn": 0, "bf": 176, "dk": 0, "no": 1, "hs": "86", "bta": 47.33, "btsr": 80.68}, {"tt": "*TG Southee", "sp": "2018-2018", "mt": 1, "in": 1, "pr": "captain_involve=49108", "rn": 22, "fo": 1, "si": 0, "ft": 0, "hn": 0, "bf": 36, "dk": 0, "no": 0, "hs": "22", "bta": 22, "btsr": 61.11}, {"tt": "*LRPL Taylor", "sp": "2012-2012", "mt": 3, "in": 3, "pr": "captain_involve=44930", "rn": 45, "fo": 1, "si": 0, "ft": 0, "hn": 0, "bf": 105, "dk": 0, "no": 0, "hs": "32", "bta": 15, "btsr": 42.85}, {"tt": "*KS Williamson", "sp": "2012-2020", "mt": 68, "in": 63, "pr": "captain_involve=51088", "rn": 1794, "fo": 140, "si": 20, "ft": 11, "hn": 3, "bf": 2130, "dk": 6, "no": 7, "hs": "137", "bta": 32.03, "btsr": 84.22}]}, {"type": "CAPTAIN", "stats": [{"tt": "is captain", "sp": "2017-2021", "mt": 13, "in": 11, "pr": "captain=1", "rn": 577, "fo": 53, "si": 10, "ft": 4, "hn": 2, "bf": 622, "dk": 0, "no": 1, "hs": "110*", "bta": 57.7, "btsr": 92.76}, {"tt": "is not captain", "sp": "2012-2020", "mt": 89, "in": 83, "pr": "captain=0", "rn": 2247, "fo": 186, "si": 26, "ft": 12, "hn": 3, "bf": 2751, "dk": 7, "no": 10, "hs": "137", "bta": 30.78, "btsr": 81.67}]}, {"type": "KEEPER", "stats": [{"tt": "is designated keeper", "sp": "2012-2021", "mt": 52, "in": 45, "pr": "keeper=1", "rn": 1252, "fo": 88, "si": 13, "ft": 8, "hn": 2, "bf": 1480, "dk": 6, "no": 4, "hs": "110*", "bta": 30.53, "btsr": 84.59}, {"tt": "is not keeper", "sp": "2012-2017", "mt": 50, "in": 49, "pr": "keeper=0", "rn": 1572, "fo": 151, "si": 23, "ft": 8, "hn": 3, "bf": 1893, "dk": 1, "no": 7, "hs": "137", "bta": 37.42, "btsr": 83.04}]}, {"type": "TOSS", "stats": [{"tt": "won the toss", "sp": "2012-2021", "mt": 45, "in": 40, "pr": "toss=1", "rn": 1216, "fo": 94, "si": 15, "ft": 8, "hn": 2, "bf": 1375, "dk": 3, "no": 7, "hs": "137", "bta": 36.84, "btsr": 88.43}, {"tt": "lost the toss", "sp": "2012-2020", "mt": 57, "in": 54, "pr": "toss=2", "rn": 1608, "fo": 145, "si": 21, "ft": 8, "hn": 3, "bf": 1998, "dk": 4, "no": 4, "hs": "110*", "bta": 32.16, "btsr": 80.48}]}, {"type": "BATTING_FIELDING_SEQUENCE_AND_TOSS", "stats": [{"tt": "won toss &amp; batted", "sp": "2012-2021", "mt": 21, "in": 21, "pr": "batting_fielding_first=1;toss=1", "rn": 587, "fo": 40, "si": 8, "ft": 2, "hn": 1, "bf": 681, "dk": 1, "no": 3, "hs": "137", "bta": 32.61, "btsr": 86.19}, {"tt": "won toss &amp; fielded", "sp": "2012-2021", "mt": 24, "in": 19, "pr": "batting_fielding_first=2;toss=1", "rn": 629, "fo": 54, "si": 7, "ft": 6, "hn": 1, "bf": 694, "dk": 2, "no": 4, "hs": "110*", "bta": 41.93, "btsr": 90.63}, {"tt": "lost toss &amp; sent in", "sp": "2012-2020", "mt": 29, "in": 29, "pr": "batting_fielding_first=1;toss=2", "rn": 814, "fo": 72, "si": 14, "ft": 4, "hn": 1, "bf": 1037, "dk": 2, "no": 1, "hs": "104", "bta": 29.07, "btsr": 78.49}, {"tt": "lost toss &amp; fielded", "sp": "2012-2020", "mt": 28, "in": 25, "pr": "batting_fielding_first=2;toss=2", "rn": 794, "fo": 73, "si": 7, "ft": 4, "hn": 2, "bf": 961, "dk": 2, "no": 3, "hs": "110*", "bta": 36.09, "btsr": 82.62}]}, {"type": "BATTING_FIELDING_SEQUENCE", "stats": [{"tt": "matches batting first", "sp": "2012-2021", "mt": 50, "in": 50, "pr": "batting_fielding_first=1", "rn": 1401, "fo": 112, "si": 22, "ft": 6, "hn": 2, "bf": 1718, "dk": 3, "no": 4, "hs": "137", "bta": 30.45, "btsr": 81.54}, {"tt": "matches fielding first", "sp": "2012-2021", "mt": 52, "in": 44, "pr": "batting_fielding_first=2", "rn": 1423, "fo": 127, "si": 14, "ft": 10, "hn": 3, "bf": 1655, "dk": 4, "no": 7, "hs": "110*", "bta": 38.45, "btsr": 85.98}]}, {"type": "TEAM_INNINGS", "stats": [{"tt": "1st team innings", "sp": "2012-2021", "mt": 101, "in": 94, "pr": null, "rn": 2824, "fo": 239, "si": 36, "ft": 16, "hn": 5, "bf": 3373, "dk": 7, "no": 11, "hs": "137", "bta": 34.02, "btsr": 83.72}]}, {"type": "MATCH_INNINGS", "stats": [{"tt": "1st match innings", "sp": "2012-2021", "mt": 50, "in": 50, "pr": "innings_number=1", "rn": 1401, "fo": 112, "si": 22, "ft": 6, "hn": 2, "bf": 1718, "dk": 3, "no": 4, "hs": "137", "bta": 30.45, "btsr": 81.54}, {"tt": "2nd match innings", "sp": "2012-2021", "mt": 51, "in": 44, "pr": "innings_number=2", "rn": 1423, "fo": 127, "si": 14, "ft": 10, "hn": 3, "bf": 1655, "dk": 4, "no": 7, "hs": "110*", "bta": 38.45, "btsr": 85.98}]}, {"type": "FLOODLIT", "stats": [{"tt": "day match", "sp": "2012-2021", "mt": 51, "in": 46, "pr": "floodlit=1", "rn": 1359, "fo": 112, "si": 23, "ft": 6, "hn": 3, "bf": 1661, "dk": 2, "no": 2, "hs": "137", "bta": 30.88, "btsr": 81.81}, {"tt": "day/night match", "sp": "2012-2021", "mt": 51, "in": 48, "pr": "floodlit=2", "rn": 1465, "fo": 127, "si": 13, "ft": 10, "hn": 2, "bf": 1712, "dk": 5, "no": 9, "hs": "110*", "bta": 37.56, "btsr": 85.57}]}, {"type": "RESULT", "stats": [{"tt": "won match", "sp": "2012-2021", "mt": 56, "in": 50, "pr": "result=1", "rn": 1694, "fo": 148, "si": 26, "ft": 8, "hn": 5, "bf": 1814, "dk": 3, "no": 9, "hs": "137", "bta": 41.31, "btsr": 93.38}, {"tt": "lost match", "sp": "2012-2020", "mt": 40, "in": 40, "pr": "result=2", "rn": 1028, "fo": 84, "si": 9, "ft": 8, "hn": 0, "bf": 1414, "dk": 4, "no": 1, "hs": "84", "bta": 26.35, "btsr": 72.7}, {"tt": "tied match", "sp": "2019-2019", "mt": 1, "in": 1, "pr": "result=3", "rn": 47, "fo": 2, "si": 1, "ft": 0, "hn": 0, "bf": 56, "dk": 0, "no": 0, "hs": "47", "bta": 47, "btsr": 83.92}, {"tt": "no result", "sp": "2013-2018", "mt": 5, "in": 3, "pr": "result=5", "rn": 55, "fo": 5, "si": 0, "ft": 0, "hn": 0, "bf": 89, "dk": 0, "no": 1, "hs": "42", "bta": 27.5, "btsr": 61.79}]}, {"type": "BATTING_FIELDING_SEQUENCE_AND_RESULT", "stats": [{"tt": "won batting first", "sp": "2012-2021", "mt": 29, "in": 29, "pr": "batting_fielding_first=1;result=1", "rn": 797, "fo": 66, "si": 15, "ft": 2, "hn": 2, "bf": 874, "dk": 2, "no": 3, "hs": "137", "bta": 30.65, "btsr": 91.18}, {"tt": "won fielding first", "sp": "2013-2021", "mt": 27, "in": 21, "pr": "batting_fielding_first=2;result=1", "rn": 897, "fo": 82, "si": 11, "ft": 6, "hn": 3, "bf": 940, "dk": 1, "no": 6, "hs": "110*", "bta": 59.8, "btsr": 95.42}, {"tt": "lost batting first", "sp": "2012-2019", "mt": 18, "in": 18, "pr": "batting_fielding_first=1;result=2", "rn": 506, "fo": 39, "si": 6, "ft": 4, "hn": 0, "bf": 715, "dk": 1, "no": 1, "hs": "84", "bta": 29.76, "btsr": 70.76}, {"tt": "lost fielding first", "sp": "2012-2020", "mt": 22, "in": 22, "pr": "batting_fielding_first=2;result=2", "rn": 522, "fo": 45, "si": 3, "ft": 4, "hn": 0, "bf": 699, "dk": 3, "no": 0, "hs": "65", "bta": 23.72, "btsr": 74.67}, {"tt": "tied batting first", "sp": "2019-2019", "mt": 1, "in": 1, "pr": "batting_fielding_first=1;result=3", "rn": 47, "fo": 2, "si": 1, "ft": 0, "hn": 0, "bf": 56, "dk": 0, "no": 0, "hs": "47", "bta": 47, "btsr": 83.92}, {"tt": "no result batting first", "sp": "2015-2016", "mt": 2, "in": 2, "pr": "batting_fielding_first=1;result=5", "rn": 51, "fo": 5, "si": 0, "ft": 0, "hn": 0, "bf": 73, "dk": 0, "no": 0, "hs": "42", "bta": 25.5, "btsr": 69.86}, {"tt": "no result fielding first", "sp": "2013-2018", "mt": 3, "in": 1, "pr": "batting_fielding_first=2;result=5", "rn": 4, "fo": 0, "si": 0, "ft": 0, "hn": 0, "bf": 16, "dk": 0, "no": 1, "hs": "4*", "bta": null, "btsr": 25}]}, {"type": "TOURNAMENT_TYPE", "stats": [{"tt": "2 team series", "sp": "2012-2021", "mt": 88, "in": 81, "pr": "tournament_type=2", "rn": 2412, "fo": 205, "si": 30, "ft": 13, "hn": 4, "bf": 2865, "dk": 6, "no": 10, "hs": "137", "bta": 33.97, "btsr": 84.18}, {"tt": "3-4 team tournaments", "sp": "2017-2017", "mt": 4, "in": 4, "pr": "tournament_type=3", "rn": 257, "fo": 26, "si": 5, "ft": 2, "hn": 1, "bf": 292, "dk": 0, "no": 0, "hs": "104", "bta": 64.25, "btsr": 88.01}, {"tt": "5+ team tournaments", "sp": "2019-2021", "mt": 13, "in": 11, "pr": "tournament_type=5", "rn": 283, "fo": 19, "si": 1, "ft": 1, "hn": 1, "bf": 357, "dk": 1, "no": 2, "hs": "110*", "bta": 31.44, "btsr": 79.27}]}, {"type": "MATCH_NUMBER", "stats": [{"tt": "1st match in series", "sp": "2012-2021", "mt": 25, "in": 23, "pr": "match_number=1", "rn": 824, "fo": 73, "si": 10, "ft": 5, "hn": 2, "bf": 913, "dk": 1, "no": 3, "hs": "137", "bta": 41.2, "btsr": 90.25}, {"tt": "2nd match in series", "sp": "2012-2021", "mt": 24, "in": 22, "pr": "match_number=2", "rn": 659, "fo": 63, "si": 7, "ft": 2, "hn": 2, "bf": 782, "dk": 1, "no": 3, "hs": "110*", "bta": 34.68, "btsr": 84.27}, {"tt": "3rd match in series", "sp": "2012-2021", "mt": 24, "in": 22, "pr": "match_number=3", "rn": 649, "fo": 49, "si": 10, "ft": 5, "hn": 0, "bf": 824, "dk": 3, "no": 2, "hs": "65", "bta": 32.45, "btsr": 78.76}, {"tt": "4th match in series", "sp": "2012-2019", "mt": 7, "in": 6, "pr": "match_number=4", "rn": 173, "fo": 9, "si": 3, "ft": 1, "hn": 0, "bf": 205, "dk": 0, "no": 1, "hs": "71", "bta": 34.6, "btsr": 84.39}, {"tt": "5th match in series", "sp": "2012-2019", "mt": 7, "in": 7, "pr": "match_number=5", "rn": 101, "fo": 10, "si": 0, "ft": 0, "hn": 0, "bf": 132, "dk": 1, "no": 1, "hs": "37", "bta": 16.83, "btsr": 76.51}, {"tt": "7th match in series", "sp": "2015-2015", "mt": 1, "in": 1, "pr": "match_number=7", "rn": 6, "fo": 1, "si": 0, "ft": 0, "hn": 0, "bf": 9, "dk": 0, "no": 0, "hs": "6", "bta": 6, "btsr": 66.66}]}, {"type": "MAJOR_TROPHY", "stats": [{"tt": "World Cup", "sp": "2019-2019", "mt": 10, "in": 9, "pr": "trophy=12", "rn": 155, "fo": 8, "si": 1, "ft": 1, "hn": 0, "bf": 216, "dk": 1, "no": 1, "hs": "57", "bta": 19.37, "btsr": 71.75}, {"tt": "Chappell-Hadlee", "sp": "2016-2020", "mt": 6, "in": 6, "pr": "trophy=65", "rn": 79, "fo": 8, "si": 0, "ft": 0, "hn": 0, "bf": 111, "dk": 1, "no": 0, "hs": "38", "bta": 13.16, "btsr": 71.17}]}, {"type": "FINAL_TYPE", "stats": [{"tt": "tournament finals", "sp": "2019-2019", "mt": 1, "in": 1, "pr": "final_type=1", "rn": 47, "fo": 2, "si": 1, "ft": 0, "hn": 0, "bf": 56, "dk": 0, "no": 0, "hs": "47", "bta": 47, "btsr": 83.92}, {"tt": "tournament semi-finals", "sp": "2019-2019", "mt": 1, "in": 1, "pr": "final_type=3", "rn": 10, "fo": 0, "si": 0, "ft": 0, "hn": 0, "bf": 11, "dk": 0, "no": 0, "hs": "10", "bta": 10, "btsr": 90.9}, {"tt": "preliminary matches", "sp": "2017-2021", "mt": 15, "in": 13, "pr": "final_type=0", "rn": 483, "fo": 43, "si": 5, "ft": 3, "hn": 2, "bf": 582, "dk": 1, "no": 2, "hs": "110*", "bta": 43.9, "btsr": 82.98}]}, {"type": "BATTING_POSITION", "stats": [{"tt": "1st position", "sp": "2013-2017", "mt": 5, "in": 5, "pr": "batting_positionval1=batting_position;batting_positionmin1=1;batting_positionmax1=1", "rn": 293, "fo": 32, "si": 3, "ft": 4, "hn": 0, "bf": 323, "dk": 0, "no": 0, "hs": "86", "bta": 58.6, "btsr": 90.71}, {"tt": "2nd position", "sp": "2012-2017", "mt": 32, "in": 32, "pr": "batting_positionval1=batting_position;batting_positionmin1=2;batting_positionmax1=2", "rn": 961, "fo": 85, "si": 17, "ft": 4, "hn": 3, "bf": 1195, "dk": 4, "no": 4, "hs": "137", "bta": 34.32, "btsr": 80.41}, {"tt": "3rd position", "sp": "2015-2015", "mt": 4, "in": 4, "pr": "batting_positionval1=batting_position;batting_positionmin1=3;batting_positionmax1=3", "rn": 88, "fo": 11, "si": 0, "ft": 0, "hn": 0, "bf": 123, "dk": 0, "no": 0, "hs": "42", "bta": 22, "btsr": 71.54}, {"tt": "4th position", "sp": "2014-2018", "mt": 3, "in": 3, "pr": "batting_positionval1=batting_position;batting_positionmin1=4;batting_positionmax1=4", "rn": 41, "fo": 4, "si": 0, "ft": 0, "hn": 0, "bf": 77, "dk": 0, "no": 0, "hs": "16", "bta": 13.66, "btsr": 53.24}, {"tt": "5th position", "sp": "2012-2021", "mt": 41, "in": 41, "pr": "batting_positionval1=batting_position;batting_positionmin1=5;batting_positionmax1=5", "rn": 1295, "fo": 97, "si": 13, "ft": 8, "hn": 2, "bf": 1494, "dk": 2, "no": 4, "hs": "110*", "bta": 35, "btsr": 86.68}, {"tt": "6th position", "sp": "2012-2014", "mt": 4, "in": 4, "pr": "batting_positionval1=batting_position;batting_positionmin1=6;batting_positionmax1=6", "rn": 116, "fo": 10, "si": 2, "ft": 0, "hn": 0, "bf": 116, "dk": 0, "no": 2, "hs": "48", "bta": 58, "btsr": 100}, {"tt": "7th position", "sp": "2012-2019", "mt": 4, "in": 4, "pr": "batting_positionval1=batting_position;batting_positionmin1=7;batting_positionmax1=7", "rn": 23, "fo": 0, "si": 0, "ft": 0, "hn": 0, "bf": 42, "dk": 1, "no": 0, "hs": "11", "bta": 5.75, "btsr": 54.76}, {"tt": "9th position", "sp": "2012-2012", "mt": 1, "in": 1, "pr": "batting_positionval1=batting_position;batting_positionmin1=9;batting_positionmax1=9", "rn": 7, "fo": 0, "si": 1, "ft": 0, "hn": 0, "bf": 3, "dk": 0, "no": 1, "hs": "7*", "bta": null, "btsr": 233.33}]}]}}