{"summary": {"recordClassId": 3, "type": "ALLROUND", "groups": [{"type": "CAREER_AVERAGES", "stats": [{"tt": "overview", "sp": "2012-2017", "mt": 13, "pr": null, "rn": 163, "wk": null, "ct": 6, "st": 0, "hs": "39", "hn": 0, "bbi": null, "bta": 16.3, "bwa": null, "fw": null, "bbad": null}]}, {"type": "OPPOSITION_TEAM", "stats": [{"tt": "v Bangladesh", "sp": "2013-2013", "mt": 1, "pr": "opposition=25", "rn": null, "wk": null, "ct": 0, "st": 0, "hs": null, "hn": null, "bbi": null, "bta": null, "bwa": null, "fw": null, "bbad": null}, {"tt": "v England", "sp": "2013-2013", "mt": 2, "pr": "opposition=1", "rn": 22, "wk": null, "ct": 1, "st": 0, "hs": "22", "hn": 0, "bbi": null, "bta": 22, "bwa": null, "fw": null, "bbad": null}, {"tt": "v India", "sp": "2017-2017", "mt": 1, "pr": "opposition=6", "rn": 39, "wk": null, "ct": 3, "st": 0, "hs": "39", "hn": 0, "bbi": null, "bta": 39, "bwa": null, "fw": null, "bbad": null}, {"tt": "v Pakistan", "sp": "2014-2014", "mt": 1, "pr": "opposition=7", "rn": 26, "wk": null, "ct": 1, "st": 0, "hs": "26", "hn": 0, "bbi": null, "bta": 26, "bwa": null, "fw": null, "bbad": null}, {"tt": "v South Africa", "sp": "2015-2015", "mt": 2, "pr": "opposition=3", "rn": 15, "wk": null, "ct": 1, "st": 0, "hs": "12", "hn": 0, "bbi": null, "bta": 7.5, "bwa": null, "fw": null, "bbad": null}, {"tt": "v Sri Lanka", "sp": "2012-2013", "mt": 2, "pr": "opposition=8", "rn": 24, "wk": null, "ct": 0, "st": 0, "hs": "20", "hn": 0, "bbi": null, "bta": 12, "bwa": null, "fw": null, "bbad": null}, {"tt": "v West Indies", "sp": "2012-2014", "mt": 4, "pr": "opposition=4", "rn": 37, "wk": null, "ct": 0, "st": 0, "hs": "19", "hn": 0, "bbi": null, "bta": 12.33, "bwa": null, "fw": null, "bbad": null}]}, {"type": "HOST_COUNTRY", "stats": [{"tt": "in Bangladesh", "sp": "2013-2013", "mt": 1, "pr": "host=25", "rn": null, "wk": null, "ct": 0, "st": 0, "hs": null, "hn": null, "bbi": null, "bta": null, "bwa": null, "fw": null, "bbad": null}, {"tt": "in England", "sp": "2013-2013", "mt": 2, "pr": "host=1", "rn": 22, "wk": null, "ct": 1, "st": 0, "hs": "22", "hn": 0, "bbi": null, "bta": 22, "bwa": null, "fw": null, "bbad": null}, {"tt": "in India", "sp": "2017-2017", "mt": 1, "pr": "host=6", "rn": 39, "wk": null, "ct": 3, "st": 0, "hs": "39", "hn": 0, "bbi": null, "bta": 39, "bwa": null, "fw": null, "bbad": null}, {"tt": "in South Africa", "sp": "2015-2015", "mt": 2, "pr": "host=3", "rn": 15, "wk": null, "ct": 1, "st": 0, "hs": "12", "hn": 0, "bbi": null, "bta": 7.5, "bwa": null, "fw": null, "bbad": null}, {"tt": "in Sri Lanka", "sp": "2012-2013", "mt": 2, "pr": "host=8", "rn": 24, "wk": null, "ct": 0, "st": 0, "hs": "20", "hn": 0, "bbi": null, "bta": 12, "bwa": null, "fw": null, "bbad": null}, {"tt": "in U.A.E.", "sp": "2014-2014", "mt": 1, "pr": "host=27", "rn": 26, "wk": null, "ct": 1, "st": 0, "hs": "26", "hn": 0, "bbi": null, "bta": 26, "bwa": null, "fw": null, "bbad": null}, {"tt": "in U.S.A.", "sp": "2012-2012", "mt": 2, "pr": "host=11", "rn": 34, "wk": null, "ct": 0, "st": 0, "hs": "19", "hn": 0, "bbi": null, "bta": 17, "bwa": null, "fw": null, "bbad": null}, {"tt": "in West Indies", "sp": "2014-2014", "mt": 2, "pr": "host=4", "rn": 3, "wk": null, "ct": 0, "st": 0, "hs": "3", "hn": 0, "bbi": null, "bta": 3, "bwa": null, "fw": null, "bbad": null}]}, {"type": "CONTINENT", "stats": [{"tt": "in Africa", "sp": "2015-2015", "mt": 2, "pr": "continent=1", "rn": 15, "wk": null, "ct": 1, "st": 0, "hs": "12", "hn": 0, "bbi": null, "bta": 7.5, "bwa": null, "fw": null, "bbad": null}, {"tt": "in Americas", "sp": "2012-2014", "mt": 4, "pr": "continent=3", "rn": 37, "wk": null, "ct": 0, "st": 0, "hs": "19", "hn": 0, "bbi": null, "bta": 12.33, "bwa": null, "fw": null, "bbad": null}, {"tt": "in Asia", "sp": "2012-2017", "mt": 5, "pr": "continent=2", "rn": 89, "wk": null, "ct": 4, "st": 0, "hs": "39", "hn": 0, "bbi": null, "bta": 22.25, "bwa": null, "fw": null, "bbad": null}, {"tt": "in Europe", "sp": "2013-2013", "mt": 2, "pr": "continent=4", "rn": 22, "wk": null, "ct": 1, "st": 0, "hs": "22", "hn": 0, "bbi": null, "bta": 22, "bwa": null, "fw": null, "bbad": null}]}, {"type": "HOME_OR_AWAY", "stats": [{"tt": "away", "sp": "2012-2017", "mt": 10, "pr": "home_or_away=2", "rn": 103, "wk": null, "ct": 5, "st": 0, "hs": "39", "hn": 0, "bbi": null, "bta": 14.71, "bwa": null, "fw": null, "bbad": null}, {"tt": "neutral", "sp": "2012-2014", "mt": 3, "pr": "home_or_away=3", "rn": 60, "wk": null, "ct": 1, "st": 0, "hs": "26", "hn": 0, "bbi": null, "bta": 20, "bwa": null, "fw": null, "bbad": null}]}, {"type": "YEAR", "stats": [{"tt": "year 2012", "sp": null, "mt": 3, "pr": "year=2012", "rn": 38, "wk": null, "ct": 0, "st": 0, "hs": "19", "hn": 0, "bbi": null, "bta": 12.66, "bwa": null, "fw": null, "bbad": null}, {"tt": "year 2013", "sp": null, "mt": 4, "pr": "year=2013", "rn": 42, "wk": null, "ct": 1, "st": 0, "hs": "22", "hn": 0, "bbi": null, "bta": 21, "bwa": null, "fw": null, "bbad": null}, {"tt": "year 2014", "sp": null, "mt": 3, "pr": "year=2014", "rn": 29, "wk": null, "ct": 1, "st": 0, "hs": "26", "hn": 0, "bbi": null, "bta": 14.5, "bwa": null, "fw": null, "bbad": null}, {"tt": "year 2015", "sp": null, "mt": 2, "pr": "year=2015", "rn": 15, "wk": null, "ct": 1, "st": 0, "hs": "12", "hn": 0, "bbi": null, "bta": 7.5, "bwa": null, "fw": null, "bbad": null}, {"tt": "year 2017", "sp": null, "mt": 1, "pr": "year=2017", "rn": 39, "wk": null, "ct": 3, "st": 0, "hs": "39", "hn": 0, "bbi": null, "bta": 39, "bwa": null, "fw": null, "bbad": null}]}, {"type": "SEASON", "stats": [{"tt": "season 2012", "sp": null, "mt": 2, "pr": "season=2012", "rn": 34, "wk": null, "ct": 0, "st": 0, "hs": "19", "hn": 0, "bbi": null, "bta": 17, "bwa": null, "fw": null, "bbad": null}, {"tt": "season 2012/13", "sp": null, "mt": 1, "pr": "season=2012/13", "rn": 4, "wk": null, "ct": 0, "st": 0, "hs": "4", "hn": 0, "bbi": null, "bta": 4, "bwa": null, "fw": null, "bbad": null}, {"tt": "season 2013", "sp": null, "mt": 2, "pr": "season=2013", "rn": 22, "wk": null, "ct": 1, "st": 0, "hs": "22", "hn": 0, "bbi": null, "bta": 22, "bwa": null, "fw": null, "bbad": null}, {"tt": "season 2013/14", "sp": null, "mt": 2, "pr": "season=2013/14", "rn": 20, "wk": null, "ct": 0, "st": 0, "hs": "20", "hn": 0, "bbi": null, "bta": 20, "bwa": null, "fw": null, "bbad": null}, {"tt": "season 2014", "sp": null, "mt": 2, "pr": "season=2014", "rn": 3, "wk": null, "ct": 0, "st": 0, "hs": "3", "hn": 0, "bbi": null, "bta": 3, "bwa": null, "fw": null, "bbad": null}, {"tt": "season 2014/15", "sp": null, "mt": 1, "pr": "season=2014/15", "rn": 26, "wk": null, "ct": 1, "st": 0, "hs": "26", "hn": 0, "bbi": null, "bta": 26, "bwa": null, "fw": null, "bbad": null}, {"tt": "season 2015", "sp": null, "mt": 2, "pr": "season=2015", "rn": 15, "wk": null, "ct": 1, "st": 0, "hs": "12", "hn": 0, "bbi": null, "bta": 7.5, "bwa": null, "fw": null, "bbad": null}, {"tt": "season 2017/18", "sp": null, "mt": 1, "pr": "season=2017/18", "rn": 39, "wk": null, "ct": 3, "st": 0, "hs": "39", "hn": 0, "bbi": null, "bta": 39, "bwa": null, "fw": null, "bbad": null}]}, {"type": "CAPTAINS_INVOLVED", "stats": [{"tt": "*BB McCullum", "sp": "2013-2014", "mt": 3, "pr": "captain_involve=10384", "rn": 22, "wk": null, "ct": 1, "st": 0, "hs": "22", "hn": 0, "bbi": null, "bta": 22, "bwa": null, "fw": null, "bbad": null}, {"tt": "*KD Mills", "sp": "2013-2013", "mt": 2, "pr": "captain_involve=10303", "rn": 20, "wk": null, "ct": 0, "st": 0, "hs": "20", "hn": 0, "bbi": null, "bta": 20, "bwa": null, "fw": null, "bbad": null}, {"tt": "*LRPL Taylor", "sp": "2012-2012", "mt": 2, "pr": "captain_involve=44930", "rn": 19, "wk": null, "ct": 0, "st": 0, "hs": "15", "hn": 0, "bbi": null, "bta": 9.5, "bwa": null, "fw": null, "bbad": null}, {"tt": "*KS Williamson", "sp": "2012-2017", "mt": 6, "pr": "captain_involve=51088", "rn": 102, "wk": null, "ct": 5, "st": 0, "hs": "39", "hn": 0, "bbi": null, "bta": 17, "bwa": null, "fw": null, "bbad": null}]}, {"type": "CAPTAIN", "stats": [{"tt": "is not captain", "sp": "2012-2017", "mt": 13, "pr": "captain=0", "rn": 163, "wk": null, "ct": 6, "st": 0, "hs": "39", "hn": 0, "bbi": null, "bta": 16.3, "bwa": null, "fw": null, "bbad": null}]}, {"type": "KEEPER", "stats": [{"tt": "is designated keeper", "sp": "2012-2017", "mt": 5, "pr": "keeper=1", "rn": 95, "wk": null, "ct": 4, "st": 0, "hs": "39", "hn": 0, "bbi": null, "bta": 23.75, "bwa": null, "fw": null, "bbad": null}, {"tt": "is not keeper", "sp": "2012-2015", "mt": 8, "pr": "keeper=0", "rn": 68, "wk": null, "ct": 2, "st": 0, "hs": "26", "hn": 0, "bbi": null, "bta": 11.33, "bwa": null, "fw": null, "bbad": null}]}, {"type": "TOSS", "stats": [{"tt": "won the toss", "sp": "2012-2017", "mt": 7, "pr": "toss=1", "rn": 60, "wk": null, "ct": 3, "st": 0, "hs": "39", "hn": 0, "bbi": null, "bta": 15, "bwa": null, "fw": null, "bbad": null}, {"tt": "lost the toss", "sp": "2012-2015", "mt": 6, "pr": "toss=2", "rn": 103, "wk": null, "ct": 3, "st": 0, "hs": "26", "hn": 0, "bbi": null, "bta": 17.16, "bwa": null, "fw": null, "bbad": null}]}, {"type": "BATTING_FIELDING_SEQUENCE_AND_TOSS", "stats": [{"tt": "won toss &amp; batted", "sp": "2013-2015", "mt": 2, "pr": "batting_fielding_first=1;toss=1", "rn": 3, "wk": null, "ct": 0, "st": 0, "hs": "3", "hn": 0, "bbi": null, "bta": 3, "bwa": null, "fw": null, "bbad": null}, {"tt": "won toss &amp; fielded", "sp": "2012-2017", "mt": 5, "pr": "batting_fielding_first=2;toss=1", "rn": 57, "wk": null, "ct": 3, "st": 0, "hs": "39", "hn": 0, "bbi": null, "bta": 19, "bwa": null, "fw": null, "bbad": null}, {"tt": "lost toss &amp; sent in", "sp": "2012-2015", "mt": 5, "pr": "batting_fielding_first=1;toss=2", "rn": 84, "wk": null, "ct": 3, "st": 0, "hs": "26", "hn": 0, "bbi": null, "bta": 16.8, "bwa": null, "fw": null, "bbad": null}, {"tt": "lost toss &amp; fielded", "sp": "2012-2012", "mt": 1, "pr": "batting_fielding_first=2;toss=2", "rn": 19, "wk": null, "ct": 0, "st": 0, "hs": "19", "hn": 0, "bbi": null, "bta": 19, "bwa": null, "fw": null, "bbad": null}]}, {"type": "BATTING_FIELDING_SEQUENCE", "stats": [{"tt": "matches batting first", "sp": "2012-2015", "mt": 7, "pr": "batting_fielding_first=1", "rn": 87, "wk": null, "ct": 3, "st": 0, "hs": "26", "hn": 0, "bbi": null, "bta": 14.5, "bwa": null, "fw": null, "bbad": null}, {"tt": "matches fielding first", "sp": "2012-2017", "mt": 6, "pr": "batting_fielding_first=2", "rn": 76, "wk": null, "ct": 3, "st": 0, "hs": "39", "hn": 0, "bbi": null, "bta": 19, "bwa": null, "fw": null, "bbad": null}]}, {"type": "TEAM_INNINGS", "stats": [{"tt": "1st team innings", "sp": "2012-2017", "mt": 13, "pr": "innings_number=1;innings_number=2", "rn": 163, "wk": null, "ct": 6, "st": 0, "hs": "39", "hn": 0, "bbi": null, "bta": 16.3, "bwa": null, "fw": null, "bbad": null}]}, {"type": "MATCH_INNINGS", "stats": [{"tt": "1st match innings", "sp": "2012-2017", "mt": 13, "pr": "innings_number=1", "rn": 87, "wk": null, "ct": 3, "st": 0, "hs": "26", "hn": 0, "bbi": null, "bta": 14.5, "bwa": null, "fw": null, "bbad": null}, {"tt": "2nd match innings", "sp": "2012-2017", "mt": 12, "pr": "innings_number=2", "rn": 76, "wk": null, "ct": 3, "st": 0, "hs": "39", "hn": 0, "bbi": null, "bta": 19, "bwa": null, "fw": null, "bbad": null}]}, {"type": "FLOODLIT", "stats": [{"tt": "day match", "sp": "2012-2015", "mt": 7, "pr": "floodlit=1", "rn": 44, "wk": null, "ct": 0, "st": 0, "hs": "19", "hn": 0, "bbi": null, "bta": 8.8, "bwa": null, "fw": null, "bbad": null}, {"tt": "day/night match", "sp": "2013-2013", "mt": 2, "pr": "floodlit=2", "rn": 22, "wk": null, "ct": 1, "st": 0, "hs": "22", "hn": 0, "bbi": null, "bta": 22, "bwa": null, "fw": null, "bbad": null}, {"tt": "night match", "sp": "2013-2017", "mt": 4, "pr": "floodlit=3", "rn": 97, "wk": null, "ct": 5, "st": 0, "hs": "39", "hn": 0, "bbi": null, "bta": 24.25, "bwa": null, "fw": null, "bbad": null}]}, {"type": "RESULT", "stats": [{"tt": "won match", "sp": "2013-2015", "mt": 5, "pr": "result=1", "rn": 51, "wk": null, "ct": 2, "st": 0, "hs": "26", "hn": 0, "bbi": null, "bta": 17, "bwa": null, "fw": null, "bbad": null}, {"tt": "lost match", "sp": "2012-2017", "mt": 6, "pr": "result=2", "rn": 108, "wk": null, "ct": 4, "st": 0, "hs": "39", "hn": 0, "bbi": null, "bta": 18, "bwa": null, "fw": null, "bbad": null}, {"tt": "no result", "sp": "2012-2013", "mt": 2, "pr": "result=5", "rn": 4, "wk": null, "ct": 0, "st": 0, "hs": "4", "hn": 0, "bbi": null, "bta": 4, "bwa": null, "fw": null, "bbad": null}]}, {"type": "BATTING_FIELDING_SEQUENCE_AND_RESULT", "stats": [{"tt": "won batting first", "sp": "2013-2015", "mt": 4, "pr": "batting_fielding_first=1;result=1", "rn": 51, "wk": null, "ct": 2, "st": 0, "hs": "26", "hn": 0, "bbi": null, "bta": 17, "bwa": null, "fw": null, "bbad": null}, {"tt": "won fielding first", "sp": "2014-2014", "mt": 1, "pr": "batting_fielding_first=2;result=1", "rn": null, "wk": null, "ct": 0, "st": 0, "hs": null, "hn": null, "bbi": null, "bta": null, "bwa": null, "fw": null, "bbad": null}, {"tt": "lost batting first", "sp": "2013-2015", "mt": 2, "pr": "batting_fielding_first=1;result=2", "rn": 32, "wk": null, "ct": 1, "st": 0, "hs": "20", "hn": 0, "bbi": null, "bta": 16, "bwa": null, "fw": null, "bbad": null}, {"tt": "lost fielding first", "sp": "2012-2017", "mt": 4, "pr": "batting_fielding_first=2;result=2", "rn": 76, "wk": null, "ct": 3, "st": 0, "hs": "39", "hn": 0, "bbi": null, "bta": 19, "bwa": null, "fw": null, "bbad": null}, {"tt": "no result batting first", "sp": "2012-2012", "mt": 1, "pr": "batting_fielding_first=1;result=5", "rn": 4, "wk": null, "ct": 0, "st": 0, "hs": "4", "hn": 0, "bbi": null, "bta": 4, "bwa": null, "fw": null, "bbad": null}, {"tt": "no result fielding first", "sp": "2013-2013", "mt": 1, "pr": "batting_fielding_first=2;result=5", "rn": null, "wk": null, "ct": 0, "st": 0, "hs": null, "hn": null, "bbi": null, "bta": null, "bwa": null, "fw": null, "bbad": null}]}, {"type": "TOURNAMENT_TYPE", "stats": [{"tt": "2 team series", "sp": "2012-2017", "mt": 13, "pr": "tournament_type=2", "rn": 163, "wk": null, "ct": 6, "st": 0, "hs": "39", "hn": 0, "bbi": null, "bta": 16.3, "bwa": null, "fw": null, "bbad": null}]}, {"type": "MATCH_NUMBER", "stats": [{"tt": "only match in series", "sp": "2012-2013", "mt": 2, "pr": "match_number=0", "rn": 4, "wk": null, "ct": 0, "st": 0, "hs": "4", "hn": 0, "bbi": null, "bta": 4, "bwa": null, "fw": null, "bbad": null}, {"tt": "1st match in series", "sp": "2012-2017", "mt": 5, "pr": "match_number=1", "rn": 88, "wk": null, "ct": 5, "st": 0, "hs": "39", "hn": 0, "bbi": null, "bta": 22, "bwa": null, "fw": null, "bbad": null}, {"tt": "2nd match in series", "sp": "2012-2015", "mt": 6, "pr": "match_number=2", "rn": 71, "wk": null, "ct": 1, "st": 0, "hs": "26", "hn": 0, "bbi": null, "bta": 14.2, "bwa": null, "fw": null, "bbad": null}]}]}}