{"player": {"id": 67045, "objectId": 543550, "name": "HM Rowe", "longName": "Hannah Rowe", "mobileName": "Rowe", "indexName": "Rowe, HM", "battingName": "HM Rowe", "fieldingName": "Rowe", "slug": "hannah-rowe", "gender": "F", "playingRole": "bowler", "battingStyles": ["rhb"], "bowlingStyles": ["rm"], "longBattingStyles": ["right-hand bat"], "longBowlingStyles": ["right-arm medium"], "image": {"id": 305771, "objectId": 1225728, "slug": "hannah-rowe-portrait", "url": "/db/PICTURES/CMS/305700/305771.png", "width": 160, "height": 199, "caption": "Hannah Rowe portrait", "longCaption": "Hannah Rowe portrait, June 2020", "credit": "Getty Images", "photographer": null, "peerUrls": null}, "countryTeamId": 5, "playingRoleType": "P", "playingRoles": ["bowler"], "dateOfBirth": {"year": 1996, "month": 10, "date": 3}, "dateOfDeath": null, "fullName": "Hannah Maree Rowe", "nickNames": "", "alsoKnownAs": "", "height": 0, "heightUnit": null, "education": "", "country": {"id": 5, "objectId": 5, "name": "New Zealand", "shortName": "New Zealand", "image": {"id": 313127, "objectId": 1241586, "slug": "new-zealand-logo", "url": "/db/PICTURES/CMS/313100/313127.logo.png", "width": 500, "height": 500, "caption": "New Zealand logo", "longCaption": "New Zealand logo", "credit": null, "photographer": null, "peerUrls": null}}, "altCountryTeamId": null, "placeOfBirth": "Palmerston North", "dobText": null, "dodText": null, "placeOfDeath": "", "intlCareerSpan": "2015 - 2021", "headshotImage": null, "backgroundImage": {"id": 318701, "objectId": 1257240, "slug": "hannah-rowe-and-maddy-green-took-new-zealand-to-victory", "url": "/db/PICTURES/CMS/318700/318701.jpg", "width": 1400, "height": 933, "caption": "Hannah Rowe and Maddy Green took New Zealand to victory", "longCaption": "Hannah Rowe and Maddy Green took New Zealand to victory, New Zealand vs Australia, 2nd T20I, Napier, March 30, 2021", "credit": "Getty Images", "photographer": null, "peerUrls": {"FILM": "/db/PICTURES/CMS/318700/318701.jpg", "WIDE": "/db/PICTURES/CMS/318700/318701.6.jpg", "SQUARE": "/db/PICTURES/CMS/318700/318701.10.jpg"}}, "externalLinks": [], "fieldingStyles": [], "otherStyles": [], "matchPlayerTypes": [1], "hasRecords": true, "hasStats": true, "hasMatches": true, "totalStories": 7, "totalVideos": 0, "totalImages": 6}, "teams": [{"team": {"id": 2538, "objectId": 2487, "scribeId": 2487, "slug": "central-districts-under-21s-women", "name": "CD U21 Wmn", "longName": "Central Districts Under-21s Women", "abbreviation": "CU21W", "isCountry": false, "primaryColor": null, "image": null}, "current": false}, {"team": {"id": 2539, "objectId": 2488, "scribeId": 2488, "slug": "central-districts-women", "name": "CD-W", "longName": "Central Districts Women", "abbreviation": "CDWmn", "isCountry": false, "primaryColor": null, "image": null}, "current": false}, {"team": {"id": 2614, "objectId": 2563, "scribeId": 2563, "slug": "new-zealand-women", "name": "NZ Women", "longName": "New Zealand Women", "abbreviation": "NZ-W", "isCountry": false, "primaryColor": null, "image": {"id": 313335, "objectId": 1241794, "slug": "new-zealand-women-logo", "url": "/db/PICTURES/CMS/313300/313335.logo.png", "width": 500, "height": 500, "caption": "New Zealand Women logo", "longCaption": "New Zealand Women logo", "credit": null, "photographer": null, "peerUrls": null}}, "current": false}]}