{"player": {"id": 50871, "objectId": 274175, "name": "KE Ebrahim", "longName": "Kate Ebrahim", "mobileName": "Ebrahim", "indexName": "Ebrahim, KE", "battingName": "KE Ebrahim", "fieldingName": "Ebrahim", "slug": "kate-ebrahim", "gender": "F", "playingRole": "bowler", "battingStyles": ["rhb"], "bowlingStyles": ["rm"], "longBattingStyles": ["right-hand bat"], "longBowlingStyles": ["right-arm medium"], "image": {"id": 305776, "objectId": 1225733, "slug": "kate-ebrahim-portrait", "url": "/db/PICTURES/CMS/305700/305776.png", "width": 160, "height": 201, "caption": "Kate Ebrahim portrait", "longCaption": "Kate Ebrahim portrait, June 2020", "credit": "Getty Images", "photographer": null, "peerUrls": null}, "countryTeamId": 5, "playingRoleType": "P", "playingRoles": ["bowler"], "dateOfBirth": {"year": 1991, "month": 11, "date": 11}, "dateOfDeath": null, "fullName": "Kate Ellen Ebrahim", "nickNames": "", "alsoKnownAs": "Kate Ellen Broadmore", "height": 0, "heightUnit": null, "education": "", "country": {"id": 5, "objectId": 5, "name": "New Zealand", "shortName": "New Zealand", "image": {"id": 313127, "objectId": 1241586, "slug": "new-zealand-logo", "url": "/db/PICTURES/CMS/313100/313127.logo.png", "width": 500, "height": 500, "caption": "New Zealand logo", "longCaption": "New Zealand logo", "credit": null, "photographer": null, "peerUrls": null}}, "altCountryTeamId": null, "placeOfBirth": "New Plymouth, Taranaki", "dobText": null, "dodText": null, "placeOfDeath": "", "intlCareerSpan": "2010 - 2021", "headshotImage": {"id": 320540, "objectId": 1261423, "slug": "kate-ebrahim-player-page-headshot-cutout-2021", "url": "/db/PICTURES/CMS/320500/320540.png", "width": 600, "height": 436, "caption": "Kate Ebrahim player page headshot cutout, 2021", "longCaption": "Kate Ebrahim player page headshot cutout, 2021", "credit": null, "photographer": null, "peerUrls": {"FILM": null, "WIDE": null, "SQUARE": "/db/PICTURES/CMS/320500/320540.square.png"}}, "backgroundImage": {"id": 285778, "objectId": 1175048, "slug": "kate-ebrahim-clobbers-one-towards-point", "url": "/db/PICTURES/CMS/285700/285778.png", "width": 1400, "height": 1098, "caption": "Kate Ebrahim clobbers one towards point", "longCaption": "Kate Ebrahim clobbers one towards point, Canterbury Magicians v Wellington Blaze, New Zealand Cricket Women's One-Day Competition, Wellington, February 16, 2019", "credit": "Getty Images", "photographer": null, "peerUrls": {"FILM": "/db/PICTURES/CMS/285700/285778.16.png", "WIDE": "/db/PICTURES/CMS/285700/285778.6.png", "SQUARE": "/db/PICTURES/CMS/285700/285778.10.png"}}, "externalLinks": [], "fieldingStyles": [], "otherStyles": [], "matchPlayerTypes": [1], "hasRecords": true, "hasStats": true, "hasMatches": true, "totalStories": 8, "totalVideos": 0, "totalImages": 9}, "teams": [{"team": {"id": 2531, "objectId": 2480, "scribeId": 2480, "slug": "canterbury-women", "name": "Cant Women", "longName": "Canterbury Women", "abbreviation": "CAN-W", "isCountry": false, "primaryColor": null, "image": null}, "current": false}, {"team": {"id": 2539, "objectId": 2488, "scribeId": 2488, "slug": "central-districts-women", "name": "CD-W", "longName": "Central Districts Women", "abbreviation": "CDWmn", "isCountry": false, "primaryColor": null, "image": null}, "current": false}, {"team": {"id": 2614, "objectId": 2563, "scribeId": 2563, "slug": "new-zealand-women", "name": "NZ Women", "longName": "New Zealand Women", "abbreviation": "NZ-W", "isCountry": false, "primaryColor": null, "image": {"id": 313335, "objectId": 1241794, "slug": "new-zealand-women-logo", "url": "/db/PICTURES/CMS/313300/313335.logo.png", "width": 500, "height": 500, "caption": "New Zealand Women logo", "longCaption": "New Zealand Women logo", "credit": null, "photographer": null, "peerUrls": null}}, "current": false}]}