{"summary": {"recordClassId": 3, "type": "ALLROUND", "groups": [{"type": "CAREER_AVERAGES", "stats": [{"tt": "overview", "sp": "2017-2018", "mt": 3, "pr": null, "rn": 17, "wk": null, "ct": 1, "st": 0, "hs": "14", "hn": 0, "bbi": null, "bta": 17, "bwa": null, "fw": null, "bbad": null}]}, {"type": "OPPOSITION_TEAM", "stats": [{"tt": "v Australia", "sp": "2018-2018", "mt": 1, "pr": "opposition=2", "rn": 14, "wk": null, "ct": 0, "st": 0, "hs": "14", "hn": 0, "bbi": null, "bta": 14, "bwa": null, "fw": null, "bbad": null}, {"tt": "v Bangladesh", "sp": "2017-2017", "mt": 1, "pr": "opposition=25", "rn": null, "wk": null, "ct": 0, "st": 0, "hs": null, "hn": null, "bbi": null, "bta": null, "bwa": null, "fw": null, "bbad": null}, {"tt": "v Pakistan", "sp": "2018-2018", "mt": 1, "pr": "opposition=7", "rn": 3, "wk": null, "ct": 1, "st": 0, "hs": "3*", "hn": 0, "bbi": null, "bta": null, "bwa": null, "fw": null, "bbad": null}]}, {"type": "HOST_COUNTRY", "stats": [{"tt": "in Australia", "sp": "2018-2018", "mt": 1, "pr": "host=2", "rn": 14, "wk": null, "ct": 0, "st": 0, "hs": "14", "hn": 0, "bbi": null, "bta": 14, "bwa": null, "fw": null, "bbad": null}, {"tt": "in New Zealand", "sp": "2017-2018", "mt": 2, "pr": "host=5", "rn": 3, "wk": null, "ct": 1, "st": 0, "hs": "3*", "hn": 0, "bbi": null, "bta": null, "bwa": null, "fw": null, "bbad": null}]}, {"type": "CONTINENT", "stats": [{"tt": "in Oceania", "sp": "2017-2018", "mt": 3, "pr": "continent=5", "rn": 17, "wk": null, "ct": 1, "st": 0, "hs": "14", "hn": 0, "bbi": null, "bta": 17, "bwa": null, "fw": null, "bbad": null}]}, {"type": "HOME_OR_AWAY", "stats": [{"tt": "home", "sp": "2017-2018", "mt": 2, "pr": "home_or_away=1", "rn": 3, "wk": null, "ct": 1, "st": 0, "hs": "3*", "hn": 0, "bbi": null, "bta": null, "bwa": null, "fw": null, "bbad": null}, {"tt": "away", "sp": "2018-2018", "mt": 1, "pr": "home_or_away=2", "rn": 14, "wk": null, "ct": 0, "st": 0, "hs": "14", "hn": 0, "bbi": null, "bta": 14, "bwa": null, "fw": null, "bbad": null}]}, {"type": "YEAR", "stats": [{"tt": "year 2017", "sp": null, "mt": 1, "pr": "year=2017", "rn": null, "wk": null, "ct": 0, "st": 0, "hs": null, "hn": null, "bbi": null, "bta": null, "bwa": null, "fw": null, "bbad": null}, {"tt": "year 2018", "sp": null, "mt": 2, "pr": "year=2018", "rn": 17, "wk": null, "ct": 1, "st": 0, "hs": "14", "hn": 0, "bbi": null, "bta": 17, "bwa": null, "fw": null, "bbad": null}]}, {"type": "SEASON", "stats": [{"tt": "season 2016/17", "sp": null, "mt": 1, "pr": "season=2016/17", "rn": null, "wk": null, "ct": 0, "st": 0, "hs": null, "hn": null, "bbi": null, "bta": null, "bwa": null, "fw": null, "bbad": null}, {"tt": "season 2017/18", "sp": null, "mt": 2, "pr": "season=2017/18", "rn": 17, "wk": null, "ct": 1, "st": 0, "hs": "14", "hn": 0, "bbi": null, "bta": 17, "bwa": null, "fw": null, "bbad": null}]}, {"type": "CAPTAINS_INVOLVED", "stats": [{"tt": "*KS Williamson", "sp": "2017-2018", "mt": 3, "pr": "captain_involve=51088", "rn": 17, "wk": null, "ct": 1, "st": 0, "hs": "14", "hn": 0, "bbi": null, "bta": 17, "bwa": null, "fw": null, "bbad": null}]}, {"type": "CAPTAIN", "stats": [{"tt": "is not captain", "sp": "2017-2018", "mt": 3, "pr": "captain=0", "rn": 17, "wk": null, "ct": 1, "st": 0, "hs": "14", "hn": 0, "bbi": null, "bta": 17, "bwa": null, "fw": null, "bbad": null}]}, {"type": "KEEPER", "stats": [{"tt": "is designated keeper", "sp": "2017-2018", "mt": 3, "pr": "keeper=1", "rn": 17, "wk": null, "ct": 1, "st": 0, "hs": "14", "hn": 0, "bbi": null, "bta": 17, "bwa": null, "fw": null, "bbad": null}]}, {"type": "TOSS", "stats": [{"tt": "lost the toss", "sp": "2017-2018", "mt": 3, "pr": "toss=2", "rn": 17, "wk": null, "ct": 1, "st": 0, "hs": "14", "hn": 0, "bbi": null, "bta": 17, "bwa": null, "fw": null, "bbad": null}]}, {"type": "BATTING_FIELDING_SEQUENCE_AND_TOSS", "stats": [{"tt": "lost toss &amp; sent in", "sp": "2017-2018", "mt": 2, "pr": "batting_fielding_first=1;toss=2", "rn": 14, "wk": null, "ct": 0, "st": 0, "hs": "14", "hn": 0, "bbi": null, "bta": 14, "bwa": null, "fw": null, "bbad": null}, {"tt": "lost toss &amp; fielded", "sp": "2018-2018", "mt": 1, "pr": "batting_fielding_first=2;toss=2", "rn": 3, "wk": null, "ct": 1, "st": 0, "hs": "3*", "hn": 0, "bbi": null, "bta": null, "bwa": null, "fw": null, "bbad": null}]}, {"type": "BATTING_FIELDING_SEQUENCE", "stats": [{"tt": "matches batting first", "sp": "2017-2018", "mt": 2, "pr": "batting_fielding_first=1", "rn": 14, "wk": null, "ct": 0, "st": 0, "hs": "14", "hn": 0, "bbi": null, "bta": 14, "bwa": null, "fw": null, "bbad": null}, {"tt": "matches fielding first", "sp": "2018-2018", "mt": 1, "pr": "batting_fielding_first=2", "rn": 3, "wk": null, "ct": 1, "st": 0, "hs": "3*", "hn": 0, "bbi": null, "bta": null, "bwa": null, "fw": null, "bbad": null}]}, {"type": "TEAM_INNINGS", "stats": [{"tt": "1st team innings", "sp": "2017-2018", "mt": 3, "pr": "innings_number=1;innings_number=2", "rn": 17, "wk": null, "ct": 1, "st": 0, "hs": "14", "hn": 0, "bbi": null, "bta": 17, "bwa": null, "fw": null, "bbad": null}]}, {"type": "MATCH_INNINGS", "stats": [{"tt": "1st match innings", "sp": "2017-2018", "mt": 3, "pr": "innings_number=1", "rn": 14, "wk": null, "ct": 1, "st": 0, "hs": "14", "hn": 0, "bbi": null, "bta": 14, "bwa": null, "fw": null, "bbad": null}, {"tt": "2nd match innings", "sp": "2017-2018", "mt": 3, "pr": "innings_number=2", "rn": 3, "wk": null, "ct": 0, "st": 0, "hs": "3*", "hn": 0, "bbi": null, "bta": null, "bwa": null, "fw": null, "bbad": null}]}, {"type": "FLOODLIT", "stats": [{"tt": "day match", "sp": "2017-2017", "mt": 1, "pr": "floodlit=1", "rn": null, "wk": null, "ct": 0, "st": 0, "hs": null, "hn": null, "bbi": null, "bta": null, "bwa": null, "fw": null, "bbad": null}, {"tt": "night match", "sp": "2018-2018", "mt": 2, "pr": "floodlit=3", "rn": 17, "wk": null, "ct": 1, "st": 0, "hs": "14", "hn": 0, "bbi": null, "bta": 17, "bwa": null, "fw": null, "bbad": null}]}, {"type": "RESULT", "stats": [{"tt": "won match", "sp": "2017-2017", "mt": 1, "pr": "result=1", "rn": null, "wk": null, "ct": 0, "st": 0, "hs": null, "hn": null, "bbi": null, "bta": null, "bwa": null, "fw": null, "bbad": null}, {"tt": "lost match", "sp": "2018-2018", "mt": 2, "pr": "result=2", "rn": 17, "wk": null, "ct": 1, "st": 0, "hs": "14", "hn": 0, "bbi": null, "bta": 17, "bwa": null, "fw": null, "bbad": null}]}, {"type": "BATTING_FIELDING_SEQUENCE_AND_RESULT", "stats": [{"tt": "won batting first", "sp": "2017-2017", "mt": 1, "pr": "batting_fielding_first=1;result=1", "rn": null, "wk": null, "ct": 0, "st": 0, "hs": null, "hn": null, "bbi": null, "bta": null, "bwa": null, "fw": null, "bbad": null}, {"tt": "lost batting first", "sp": "2018-2018", "mt": 1, "pr": "batting_fielding_first=1;result=2", "rn": 14, "wk": null, "ct": 0, "st": 0, "hs": "14", "hn": 0, "bbi": null, "bta": 14, "bwa": null, "fw": null, "bbad": null}, {"tt": "lost fielding first", "sp": "2018-2018", "mt": 1, "pr": "batting_fielding_first=2;result=2", "rn": 3, "wk": null, "ct": 1, "st": 0, "hs": "3*", "hn": 0, "bbi": null, "bta": null, "bwa": null, "fw": null, "bbad": null}]}, {"type": "TOURNAMENT_TYPE", "stats": [{"tt": "2 team series", "sp": "2017-2018", "mt": 2, "pr": "tournament_type=2", "rn": 3, "wk": null, "ct": 1, "st": 0, "hs": "3*", "hn": 0, "bbi": null, "bta": null, "bwa": null, "fw": null, "bbad": null}, {"tt": "3-4 team tournaments", "sp": "2018-2018", "mt": 1, "pr": "tournament_type=3", "rn": 14, "wk": null, "ct": 0, "st": 0, "hs": "14", "hn": 0, "bbi": null, "bta": 14, "bwa": null, "fw": null, "bbad": null}]}, {"type": "MATCH_NUMBER", "stats": [{"tt": "3rd match in series", "sp": "2017-2018", "mt": 2, "pr": "match_number=3", "rn": 3, "wk": null, "ct": 1, "st": 0, "hs": "3*", "hn": 0, "bbi": null, "bta": null, "bwa": null, "fw": null, "bbad": null}]}]}}