{"summary": {"recordClassId": 3, "type": "FIELDING", "groups": [{"type": "CAREER_AVERAGES", "stats": [{"tt": "overview", "sp": "2017-2018", "mt": 3, "in": 3, "pr": null, "ds": 1, "ct": 1, "st": 0, "ck": 1, "cf": 0, "mds": "1 (1ct 0st)", "dspi": 0.333}]}, {"type": "OPPOSITION_TEAM", "stats": [{"tt": "vs Australia", "sp": "2018-2018", "mt": 1, "in": 1, "pr": "opposition=2", "ds": 0, "ct": 0, "st": 0, "ck": 0, "cf": 0, "mds": "0", "dspi": 0}, {"tt": "vs Bangladesh", "sp": "2017-2017", "mt": 1, "in": 1, "pr": "opposition=25", "ds": 0, "ct": 0, "st": 0, "ck": 0, "cf": 0, "mds": "0", "dspi": 0}, {"tt": "vs Pakistan", "sp": "2018-2018", "mt": 1, "in": 1, "pr": "opposition=7", "ds": 1, "ct": 1, "st": 0, "ck": 1, "cf": 0, "mds": "1 (1ct 0st)", "dspi": 1}]}, {"type": "HOST_COUNTRY", "stats": [{"tt": "in Australia", "sp": "2018-2018", "mt": 1, "in": 1, "pr": "host=2", "ds": 0, "ct": 0, "st": 0, "ck": 0, "cf": 0, "mds": "0", "dspi": 0}, {"tt": "in New Zealand", "sp": "2017-2018", "mt": 2, "in": 2, "pr": "host=5", "ds": 1, "ct": 1, "st": 0, "ck": 1, "cf": 0, "mds": "1 (1ct 0st)", "dspi": 0.5}]}, {"type": "CONTINENT", "stats": [{"tt": "in Oceania", "sp": "2017-2018", "mt": 3, "in": 3, "pr": "continent=5", "ds": 1, "ct": 1, "st": 0, "ck": 1, "cf": 0, "mds": "1 (1ct 0st)", "dspi": 0.333}]}, {"type": "HOME_OR_AWAY", "stats": [{"tt": "home", "sp": "2017-2018", "mt": 2, "in": 2, "pr": "home_or_away=1", "ds": 1, "ct": 1, "st": 0, "ck": 1, "cf": 0, "mds": "1 (1ct 0st)", "dspi": 0.5}, {"tt": "away", "sp": "2018-2018", "mt": 1, "in": 1, "pr": "home_or_away=2", "ds": 0, "ct": 0, "st": 0, "ck": 0, "cf": 0, "mds": "0", "dspi": 0}]}, {"type": "YEAR", "stats": [{"tt": "year 2017", "sp": null, "mt": 1, "in": 1, "pr": "year=2017", "ds": 0, "ct": 0, "st": 0, "ck": 0, "cf": 0, "mds": "0", "dspi": 0}, {"tt": "year 2018", "sp": null, "mt": 2, "in": 2, "pr": "year=2018", "ds": 1, "ct": 1, "st": 0, "ck": 1, "cf": 0, "mds": "1 (1ct 0st)", "dspi": 0.5}]}, {"type": "SEASON", "stats": [{"tt": "season 2016/17", "sp": null, "mt": 1, "in": 1, "pr": "season=2016/17", "ds": 0, "ct": 0, "st": 0, "ck": 0, "cf": 0, "mds": "0", "dspi": 0}, {"tt": "season 2017/18", "sp": null, "mt": 2, "in": 2, "pr": "season=2017/18", "ds": 1, "ct": 1, "st": 0, "ck": 1, "cf": 0, "mds": "1 (1ct 0st)", "dspi": 0.5}]}, {"type": "CAPTAINS_INVOLVED", "stats": [{"tt": "*KS Williamson", "sp": "2017-2018", "mt": 3, "in": 3, "pr": "captain_involve=51088", "ds": 1, "ct": 1, "st": 0, "ck": 1, "cf": 0, "mds": "1 (1ct 0st)", "dspi": 0.333}]}, {"type": "CAPTAIN", "stats": [{"tt": "is not captain", "sp": "2017-2018", "mt": 3, "in": 3, "pr": "captain=0", "ds": 1, "ct": 1, "st": 0, "ck": 1, "cf": 0, "mds": "1 (1ct 0st)", "dspi": 0.333}]}, {"type": "KEEPER", "stats": [{"tt": "is designated keeper", "sp": "2017-2018", "mt": 3, "in": 3, "pr": "keeper=1", "ds": 1, "ct": 1, "st": 0, "ck": 1, "cf": 0, "mds": "1 (1ct 0st)", "dspi": 0.333}]}, {"type": "TOSS", "stats": [{"tt": "lost the toss", "sp": "2017-2018", "mt": 3, "in": 3, "pr": "toss=2", "ds": 1, "ct": 1, "st": 0, "ck": 1, "cf": 0, "mds": "1 (1ct 0st)", "dspi": 0.333}]}, {"type": "BATTING_FIELDING_SEQUENCE_AND_TOSS", "stats": [{"tt": "lost toss &amp; sent in", "sp": "2017-2018", "mt": 2, "in": 2, "pr": "batting_fielding_first=1;toss=2", "ds": 0, "ct": 0, "st": 0, "ck": 0, "cf": 0, "mds": "0", "dspi": 0}, {"tt": "lost toss &amp; fielded", "sp": "2018-2018", "mt": 1, "in": 1, "pr": "batting_fielding_first=2;toss=2", "ds": 1, "ct": 1, "st": 0, "ck": 1, "cf": 0, "mds": "1 (1ct 0st)", "dspi": 1}]}, {"type": "BATTING_FIELDING_SEQUENCE", "stats": [{"tt": "matches batting first", "sp": "2017-2018", "mt": 2, "in": 2, "pr": "batting_fielding_first=1", "ds": 0, "ct": 0, "st": 0, "ck": 0, "cf": 0, "mds": "0", "dspi": 0}, {"tt": "matches fielding first", "sp": "2018-2018", "mt": 1, "in": 1, "pr": "batting_fielding_first=2", "ds": 1, "ct": 1, "st": 0, "ck": 1, "cf": 0, "mds": "1 (1ct 0st)", "dspi": 1}]}, {"type": "TEAM_INNINGS", "stats": [{"tt": "1st team innings", "sp": "2017-2018", "mt": 3, "in": 3, "pr": "innings_number=2;innings_number=1", "ds": 1, "ct": 1, "st": 0, "ck": 1, "cf": 0, "mds": "1 (1ct 0st)", "dspi": 0.333}]}, {"type": "MATCH_INNINGS", "stats": [{"tt": "1st match innings", "sp": "2018-2018", "mt": 1, "in": 1, "pr": "innings_number=1", "ds": 1, "ct": 1, "st": 0, "ck": 1, "cf": 0, "mds": "1 (1ct 0st)", "dspi": 1}, {"tt": "2nd match innings", "sp": "2017-2018", "mt": 2, "in": 2, "pr": "innings_number=2", "ds": 0, "ct": 0, "st": 0, "ck": 0, "cf": 0, "mds": "0", "dspi": 0}]}, {"type": "FLOODLIT", "stats": [{"tt": "day match", "sp": "2017-2017", "mt": 1, "in": 1, "pr": "floodlit=1", "ds": 0, "ct": 0, "st": 0, "ck": 0, "cf": 0, "mds": "0", "dspi": 0}, {"tt": "night match", "sp": "2018-2018", "mt": 2, "in": 2, "pr": "floodlit=3", "ds": 1, "ct": 1, "st": 0, "ck": 1, "cf": 0, "mds": "1 (1ct 0st)", "dspi": 0.5}]}, {"type": "RESULT", "stats": [{"tt": "won match", "sp": "2017-2017", "mt": 1, "in": 1, "pr": "result=1", "ds": 0, "ct": 0, "st": 0, "ck": 0, "cf": 0, "mds": "0", "dspi": 0}, {"tt": "lost match", "sp": "2018-2018", "mt": 2, "in": 2, "pr": "result=2", "ds": 1, "ct": 1, "st": 0, "ck": 1, "cf": 0, "mds": "1 (1ct 0st)", "dspi": 0.5}]}, {"type": "BATTING_FIELDING_SEQUENCE_AND_RESULT", "stats": [{"tt": "won batting first", "sp": "2017-2017", "mt": 1, "in": 1, "pr": "batting_fielding_first=1;result=1", "ds": 0, "ct": 0, "st": 0, "ck": 0, "cf": 0, "mds": "0", "dspi": 0}, {"tt": "lost batting first", "sp": "2018-2018", "mt": 1, "in": 1, "pr": "batting_fielding_first=1;result=2", "ds": 0, "ct": 0, "st": 0, "ck": 0, "cf": 0, "mds": "0", "dspi": 0}, {"tt": "lost fielding first", "sp": "2018-2018", "mt": 1, "in": 1, "pr": "batting_fielding_first=2;result=2", "ds": 1, "ct": 1, "st": 0, "ck": 1, "cf": 0, "mds": "1 (1ct 0st)", "dspi": 1}]}, {"type": "TOURNAMENT_TYPE", "stats": [{"tt": "2 team series", "sp": "2017-2018", "mt": 2, "in": 2, "pr": "tournament_type=2", "ds": 1, "ct": 1, "st": 0, "ck": 1, "cf": 0, "mds": "1 (1ct 0st)", "dspi": 0.5}, {"tt": "3-4 team tournaments", "sp": "2018-2018", "mt": 1, "in": 1, "pr": "tournament_type=3", "ds": 0, "ct": 0, "st": 0, "ck": 0, "cf": 0, "mds": "0", "dspi": 0}]}, {"type": "MATCH_NUMBER", "stats": [{"tt": "3rd match in series", "sp": "2017-2018", "mt": 2, "in": 2, "pr": "match_number=3", "ds": 1, "ct": 1, "st": 0, "ck": 1, "cf": 0, "mds": "1 (1ct 0st)", "dspi": 0.5}]}]}}