{"summary": {"recordClassId": 2, "type": "ALLROUND", "groups": [{"type": "CAREER_AVERAGES", "stats": [{"tt": "overview", "sp": "2020-2020", "mt": 2, "pr": null, "rn": 31, "wk": null, "ct": 1, "st": 0, "hs": "22", "hn": 0, "bbi": null, "bta": 15.5, "bwa": null, "fw": null, "bbad": null}]}, {"type": "OPPOSITION_TEAM", "stats": [{"tt": "v India", "sp": "2020-2020", "mt": 2, "pr": "opposition=6", "rn": 31, "wk": null, "ct": 1, "st": 0, "hs": "22", "hn": 0, "bbi": null, "bta": 15.5, "bwa": null, "fw": null, "bbad": null}]}, {"type": "HOST_COUNTRY", "stats": [{"tt": "in New Zealand", "sp": "2020-2020", "mt": 2, "pr": "host=5", "rn": 31, "wk": null, "ct": 1, "st": 0, "hs": "22", "hn": 0, "bbi": null, "bta": 15.5, "bwa": null, "fw": null, "bbad": null}]}, {"type": "CONTINENT", "stats": [{"tt": "in Oceania", "sp": "2020-2020", "mt": 2, "pr": "continent=5", "rn": 31, "wk": null, "ct": 1, "st": 0, "hs": "22", "hn": 0, "bbi": null, "bta": 15.5, "bwa": null, "fw": null, "bbad": null}]}, {"type": "HOME_OR_AWAY", "stats": [{"tt": "home", "sp": "2020-2020", "mt": 2, "pr": "home_or_away=1", "rn": 31, "wk": null, "ct": 1, "st": 0, "hs": "22", "hn": 0, "bbi": null, "bta": 15.5, "bwa": null, "fw": null, "bbad": null}]}, {"type": "YEAR", "stats": [{"tt": "year 2020", "sp": null, "mt": 2, "pr": "year=2020", "rn": 31, "wk": null, "ct": 1, "st": 0, "hs": "22", "hn": 0, "bbi": null, "bta": 15.5, "bwa": null, "fw": null, "bbad": null}]}, {"type": "SEASON", "stats": [{"tt": "season 2019/20", "sp": null, "mt": 2, "pr": "season=2019/20", "rn": 31, "wk": null, "ct": 1, "st": 0, "hs": "22", "hn": 0, "bbi": null, "bta": 15.5, "bwa": null, "fw": null, "bbad": null}]}, {"type": "CAPTAINS_INVOLVED", "stats": [{"tt": "*TWM Latham", "sp": "2020-2020", "mt": 2, "pr": "captain_involve=59148", "rn": 31, "wk": null, "ct": 1, "st": 0, "hs": "22", "hn": 0, "bbi": null, "bta": 15.5, "bwa": null, "fw": null, "bbad": null}]}, {"type": "CAPTAIN", "stats": [{"tt": "is not captain", "sp": "2020-2020", "mt": 2, "pr": "captain=0", "rn": 31, "wk": null, "ct": 1, "st": 0, "hs": "22", "hn": 0, "bbi": null, "bta": 15.5, "bwa": null, "fw": null, "bbad": null}]}, {"type": "KEEPER", "stats": [{"tt": "is not keeper", "sp": "2020-2020", "mt": 2, "pr": "keeper=0", "rn": 31, "wk": null, "ct": 1, "st": 0, "hs": "22", "hn": 0, "bbi": null, "bta": 15.5, "bwa": null, "fw": null, "bbad": null}]}, {"type": "TOSS", "stats": [{"tt": "won the toss", "sp": "2020-2020", "mt": 1, "pr": "toss=1", "rn": 9, "wk": null, "ct": 1, "st": 0, "hs": "9", "hn": 0, "bbi": null, "bta": 9, "bwa": null, "fw": null, "bbad": null}, {"tt": "lost the toss", "sp": "2020-2020", "mt": 1, "pr": "toss=2", "rn": 22, "wk": null, "ct": 0, "st": 0, "hs": "22", "hn": 0, "bbi": null, "bta": 22, "bwa": null, "fw": null, "bbad": null}]}, {"type": "BATTING_FIELDING_SEQUENCE_AND_TOSS", "stats": [{"tt": "won toss &amp; fielded", "sp": "2020-2020", "mt": 1, "pr": "batting_fielding_first=2;toss=1", "rn": 9, "wk": null, "ct": 1, "st": 0, "hs": "9", "hn": 0, "bbi": null, "bta": 9, "bwa": null, "fw": null, "bbad": null}, {"tt": "lost toss &amp; sent in", "sp": "2020-2020", "mt": 1, "pr": "batting_fielding_first=1;toss=2", "rn": 22, "wk": null, "ct": 0, "st": 0, "hs": "22", "hn": 0, "bbi": null, "bta": 22, "bwa": null, "fw": null, "bbad": null}]}, {"type": "BATTING_FIELDING_SEQUENCE", "stats": [{"tt": "matches batting first", "sp": "2020-2020", "mt": 1, "pr": "batting_fielding_first=1", "rn": 22, "wk": null, "ct": 0, "st": 0, "hs": "22", "hn": 0, "bbi": null, "bta": 22, "bwa": null, "fw": null, "bbad": null}, {"tt": "matches fielding first", "sp": "2020-2020", "mt": 1, "pr": "batting_fielding_first=2", "rn": 9, "wk": null, "ct": 1, "st": 0, "hs": "9", "hn": 0, "bbi": null, "bta": 9, "bwa": null, "fw": null, "bbad": null}]}, {"type": "TEAM_INNINGS", "stats": [{"tt": "1st team innings", "sp": "2020-2020", "mt": 2, "pr": "innings_number=1;innings_number=2", "rn": 31, "wk": null, "ct": 1, "st": 0, "hs": "22", "hn": 0, "bbi": null, "bta": 15.5, "bwa": null, "fw": null, "bbad": null}]}, {"type": "MATCH_INNINGS", "stats": [{"tt": "1st match innings", "sp": "2020-2020", "mt": 2, "pr": "innings_number=1", "rn": 22, "wk": null, "ct": 1, "st": 0, "hs": "22", "hn": 0, "bbi": null, "bta": 22, "bwa": null, "fw": null, "bbad": null}, {"tt": "2nd match innings", "sp": "2020-2020", "mt": 2, "pr": "innings_number=2", "rn": 9, "wk": null, "ct": 0, "st": 0, "hs": "9", "hn": 0, "bbi": null, "bta": 9, "bwa": null, "fw": null, "bbad": null}]}, {"type": "RESULT", "stats": [{"tt": "won match", "sp": "2020-2020", "mt": 2, "pr": "result=1", "rn": 31, "wk": null, "ct": 1, "st": 0, "hs": "22", "hn": 0, "bbi": null, "bta": 15.5, "bwa": null, "fw": null, "bbad": null}]}, {"type": "BATTING_FIELDING_SEQUENCE_AND_RESULT", "stats": [{"tt": "won batting first", "sp": "2020-2020", "mt": 1, "pr": "batting_fielding_first=1;result=1", "rn": 22, "wk": null, "ct": 0, "st": 0, "hs": "22", "hn": 0, "bbi": null, "bta": 22, "bwa": null, "fw": null, "bbad": null}, {"tt": "won fielding first", "sp": "2020-2020", "mt": 1, "pr": "batting_fielding_first=2;result=1", "rn": 9, "wk": null, "ct": 1, "st": 0, "hs": "9", "hn": 0, "bbi": null, "bta": 9, "bwa": null, "fw": null, "bbad": null}]}, {"type": "TOURNAMENT_TYPE", "stats": [{"tt": "2 team series", "sp": "2020-2020", "mt": 2, "pr": "tournament_type=2", "rn": 31, "wk": null, "ct": 1, "st": 0, "hs": "22", "hn": 0, "bbi": null, "bta": 15.5, "bwa": null, "fw": null, "bbad": null}]}, {"type": "MATCH_NUMBER", "stats": [{"tt": "1st match in series", "sp": "2020-2020", "mt": 1, "pr": "match_number=1", "rn": 9, "wk": null, "ct": 1, "st": 0, "hs": "9", "hn": 0, "bbi": null, "bta": 9, "bwa": null, "fw": null, "bbad": null}, {"tt": "2nd match in series", "sp": "2020-2020", "mt": 1, "pr": "match_number=2", "rn": 22, "wk": null, "ct": 0, "st": 0, "hs": "22", "hn": 0, "bbi": null, "bta": 22, "bwa": null, "fw": null, "bbad": null}]}]}}