{"summary": {"recordClassId": 3, "type": "BOWLING", "groups": [{"type": "CAREER_AVERAGES", "stats": [{"bl": null, "tt": "overview", "sp": "2017-2018", "mt": 3, "in": null, "pr": null, "ov": null, "cd": null, "md": null, "wk": null, "fwk": null, "fw": null, "tw": null, "bbi": null, "bbm": null, "bwa": null, "bwe": null, "bwsr": null}]}, {"type": "OPPOSITION_TEAM", "stats": [{"bl": null, "tt": "vs Australia", "sp": "2018-2018", "mt": 1, "in": null, "pr": "opposition=2", "ov": null, "cd": null, "md": null, "wk": null, "fwk": null, "fw": null, "tw": null, "bbi": null, "bbm": null, "bwa": null, "bwe": null, "bwsr": null}, {"bl": null, "tt": "vs Bangladesh", "sp": "2017-2017", "mt": 1, "in": null, "pr": "opposition=25", "ov": null, "cd": null, "md": null, "wk": null, "fwk": null, "fw": null, "tw": null, "bbi": null, "bbm": null, "bwa": null, "bwe": null, "bwsr": null}, {"bl": null, "tt": "vs Pakistan", "sp": "2018-2018", "mt": 1, "in": null, "pr": "opposition=7", "ov": null, "cd": null, "md": null, "wk": null, "fwk": null, "fw": null, "tw": null, "bbi": null, "bbm": null, "bwa": null, "bwe": null, "bwsr": null}]}, {"type": "HOST_COUNTRY", "stats": [{"bl": null, "tt": "in Australia", "sp": "2018-2018", "mt": 1, "in": null, "pr": "host=2", "ov": null, "cd": null, "md": null, "wk": null, "fwk": null, "fw": null, "tw": null, "bbi": null, "bbm": null, "bwa": null, "bwe": null, "bwsr": null}, {"bl": null, "tt": "in New Zealand", "sp": "2017-2018", "mt": 2, "in": null, "pr": "host=5", "ov": null, "cd": null, "md": null, "wk": null, "fwk": null, "fw": null, "tw": null, "bbi": null, "bbm": null, "bwa": null, "bwe": null, "bwsr": null}]}, {"type": "CONTINENT", "stats": [{"bl": null, "tt": "in Oceania", "sp": "2017-2018", "mt": 3, "in": null, "pr": "continent=5", "ov": null, "cd": null, "md": null, "wk": null, "fwk": null, "fw": null, "tw": null, "bbi": null, "bbm": null, "bwa": null, "bwe": null, "bwsr": null}]}, {"type": "HOME_OR_AWAY", "stats": [{"bl": null, "tt": "home", "sp": "2017-2018", "mt": 2, "in": null, "pr": "home_or_away=1", "ov": null, "cd": null, "md": null, "wk": null, "fwk": null, "fw": null, "tw": null, "bbi": null, "bbm": null, "bwa": null, "bwe": null, "bwsr": null}, {"bl": null, "tt": "away", "sp": "2018-2018", "mt": 1, "in": null, "pr": "home_or_away=2", "ov": null, "cd": null, "md": null, "wk": null, "fwk": null, "fw": null, "tw": null, "bbi": null, "bbm": null, "bwa": null, "bwe": null, "bwsr": null}]}, {"type": "YEAR", "stats": [{"bl": null, "tt": "year 2017", "sp": null, "mt": 1, "in": null, "pr": "year=2017", "ov": null, "cd": null, "md": null, "wk": null, "fwk": null, "fw": null, "tw": null, "bbi": null, "bbm": null, "bwa": null, "bwe": null, "bwsr": null}, {"bl": null, "tt": "year 2018", "sp": null, "mt": 2, "in": null, "pr": "year=2018", "ov": null, "cd": null, "md": null, "wk": null, "fwk": null, "fw": null, "tw": null, "bbi": null, "bbm": null, "bwa": null, "bwe": null, "bwsr": null}]}, {"type": "SEASON", "stats": [{"bl": null, "tt": "season 2016/17", "sp": null, "mt": 1, "in": null, "pr": "season=2016/17", "ov": null, "cd": null, "md": null, "wk": null, "fwk": null, "fw": null, "tw": null, "bbi": null, "bbm": null, "bwa": null, "bwe": null, "bwsr": null}, {"bl": null, "tt": "season 2017/18", "sp": null, "mt": 2, "in": null, "pr": "season=2017/18", "ov": null, "cd": null, "md": null, "wk": null, "fwk": null, "fw": null, "tw": null, "bbi": null, "bbm": null, "bwa": null, "bwe": null, "bwsr": null}]}, {"type": "CAPTAINS_INVOLVED", "stats": [{"bl": null, "tt": "*KS Williamson", "sp": "2017-2018", "mt": 3, "in": null, "pr": "captain_involve=51088", "ov": null, "cd": null, "md": null, "wk": null, "fwk": null, "fw": null, "tw": null, "bbi": null, "bbm": null, "bwa": null, "bwe": null, "bwsr": null}]}, {"type": "CAPTAIN", "stats": [{"bl": null, "tt": "is not captain", "sp": "2017-2018", "mt": 3, "in": null, "pr": "captain=0", "ov": null, "cd": null, "md": null, "wk": null, "fwk": null, "fw": null, "tw": null, "bbi": null, "bbm": null, "bwa": null, "bwe": null, "bwsr": null}]}, {"type": "KEEPER", "stats": [{"bl": null, "tt": "is designated keeper", "sp": "2017-2018", "mt": 3, "in": null, "pr": "keeper=1", "ov": null, "cd": null, "md": null, "wk": null, "fwk": null, "fw": null, "tw": null, "bbi": null, "bbm": null, "bwa": null, "bwe": null, "bwsr": null}]}, {"type": "TOSS", "stats": [{"bl": null, "tt": "lost the toss", "sp": "2017-2018", "mt": 3, "in": null, "pr": "toss=2", "ov": null, "cd": null, "md": null, "wk": null, "fwk": null, "fw": null, "tw": null, "bbi": null, "bbm": null, "bwa": null, "bwe": null, "bwsr": null}]}, {"type": "BATTING_FIELDING_SEQUENCE_AND_TOSS", "stats": [{"bl": null, "tt": "lost toss &amp; sent in", "sp": "2017-2018", "mt": 2, "in": null, "pr": "batting_fielding_first=1;toss=2", "ov": null, "cd": null, "md": null, "wk": null, "fwk": null, "fw": null, "tw": null, "bbi": null, "bbm": null, "bwa": null, "bwe": null, "bwsr": null}, {"bl": null, "tt": "lost toss &amp; fielded", "sp": "2018-2018", "mt": 1, "in": null, "pr": "batting_fielding_first=2;toss=2", "ov": null, "cd": null, "md": null, "wk": null, "fwk": null, "fw": null, "tw": null, "bbi": null, "bbm": null, "bwa": null, "bwe": null, "bwsr": null}]}, {"type": "BATTING_FIELDING_SEQUENCE", "stats": [{"bl": null, "tt": "matches batting first", "sp": "2017-2018", "mt": 2, "in": null, "pr": "batting_fielding_first=1", "ov": null, "cd": null, "md": null, "wk": null, "fwk": null, "fw": null, "tw": null, "bbi": null, "bbm": null, "bwa": null, "bwe": null, "bwsr": null}, {"bl": null, "tt": "matches fielding first", "sp": "2018-2018", "mt": 1, "in": null, "pr": "batting_fielding_first=2", "ov": null, "cd": null, "md": null, "wk": null, "fwk": null, "fw": null, "tw": null, "bbi": null, "bbm": null, "bwa": null, "bwe": null, "bwsr": null}]}, {"type": "TEAM_INNINGS", "stats": [{"bl": null, "tt": "1st team innings", "sp": "2017-2018", "mt": 3, "in": null, "pr": "innings_number=2;innings_number=1", "ov": null, "cd": null, "md": null, "wk": null, "fwk": null, "fw": null, "tw": null, "bbi": null, "bbm": null, "bwa": null, "bwe": null, "bwsr": null}]}, {"type": "MATCH_INNINGS", "stats": [{"bl": null, "tt": "1st match innings", "sp": "2018-2018", "mt": 1, "in": null, "pr": "innings_number=1", "ov": null, "cd": null, "md": null, "wk": null, "fwk": null, "fw": null, "tw": null, "bbi": null, "bbm": null, "bwa": null, "bwe": null, "bwsr": null}, {"bl": null, "tt": "2nd match innings", "sp": "2017-2018", "mt": 2, "in": null, "pr": "innings_number=2", "ov": null, "cd": null, "md": null, "wk": null, "fwk": null, "fw": null, "tw": null, "bbi": null, "bbm": null, "bwa": null, "bwe": null, "bwsr": null}]}, {"type": "FLOODLIT", "stats": [{"bl": null, "tt": "day match", "sp": "2017-2017", "mt": 1, "in": null, "pr": "floodlit=1", "ov": null, "cd": null, "md": null, "wk": null, "fwk": null, "fw": null, "tw": null, "bbi": null, "bbm": null, "bwa": null, "bwe": null, "bwsr": null}, {"bl": null, "tt": "night match", "sp": "2018-2018", "mt": 2, "in": null, "pr": "floodlit=3", "ov": null, "cd": null, "md": null, "wk": null, "fwk": null, "fw": null, "tw": null, "bbi": null, "bbm": null, "bwa": null, "bwe": null, "bwsr": null}]}, {"type": "RESULT", "stats": [{"bl": null, "tt": "won match", "sp": "2017-2017", "mt": 1, "in": null, "pr": "result=1", "ov": null, "cd": null, "md": null, "wk": null, "fwk": null, "fw": null, "tw": null, "bbi": null, "bbm": null, "bwa": null, "bwe": null, "bwsr": null}, {"bl": null, "tt": "lost match", "sp": "2018-2018", "mt": 2, "in": null, "pr": "result=2", "ov": null, "cd": null, "md": null, "wk": null, "fwk": null, "fw": null, "tw": null, "bbi": null, "bbm": null, "bwa": null, "bwe": null, "bwsr": null}]}, {"type": "BATTING_FIELDING_SEQUENCE_AND_RESULT", "stats": [{"bl": null, "tt": "won batting first", "sp": "2017-2017", "mt": 1, "in": null, "pr": "batting_fielding_first=1;result=1", "ov": null, "cd": null, "md": null, "wk": null, "fwk": null, "fw": null, "tw": null, "bbi": null, "bbm": null, "bwa": null, "bwe": null, "bwsr": null}, {"bl": null, "tt": "lost batting first", "sp": "2018-2018", "mt": 1, "in": null, "pr": "batting_fielding_first=1;result=2", "ov": null, "cd": null, "md": null, "wk": null, "fwk": null, "fw": null, "tw": null, "bbi": null, "bbm": null, "bwa": null, "bwe": null, "bwsr": null}, {"bl": null, "tt": "lost fielding first", "sp": "2018-2018", "mt": 1, "in": null, "pr": "batting_fielding_first=2;result=2", "ov": null, "cd": null, "md": null, "wk": null, "fwk": null, "fw": null, "tw": null, "bbi": null, "bbm": null, "bwa": null, "bwe": null, "bwsr": null}]}, {"type": "TOURNAMENT_TYPE", "stats": [{"bl": null, "tt": "2 team series", "sp": "2017-2018", "mt": 2, "in": null, "pr": "tournament_type=2", "ov": null, "cd": null, "md": null, "wk": null, "fwk": null, "fw": null, "tw": null, "bbi": null, "bbm": null, "bwa": null, "bwe": null, "bwsr": null}, {"bl": null, "tt": "3-4 team tournaments", "sp": "2018-2018", "mt": 1, "in": null, "pr": "tournament_type=3", "ov": null, "cd": null, "md": null, "wk": null, "fwk": null, "fw": null, "tw": null, "bbi": null, "bbm": null, "bwa": null, "bwe": null, "bwsr": null}]}, {"type": "MATCH_NUMBER", "stats": [{"bl": null, "tt": "3rd match in series", "sp": "2017-2018", "mt": 2, "in": null, "pr": "match_number=3", "ov": null, "cd": null, "md": null, "wk": null, "fwk": null, "fw": null, "tw": null, "bbi": null, "bbm": null, "bwa": null, "bwe": null, "bwsr": null}]}]}}