{"summary": {"recordClassId": 2, "type": "BATTING", "groups": [{"type": "CAREER_AVERAGES", "stats": [{"tt": "overview", "sp": null, "mt": 2, "in": 2, "pr": null, "rn": 31, "fo": 4, "si": 0, "ft": 0, "hn": 0, "bf": 35, "dk": 0, "no": 0, "hs": "22", "bta": 15.5, "btsr": 88.57}]}, {"type": "OPPOSITION_TEAM", "stats": [{"tt": "vs India", "sp": null, "mt": 2, "in": 2, "pr": "opposition=6", "rn": 31, "fo": 4, "si": 0, "ft": 0, "hn": 0, "bf": 35, "dk": 0, "no": 0, "hs": "22", "bta": 15.5, "btsr": 88.57}]}, {"type": "HOST_COUNTRY", "stats": [{"tt": "in New Zealand", "sp": null, "mt": 2, "in": 2, "pr": "host=5", "rn": 31, "fo": 4, "si": 0, "ft": 0, "hn": 0, "bf": 35, "dk": 0, "no": 0, "hs": "22", "bta": 15.5, "btsr": 88.57}]}, {"type": "CONTINENT", "stats": [{"tt": "in Oceania", "sp": null, "mt": 2, "in": 2, "pr": "continent=5", "rn": 31, "fo": 4, "si": 0, "ft": 0, "hn": 0, "bf": 35, "dk": 0, "no": 0, "hs": "22", "bta": 15.5, "btsr": 88.57}]}, {"type": "HOME_OR_AWAY", "stats": [{"tt": "home", "sp": null, "mt": 2, "in": 2, "pr": "home_or_away=1", "rn": 31, "fo": 4, "si": 0, "ft": 0, "hn": 0, "bf": 35, "dk": 0, "no": 0, "hs": "22", "bta": 15.5, "btsr": 88.57}]}, {"type": "YEAR", "stats": [{"tt": "year 2020", "sp": null, "mt": 2, "in": 2, "pr": "year=2020", "rn": 31, "fo": 4, "si": 0, "ft": 0, "hn": 0, "bf": 35, "dk": 0, "no": 0, "hs": "22", "bta": 15.5, "btsr": 88.57}]}, {"type": "SEASON", "stats": [{"tt": "season 2019/20", "sp": null, "mt": 2, "in": 2, "pr": "season=NaN", "rn": 31, "fo": 4, "si": 0, "ft": 0, "hn": 0, "bf": 35, "dk": 0, "no": 0, "hs": "22", "bta": 15.5, "btsr": 88.57}]}, {"type": "CAPTAINS_INVOLVED", "stats": [{"tt": "*TWM Latham", "sp": null, "mt": 2, "in": 2, "pr": "captain_involve=59148", "rn": 31, "fo": 4, "si": 0, "ft": 0, "hn": 0, "bf": 35, "dk": 0, "no": 0, "hs": "22", "bta": 15.5, "btsr": 88.57}]}, {"type": "CAPTAIN", "stats": [{"tt": "is not captain", "sp": null, "mt": 2, "in": 2, "pr": "captain=0", "rn": 31, "fo": 4, "si": 0, "ft": 0, "hn": 0, "bf": 35, "dk": 0, "no": 0, "hs": "22", "bta": 15.5, "btsr": 88.57}]}, {"type": "KEEPER", "stats": [{"tt": "is not keeper", "sp": null, "mt": 2, "in": 2, "pr": "keeper=0", "rn": 31, "fo": 4, "si": 0, "ft": 0, "hn": 0, "bf": 35, "dk": 0, "no": 0, "hs": "22", "bta": 15.5, "btsr": 88.57}]}, {"type": "TOSS", "stats": [{"tt": "won the toss", "sp": null, "mt": 1, "in": 1, "pr": "toss=1", "rn": 9, "fo": 1, "si": 0, "ft": 0, "hn": 0, "bf": 10, "dk": 0, "no": 0, "hs": "9", "bta": 9, "btsr": 90}, {"tt": "lost the toss", "sp": null, "mt": 1, "in": 1, "pr": "toss=2", "rn": 22, "fo": 3, "si": 0, "ft": 0, "hn": 0, "bf": 25, "dk": 0, "no": 0, "hs": "22", "bta": 22, "btsr": 88}]}, {"type": "BATTING_FIELDING_SEQUENCE_AND_TOSS", "stats": [{"tt": "won toss &amp; fielded", "sp": null, "mt": 1, "in": 1, "pr": "batting_fielding_first=2;toss=1", "rn": 9, "fo": 1, "si": 0, "ft": 0, "hn": 0, "bf": 10, "dk": 0, "no": 0, "hs": "9", "bta": 9, "btsr": 90}, {"tt": "lost toss &amp; sent in", "sp": null, "mt": 1, "in": 1, "pr": "batting_fielding_first=1;toss=2", "rn": 22, "fo": 3, "si": 0, "ft": 0, "hn": 0, "bf": 25, "dk": 0, "no": 0, "hs": "22", "bta": 22, "btsr": 88}]}, {"type": "BATTING_FIELDING_SEQUENCE", "stats": [{"tt": "matches batting first", "sp": null, "mt": 1, "in": 1, "pr": "batting_fielding_first=1", "rn": 22, "fo": 3, "si": 0, "ft": 0, "hn": 0, "bf": 25, "dk": 0, "no": 0, "hs": "22", "bta": 22, "btsr": 88}, {"tt": "matches fielding first", "sp": null, "mt": 1, "in": 1, "pr": "batting_fielding_first=2", "rn": 9, "fo": 1, "si": 0, "ft": 0, "hn": 0, "bf": 10, "dk": 0, "no": 0, "hs": "9", "bta": 9, "btsr": 90}]}, {"type": "TEAM_INNINGS", "stats": [{"tt": "1st team innings", "sp": null, "mt": 2, "in": 2, "pr": null, "rn": 31, "fo": 4, "si": 0, "ft": 0, "hn": 0, "bf": 35, "dk": 0, "no": 0, "hs": "22", "bta": 15.5, "btsr": 88.57}]}, {"type": "MATCH_INNINGS", "stats": [{"tt": "1st match innings", "sp": null, "mt": 1, "in": 1, "pr": "innings_number=1", "rn": 22, "fo": 3, "si": 0, "ft": 0, "hn": 0, "bf": 25, "dk": 0, "no": 0, "hs": "22", "bta": 22, "btsr": 88}, {"tt": "2nd match innings", "sp": null, "mt": 1, "in": 1, "pr": "innings_number=2", "rn": 9, "fo": 1, "si": 0, "ft": 0, "hn": 0, "bf": 10, "dk": 0, "no": 0, "hs": "9", "bta": 9, "btsr": 90}]}, {"type": "RESULT", "stats": [{"tt": "won match", "sp": null, "mt": 2, "in": 2, "pr": "result=1", "rn": 31, "fo": 4, "si": 0, "ft": 0, "hn": 0, "bf": 35, "dk": 0, "no": 0, "hs": "22", "bta": 15.5, "btsr": 88.57}]}, {"type": "BATTING_FIELDING_SEQUENCE_AND_RESULT", "stats": [{"tt": "won batting first", "sp": null, "mt": 1, "in": 1, "pr": "batting_fielding_first=1;result=1", "rn": 22, "fo": 3, "si": 0, "ft": 0, "hn": 0, "bf": 25, "dk": 0, "no": 0, "hs": "22", "bta": 22, "btsr": 88}, {"tt": "won fielding first", "sp": null, "mt": 1, "in": 1, "pr": "batting_fielding_first=2;result=1", "rn": 9, "fo": 1, "si": 0, "ft": 0, "hn": 0, "bf": 10, "dk": 0, "no": 0, "hs": "9", "bta": 9, "btsr": 90}]}, {"type": "TOURNAMENT_TYPE", "stats": [{"tt": "2 team series", "sp": null, "mt": 2, "in": 2, "pr": "tournament_type=2", "rn": 31, "fo": 4, "si": 0, "ft": 0, "hn": 0, "bf": 35, "dk": 0, "no": 0, "hs": "22", "bta": 15.5, "btsr": 88.57}]}, {"type": "MATCH_NUMBER", "stats": [{"tt": "1st match in series", "sp": null, "mt": 1, "in": 1, "pr": "match_number=1", "rn": 9, "fo": 1, "si": 0, "ft": 0, "hn": 0, "bf": 10, "dk": 0, "no": 0, "hs": "9", "bta": 9, "btsr": 90}, {"tt": "2nd match in series", "sp": null, "mt": 1, "in": 1, "pr": "match_number=2", "rn": 22, "fo": 3, "si": 0, "ft": 0, "hn": 0, "bf": 25, "dk": 0, "no": 0, "hs": "22", "bta": 22, "btsr": 88}]}, {"type": "BATTING_POSITION", "stats": [{"tt": "3rd position", "sp": null, "mt": 2, "in": 2, "pr": "batting_positionval1=batting_position;batting_positionmin1=3;batting_positionmax1=3", "rn": 31, "fo": 4, "si": 0, "ft": 0, "hn": 0, "bf": 35, "dk": 0, "no": 0, "hs": "22", "bta": 15.5, "btsr": 88.57}]}]}}