{"summary": {"recordClassId": 3, "type": "BATTING", "groups": [{"type": "CAREER_AVERAGES", "stats": [{"tt": "overview", "sp": "2017-2018", "mt": 3, "in": 2, "pr": null, "rn": 17, "fo": 0, "si": 0, "ft": 0, "hn": 0, "bf": 21, "dk": 0, "no": 1, "hs": "14", "bta": 17, "btsr": 80.95}]}, {"type": "OPPOSITION_TEAM", "stats": [{"tt": "vs Australia", "sp": "2018-2018", "mt": 1, "in": 1, "pr": "opposition=2", "rn": 14, "fo": 0, "si": 0, "ft": 0, "hn": 0, "bf": 16, "dk": 0, "no": 0, "hs": "14", "bta": 14, "btsr": 87.5}, {"tt": "vs Bangladesh", "sp": "2017-2017", "mt": 1, "in": null, "pr": "opposition=25", "rn": null, "fo": null, "si": null, "ft": null, "hn": null, "bf": null, "dk": null, "no": null, "hs": null, "bta": null, "btsr": null}, {"tt": "vs Pakistan", "sp": "2018-2018", "mt": 1, "in": 1, "pr": "opposition=7", "rn": 3, "fo": 0, "si": 0, "ft": 0, "hn": 0, "bf": 5, "dk": 0, "no": 1, "hs": "3*", "bta": null, "btsr": 60}]}, {"type": "HOST_COUNTRY", "stats": [{"tt": "in Australia", "sp": "2018-2018", "mt": 1, "in": 1, "pr": "host=2", "rn": 14, "fo": 0, "si": 0, "ft": 0, "hn": 0, "bf": 16, "dk": 0, "no": 0, "hs": "14", "bta": 14, "btsr": 87.5}, {"tt": "in New Zealand", "sp": "2017-2018", "mt": 2, "in": 1, "pr": "host=5", "rn": 3, "fo": 0, "si": 0, "ft": 0, "hn": 0, "bf": 5, "dk": 0, "no": 1, "hs": "3*", "bta": null, "btsr": 60}]}, {"type": "CONTINENT", "stats": [{"tt": "in Oceania", "sp": "2017-2018", "mt": 3, "in": 2, "pr": "continent=5", "rn": 17, "fo": 0, "si": 0, "ft": 0, "hn": 0, "bf": 21, "dk": 0, "no": 1, "hs": "14", "bta": 17, "btsr": 80.95}]}, {"type": "HOME_OR_AWAY", "stats": [{"tt": "home", "sp": "2017-2018", "mt": 2, "in": 1, "pr": "home_or_away=1", "rn": 3, "fo": 0, "si": 0, "ft": 0, "hn": 0, "bf": 5, "dk": 0, "no": 1, "hs": "3*", "bta": null, "btsr": 60}, {"tt": "away", "sp": "2018-2018", "mt": 1, "in": 1, "pr": "home_or_away=2", "rn": 14, "fo": 0, "si": 0, "ft": 0, "hn": 0, "bf": 16, "dk": 0, "no": 0, "hs": "14", "bta": 14, "btsr": 87.5}]}, {"type": "YEAR", "stats": [{"tt": "year 2017", "sp": null, "mt": 1, "in": null, "pr": "year=2017", "rn": null, "fo": null, "si": null, "ft": null, "hn": null, "bf": null, "dk": null, "no": null, "hs": null, "bta": null, "btsr": null}, {"tt": "year 2018", "sp": null, "mt": 2, "in": 2, "pr": "year=2018", "rn": 17, "fo": 0, "si": 0, "ft": 0, "hn": 0, "bf": 21, "dk": 0, "no": 1, "hs": "14", "bta": 17, "btsr": 80.95}]}, {"type": "SEASON", "stats": [{"tt": "season 2016/17", "sp": null, "mt": 1, "in": null, "pr": "season=NaN", "rn": null, "fo": null, "si": null, "ft": null, "hn": null, "bf": null, "dk": null, "no": null, "hs": null, "bta": null, "btsr": null}, {"tt": "season 2017/18", "sp": null, "mt": 2, "in": 2, "pr": "season=NaN", "rn": 17, "fo": 0, "si": 0, "ft": 0, "hn": 0, "bf": 21, "dk": 0, "no": 1, "hs": "14", "bta": 17, "btsr": 80.95}]}, {"type": "CAPTAINS_INVOLVED", "stats": [{"tt": "*KS Williamson", "sp": "2017-2018", "mt": 3, "in": 2, "pr": "captain_involve=51088", "rn": 17, "fo": 0, "si": 0, "ft": 0, "hn": 0, "bf": 21, "dk": 0, "no": 1, "hs": "14", "bta": 17, "btsr": 80.95}]}, {"type": "CAPTAIN", "stats": [{"tt": "is not captain", "sp": "2017-2018", "mt": 3, "in": 2, "pr": "captain=0", "rn": 17, "fo": 0, "si": 0, "ft": 0, "hn": 0, "bf": 21, "dk": 0, "no": 1, "hs": "14", "bta": 17, "btsr": 80.95}]}, {"type": "KEEPER", "stats": [{"tt": "is designated keeper", "sp": "2017-2018", "mt": 3, "in": 2, "pr": "keeper=1", "rn": 17, "fo": 0, "si": 0, "ft": 0, "hn": 0, "bf": 21, "dk": 0, "no": 1, "hs": "14", "bta": 17, "btsr": 80.95}]}, {"type": "TOSS", "stats": [{"tt": "lost the toss", "sp": "2017-2018", "mt": 3, "in": 2, "pr": "toss=2", "rn": 17, "fo": 0, "si": 0, "ft": 0, "hn": 0, "bf": 21, "dk": 0, "no": 1, "hs": "14", "bta": 17, "btsr": 80.95}]}, {"type": "BATTING_FIELDING_SEQUENCE_AND_TOSS", "stats": [{"tt": "lost toss &amp; sent in", "sp": "2017-2018", "mt": 2, "in": 1, "pr": "batting_fielding_first=1;toss=2", "rn": 14, "fo": 0, "si": 0, "ft": 0, "hn": 0, "bf": 16, "dk": 0, "no": 0, "hs": "14", "bta": 14, "btsr": 87.5}, {"tt": "lost toss &amp; fielded", "sp": "2018-2018", "mt": 1, "in": 1, "pr": "batting_fielding_first=2;toss=2", "rn": 3, "fo": 0, "si": 0, "ft": 0, "hn": 0, "bf": 5, "dk": 0, "no": 1, "hs": "3*", "bta": null, "btsr": 60}]}, {"type": "BATTING_FIELDING_SEQUENCE", "stats": [{"tt": "matches batting first", "sp": "2017-2018", "mt": 2, "in": 1, "pr": "batting_fielding_first=1", "rn": 14, "fo": 0, "si": 0, "ft": 0, "hn": 0, "bf": 16, "dk": 0, "no": 0, "hs": "14", "bta": 14, "btsr": 87.5}, {"tt": "matches fielding first", "sp": "2018-2018", "mt": 1, "in": 1, "pr": "batting_fielding_first=2", "rn": 3, "fo": 0, "si": 0, "ft": 0, "hn": 0, "bf": 5, "dk": 0, "no": 1, "hs": "3*", "bta": null, "btsr": 60}]}, {"type": "TEAM_INNINGS", "stats": [{"tt": "1st team innings", "sp": "2017-2018", "mt": 3, "in": 2, "pr": null, "rn": 17, "fo": 0, "si": 0, "ft": 0, "hn": 0, "bf": 21, "dk": 0, "no": 1, "hs": "14", "bta": 17, "btsr": 80.95}]}, {"type": "MATCH_INNINGS", "stats": [{"tt": "1st match innings", "sp": "2017-2018", "mt": 2, "in": 1, "pr": "innings_number=1", "rn": 14, "fo": 0, "si": 0, "ft": 0, "hn": 0, "bf": 16, "dk": 0, "no": 0, "hs": "14", "bta": 14, "btsr": 87.5}, {"tt": "2nd match innings", "sp": "2018-2018", "mt": 1, "in": 1, "pr": "innings_number=2", "rn": 3, "fo": 0, "si": 0, "ft": 0, "hn": 0, "bf": 5, "dk": 0, "no": 1, "hs": "3*", "bta": null, "btsr": 60}]}, {"type": "FLOODLIT", "stats": [{"tt": "day match", "sp": "2017-2017", "mt": 1, "in": null, "pr": "floodlit=1", "rn": null, "fo": null, "si": null, "ft": null, "hn": null, "bf": null, "dk": null, "no": null, "hs": null, "bta": null, "btsr": null}, {"tt": "night match", "sp": "2018-2018", "mt": 2, "in": 2, "pr": "floodlit=3", "rn": 17, "fo": 0, "si": 0, "ft": 0, "hn": 0, "bf": 21, "dk": 0, "no": 1, "hs": "14", "bta": 17, "btsr": 80.95}]}, {"type": "RESULT", "stats": [{"tt": "won match", "sp": "2017-2017", "mt": 1, "in": null, "pr": "result=1", "rn": null, "fo": null, "si": null, "ft": null, "hn": null, "bf": null, "dk": null, "no": null, "hs": null, "bta": null, "btsr": null}, {"tt": "lost match", "sp": "2018-2018", "mt": 2, "in": 2, "pr": "result=2", "rn": 17, "fo": 0, "si": 0, "ft": 0, "hn": 0, "bf": 21, "dk": 0, "no": 1, "hs": "14", "bta": 17, "btsr": 80.95}]}, {"type": "BATTING_FIELDING_SEQUENCE_AND_RESULT", "stats": [{"tt": "won batting first", "sp": "2017-2017", "mt": 1, "in": null, "pr": "batting_fielding_first=1;result=1", "rn": null, "fo": null, "si": null, "ft": null, "hn": null, "bf": null, "dk": null, "no": null, "hs": null, "bta": null, "btsr": null}, {"tt": "lost batting first", "sp": "2018-2018", "mt": 1, "in": 1, "pr": "batting_fielding_first=1;result=2", "rn": 14, "fo": 0, "si": 0, "ft": 0, "hn": 0, "bf": 16, "dk": 0, "no": 0, "hs": "14", "bta": 14, "btsr": 87.5}, {"tt": "lost fielding first", "sp": "2018-2018", "mt": 1, "in": 1, "pr": "batting_fielding_first=2;result=2", "rn": 3, "fo": 0, "si": 0, "ft": 0, "hn": 0, "bf": 5, "dk": 0, "no": 1, "hs": "3*", "bta": null, "btsr": 60}]}, {"type": "TOURNAMENT_TYPE", "stats": [{"tt": "2 team series", "sp": "2017-2018", "mt": 2, "in": 1, "pr": "tournament_type=2", "rn": 3, "fo": 0, "si": 0, "ft": 0, "hn": 0, "bf": 5, "dk": 0, "no": 1, "hs": "3*", "bta": null, "btsr": 60}, {"tt": "3-4 team tournaments", "sp": "2018-2018", "mt": 1, "in": 1, "pr": "tournament_type=3", "rn": 14, "fo": 0, "si": 0, "ft": 0, "hn": 0, "bf": 16, "dk": 0, "no": 0, "hs": "14", "bta": 14, "btsr": 87.5}]}, {"type": "MATCH_NUMBER", "stats": [{"tt": "3rd match in series", "sp": "2017-2018", "mt": 2, "in": 1, "pr": "match_number=3", "rn": 3, "fo": 0, "si": 0, "ft": 0, "hn": 0, "bf": 5, "dk": 0, "no": 1, "hs": "3*", "bta": null, "btsr": 60}]}, {"type": "BATTING_POSITION", "stats": [{"tt": "6th position", "sp": "2018-2018", "mt": 1, "in": 1, "pr": "batting_positionval1=batting_position;batting_positionmin1=6;batting_positionmax1=6", "rn": 14, "fo": 0, "si": 0, "ft": 0, "hn": 0, "bf": 16, "dk": 0, "no": 0, "hs": "14", "bta": 14, "btsr": 87.5}, {"tt": "7th position", "sp": "2018-2018", "mt": 1, "in": 1, "pr": "batting_positionval1=batting_position;batting_positionmin1=7;batting_positionmax1=7", "rn": 3, "fo": 0, "si": 0, "ft": 0, "hn": 0, "bf": 5, "dk": 0, "no": 1, "hs": "3*", "bta": null, "btsr": 60}]}]}}