{"summary": {"recordClassId": 2, "type": "ALLROUND", "groups": [{"type": "CAREER_AVERAGES", "stats": [{"tt": "overview", "sp": "2015-2021", "mt": 75, "pr": null, "rn": 927, "wk": 75, "ct": 30, "st": 0, "hs": "67", "hn": 0, "bbi": "5/50", "bta": 27.26, "bwa": 36.56, "fw": 1, "bbad": -9.29}]}, {"type": "OPPOSITION_TEAM", "stats": [{"tt": "v Afghanistan", "sp": "2019-2019", "mt": 1, "pr": "opposition=40", "rn": null, "wk": null, "ct": 0, "st": 0, "hs": null, "hn": null, "bbi": null, "bta": null, "bwa": null, "fw": null, "bbad": null}, {"tt": "v Australia", "sp": "2016-2020", "mt": 10, "pr": "opposition=2", "rn": 176, "wk": 15, "ct": 4, "st": 0, "hs": "45*", "hn": 0, "bbi": "3/44", "bta": 25.14, "bwa": 21.86, "fw": 0, "bbad": 3.27}, {"tt": "v Bangladesh", "sp": "2016-2021", "mt": 12, "pr": "opposition=25", "rn": 72, "wk": 14, "ct": 5, "st": 0, "hs": "17*", "hn": 0, "bbi": "3/45", "bta": 36, "bwa": 33.42, "fw": 0, "bbad": 2.57}, {"tt": "v England", "sp": "2015-2019", "mt": 13, "pr": "opposition=1", "rn": 333, "wk": 12, "ct": 5, "st": 0, "hs": "67", "hn": 0, "bbi": "3/31", "bta": 41.62, "bwa": 47.25, "fw": 0, "bbad": -5.62}, {"tt": "v India", "sp": "2016-2020", "mt": 15, "pr": "opposition=6", "rn": 135, "wk": 10, "ct": 7, "st": 0, "hs": "29", "hn": 0, "bbi": "2/34", "bta": 16.87, "bwa": 56.7, "fw": 0, "bbad": -39.82}, {"tt": "v Ireland", "sp": "2017-2017", "mt": 2, "pr": "opposition=29", "rn": 21, "wk": 6, "ct": 1, "st": 0, "hs": "20*", "hn": 0, "bbi": "5/50", "bta": null, "bwa": 12.83, "fw": 1, "bbad": null}, {"tt": "v Pakistan", "sp": "2016-2019", "mt": 8, "pr": "opposition=7", "rn": 77, "wk": 7, "ct": 1, "st": 0, "hs": "48", "hn": 0, "bbi": "3/40", "bta": 19.25, "bwa": 40.85, "fw": 0, "bbad": -21.6}, {"tt": "v South Africa", "sp": "2017-2019", "mt": 6, "pr": "opposition=3", "rn": 44, "wk": 6, "ct": 3, "st": 0, "hs": "24", "hn": 0, "bbi": "2/46", "bta": 14.66, "bwa": 36.33, "fw": 0, "bbad": -21.66}, {"tt": "v Sri Lanka", "sp": "2015-2019", "mt": 6, "pr": "opposition=8", "rn": 59, "wk": 2, "ct": 4, "st": 0, "hs": "38", "hn": 0, "bbi": "1/5", "bta": 59, "bwa": 77.5, "fw": 0, "bbad": -18.5}, {"tt": "v West Indies", "sp": "2017-2019", "mt": 2, "pr": "opposition=4", "rn": 10, "wk": 3, "ct": 0, "st": 0, "hs": "10", "hn": 0, "bbi": "3/15", "bta": 10, "bwa": 25.33, "fw": 0, "bbad": -15.33}]}, {"type": "HOST_COUNTRY", "stats": [{"tt": "in Australia", "sp": "2016-2020", "mt": 4, "pr": "host=2", "rn": 31, "wk": 5, "ct": 2, "st": 0, "hs": "15", "hn": 0, "bbi": "2/34", "bta": 7.75, "bwa": 32.8, "fw": 0, "bbad": -25.05}, {"tt": "in England", "sp": "2015-2019", "mt": 18, "pr": "host=1", "rn": 194, "wk": 14, "ct": 4, "st": 0, "hs": "44", "hn": 0, "bbi": "3/31", "bta": 21.55, "bwa": 46.71, "fw": 0, "bbad": -25.15}, {"tt": "in India", "sp": "2016-2017", "mt": 8, "pr": "host=6", "rn": 75, "wk": 7, "ct": 4, "st": 0, "hs": "29", "hn": 0, "bbi": "2/58", "bta": 15, "bwa": 45.85, "fw": 0, "bbad": -30.85}, {"tt": "in Ireland", "sp": "2017-2017", "mt": 4, "pr": "host=29", "rn": 26, "wk": 8, "ct": 2, "st": 0, "hs": "20*", "hn": 0, "bbi": "5/50", "bta": 26, "bwa": 20.75, "fw": 1, "bbad": 5.25}, {"tt": "in New Zealand", "sp": "2015-2021", "mt": 41, "pr": "host=5", "rn": 601, "wk": 41, "ct": 18, "st": 0, "hs": "67", "hn": 0, "bbi": "3/15", "bta": 40.06, "bwa": 35.04, "fw": 0, "bbad": 5.01}]}, {"type": "CONTINENT", "stats": [{"tt": "in Asia", "sp": "2016-2017", "mt": 8, "pr": "continent=2", "rn": 75, "wk": 7, "ct": 4, "st": 0, "hs": "29", "hn": 0, "bbi": "2/58", "bta": 15, "bwa": 45.85, "fw": 0, "bbad": -30.85}, {"tt": "in Europe", "sp": "2015-2019", "mt": 22, "pr": "continent=4", "rn": 220, "wk": 22, "ct": 6, "st": 0, "hs": "44", "hn": 0, "bbi": "5/50", "bta": 22, "bwa": 37.27, "fw": 1, "bbad": -15.27}, {"tt": "in Oceania", "sp": "2015-2021", "mt": 45, "pr": "continent=5", "rn": 632, "wk": 46, "ct": 20, "st": 0, "hs": "67", "hn": 0, "bbi": "3/15", "bta": 33.26, "bwa": 34.8, "fw": 0, "bbad": -1.54}]}, {"type": "HOME_OR_AWAY", "stats": [{"tt": "home", "sp": "2015-2021", "mt": 41, "pr": "home_or_away=1", "rn": 601, "wk": 41, "ct": 18, "st": 0, "hs": "67", "hn": 0, "bbi": "3/15", "bta": 40.06, "bwa": 35.04, "fw": 0, "bbad": 5.01}, {"tt": "away", "sp": "2015-2020", "mt": 22, "pr": "home_or_away=2", "rn": 244, "wk": 27, "ct": 10, "st": 0, "hs": "44", "hn": 0, "bbi": "5/50", "bta": 16.26, "bwa": 34.14, "fw": 1, "bbad": -17.88}, {"tt": "neutral", "sp": "2017-2019", "mt": 12, "pr": "home_or_away=3", "rn": 82, "wk": 7, "ct": 2, "st": 0, "hs": "17*", "hn": 0, "bbi": "2/34", "bta": 20.5, "bwa": 54.71, "fw": 0, "bbad": -34.21}]}, {"type": "YEAR", "stats": [{"tt": "year 2015", "sp": null, "mt": 8, "pr": "year=2015", "rn": 135, "wk": 7, "ct": 3, "st": 0, "hs": "44", "hn": 0, "bbi": "3/31", "bta": 27, "bwa": 46.57, "fw": 0, "bbad": -19.57}, {"tt": "year 2016", "sp": null, "mt": 17, "pr": "year=2016", "rn": 230, "wk": 18, "ct": 8, "st": 0, "hs": "48", "hn": 0, "bbi": "3/47", "bta": 28.75, "bwa": 34.77, "fw": 0, "bbad": -6.02}, {"tt": "year 2017", "sp": null, "mt": 18, "pr": "year=2017", "rn": 176, "wk": 26, "ct": 7, "st": 0, "hs": "38*", "hn": 0, "bbi": "5/50", "bta": 19.55, "bwa": 26.38, "fw": 1, "bbad": -6.82}, {"tt": "year 2018", "sp": null, "mt": 10, "pr": "year=2018", "rn": 230, "wk": 8, "ct": 3, "st": 0, "hs": "67", "hn": 0, "bbi": "3/40", "bta": 46, "bwa": 45.37, "fw": 0, "bbad": 0.62}, {"tt": "year 2019", "sp": null, "mt": 16, "pr": "year=2019", "rn": 127, "wk": 10, "ct": 4, "st": 0, "hs": "22", "hn": 0, "bbi": "3/45", "bta": 21.16, "bwa": 50.9, "fw": 0, "bbad": -29.73}, {"tt": "year 2020", "sp": null, "mt": 3, "pr": "year=2020", "rn": 26, "wk": 2, "ct": 2, "st": 0, "hs": "14", "hn": 0, "bbi": "2/34", "bta": 26, "bwa": 75.5, "fw": 0, "bbad": -49.5}, {"tt": "year 2021", "sp": null, "mt": 3, "pr": "year=2021", "rn": 3, "wk": 4, "ct": 3, "st": 0, "hs": "3*", "hn": 0, "bbi": "2/23", "bta": null, "bwa": 20.25, "fw": 0, "bbad": null}]}, {"type": "SEASON", "stats": [{"tt": "season 2015", "sp": null, "mt": 5, "pr": "season=2015", "rn": 97, "wk": 7, "ct": 1, "st": 0, "hs": "44", "hn": 0, "bbi": "3/31", "bta": 24.25, "bwa": 32.85, "fw": 0, "bbad": -8.6}, {"tt": "season 2015/16", "sp": null, "mt": 9, "pr": "season=2015/16", "rn": 197, "wk": 8, "ct": 4, "st": 0, "hs": "48", "hn": 0, "bbi": "3/47", "bta": 98.5, "bwa": 36.12, "fw": 0, "bbad": 62.37}, {"tt": "season 2016/17", "sp": null, "mt": 18, "pr": "season=2016/17", "rn": 158, "wk": 20, "ct": 10, "st": 0, "hs": "38*", "hn": 0, "bbi": "3/44", "bta": 14.36, "bwa": 35, "fw": 0, "bbad": -20.63}, {"tt": "season 2017", "sp": null, "mt": 7, "pr": "season=2017", "rn": 51, "wk": 9, "ct": 2, "st": 0, "hs": "20*", "hn": 0, "bbi": "5/50", "bta": 17, "bwa": 29.66, "fw": 1, "bbad": -12.66}, {"tt": "season 2017/18", "sp": null, "mt": 14, "pr": "season=2017/18", "rn": 268, "wk": 15, "ct": 4, "st": 0, "hs": "67", "hn": 0, "bbi": "3/15", "bta": 38.28, "bwa": 34.33, "fw": 0, "bbad": 3.95}, {"tt": "season 2018/19", "sp": null, "mt": 6, "pr": "season=2018/19", "rn": 55, "wk": 4, "ct": 1, "st": 0, "hs": "22", "hn": 0, "bbi": "3/45", "bta": 18.33, "bwa": 46.5, "fw": 0, "bbad": -28.16}, {"tt": "season 2019", "sp": null, "mt": 10, "pr": "season=2019", "rn": 72, "wk": 6, "ct": 3, "st": 0, "hs": "17*", "hn": 0, "bbi": "2/34", "bta": 24, "bwa": 53.83, "fw": 0, "bbad": -29.83}, {"tt": "season 2019/20", "sp": null, "mt": 3, "pr": "season=2019/20", "rn": 26, "wk": 2, "ct": 2, "st": 0, "hs": "14", "hn": 0, "bbi": "2/34", "bta": 26, "bwa": 75.5, "fw": 0, "bbad": -49.5}, {"tt": "season 2020/21", "sp": null, "mt": 3, "pr": "season=2020/21", "rn": 3, "wk": 4, "ct": 3, "st": 0, "hs": "3*", "hn": 0, "bbi": "2/23", "bta": null, "bwa": 20.25, "fw": 0, "bbad": null}]}, {"type": "CAPTAINS_INVOLVED", "stats": [{"tt": "*TWM Latham", "sp": "2017-2021", "mt": 10, "pr": "captain_involve=59148", "rn": 57, "wk": 15, "ct": 6, "st": 0, "hs": "20*", "hn": 0, "bbi": "5/50", "bta": 57, "bwa": 24.4, "fw": 1, "bbad": 32.6}, {"tt": "*BB McCullum", "sp": "2015-2016", "mt": 10, "pr": "captain_involve=10384", "rn": 187, "wk": 13, "ct": 4, "st": 0, "hs": "45*", "hn": 0, "bbi": "3/31", "bta": 46.75, "bwa": 28.46, "fw": 0, "bbad": 18.28}, {"tt": "*TG Southee", "sp": "2018-2018", "mt": 1, "pr": "captain_involve=49108", "rn": 63, "wk": 0, "ct": 1, "st": 0, "hs": "63*", "hn": 0, "bbi": "-", "bta": null, "bwa": null, "fw": 0, "bbad": null}, {"tt": "*KS Williamson", "sp": "2015-2020", "mt": 54, "pr": "captain_involve=51088", "rn": 620, "wk": 47, "ct": 19, "st": 0, "hs": "67", "hn": 0, "bbi": "3/40", "bta": 21.37, "bwa": 41.82, "fw": 0, "bbad": -20.45}]}, {"type": "CAPTAIN", "stats": [{"tt": "is not captain", "sp": "2015-2021", "mt": 75, "pr": "captain=0", "rn": 927, "wk": 75, "ct": 30, "st": 0, "hs": "67", "hn": 0, "bbi": "5/50", "bta": 27.26, "bwa": 36.56, "fw": 1, "bbad": -9.29}]}, {"type": "KEEPER", "stats": [{"tt": "is not keeper", "sp": "2015-2021", "mt": 75, "pr": "keeper=0", "rn": 927, "wk": 75, "ct": 30, "st": 0, "hs": "67", "hn": 0, "bbi": "5/50", "bta": 27.26, "bwa": 36.56, "fw": 1, "bbad": -9.29}]}, {"type": "TOSS", "stats": [{"tt": "won the toss", "sp": "2015-2021", "mt": 36, "pr": "toss=1", "rn": 453, "wk": 34, "ct": 11, "st": 0, "hs": "45*", "hn": 0, "bbi": "3/15", "bta": 34.84, "bwa": 39.14, "fw": 0, "bbad": -4.3}, {"tt": "lost the toss", "sp": "2015-2020", "mt": 39, "pr": "toss=2", "rn": 474, "wk": 41, "ct": 19, "st": 0, "hs": "67", "hn": 0, "bbi": "5/50", "bta": 22.57, "bwa": 34.41, "fw": 1, "bbad": -11.84}]}, {"type": "BATTING_FIELDING_SEQUENCE_AND_TOSS", "stats": [{"tt": "won toss &amp; batted", "sp": "2015-2021", "mt": 19, "pr": "batting_fielding_first=1;toss=1", "rn": 302, "wk": 19, "ct": 4, "st": 0, "hs": "45*", "hn": 0, "bbi": "3/15", "bta": 37.75, "bwa": 35.1, "fw": 0, "bbad": 2.64}, {"tt": "won toss &amp; fielded", "sp": "2015-2021", "mt": 17, "pr": "batting_fielding_first=2;toss=1", "rn": 151, "wk": 15, "ct": 7, "st": 0, "hs": "45*", "hn": 0, "bbi": "2/23", "bta": 30.2, "bwa": 44.26, "fw": 0, "bbad": -14.06}, {"tt": "lost toss &amp; sent in", "sp": "2015-2019", "mt": 21, "pr": "batting_fielding_first=1;toss=2", "rn": 363, "wk": 23, "ct": 10, "st": 0, "hs": "67", "hn": 0, "bbi": "5/50", "bta": 30.25, "bwa": 32.3, "fw": 1, "bbad": -2.05}, {"tt": "lost toss &amp; fielded", "sp": "2015-2020", "mt": 18, "pr": "batting_fielding_first=2;toss=2", "rn": 111, "wk": 18, "ct": 9, "st": 0, "hs": "22", "hn": 0, "bbi": "3/45", "bta": 12.33, "bwa": 37.11, "fw": 0, "bbad": -24.77}]}, {"type": "BATTING_FIELDING_SEQUENCE", "stats": [{"tt": "matches batting first", "sp": "2015-2021", "mt": 40, "pr": "batting_fielding_first=1", "rn": 665, "wk": 42, "ct": 14, "st": 0, "hs": "67", "hn": 0, "bbi": "5/50", "bta": 33.25, "bwa": 33.57, "fw": 1, "bbad": -0.32}, {"tt": "matches fielding first", "sp": "2015-2021", "mt": 35, "pr": "batting_fielding_first=2", "rn": 262, "wk": 33, "ct": 16, "st": 0, "hs": "45*", "hn": 0, "bbi": "3/45", "bta": 18.71, "bwa": 40.36, "fw": 0, "bbad": -21.64}]}, {"type": "TEAM_INNINGS", "stats": [{"tt": "1st team innings", "sp": "2015-2021", "mt": 75, "pr": "innings_number=2;innings_number=1", "rn": 927, "wk": 75, "ct": 30, "st": 0, "hs": "67", "hn": 0, "bbi": "5/50", "bta": 27.26, "bwa": 36.56, "fw": 1, "bbad": -9.29}]}, {"type": "MATCH_INNINGS", "stats": [{"tt": "1st match innings", "sp": "2015-2021", "mt": 75, "pr": "innings_number=1", "rn": 665, "wk": 33, "ct": 16, "st": 0, "hs": "67", "hn": 0, "bbi": "3/45", "bta": 33.25, "bwa": 40.36, "fw": 0, "bbad": -7.11}, {"tt": "2nd match innings", "sp": "2015-2021", "mt": 74, "pr": "innings_number=2", "rn": 262, "wk": 42, "ct": 14, "st": 0, "hs": "45*", "hn": 0, "bbi": "5/50", "bta": 18.71, "bwa": 33.57, "fw": 1, "bbad": -14.85}]}, {"type": "FLOODLIT", "stats": [{"tt": "day match", "sp": "2015-2021", "mt": 38, "pr": "floodlit=1", "rn": 386, "wk": 42, "ct": 15, "st": 0, "hs": "67", "hn": 0, "bbi": "5/50", "bta": 27.57, "bwa": 31.71, "fw": 1, "bbad": -4.14}, {"tt": "day/night match", "sp": "2015-2021", "mt": 37, "pr": "floodlit=2", "rn": 541, "wk": 33, "ct": 15, "st": 0, "hs": "63*", "hn": 0, "bbi": "3/45", "bta": 27.05, "bwa": 42.72, "fw": 0, "bbad": -15.67}]}, {"type": "RESULT", "stats": [{"tt": "won match", "sp": "2015-2021", "mt": 43, "pr": "result=1", "rn": 392, "wk": 52, "ct": 18, "st": 0, "hs": "48", "hn": 0, "bbi": "5/50", "bta": 49, "bwa": 30.44, "fw": 1, "bbad": 18.55}, {"tt": "lost match", "sp": "2015-2020", "mt": 29, "pr": "result=2", "rn": 522, "wk": 23, "ct": 12, "st": 0, "hs": "67", "hn": 0, "bbi": "3/31", "bta": 20.88, "bwa": 49.91, "fw": 0, "bbad": -29.03}, {"tt": "tied match", "sp": "2019-2019", "mt": 1, "pr": "result=3", "rn": 5, "wk": 0, "ct": 0, "st": 0, "hs": "5*", "hn": 0, "bbi": "-", "bta": null, "bwa": null, "fw": 0, "bbad": null}, {"tt": "no result", "sp": "2016-2017", "mt": 2, "pr": "result=5", "rn": 8, "wk": null, "ct": 0, "st": 0, "hs": "8", "hn": 0, "bbi": null, "bta": 8, "bwa": null, "fw": null, "bbad": null}]}, {"type": "BATTING_FIELDING_SEQUENCE_AND_RESULT", "stats": [{"tt": "won batting first", "sp": "2015-2021", "mt": 21, "pr": "batting_fielding_first=1;result=1", "rn": 280, "wk": 31, "ct": 7, "st": 0, "hs": "48", "hn": 0, "bbi": "5/50", "bta": 40, "bwa": 25.48, "fw": 1, "bbad": 14.51}, {"tt": "won fielding first", "sp": "2015-2021", "mt": 22, "pr": "batting_fielding_first=2;result=1", "rn": 112, "wk": 21, "ct": 11, "st": 0, "hs": "45*", "hn": 0, "bbi": "3/45", "bta": 112, "bwa": 37.76, "fw": 0, "bbad": 74.23}, {"tt": "lost batting first", "sp": "2015-2019", "mt": 16, "pr": "batting_fielding_first=1;result=2", "rn": 372, "wk": 11, "ct": 7, "st": 0, "hs": "67", "hn": 0, "bbi": "3/31", "bta": 31, "bwa": 55.36, "fw": 0, "bbad": -24.36}, {"tt": "lost fielding first", "sp": "2015-2020", "mt": 13, "pr": "batting_fielding_first=2;result=2", "rn": 150, "wk": 12, "ct": 5, "st": 0, "hs": "41", "hn": 0, "bbi": "2/34", "bta": 11.53, "bwa": 44.91, "fw": 0, "bbad": -33.37}, {"tt": "tied batting first", "sp": "2019-2019", "mt": 1, "pr": "batting_fielding_first=1;result=3", "rn": 5, "wk": 0, "ct": 0, "st": 0, "hs": "5*", "hn": 0, "bbi": "-", "bta": null, "bwa": null, "fw": 0, "bbad": null}, {"tt": "no result batting first", "sp": "2016-2017", "mt": 2, "pr": "batting_fielding_first=1;result=5", "rn": 8, "wk": null, "ct": 0, "st": 0, "hs": "8", "hn": 0, "bbi": null, "bta": 8, "bwa": null, "fw": null, "bbad": null}]}, {"type": "TOURNAMENT_TYPE", "stats": [{"tt": "2 team series", "sp": "2015-2021", "mt": 58, "pr": "tournament_type=2", "rn": 804, "wk": 60, "ct": 25, "st": 0, "hs": "67", "hn": 0, "bbi": "3/15", "bta": 28.71, "bwa": 35.86, "fw": 0, "bbad": -7.15}, {"tt": "3-4 team tournaments", "sp": "2017-2017", "mt": 4, "pr": "tournament_type=3", "rn": 26, "wk": 8, "ct": 2, "st": 0, "hs": "20*", "hn": 0, "bbi": "5/50", "bta": 26, "bwa": 20.75, "fw": 1, "bbad": 5.25}, {"tt": "5+ team tournaments", "sp": "2017-2021", "mt": 16, "pr": "tournament_type=5", "rn": 100, "wk": 11, "ct": 6, "st": 0, "hs": "17*", "hn": 0, "bbi": "2/23", "bta": 20, "bwa": 45.9, "fw": 0, "bbad": -25.9}]}, {"type": "MATCH_NUMBER", "stats": [{"tt": "1st match in series", "sp": "2015-2021", "mt": 17, "pr": "match_number=1", "rn": 222, "wk": 19, "ct": 6, "st": 0, "hs": "48", "hn": 0, "bbi": "3/44", "bta": 24.66, "bwa": 34.42, "fw": 0, "bbad": -9.75}, {"tt": "2nd match in series", "sp": "2015-2021", "mt": 11, "pr": "match_number=2", "rn": 172, "wk": 14, "ct": 6, "st": 0, "hs": "63*", "hn": 0, "bbi": "3/47", "bta": 57.33, "bwa": 32.14, "fw": 0, "bbad": 25.19}, {"tt": "3rd match in series", "sp": "2015-2021", "mt": 16, "pr": "match_number=3", "rn": 208, "wk": 15, "ct": 5, "st": 0, "hs": "41", "hn": 0, "bbi": "3/15", "bta": 23.11, "bwa": 40.4, "fw": 0, "bbad": -17.28}, {"tt": "4th match in series", "sp": "2015-2019", "mt": 7, "pr": "match_number=4", "rn": 61, "wk": 3, "ct": 3, "st": 0, "hs": "44", "hn": 0, "bbi": "1/38", "bta": 61, "bwa": 70, "fw": 0, "bbad": -9}, {"tt": "5th match in series", "sp": "2015-2019", "mt": 7, "pr": "match_number=5", "rn": 141, "wk": 9, "ct": 5, "st": 0, "hs": "67", "hn": 0, "bbi": "3/31", "bta": 23.5, "bwa": 25.77, "fw": 0, "bbad": -2.27}]}, {"type": "MAJOR_TROPHY", "stats": [{"tt": "World Cup", "sp": "2019-2019", "mt": 10, "pr": "trophy=12", "rn": 72, "wk": 6, "ct": 3, "st": 0, "hs": "17*", "hn": 0, "bbi": "2/34", "bta": 24, "bwa": 53.83, "fw": 0, "bbad": -29.83}, {"tt": "Chappell-Hadlee", "sp": "2016-2020", "mt": 8, "pr": "trophy=65", "rn": 156, "wk": 15, "ct": 4, "st": 0, "hs": "45*", "hn": 0, "bbi": "3/44", "bta": 31.2, "bwa": 20.33, "fw": 0, "bbad": 10.86}, {"tt": "ICC Champions Trophy", "sp": "2017-2017", "mt": 3, "pr": "trophy=44", "rn": 25, "wk": 1, "ct": 0, "st": 0, "hs": "14*", "hn": 0, "bbi": "1/54", "bta": 12.5, "bwa": 101, "fw": 0, "bbad": -88.5}]}, {"type": "FINAL_TYPE", "stats": [{"tt": "tournament finals", "sp": "2019-2019", "mt": 1, "pr": "final_type=1", "rn": 5, "wk": 0, "ct": 0, "st": 0, "hs": "5*", "hn": 0, "bbi": "-", "bta": null, "bwa": null, "fw": 0, "bbad": null}, {"tt": "tournament semi-finals", "sp": "2019-2019", "mt": 1, "pr": "final_type=3", "rn": 9, "wk": 2, "ct": 0, "st": 0, "hs": "9*", "hn": 0, "bbi": "2/34", "bta": null, "bwa": 17, "fw": 0, "bbad": null}, {"tt": "preliminary matches", "sp": "2017-2021", "mt": 18, "pr": "final_type=0", "rn": 112, "wk": 17, "ct": 8, "st": 0, "hs": "20*", "hn": 0, "bbi": "5/50", "bta": 18.66, "bwa": 36.82, "fw": 1, "bbad": -18.15}]}]}}