{"summary": {"recordClassId": 3, "type": "BATTING", "groups": [{"type": "CAREER_AVERAGES", "stats": [{"tt": "overview", "sp": "2015-2021", "mt": 52, "in": 37, "pr": null, "rn": 335, "fo": 24, "si": 11, "ft": 0, "hn": 0, "bf": 264, "dk": 4, "no": 15, "hs": "37", "bta": 15.22, "btsr": 126.89}]}, {"type": "OPPOSITION_TEAM", "stats": [{"tt": "vs Australia", "sp": "2016-2021", "mt": 7, "in": 6, "pr": "opposition=2", "rn": 12, "fo": 1, "si": 0, "ft": 0, "hn": 0, "bf": 17, "dk": 2, "no": 1, "hs": "7*", "bta": 2.4, "btsr": 70.58}, {"tt": "vs Bangladesh", "sp": "2016-2017", "mt": 4, "in": 2, "pr": "opposition=25", "rn": 7, "fo": 0, "si": 0, "ft": 0, "hn": 0, "bf": 7, "dk": 0, "no": 0, "hs": "4", "bta": 3.5, "btsr": 100}, {"tt": "vs England", "sp": "2015-2019", "mt": 9, "in": 6, "pr": "opposition=1", "rn": 42, "fo": 4, "si": 0, "ft": 0, "hn": 0, "bf": 39, "dk": 1, "no": 1, "hs": "15", "bta": 8.4, "btsr": 107.69}, {"tt": "vs India", "sp": "2016-2020", "mt": 12, "in": 10, "pr": "opposition=6", "rn": 81, "fo": 6, "si": 2, "ft": 0, "hn": 0, "bf": 69, "dk": 0, "no": 5, "hs": "27*", "bta": 16.2, "btsr": 117.39}, {"tt": "vs Pakistan", "sp": "2016-2020", "mt": 8, "in": 5, "pr": "opposition=7", "rn": 75, "fo": 7, "si": 2, "ft": 0, "hn": 0, "bf": 55, "dk": 1, "no": 3, "hs": "37", "bta": 37.5, "btsr": 136.36}, {"tt": "vs South Africa", "sp": "2017-2017", "mt": 1, "in": 1, "pr": "opposition=3", "rn": 5, "fo": 1, "si": 0, "ft": 0, "hn": 0, "bf": 6, "dk": 0, "no": 0, "hs": "5", "bta": 5, "btsr": 83.33}, {"tt": "vs Sri Lanka", "sp": "2016-2019", "mt": 5, "in": 4, "pr": "opposition=8", "rn": 53, "fo": 3, "si": 2, "ft": 0, "hn": 0, "bf": 41, "dk": 0, "no": 2, "hs": "16", "bta": 26.5, "btsr": 129.26}, {"tt": "vs West Indies", "sp": "2017-2020", "mt": 6, "in": 3, "pr": "opposition=4", "rn": 60, "fo": 2, "si": 5, "ft": 0, "hn": 0, "bf": 30, "dk": 0, "no": 3, "hs": "31*", "bta": null, "btsr": 200}]}, {"type": "HOST_COUNTRY", "stats": [{"tt": "in Australia", "sp": "2018-2018", "mt": 1, "in": 1, "pr": "host=2", "rn": 1, "fo": 0, "si": 0, "ft": 0, "hn": 0, "bf": 4, "dk": 0, "no": 0, "hs": "1", "bta": 1, "btsr": 25}, {"tt": "in England", "sp": "2015-2015", "mt": 1, "in": 1, "pr": "host=1", "rn": 9, "fo": 0, "si": 0, "ft": 0, "hn": 0, "bf": 13, "dk": 0, "no": 0, "hs": "9", "bta": 9, "btsr": 69.23}, {"tt": "in India", "sp": "2016-2017", "mt": 8, "in": 6, "pr": "host=6", "rn": 59, "fo": 5, "si": 2, "ft": 0, "hn": 0, "bf": 45, "dk": 0, "no": 2, "hs": "27*", "bta": 14.75, "btsr": 131.11}, {"tt": "in New Zealand", "sp": "2016-2021", "mt": 39, "in": 26, "pr": "host=5", "rn": 226, "fo": 17, "si": 7, "ft": 0, "hn": 0, "bf": 177, "dk": 4, "no": 11, "hs": "37", "bta": 15.06, "btsr": 127.68}, {"tt": "in Sri Lanka", "sp": "2019-2019", "mt": 3, "in": 3, "pr": "host=8", "rn": 40, "fo": 2, "si": 2, "ft": 0, "hn": 0, "bf": 25, "dk": 0, "no": 2, "hs": "16", "bta": 40, "btsr": 160}]}, {"type": "CONTINENT", "stats": [{"tt": "in Asia", "sp": "2016-2019", "mt": 11, "in": 9, "pr": "continent=2", "rn": 99, "fo": 7, "si": 4, "ft": 0, "hn": 0, "bf": 70, "dk": 0, "no": 4, "hs": "27*", "bta": 19.8, "btsr": 141.42}, {"tt": "in Europe", "sp": "2015-2015", "mt": 1, "in": 1, "pr": "continent=4", "rn": 9, "fo": 0, "si": 0, "ft": 0, "hn": 0, "bf": 13, "dk": 0, "no": 0, "hs": "9", "bta": 9, "btsr": 69.23}, {"tt": "in Oceania", "sp": "2016-2021", "mt": 40, "in": 27, "pr": "continent=5", "rn": 227, "fo": 17, "si": 7, "ft": 0, "hn": 0, "bf": 181, "dk": 4, "no": 11, "hs": "37", "bta": 14.18, "btsr": 125.41}]}, {"type": "HOME_OR_AWAY", "stats": [{"tt": "home", "sp": "2016-2021", "mt": 39, "in": 26, "pr": "home_or_away=1", "rn": 226, "fo": 17, "si": 7, "ft": 0, "hn": 0, "bf": 177, "dk": 4, "no": 11, "hs": "37", "bta": 15.06, "btsr": 127.68}, {"tt": "away", "sp": "2015-2019", "mt": 9, "in": 8, "pr": "home_or_away=2", "rn": 98, "fo": 6, "si": 4, "ft": 0, "hn": 0, "bf": 77, "dk": 0, "no": 4, "hs": "27*", "bta": 24.5, "btsr": 127.27}, {"tt": "neutral", "sp": "2016-2016", "mt": 4, "in": 3, "pr": "home_or_away=3", "rn": 11, "fo": 1, "si": 0, "ft": 0, "hn": 0, "bf": 10, "dk": 0, "no": 0, "hs": "7", "bta": 3.66, "btsr": 110}]}, {"type": "YEAR", "stats": [{"tt": "year 2015", "sp": null, "mt": 1, "in": 1, "pr": "year=2015", "rn": 9, "fo": 0, "si": 0, "ft": 0, "hn": 0, "bf": 13, "dk": 0, "no": 0, "hs": "9", "bta": 9, "btsr": 69.23}, {"tt": "year 2016", "sp": null, "mt": 9, "in": 6, "pr": "year=2016", "rn": 31, "fo": 3, "si": 0, "ft": 0, "hn": 0, "bf": 34, "dk": 1, "no": 1, "hs": "18", "bta": 6.2, "btsr": 91.17}, {"tt": "year 2017", "sp": null, "mt": 8, "in": 5, "pr": "year=2017", "rn": 62, "fo": 5, "si": 3, "ft": 0, "hn": 0, "bf": 39, "dk": 0, "no": 3, "hs": "27*", "bta": 31, "btsr": 158.97}, {"tt": "year 2018", "sp": null, "mt": 9, "in": 5, "pr": "year=2018", "rn": 68, "fo": 7, "si": 2, "ft": 0, "hn": 0, "bf": 46, "dk": 1, "no": 2, "hs": "37", "bta": 22.66, "btsr": 147.82}, {"tt": "year 2019", "sp": null, "mt": 12, "in": 10, "pr": "year=2019", "rn": 93, "fo": 7, "si": 2, "ft": 0, "hn": 0, "bf": 73, "dk": 1, "no": 4, "hs": "16", "bta": 15.5, "btsr": 127.39}, {"tt": "year 2020", "sp": null, "mt": 9, "in": 7, "pr": "year=2020", "rn": 62, "fo": 1, "si": 4, "ft": 0, "hn": 0, "bf": 48, "dk": 0, "no": 4, "hs": "31*", "bta": 20.66, "btsr": 129.16}, {"tt": "year 2021", "sp": null, "mt": 4, "in": 3, "pr": "year=2021", "rn": 10, "fo": 1, "si": 0, "ft": 0, "hn": 0, "bf": 11, "dk": 1, "no": 1, "hs": "7*", "bta": 5, "btsr": 90.9}]}, {"type": "SEASON", "stats": [{"tt": "season 2015", "sp": null, "mt": 1, "in": 1, "pr": "season=2015", "rn": 9, "fo": 0, "si": 0, "ft": 0, "hn": 0, "bf": 13, "dk": 0, "no": 0, "hs": "9", "bta": 9, "btsr": 69.23}, {"tt": "season 2015/16", "sp": null, "mt": 9, "in": 6, "pr": "season=NaN", "rn": 31, "fo": 3, "si": 0, "ft": 0, "hn": 0, "bf": 34, "dk": 1, "no": 1, "hs": "18", "bta": 6.2, "btsr": 91.17}, {"tt": "season 2016/17", "sp": null, "mt": 4, "in": 2, "pr": "season=NaN", "rn": 9, "fo": 1, "si": 0, "ft": 0, "hn": 0, "bf": 10, "dk": 0, "no": 0, "hs": "5", "bta": 4.5, "btsr": 90}, {"tt": "season 2017/18", "sp": null, "mt": 13, "in": 8, "pr": "season=NaN", "rn": 121, "fo": 11, "si": 5, "ft": 0, "hn": 0, "bf": 75, "dk": 1, "no": 5, "hs": "37", "bta": 40.33, "btsr": 161.33}, {"tt": "season 2018/19", "sp": null, "mt": 4, "in": 3, "pr": "season=NaN", "rn": 27, "fo": 2, "si": 0, "ft": 0, "hn": 0, "bf": 28, "dk": 0, "no": 1, "hs": "13", "bta": 13.5, "btsr": 96.42}, {"tt": "season 2019", "sp": null, "mt": 3, "in": 3, "pr": "season=2019", "rn": 40, "fo": 2, "si": 2, "ft": 0, "hn": 0, "bf": 25, "dk": 0, "no": 2, "hs": "16", "bta": 40, "btsr": 160}, {"tt": "season 2019/20", "sp": null, "mt": 10, "in": 9, "pr": "season=NaN", "rn": 45, "fo": 4, "si": 0, "ft": 0, "hn": 0, "bf": 42, "dk": 1, "no": 3, "hs": "15", "bta": 7.5, "btsr": 107.14}, {"tt": "season 2020/21", "sp": null, "mt": 8, "in": 5, "pr": "season=NaN", "rn": 53, "fo": 1, "si": 4, "ft": 0, "hn": 0, "bf": 37, "dk": 1, "no": 3, "hs": "31*", "bta": 26.5, "btsr": 143.24}]}, {"type": "CAPTAINS_INVOLVED", "stats": [{"tt": "*BB McCullum", "sp": "2015-2015", "mt": 1, "in": 1, "pr": "captain_involve=10384", "rn": 9, "fo": 0, "si": 0, "ft": 0, "hn": 0, "bf": 13, "dk": 0, "no": 0, "hs": "9", "bta": 9, "btsr": 69.23}, {"tt": "*MJ Santner", "sp": "2020-2020", "mt": 2, "in": 1, "pr": "captain_involve=64864", "rn": 12, "fo": 0, "si": 1, "ft": 0, "hn": 0, "bf": 8, "dk": 0, "no": 1, "hs": "12*", "bta": null, "btsr": 150}, {"tt": "*TG Southee", "sp": "2017-2020", "mt": 15, "in": 12, "pr": "captain_involve=49108", "rn": 141, "fo": 8, "si": 6, "ft": 0, "hn": 0, "bf": 99, "dk": 1, "no": 5, "hs": "31*", "bta": 20.14, "btsr": 142.42}, {"tt": "*KS Williamson", "sp": "2016-2021", "mt": 34, "in": 23, "pr": "captain_involve=51088", "rn": 173, "fo": 16, "si": 4, "ft": 0, "hn": 0, "bf": 144, "dk": 3, "no": 9, "hs": "37", "bta": 12.35, "btsr": 120.13}]}, {"type": "CAPTAIN", "stats": [{"tt": "is captain", "sp": "2020-2020", "mt": 2, "in": 1, "pr": "captain=1", "rn": 12, "fo": 0, "si": 1, "ft": 0, "hn": 0, "bf": 8, "dk": 0, "no": 1, "hs": "12*", "bta": null, "btsr": 150}, {"tt": "is not captain", "sp": "2015-2021", "mt": 50, "in": 36, "pr": "captain=0", "rn": 323, "fo": 24, "si": 10, "ft": 0, "hn": 0, "bf": 256, "dk": 4, "no": 14, "hs": "37", "bta": 14.68, "btsr": 126.17}]}, {"type": "KEEPER", "stats": [{"tt": "is not keeper", "sp": "2015-2021", "mt": 52, "in": 37, "pr": "keeper=0", "rn": 335, "fo": 24, "si": 11, "ft": 0, "hn": 0, "bf": 264, "dk": 4, "no": 15, "hs": "37", "bta": 15.22, "btsr": 126.89}]}, {"type": "TOSS", "stats": [{"tt": "won the toss", "sp": "2016-2020", "mt": 22, "in": 16, "pr": "toss=1", "rn": 137, "fo": 9, "si": 6, "ft": 0, "hn": 0, "bf": 107, "dk": 2, "no": 5, "hs": "31*", "bta": 12.45, "btsr": 128.03}, {"tt": "lost the toss", "sp": "2015-2021", "mt": 30, "in": 21, "pr": "toss=2", "rn": 198, "fo": 15, "si": 5, "ft": 0, "hn": 0, "bf": 157, "dk": 2, "no": 10, "hs": "37", "bta": 18, "btsr": 126.11}]}, {"type": "BATTING_FIELDING_SEQUENCE_AND_TOSS", "stats": [{"tt": "won toss &amp; batted", "sp": "2016-2020", "mt": 10, "in": 8, "pr": "batting_fielding_first=1;toss=1", "rn": 50, "fo": 4, "si": 1, "ft": 0, "hn": 0, "bf": 40, "dk": 1, "no": 2, "hs": "18", "bta": 8.33, "btsr": 125}, {"tt": "won toss &amp; fielded", "sp": "2016-2020", "mt": 12, "in": 8, "pr": "batting_fielding_first=2;toss=1", "rn": 87, "fo": 5, "si": 5, "ft": 0, "hn": 0, "bf": 67, "dk": 1, "no": 3, "hs": "31*", "bta": 17.4, "btsr": 129.85}, {"tt": "lost toss &amp; sent in", "sp": "2016-2021", "mt": 18, "in": 12, "pr": "batting_fielding_first=1;toss=2", "rn": 67, "fo": 6, "si": 1, "ft": 0, "hn": 0, "bf": 59, "dk": 2, "no": 6, "hs": "23*", "bta": 11.16, "btsr": 113.55}, {"tt": "lost toss &amp; fielded", "sp": "2015-2021", "mt": 12, "in": 9, "pr": "batting_fielding_first=2;toss=2", "rn": 131, "fo": 9, "si": 4, "ft": 0, "hn": 0, "bf": 98, "dk": 0, "no": 4, "hs": "37", "bta": 26.2, "btsr": 133.67}]}, {"type": "BATTING_FIELDING_SEQUENCE", "stats": [{"tt": "matches batting first", "sp": "2016-2021", "mt": 28, "in": 20, "pr": "batting_fielding_first=1", "rn": 117, "fo": 10, "si": 2, "ft": 0, "hn": 0, "bf": 99, "dk": 3, "no": 8, "hs": "23*", "bta": 9.75, "btsr": 118.18}, {"tt": "matches fielding first", "sp": "2015-2021", "mt": 24, "in": 17, "pr": "batting_fielding_first=2", "rn": 218, "fo": 14, "si": 9, "ft": 0, "hn": 0, "bf": 165, "dk": 1, "no": 7, "hs": "37", "bta": 21.8, "btsr": 132.12}]}, {"type": "TEAM_INNINGS", "stats": [{"tt": "1st team innings", "sp": "2015-2021", "mt": 51, "in": 37, "pr": null, "rn": 335, "fo": 24, "si": 11, "ft": 0, "hn": 0, "bf": 264, "dk": 4, "no": 15, "hs": "37", "bta": 15.22, "btsr": 126.89}]}, {"type": "MATCH_INNINGS", "stats": [{"tt": "1st match innings", "sp": "2016-2021", "mt": 28, "in": 20, "pr": "innings_number=1", "rn": 117, "fo": 10, "si": 2, "ft": 0, "hn": 0, "bf": 99, "dk": 3, "no": 8, "hs": "23*", "bta": 9.75, "btsr": 118.18}, {"tt": "2nd match innings", "sp": "2015-2021", "mt": 23, "in": 17, "pr": "innings_number=2", "rn": 218, "fo": 14, "si": 9, "ft": 0, "hn": 0, "bf": 165, "dk": 1, "no": 7, "hs": "37", "bta": 21.8, "btsr": 132.12}]}, {"type": "FLOODLIT", "stats": [{"tt": "day match", "sp": "2016-2021", "mt": 11, "in": 6, "pr": "floodlit=1", "rn": 43, "fo": 4, "si": 1, "ft": 0, "hn": 0, "bf": 28, "dk": 2, "no": 2, "hs": "23*", "bta": 10.75, "btsr": 153.57}, {"tt": "day/night match", "sp": "2015-2018", "mt": 7, "in": 5, "pr": "floodlit=2", "rn": 15, "fo": 0, "si": 0, "ft": 0, "hn": 0, "bf": 24, "dk": 1, "no": 1, "hs": "9", "bta": 3.75, "btsr": 62.5}, {"tt": "night match", "sp": "2016-2021", "mt": 34, "in": 26, "pr": "floodlit=3", "rn": 277, "fo": 20, "si": 10, "ft": 0, "hn": 0, "bf": 212, "dk": 1, "no": 12, "hs": "37", "bta": 19.78, "btsr": 130.66}]}, {"type": "RESULT", "stats": [{"tt": "won match", "sp": "2016-2021", "mt": 28, "in": 17, "pr": "result=1", "rn": 166, "fo": 10, "si": 8, "ft": 0, "hn": 0, "bf": 113, "dk": 2, "no": 9, "hs": "31*", "bta": 20.75, "btsr": 146.9}, {"tt": "lost match", "sp": "2015-2021", "mt": 19, "in": 18, "pr": "result=2", "rn": 158, "fo": 13, "si": 3, "ft": 0, "hn": 0, "bf": 138, "dk": 2, "no": 6, "hs": "37", "bta": 13.16, "btsr": 114.49}, {"tt": "tied match", "sp": "2019-2020", "mt": 3, "in": 2, "pr": "result=3", "rn": 11, "fo": 1, "si": 0, "ft": 0, "hn": 0, "bf": 13, "dk": 0, "no": 0, "hs": "9", "bta": 5.5, "btsr": 84.61}, {"tt": "no result", "sp": "2018-2020", "mt": 2, "in": null, "pr": "result=5", "rn": null, "fo": null, "si": null, "ft": null, "hn": null, "bf": null, "dk": null, "no": null, "hs": null, "bta": null, "btsr": null}]}, {"type": "BATTING_FIELDING_SEQUENCE_AND_RESULT", "stats": [{"tt": "won batting first", "sp": "2016-2021", "mt": 19, "in": 13, "pr": "batting_fielding_first=1;result=1", "rn": 99, "fo": 9, "si": 2, "ft": 0, "hn": 0, "bf": 77, "dk": 2, "no": 5, "hs": "23*", "bta": 12.37, "btsr": 128.57}, {"tt": "won fielding first", "sp": "2016-2021", "mt": 9, "in": 4, "pr": "batting_fielding_first=2;result=1", "rn": 67, "fo": 1, "si": 6, "ft": 0, "hn": 0, "bf": 36, "dk": 0, "no": 4, "hs": "31*", "bta": null, "btsr": 186.11}, {"tt": "lost batting first", "sp": "2016-2020", "mt": 7, "in": 7, "pr": "batting_fielding_first=1;result=2", "rn": 18, "fo": 1, "si": 0, "ft": 0, "hn": 0, "bf": 22, "dk": 1, "no": 3, "hs": "7", "bta": 4.5, "btsr": 81.81}, {"tt": "lost fielding first", "sp": "2015-2021", "mt": 12, "in": 11, "pr": "batting_fielding_first=2;result=2", "rn": 140, "fo": 12, "si": 3, "ft": 0, "hn": 0, "bf": 116, "dk": 1, "no": 3, "hs": "37", "bta": 17.5, "btsr": 120.68}, {"tt": "tied batting first", "sp": "2019-2019", "mt": 1, "in": null, "pr": "batting_fielding_first=1;result=3", "rn": null, "fo": null, "si": null, "ft": null, "hn": null, "bf": null, "dk": null, "no": null, "hs": null, "bta": null, "btsr": null}, {"tt": "tied fielding first", "sp": "2020-2020", "mt": 2, "in": 2, "pr": "batting_fielding_first=2;result=3", "rn": 11, "fo": 1, "si": 0, "ft": 0, "hn": 0, "bf": 13, "dk": 0, "no": 0, "hs": "9", "bta": 5.5, "btsr": 84.61}, {"tt": "no result batting first", "sp": "2018-2018", "mt": 1, "in": null, "pr": "batting_fielding_first=1;result=5", "rn": null, "fo": null, "si": null, "ft": null, "hn": null, "bf": null, "dk": null, "no": null, "hs": null, "bta": null, "btsr": null}, {"tt": "no result fielding first", "sp": "2020-2020", "mt": 1, "in": null, "pr": "batting_fielding_first=2;result=5", "rn": null, "fo": null, "si": null, "ft": null, "hn": null, "bf": null, "dk": null, "no": null, "hs": null, "bta": null, "btsr": null}]}, {"type": "TOURNAMENT_TYPE", "stats": [{"tt": "2 team series", "sp": "2015-2021", "mt": 43, "in": 31, "pr": "tournament_type=2", "rn": 305, "fo": 21, "si": 11, "ft": 0, "hn": 0, "bf": 232, "dk": 3, "no": 15, "hs": "37", "bta": 19.06, "btsr": 131.46}, {"tt": "3-4 team tournaments", "sp": "2018-2018", "mt": 4, "in": 2, "pr": "tournament_type=3", "rn": 1, "fo": 0, "si": 0, "ft": 0, "hn": 0, "bf": 5, "dk": 1, "no": 0, "hs": "1", "bta": 0.5, "btsr": 20}, {"tt": "5+ team tournaments", "sp": "2016-2016", "mt": 5, "in": 4, "pr": "tournament_type=5", "rn": 29, "fo": 3, "si": 0, "ft": 0, "hn": 0, "bf": 27, "dk": 0, "no": 0, "hs": "18", "bta": 7.25, "btsr": 107.4}]}, {"type": "MATCH_NUMBER", "stats": [{"tt": "only match in series", "sp": "2015-2019", "mt": 3, "in": 3, "pr": "match_number=0", "rn": 27, "fo": 2, "si": 0, "ft": 0, "hn": 0, "bf": 35, "dk": 0, "no": 0, "hs": "13", "bta": 9, "btsr": 77.14}, {"tt": "1st match in series", "sp": "2016-2021", "mt": 12, "in": 10, "pr": "match_number=1", "rn": 124, "fo": 6, "si": 8, "ft": 0, "hn": 0, "bf": 75, "dk": 1, "no": 9, "hs": "31*", "bta": 124, "btsr": 165.33}, {"tt": "2nd match in series", "sp": "2016-2021", "mt": 12, "in": 7, "pr": "match_number=2", "rn": 58, "fo": 5, "si": 1, "ft": 0, "hn": 0, "bf": 45, "dk": 2, "no": 2, "hs": "37", "bta": 11.6, "btsr": 128.88}, {"tt": "3rd match in series", "sp": "2016-2020", "mt": 10, "in": 7, "pr": "match_number=3", "rn": 75, "fo": 7, "si": 2, "ft": 0, "hn": 0, "bf": 55, "dk": 0, "no": 4, "hs": "24*", "bta": 25, "btsr": 136.36}, {"tt": "4th match in series", "sp": "2019-2021", "mt": 3, "in": 3, "pr": "match_number=4", "rn": 15, "fo": 1, "si": 0, "ft": 0, "hn": 0, "bf": 15, "dk": 0, "no": 0, "hs": "10", "bta": 5, "btsr": 100}, {"tt": "5th match in series", "sp": "2019-2021", "mt": 3, "in": 1, "pr": "match_number=5", "rn": 6, "fo": 0, "si": 0, "ft": 0, "hn": 0, "bf": 7, "dk": 0, "no": 0, "hs": "6", "bta": 6, "btsr": 85.71}]}, {"type": "MAJOR_TROPHY", "stats": [{"tt": "Men's T20 World Cup", "sp": "2016-2016", "mt": 5, "in": 4, "pr": "trophy=89", "rn": 29, "fo": 3, "si": 0, "ft": 0, "hn": 0, "bf": 27, "dk": 0, "no": 0, "hs": "18", "bta": 7.25, "btsr": 107.4}]}, {"type": "FINAL_TYPE", "stats": [{"tt": "tournament finals", "sp": "2018-2018", "mt": 1, "in": 1, "pr": "final_type=1", "rn": 0, "fo": 0, "si": 0, "ft": 0, "hn": 0, "bf": 1, "dk": 1, "no": 0, "hs": "0", "bta": 0, "btsr": 0}, {"tt": "tournament semi-finals", "sp": "2016-2016", "mt": 1, "in": 1, "pr": "final_type=3", "rn": 7, "fo": 1, "si": 0, "ft": 0, "hn": 0, "bf": 6, "dk": 0, "no": 0, "hs": "7", "bta": 7, "btsr": 116.66}, {"tt": "preliminary matches", "sp": "2016-2018", "mt": 7, "in": 4, "pr": "final_type=0", "rn": 23, "fo": 2, "si": 0, "ft": 0, "hn": 0, "bf": 25, "dk": 0, "no": 0, "hs": "18", "bta": 5.75, "btsr": 92}]}, {"type": "BATTING_POSITION", "stats": [{"tt": "4th position", "sp": "2020-2020", "mt": 1, "in": 1, "pr": "batting_positionval1=batting_position;batting_positionmin1=4;batting_positionmax1=4", "rn": 9, "fo": 1, "si": 0, "ft": 0, "hn": 0, "bf": 11, "dk": 0, "no": 0, "hs": "9", "bta": 9, "btsr": 81.81}, {"tt": "6th position", "sp": "2016-2019", "mt": 2, "in": 2, "pr": "batting_positionval1=batting_position;batting_positionmin1=6;batting_positionmax1=6", "rn": 31, "fo": 3, "si": 0, "ft": 0, "hn": 0, "bf": 33, "dk": 0, "no": 0, "hs": "18", "bta": 15.5, "btsr": 93.93}, {"tt": "7th position", "sp": "2015-2021", "mt": 23, "in": 23, "pr": "batting_positionval1=batting_position;batting_positionmin1=7;batting_positionmax1=7", "rn": 218, "fo": 13, "si": 8, "ft": 0, "hn": 0, "bf": 161, "dk": 3, "no": 11, "hs": "37", "bta": 18.16, "btsr": 135.4}, {"tt": "8th position", "sp": "2016-2019", "mt": 11, "in": 11, "pr": "batting_positionval1=batting_position;batting_positionmin1=8;batting_positionmax1=8", "rn": 77, "fo": 7, "si": 3, "ft": 0, "hn": 0, "bf": 59, "dk": 1, "no": 4, "hs": "27*", "bta": 11, "btsr": 130.5}]}]}}