{"summary": {"recordClassId": 2, "type": "BOWLING", "groups": [{"type": "CAREER_AVERAGES", "stats": [{"bl": null, "tt": "overview", "sp": "2015-2021", "mt": 75, "in": 70, "pr": null, "ov": 564.1, "cd": 2742, "md": 12, "wk": 75, "fwk": 0, "fw": 1, "tw": 0, "bbi": "5/50", "bbm": "5/50", "bwa": 36.56, "bwe": 4.86, "bwsr": 45.1}]}, {"type": "OPPOSITION_TEAM", "stats": [{"bl": null, "tt": "vs Afghanistan", "sp": "2019-2019", "mt": 1, "in": null, "pr": "opposition=40", "ov": null, "cd": null, "md": null, "wk": null, "fwk": null, "fw": null, "tw": null, "bbi": null, "bbm": null, "bwa": null, "bwe": null, "bwsr": null}, {"bl": null, "tt": "vs Australia", "sp": "2016-2020", "mt": 10, "in": 9, "pr": "opposition=2", "ov": 71.2, "cd": 328, "md": 1, "wk": 15, "fwk": 0, "fw": 0, "tw": 0, "bbi": "3/44", "bbm": "3/44", "bwa": 21.86, "bwe": 4.59, "bwsr": 28.5}, {"bl": null, "tt": "vs Bangladesh", "sp": "2016-2021", "mt": 12, "in": 12, "pr": "opposition=25", "ov": 107, "cd": 468, "md": 5, "wk": 14, "fwk": 0, "fw": 0, "tw": 0, "bbi": "3/45", "bbm": "3/45", "bwa": 33.42, "bwe": 4.37, "bwsr": 45.8}, {"bl": null, "tt": "vs England", "sp": "2015-2019", "mt": 13, "in": 13, "pr": "opposition=1", "ov": 90.5, "cd": 567, "md": 0, "wk": 12, "fwk": 0, "fw": 0, "tw": 0, "bbi": "3/31", "bbm": "3/31", "bwa": 47.25, "bwe": 6.24, "bwsr": 45.4}, {"bl": null, "tt": "vs India", "sp": "2016-2020", "mt": 15, "in": 14, "pr": "opposition=6", "ov": 126, "cd": 567, "md": 2, "wk": 10, "fwk": 0, "fw": 0, "tw": 0, "bbi": "2/34", "bbm": "2/34", "bwa": 56.7, "bwe": 4.5, "bwsr": 75.6}, {"bl": null, "tt": "vs Ireland", "sp": "2017-2017", "mt": 2, "in": 2, "pr": "opposition=29", "ov": 17, "cd": 77, "md": 0, "wk": 6, "fwk": 0, "fw": 1, "tw": 0, "bbi": "5/50", "bbm": "5/50", "bwa": 12.83, "bwe": 4.52, "bwsr": 17}, {"bl": null, "tt": "vs Pakistan", "sp": "2016-2019", "mt": 8, "in": 7, "pr": "opposition=7", "ov": 59, "cd": 286, "md": 2, "wk": 7, "fwk": 0, "fw": 0, "tw": 0, "bbi": "3/40", "bbm": "3/40", "bwa": 40.85, "bwe": 4.84, "bwsr": 50.5}, {"bl": null, "tt": "vs South Africa", "sp": "2017-2019", "mt": 6, "in": 6, "pr": "opposition=3", "ov": 48, "cd": 218, "md": 0, "wk": 6, "fwk": 0, "fw": 0, "tw": 0, "bbi": "2/46", "bbm": "2/46", "bwa": 36.33, "bwe": 4.54, "bwsr": 48}, {"bl": null, "tt": "vs Sri Lanka", "sp": "2015-2019", "mt": 6, "in": 5, "pr": "opposition=8", "ov": 30, "cd": 155, "md": 1, "wk": 2, "fwk": 0, "fw": 0, "tw": 0, "bbi": "1/5", "bbm": "1/5", "bwa": 77.5, "bwe": 5.16, "bwsr": 90}, {"bl": null, "tt": "vs West Indies", "sp": "2017-2019", "mt": 2, "in": 2, "pr": "opposition=4", "ov": 15, "cd": 76, "md": 1, "wk": 3, "fwk": 0, "fw": 0, "tw": 0, "bbi": "3/15", "bbm": "3/15", "bwa": 25.33, "bwe": 5.06, "bwsr": 30}]}, {"type": "HOST_COUNTRY", "stats": [{"bl": null, "tt": "in Australia", "sp": "2016-2020", "mt": 4, "in": 4, "pr": "host=2", "ov": 38, "cd": 164, "md": 0, "wk": 5, "fwk": 0, "fw": 0, "tw": 0, "bbi": "2/34", "bbm": "2/34", "bwa": 32.8, "bwe": 4.31, "bwsr": 45.6}, {"bl": null, "tt": "in England", "sp": "2015-2019", "mt": 18, "in": 16, "pr": "host=1", "ov": 115, "cd": 654, "md": 4, "wk": 14, "fwk": 0, "fw": 0, "tw": 0, "bbi": "3/31", "bbm": "3/31", "bwa": 46.71, "bwe": 5.68, "bwsr": 49.2}, {"bl": null, "tt": "in India", "sp": "2016-2017", "mt": 8, "in": 8, "pr": "host=6", "ov": 76, "cd": 321, "md": 0, "wk": 7, "fwk": 0, "fw": 0, "tw": 0, "bbi": "2/58", "bbm": "2/58", "bwa": 45.85, "bwe": 4.22, "bwsr": 65.1}, {"bl": null, "tt": "in Ireland", "sp": "2017-2017", "mt": 4, "in": 4, "pr": "host=29", "ov": 37, "cd": 166, "md": 1, "wk": 8, "fwk": 0, "fw": 1, "tw": 0, "bbi": "5/50", "bbm": "5/50", "bwa": 20.75, "bwe": 4.48, "bwsr": 27.7}, {"bl": null, "tt": "in New Zealand", "sp": "2015-2021", "mt": 41, "in": 38, "pr": "host=5", "ov": 298.1, "cd": 1437, "md": 7, "wk": 41, "fwk": 0, "fw": 0, "tw": 0, "bbi": "3/15", "bbm": "3/15", "bwa": 35.04, "bwe": 4.81, "bwsr": 43.6}]}, {"type": "CONTINENT", "stats": [{"bl": null, "tt": "in Asia", "sp": "2016-2017", "mt": 8, "in": 8, "pr": "continent=2", "ov": 76, "cd": 321, "md": 0, "wk": 7, "fwk": 0, "fw": 0, "tw": 0, "bbi": "2/58", "bbm": "2/58", "bwa": 45.85, "bwe": 4.22, "bwsr": 65.1}, {"bl": null, "tt": "in Europe", "sp": "2015-2019", "mt": 22, "in": 20, "pr": "continent=4", "ov": 152, "cd": 820, "md": 5, "wk": 22, "fwk": 0, "fw": 1, "tw": 0, "bbi": "5/50", "bbm": "5/50", "bwa": 37.27, "bwe": 5.39, "bwsr": 41.4}, {"bl": null, "tt": "in Oceania", "sp": "2015-2021", "mt": 45, "in": 42, "pr": "continent=5", "ov": 336.1, "cd": 1601, "md": 7, "wk": 46, "fwk": 0, "fw": 0, "tw": 0, "bbi": "3/15", "bbm": "3/15", "bwa": 34.8, "bwe": 4.76, "bwsr": 43.8}]}, {"type": "HOME_OR_AWAY", "stats": [{"bl": null, "tt": "home", "sp": "2015-2021", "mt": 41, "in": 38, "pr": "home_or_away=1", "ov": 298.1, "cd": 1437, "md": 7, "wk": 41, "fwk": 0, "fw": 0, "tw": 0, "bbi": "3/15", "bbm": "3/15", "bwa": 35.04, "bwe": 4.81, "bwsr": 43.6}, {"bl": null, "tt": "away", "sp": "2015-2020", "mt": 22, "in": 22, "pr": "home_or_away=2", "ov": 182, "cd": 922, "md": 0, "wk": 27, "fwk": 0, "fw": 1, "tw": 0, "bbi": "5/50", "bbm": "5/50", "bwa": 34.14, "bwe": 5.06, "bwsr": 40.4}, {"bl": null, "tt": "neutral", "sp": "2017-2019", "mt": 12, "in": 10, "pr": "home_or_away=3", "ov": 84, "cd": 383, "md": 5, "wk": 7, "fwk": 0, "fw": 0, "tw": 0, "bbi": "2/34", "bbm": "2/34", "bwa": 54.71, "bwe": 4.55, "bwsr": 72}]}, {"type": "YEAR", "stats": [{"bl": null, "tt": "year 2015", "sp": null, "mt": 8, "in": 8, "pr": "year=2015", "ov": 49, "cd": 326, "md": 0, "wk": 7, "fwk": 0, "fw": 0, "tw": 0, "bbi": "3/31", "bbm": "3/31", "bwa": 46.57, "bwe": 6.65, "bwsr": 42}, {"bl": null, "tt": "year 2016", "sp": null, "mt": 17, "in": 16, "pr": "year=2016", "ov": 134.2, "cd": 626, "md": 2, "wk": 18, "fwk": 0, "fw": 0, "tw": 0, "bbi": "3/47", "bbm": "3/47", "bwa": 34.77, "bwe": 4.66, "bwsr": 44.7}, {"bl": null, "tt": "year 2017", "sp": null, "mt": 18, "in": 17, "pr": "year=2017", "ov": 149, "cd": 686, "md": 2, "wk": 26, "fwk": 0, "fw": 1, "tw": 0, "bbi": "5/50", "bbm": "5/50", "bwa": 26.38, "bwe": 4.6, "bwsr": 34.3}, {"bl": null, "tt": "year 2018", "sp": null, "mt": 10, "in": 9, "pr": "year=2018", "ov": 75.5, "cd": 363, "md": 2, "wk": 8, "fwk": 0, "fw": 0, "tw": 0, "bbi": "3/40", "bbm": "3/40", "bwa": 45.37, "bwe": 4.78, "bwsr": 56.8}, {"bl": null, "tt": "year 2019", "sp": null, "mt": 16, "in": 14, "pr": "year=2019", "ov": 105, "cd": 509, "md": 6, "wk": 10, "fwk": 0, "fw": 0, "tw": 0, "bbi": "3/45", "bbm": "3/45", "bwa": 50.9, "bwe": 4.84, "bwsr": 63}, {"bl": null, "tt": "year 2020", "sp": null, "mt": 3, "in": 3, "pr": "year=2020", "ov": 30, "cd": 151, "md": 0, "wk": 2, "fwk": 0, "fw": 0, "tw": 0, "bbi": "2/34", "bbm": "2/34", "bwa": 75.5, "bwe": 5.03, "bwsr": 90}, {"bl": null, "tt": "year 2021", "sp": null, "mt": 3, "in": 3, "pr": "year=2021", "ov": 21, "cd": 81, "md": 0, "wk": 4, "fwk": 0, "fw": 0, "tw": 0, "bbi": "2/23", "bbm": "2/23", "bwa": 20.25, "bwe": 3.85, "bwsr": 31.5}]}, {"type": "SEASON", "stats": [{"bl": null, "tt": "season 2015", "sp": null, "mt": 5, "in": 5, "pr": "season=2015", "ov": 30, "cd": 230, "md": 0, "wk": 7, "fwk": 0, "fw": 0, "tw": 0, "bbi": "3/31", "bbm": "3/31", "bwa": 32.85, "bwe": 7.66, "bwsr": 25.7}, {"bl": null, "tt": "season 2015/16", "sp": null, "mt": 9, "in": 8, "pr": "season=2015/16", "ov": 51.2, "cd": 289, "md": 1, "wk": 8, "fwk": 0, "fw": 0, "tw": 0, "bbi": "3/47", "bbm": "3/47", "bwa": 36.12, "bwe": 5.62, "bwsr": 38.5}, {"bl": null, "tt": "season 2016/17", "sp": null, "mt": 18, "in": 18, "pr": "season=2016/17", "ov": 161, "cd": 700, "md": 2, "wk": 20, "fwk": 0, "fw": 0, "tw": 0, "bbi": "3/44", "bbm": "3/44", "bwa": 35, "bwe": 4.34, "bwsr": 48.3}, {"bl": null, "tt": "season 2017", "sp": null, "mt": 7, "in": 6, "pr": "season=2017", "ov": 55, "cd": 267, "md": 1, "wk": 9, "fwk": 0, "fw": 1, "tw": 0, "bbi": "5/50", "bbm": "5/50", "bwa": 29.66, "bwe": 4.85, "bwsr": 36.6}, {"bl": null, "tt": "season 2017/18", "sp": null, "mt": 14, "in": 13, "pr": "season=2017/18", "ov": 110.5, "cd": 515, "md": 2, "wk": 15, "fwk": 0, "fw": 0, "tw": 0, "bbi": "3/15", "bbm": "3/15", "bwa": 34.33, "bwe": 4.64, "bwsr": 44.3}, {"bl": null, "tt": "season 2018/19", "sp": null, "mt": 6, "in": 5, "pr": "season=2018/19", "ov": 38, "cd": 186, "md": 2, "wk": 4, "fwk": 0, "fw": 0, "tw": 0, "bbi": "3/45", "bbm": "3/45", "bwa": 46.5, "bwe": 4.89, "bwsr": 57}, {"bl": null, "tt": "season 2019", "sp": null, "mt": 10, "in": 9, "pr": "season=2019", "ov": 67, "cd": 323, "md": 4, "wk": 6, "fwk": 0, "fw": 0, "tw": 0, "bbi": "2/34", "bbm": "2/34", "bwa": 53.83, "bwe": 4.82, "bwsr": 67}, {"bl": null, "tt": "season 2019/20", "sp": null, "mt": 3, "in": 3, "pr": "season=2019/20", "ov": 30, "cd": 151, "md": 0, "wk": 2, "fwk": 0, "fw": 0, "tw": 0, "bbi": "2/34", "bbm": "2/34", "bwa": 75.5, "bwe": 5.03, "bwsr": 90}, {"bl": null, "tt": "season 2020/21", "sp": null, "mt": 3, "in": 3, "pr": "season=2020/21", "ov": 21, "cd": 81, "md": 0, "wk": 4, "fwk": 0, "fw": 0, "tw": 0, "bbi": "2/23", "bbm": "2/23", "bwa": 20.25, "bwe": 3.85, "bwsr": 31.5}]}, {"type": "CAPTAINS_INVOLVED", "stats": [{"bl": null, "tt": "*TWM Latham", "sp": "2017-2021", "mt": 10, "in": 10, "pr": "captain_involve=59148", "ov": 83, "cd": 366, "md": 3, "wk": 15, "fwk": 0, "fw": 1, "tw": 0, "bbi": "5/50", "bbm": "5/50", "bwa": 24.4, "bwe": 4.4, "bwsr": 33.2}, {"bl": null, "tt": "*BB McCullum", "sp": "2015-2016", "mt": 10, "in": 10, "pr": "captain_involve=10384", "ov": 54.2, "cd": 370, "md": 0, "wk": 13, "fwk": 0, "fw": 0, "tw": 0, "bbi": "3/31", "bbm": "3/31", "bwa": 28.46, "bwe": 6.8, "bwsr": 25}, {"bl": null, "tt": "*TG Southee", "sp": "2018-2018", "mt": 1, "in": 1, "pr": "captain_involve=49108", "ov": 7.5, "cd": 40, "md": 0, "wk": 0, "fwk": 0, "fw": 0, "tw": 0, "bbi": null, "bbm": null, "bwa": null, "bwe": 5.1, "bwsr": null}, {"bl": null, "tt": "*KS Williamson", "sp": "2015-2020", "mt": 54, "in": 49, "pr": "captain_involve=51088", "ov": 419, "cd": 1966, "md": 9, "wk": 47, "fwk": 0, "fw": 0, "tw": 0, "bbi": "3/40", "bbm": "3/40", "bwa": 41.82, "bwe": 4.69, "bwsr": 53.4}]}, {"type": "CAPTAIN", "stats": [{"bl": null, "tt": "is not captain", "sp": "2015-2021", "mt": 75, "in": 70, "pr": "captain=0", "ov": 564.1, "cd": 2742, "md": 12, "wk": 75, "fwk": 0, "fw": 1, "tw": 0, "bbi": "5/50", "bbm": "5/50", "bwa": 36.56, "bwe": 4.86, "bwsr": 45.1}]}, {"type": "KEEPER", "stats": [{"bl": null, "tt": "is not keeper", "sp": "2015-2021", "mt": 75, "in": 70, "pr": "keeper=0", "ov": 564.1, "cd": 2742, "md": 12, "wk": 75, "fwk": 0, "fw": 1, "tw": 0, "bbi": "5/50", "bbm": "5/50", "bwa": 36.56, "bwe": 4.86, "bwsr": 45.1}]}, {"type": "TOSS", "stats": [{"bl": null, "tt": "won the toss", "sp": "2015-2021", "mt": 36, "in": 32, "pr": "toss=1", "ov": 266, "cd": 1331, "md": 4, "wk": 34, "fwk": 0, "fw": 0, "tw": 0, "bbi": "3/15", "bbm": "3/15", "bwa": 39.14, "bwe": 5, "bwsr": 46.9}, {"bl": null, "tt": "lost the toss", "sp": "2015-2020", "mt": 39, "in": 38, "pr": "toss=2", "ov": 298.1, "cd": 1411, "md": 8, "wk": 41, "fwk": 0, "fw": 1, "tw": 0, "bbi": "5/50", "bbm": "5/50", "bwa": 34.41, "bwe": 4.73, "bwsr": 43.6}]}, {"type": "BATTING_FIELDING_SEQUENCE_AND_TOSS", "stats": [{"bl": null, "tt": "won toss &amp; batted", "sp": "2015-2021", "mt": 19, "in": 17, "pr": "batting_fielding_first=1;toss=1", "ov": 139, "cd": 667, "md": 2, "wk": 19, "fwk": 0, "fw": 0, "tw": 0, "bbi": "3/15", "bbm": "3/15", "bwa": 35.1, "bwe": 4.79, "bwsr": 43.8}, {"bl": null, "tt": "won toss &amp; fielded", "sp": "2015-2021", "mt": 17, "in": 15, "pr": "batting_fielding_first=2;toss=1", "ov": 127, "cd": 664, "md": 2, "wk": 15, "fwk": 0, "fw": 0, "tw": 0, "bbi": "2/23", "bbm": "2/23", "bwa": 44.26, "bwe": 5.22, "bwsr": 50.8}, {"bl": null, "tt": "lost toss &amp; sent in", "sp": "2015-2019", "mt": 21, "in": 20, "pr": "batting_fielding_first=1;toss=2", "ov": 157.1, "cd": 743, "md": 7, "wk": 23, "fwk": 0, "fw": 1, "tw": 0, "bbi": "5/50", "bbm": "5/50", "bwa": 32.3, "bwe": 4.72, "bwsr": 41}, {"bl": null, "tt": "lost toss &amp; fielded", "sp": "2015-2020", "mt": 18, "in": 18, "pr": "batting_fielding_first=2;toss=2", "ov": 141, "cd": 668, "md": 1, "wk": 18, "fwk": 0, "fw": 0, "tw": 0, "bbi": "3/45", "bbm": "3/45", "bwa": 37.11, "bwe": 4.73, "bwsr": 47}]}, {"type": "BATTING_FIELDING_SEQUENCE", "stats": [{"bl": null, "tt": "matches batting first", "sp": "2015-2021", "mt": 40, "in": 37, "pr": "batting_fielding_first=1", "ov": 296.1, "cd": 1410, "md": 9, "wk": 42, "fwk": 0, "fw": 1, "tw": 0, "bbi": "5/50", "bbm": "5/50", "bwa": 33.57, "bwe": 4.76, "bwsr": 42.3}, {"bl": null, "tt": "matches fielding first", "sp": "2015-2021", "mt": 35, "in": 33, "pr": "batting_fielding_first=2", "ov": 268, "cd": 1332, "md": 3, "wk": 33, "fwk": 0, "fw": 0, "tw": 0, "bbi": "3/45", "bbm": "3/45", "bwa": 40.36, "bwe": 4.97, "bwsr": 48.7}]}, {"type": "TEAM_INNINGS", "stats": [{"bl": null, "tt": "1st team innings", "sp": "2015-2021", "mt": 74, "in": 70, "pr": "innings_number=1;innings_number=2", "ov": 564.1, "cd": 2742, "md": 12, "wk": 75, "fwk": 0, "fw": 1, "tw": 0, "bbi": "5/50", "bbm": "5/50", "bwa": 36.56, "bwe": 4.86, "bwsr": 45.1}]}, {"type": "MATCH_INNINGS", "stats": [{"bl": null, "tt": "1st match innings", "sp": "2015-2021", "mt": 35, "in": 33, "pr": "innings_number=1", "ov": 268, "cd": 1332, "md": 3, "wk": 33, "fwk": 0, "fw": 0, "tw": 0, "bbi": "3/45", "bbm": "3/45", "bwa": 40.36, "bwe": 4.97, "bwsr": 48.7}, {"bl": null, "tt": "2nd match innings", "sp": "2015-2021", "mt": 39, "in": 37, "pr": "innings_number=2", "ov": 296.1, "cd": 1410, "md": 9, "wk": 42, "fwk": 0, "fw": 1, "tw": 0, "bbi": "5/50", "bbm": "5/50", "bwa": 33.57, "bwe": 4.76, "bwsr": 42.3}]}, {"type": "FLOODLIT", "stats": [{"bl": null, "tt": "day match", "sp": "2015-2021", "mt": 38, "in": 35, "pr": "floodlit=1", "ov": 281, "cd": 1332, "md": 10, "wk": 42, "fwk": 0, "fw": 1, "tw": 0, "bbi": "5/50", "bbm": "5/50", "bwa": 31.71, "bwe": 4.74, "bwsr": 40.1}, {"bl": null, "tt": "day/night match", "sp": "2015-2021", "mt": 37, "in": 35, "pr": "floodlit=2", "ov": 283.1, "cd": 1410, "md": 2, "wk": 33, "fwk": 0, "fw": 0, "tw": 0, "bbi": "3/45", "bbm": "3/45", "bwa": 42.72, "bwe": 4.97, "bwsr": 51.4}]}, {"type": "RESULT", "stats": [{"bl": null, "tt": "won match", "sp": "2015-2021", "mt": 43, "in": 40, "pr": "result=1", "ov": 329.2, "cd": 1583, "md": 12, "wk": 52, "fwk": 0, "fw": 1, "tw": 0, "bbi": "5/50", "bbm": "5/50", "bwa": 30.44, "bwe": 4.8, "bwsr": 38}, {"bl": null, "tt": "lost match", "sp": "2015-2020", "mt": 29, "in": 29, "pr": "result=2", "ov": 231.5, "cd": 1148, "md": 0, "wk": 23, "fwk": 0, "fw": 0, "tw": 0, "bbi": "3/31", "bbm": "3/31", "bwa": 49.91, "bwe": 4.95, "bwsr": 60.4}, {"bl": null, "tt": "tied match", "sp": "2019-2019", "mt": 1, "in": 1, "pr": "result=3", "ov": 3, "cd": 11, "md": 0, "wk": 0, "fwk": 0, "fw": 0, "tw": 0, "bbi": null, "bbm": null, "bwa": null, "bwe": 3.66, "bwsr": null}, {"bl": null, "tt": "no result", "sp": "2016-2017", "mt": 2, "in": null, "pr": "result=5", "ov": null, "cd": null, "md": null, "wk": null, "fwk": null, "fw": null, "tw": null, "bbi": null, "bbm": null, "bwa": null, "bwe": null, "bwsr": null}]}, {"type": "BATTING_FIELDING_SEQUENCE_AND_RESULT", "stats": [{"bl": null, "tt": "won batting first", "sp": "2015-2021", "mt": 21, "in": 20, "pr": "batting_fielding_first=1;result=1", "ov": 163.2, "cd": 790, "md": 9, "wk": 31, "fwk": 0, "fw": 1, "tw": 0, "bbi": "5/50", "bbm": "5/50", "bwa": 25.48, "bwe": 4.83, "bwsr": 31.6}, {"bl": null, "tt": "won fielding first", "sp": "2015-2021", "mt": 22, "in": 20, "pr": "batting_fielding_first=2;result=1", "ov": 166, "cd": 793, "md": 3, "wk": 21, "fwk": 0, "fw": 0, "tw": 0, "bbi": "3/45", "bbm": "3/45", "bwa": 37.76, "bwe": 4.77, "bwsr": 47.4}, {"bl": null, "tt": "lost batting first", "sp": "2015-2019", "mt": 16, "in": 16, "pr": "batting_fielding_first=1;result=2", "ov": 129.5, "cd": 609, "md": 0, "wk": 11, "fwk": 0, "fw": 0, "tw": 0, "bbi": "3/31", "bbm": "3/31", "bwa": 55.36, "bwe": 4.69, "bwsr": 70.8}, {"bl": null, "tt": "lost fielding first", "sp": "2015-2020", "mt": 13, "in": 13, "pr": "batting_fielding_first=2;result=2", "ov": 102, "cd": 539, "md": 0, "wk": 12, "fwk": 0, "fw": 0, "tw": 0, "bbi": "2/34", "bbm": "2/34", "bwa": 44.91, "bwe": 5.28, "bwsr": 51}, {"bl": null, "tt": "tied batting first", "sp": "2019-2019", "mt": 1, "in": 1, "pr": "batting_fielding_first=1;result=3", "ov": 3, "cd": 11, "md": 0, "wk": 0, "fwk": 0, "fw": 0, "tw": 0, "bbi": null, "bbm": null, "bwa": null, "bwe": 3.66, "bwsr": null}, {"bl": null, "tt": "no result batting first", "sp": "2016-2017", "mt": 2, "in": null, "pr": "batting_fielding_first=1;result=5", "ov": null, "cd": null, "md": null, "wk": null, "fwk": null, "fw": null, "tw": null, "bbi": null, "bbm": null, "bwa": null, "bwe": null, "bwsr": null}]}, {"type": "TOURNAMENT_TYPE", "stats": [{"bl": null, "tt": "2 team series", "sp": "2015-2021", "mt": 58, "in": 55, "pr": "tournament_type=2", "ov": 442.1, "cd": 2152, "md": 7, "wk": 60, "fwk": 0, "fw": 0, "tw": 0, "bbi": "3/15", "bbm": "3/15", "bwa": 35.86, "bwe": 4.86, "bwsr": 44.2}, {"bl": null, "tt": "3-4 team tournaments", "sp": "2017-2017", "mt": 4, "in": 4, "pr": "tournament_type=3", "ov": 37, "cd": 166, "md": 1, "wk": 8, "fwk": 0, "fw": 1, "tw": 0, "bbi": "5/50", "bbm": "5/50", "bwa": 20.75, "bwe": 4.48, "bwsr": 27.7}, {"bl": null, "tt": "5+ team tournaments", "sp": "2017-2021", "mt": 16, "in": 14, "pr": "tournament_type=5", "ov": 106, "cd": 505, "md": 4, "wk": 11, "fwk": 0, "fw": 0, "tw": 0, "bbi": "2/23", "bbm": "2/23", "bwa": 45.9, "bwe": 4.76, "bwsr": 57.8}]}, {"type": "MATCH_NUMBER", "stats": [{"bl": null, "tt": "1st match in series", "sp": "2015-2021", "mt": 17, "in": 17, "pr": "match_number=1", "ov": 135.2, "cd": 654, "md": 2, "wk": 19, "fwk": 0, "fw": 0, "tw": 0, "bbi": "3/44", "bbm": "3/44", "bwa": 34.42, "bwe": 4.83, "bwsr": 42.7}, {"bl": null, "tt": "2nd match in series", "sp": "2015-2021", "mt": 11, "in": 11, "pr": "match_number=2", "ov": 93.5, "cd": 450, "md": 2, "wk": 14, "fwk": 0, "fw": 0, "tw": 0, "bbi": "3/47", "bbm": "3/47", "bwa": 32.14, "bwe": 4.79, "bwsr": 40.2}, {"bl": null, "tt": "3rd match in series", "sp": "2015-2021", "mt": 16, "in": 15, "pr": "match_number=3", "ov": 119, "cd": 606, "md": 2, "wk": 15, "fwk": 0, "fw": 0, "tw": 0, "bbi": "3/15", "bbm": "3/15", "bwa": 40.4, "bwe": 5.09, "bwsr": 47.6}, {"bl": null, "tt": "4th match in series", "sp": "2015-2019", "mt": 7, "in": 5, "pr": "match_number=4", "ov": 44, "cd": 210, "md": 0, "wk": 3, "fwk": 0, "fw": 0, "tw": 0, "bbi": "1/38", "bbm": "1/38", "bwa": 70, "bwe": 4.77, "bwsr": 88}, {"bl": null, "tt": "5th match in series", "sp": "2015-2019", "mt": 7, "in": 7, "pr": "match_number=5", "ov": 50, "cd": 232, "md": 1, "wk": 9, "fwk": 0, "fw": 0, "tw": 0, "bbi": "3/31", "bbm": "3/31", "bwa": 25.77, "bwe": 4.64, "bwsr": 33.3}]}, {"type": "MAJOR_TROPHY", "stats": [{"bl": null, "tt": "World Cup", "sp": "2019-2019", "mt": 10, "in": 9, "pr": "trophy=12", "ov": 67, "cd": 323, "md": 4, "wk": 6, "fwk": 0, "fw": 0, "tw": 0, "bbi": "2/34", "bbm": "2/34", "bwa": 53.83, "bwe": 4.82, "bwsr": 67}, {"bl": null, "tt": "Chappell-Hadlee", "sp": "2016-2020", "mt": 8, "in": 8, "pr": "trophy=65", "ov": 68.2, "cd": 305, "md": 1, "wk": 15, "fwk": 0, "fw": 0, "tw": 0, "bbi": "3/44", "bbm": "3/44", "bwa": 20.33, "bwe": 4.46, "bwsr": 27.3}, {"bl": null, "tt": "ICC Champions Trophy", "sp": "2017-2017", "mt": 3, "in": 2, "pr": "trophy=44", "ov": 18, "cd": 101, "md": 0, "wk": 1, "fwk": 0, "fw": 0, "tw": 0, "bbi": "1/54", "bbm": "1/54", "bwa": 101, "bwe": 5.61, "bwsr": 108}]}, {"type": "FINAL_TYPE", "stats": [{"bl": null, "tt": "tournament finals", "sp": "2019-2019", "mt": 1, "in": 1, "pr": "final_type=1", "ov": 3, "cd": 11, "md": 0, "wk": 0, "fwk": 0, "fw": 0, "tw": 0, "bbi": null, "bbm": null, "bwa": null, "bwe": 3.66, "bwsr": null}, {"bl": null, "tt": "tournament semi-finals", "sp": "2019-2019", "mt": 1, "in": 1, "pr": "final_type=3", "ov": 10, "cd": 34, "md": 2, "wk": 2, "fwk": 0, "fw": 0, "tw": 0, "bbi": "2/34", "bbm": "2/34", "bwa": 17, "bwe": 3.4, "bwsr": 30}, {"bl": null, "tt": "preliminary matches", "sp": "2017-2021", "mt": 18, "in": 16, "pr": "final_type=0", "ov": 130, "cd": 626, "md": 3, "wk": 17, "fwk": 0, "fw": 1, "tw": 0, "bbi": "5/50", "bbm": "5/50", "bwa": 36.82, "bwe": 4.81, "bwsr": 45.8}]}, {"type": "BOWLING_POSITION", "stats": [{"bl": null, "tt": "1st position", "sp": "2017-2019", "mt": 2, "in": 2, "pr": "bowling_positionval1=bowling_position;bowling_positionmin1=1;bowling_positionmax1=1", "ov": 17, "cd": 98, "md": 0, "wk": 2, "fwk": 0, "fw": 0, "tw": 0, "bbi": "1/33", "bbm": "1/33", "bwa": 49, "bwe": 5.76, "bwsr": 51}, {"bl": null, "tt": "2nd position", "sp": "2015-2017", "mt": 2, "in": 2, "pr": "bowling_positionval1=bowling_position;bowling_positionmin1=2;bowling_positionmax1=2", "ov": 16, "cd": 71, "md": 0, "wk": 4, "fwk": 0, "fw": 0, "tw": 0, "bbi": "3/31", "bbm": "3/31", "bwa": 17.75, "bwe": 4.43, "bwsr": 24}, {"bl": null, "tt": "3rd position", "sp": "2016-2018", "mt": 6, "in": 6, "pr": "bowling_positionval1=bowling_position;bowling_positionmin1=3;bowling_positionmax1=3", "ov": 49.5, "cd": 223, "md": 2, "wk": 5, "fwk": 0, "fw": 0, "tw": 0, "bbi": "2/54", "bbm": "2/54", "bwa": 44.6, "bwe": 4.47, "bwsr": 59.8}, {"bl": null, "tt": "4th position", "sp": "2015-2020", "mt": 16, "in": 16, "pr": "bowling_positionval1=bowling_position;bowling_positionmin1=4;bowling_positionmax1=4", "ov": 135, "cd": 632, "md": 3, "wk": 18, "fwk": 0, "fw": 0, "tw": 0, "bbi": "3/15", "bbm": "3/15", "bwa": 35.11, "bwe": 4.68, "bwsr": 45}, {"bl": null, "tt": "5th position", "sp": "2015-2021", "mt": 31, "in": 31, "pr": "bowling_positionval1=bowling_position;bowling_positionmin1=5;bowling_positionmax1=5", "ov": 270, "cd": 1335, "md": 4, "wk": 36, "fwk": 0, "fw": 1, "tw": 0, "bbi": "5/50", "bbm": "5/50", "bwa": 37.08, "bwe": 4.94, "bwsr": 45}, {"bl": null, "tt": "6th position", "sp": "2015-2021", "mt": 12, "in": 12, "pr": "bowling_positionval1=bowling_position;bowling_positionmin1=6;bowling_positionmax1=6", "ov": 66.2, "cd": 337, "md": 3, "wk": 8, "fwk": 0, "fw": 0, "tw": 0, "bbi": "2/0", "bbm": "2/0", "bwa": 42.12, "bwe": 5.08, "bwsr": 49.7}, {"bl": null, "tt": "7th position", "sp": "2017-2017", "mt": 1, "in": 1, "pr": "bowling_positionval1=bowling_position;bowling_positionmin1=7;bowling_positionmax1=7", "ov": 10, "cd": 46, "md": 0, "wk": 2, "fwk": 0, "fw": 0, "tw": 0, "bbi": "2/46", "bbm": "2/46", "bwa": 23, "bwe": 4.6, "bwsr": 30}]}]}}