{"summary": {"recordClassId": 2, "type": "BATTING", "groups": [{"type": "CAREER_AVERAGES", "stats": [{"tt": "overview", "sp": "2015-2021", "mt": 75, "in": 57, "pr": null, "rn": 927, "fo": 64, "si": 27, "ft": 2, "hn": 0, "bf": 1047, "dk": 3, "no": 23, "hs": "67", "bta": 27.26, "btsr": 88.53}]}, {"type": "OPPOSITION_TEAM", "stats": [{"tt": "vs Afghanistan", "sp": "2019-2019", "mt": 1, "in": null, "pr": "opposition=40", "rn": null, "fo": null, "si": null, "ft": null, "hn": null, "bf": null, "dk": null, "no": null, "hs": null, "bta": null, "btsr": null}, {"tt": "vs Australia", "sp": "2016-2020", "mt": 10, "in": 10, "pr": "opposition=2", "rn": 176, "fo": 12, "si": 6, "ft": 0, "hn": 0, "bf": 216, "dk": 1, "no": 3, "hs": "45*", "bta": 25.14, "btsr": 81.48}, {"tt": "vs Bangladesh", "sp": "2016-2021", "mt": 12, "in": 8, "pr": "opposition=25", "rn": 72, "fo": 3, "si": 1, "ft": 0, "hn": 0, "bf": 73, "dk": 1, "no": 6, "hs": "17*", "bta": 36, "btsr": 98.63}, {"tt": "vs England", "sp": "2015-2019", "mt": 13, "in": 12, "pr": "opposition=1", "rn": 333, "fo": 26, "si": 11, "ft": 2, "hn": 0, "bf": 327, "dk": 0, "no": 4, "hs": "67", "bta": 41.62, "btsr": 101.83}, {"tt": "vs India", "sp": "2016-2020", "mt": 15, "in": 12, "pr": "opposition=6", "rn": 135, "fo": 6, "si": 4, "ft": 0, "hn": 0, "bf": 178, "dk": 1, "no": 4, "hs": "29", "bta": 16.87, "btsr": 75.84}, {"tt": "vs Ireland", "sp": "2017-2017", "mt": 2, "in": 2, "pr": "opposition=29", "rn": 21, "fo": 2, "si": 1, "ft": 0, "hn": 0, "bf": 10, "dk": 0, "no": 2, "hs": "20*", "bta": null, "btsr": 210}, {"tt": "vs Pakistan", "sp": "2016-2019", "mt": 8, "in": 6, "pr": "opposition=7", "rn": 77, "fo": 8, "si": 0, "ft": 0, "hn": 0, "bf": 93, "dk": 0, "no": 2, "hs": "48", "bta": 19.25, "btsr": 82.79}, {"tt": "vs South Africa", "sp": "2017-2019", "mt": 6, "in": 4, "pr": "opposition=3", "rn": 44, "fo": 5, "si": 0, "ft": 0, "hn": 0, "bf": 88, "dk": 0, "no": 1, "hs": "24", "bta": 14.66, "btsr": 50}, {"tt": "vs Sri Lanka", "sp": "2015-2019", "mt": 6, "in": 2, "pr": "opposition=8", "rn": 59, "fo": 2, "si": 3, "ft": 0, "hn": 0, "bf": 57, "dk": 0, "no": 1, "hs": "38", "bta": 59, "btsr": 103.5}, {"tt": "vs West Indies", "sp": "2017-2019", "mt": 2, "in": 1, "pr": "opposition=4", "rn": 10, "fo": 0, "si": 1, "ft": 0, "hn": 0, "bf": 5, "dk": 0, "no": 0, "hs": "10", "bta": 10, "btsr": 200}]}, {"type": "HOST_COUNTRY", "stats": [{"tt": "in Australia", "sp": "2016-2020", "mt": 4, "in": 4, "pr": "host=2", "rn": 31, "fo": 4, "si": 0, "ft": 0, "hn": 0, "bf": 49, "dk": 1, "no": 0, "hs": "15", "bta": 7.75, "btsr": 63.26}, {"tt": "in England", "sp": "2015-2019", "mt": 18, "in": 16, "pr": "host=1", "rn": 194, "fo": 15, "si": 6, "ft": 0, "hn": 0, "bf": 208, "dk": 0, "no": 7, "hs": "44", "bta": 21.55, "btsr": 93.26}, {"tt": "in India", "sp": "2016-2017", "mt": 8, "in": 7, "pr": "host=6", "rn": 75, "fo": 3, "si": 2, "ft": 0, "hn": 0, "bf": 96, "dk": 1, "no": 2, "hs": "29", "bta": 15, "btsr": 78.12}, {"tt": "in Ireland", "sp": "2017-2017", "mt": 4, "in": 4, "pr": "host=29", "rn": 26, "fo": 3, "si": 1, "ft": 0, "hn": 0, "bf": 19, "dk": 1, "no": 3, "hs": "20*", "bta": 26, "btsr": 136.84}, {"tt": "in New Zealand", "sp": "2015-2021", "mt": 41, "in": 26, "pr": "host=5", "rn": 601, "fo": 39, "si": 18, "ft": 2, "hn": 0, "bf": 675, "dk": 0, "no": 11, "hs": "67", "bta": 40.06, "btsr": 89.03}]}, {"type": "CONTINENT", "stats": [{"tt": "in Asia", "sp": "2016-2017", "mt": 8, "in": 7, "pr": "continent=2", "rn": 75, "fo": 3, "si": 2, "ft": 0, "hn": 0, "bf": 96, "dk": 1, "no": 2, "hs": "29", "bta": 15, "btsr": 78.12}, {"tt": "in Europe", "sp": "2015-2019", "mt": 22, "in": 20, "pr": "continent=4", "rn": 220, "fo": 18, "si": 7, "ft": 0, "hn": 0, "bf": 227, "dk": 1, "no": 10, "hs": "44", "bta": 22, "btsr": 96.91}, {"tt": "in Oceania", "sp": "2015-2021", "mt": 45, "in": 30, "pr": "continent=5", "rn": 632, "fo": 43, "si": 18, "ft": 2, "hn": 0, "bf": 724, "dk": 1, "no": 11, "hs": "67", "bta": 33.26, "btsr": 87.29}]}, {"type": "HOME_OR_AWAY", "stats": [{"tt": "home", "sp": "2015-2021", "mt": 41, "in": 26, "pr": "home_or_away=1", "rn": 601, "fo": 39, "si": 18, "ft": 2, "hn": 0, "bf": 675, "dk": 0, "no": 11, "hs": "67", "bta": 40.06, "btsr": 89.03}, {"tt": "away", "sp": "2015-2020", "mt": 22, "in": 21, "pr": "home_or_away=2", "rn": 244, "fo": 20, "si": 7, "ft": 0, "hn": 0, "bf": 278, "dk": 2, "no": 6, "hs": "44", "bta": 16.26, "btsr": 87.76}, {"tt": "neutral", "sp": "2017-2019", "mt": 12, "in": 10, "pr": "home_or_away=3", "rn": 82, "fo": 5, "si": 2, "ft": 0, "hn": 0, "bf": 94, "dk": 1, "no": 6, "hs": "17*", "bta": 20.5, "btsr": 87.23}]}, {"type": "YEAR", "stats": [{"tt": "year 2015", "sp": null, "mt": 8, "in": 6, "pr": "year=2015", "rn": 135, "fo": 12, "si": 5, "ft": 0, "hn": 0, "bf": 121, "dk": 0, "no": 1, "hs": "44", "bta": 27, "btsr": 111.57}, {"tt": "year 2016", "sp": null, "mt": 17, "in": 15, "pr": "year=2016", "rn": 230, "fo": 15, "si": 5, "ft": 0, "hn": 0, "bf": 269, "dk": 2, "no": 7, "hs": "48", "bta": 28.75, "btsr": 85.5}, {"tt": "year 2017", "sp": null, "mt": 18, "in": 14, "pr": "year=2017", "rn": 176, "fo": 14, "si": 5, "ft": 0, "hn": 0, "bf": 234, "dk": 1, "no": 5, "hs": "38*", "bta": 19.55, "btsr": 75.21}, {"tt": "year 2018", "sp": null, "mt": 10, "in": 7, "pr": "year=2018", "rn": 230, "fo": 16, "si": 7, "ft": 2, "hn": 0, "bf": 222, "dk": 0, "no": 2, "hs": "67", "bta": 46, "btsr": 103.6}, {"tt": "year 2019", "sp": null, "mt": 16, "in": 12, "pr": "year=2019", "rn": 127, "fo": 5, "si": 4, "ft": 0, "hn": 0, "bf": 175, "dk": 0, "no": 6, "hs": "22", "bta": 21.16, "btsr": 72.57}, {"tt": "year 2020", "sp": null, "mt": 3, "in": 2, "pr": "year=2020", "rn": 26, "fo": 2, "si": 1, "ft": 0, "hn": 0, "bf": 25, "dk": 0, "no": 1, "hs": "14", "bta": 26, "btsr": 104}, {"tt": "year 2021", "sp": null, "mt": 3, "in": 1, "pr": "year=2021", "rn": 3, "fo": 0, "si": 0, "ft": 0, "hn": 0, "bf": 1, "dk": 0, "no": 1, "hs": "3*", "bta": null, "btsr": 300}]}, {"type": "SEASON", "stats": [{"tt": "season 2015", "sp": null, "mt": 5, "in": 5, "pr": "season=2015", "rn": 97, "fo": 10, "si": 4, "ft": 0, "hn": 0, "bf": 75, "dk": 0, "no": 1, "hs": "44", "bta": 24.25, "btsr": 129.33}, {"tt": "season 2015/16", "sp": null, "mt": 9, "in": 6, "pr": "season=NaN", "rn": 197, "fo": 13, "si": 6, "ft": 0, "hn": 0, "bf": 205, "dk": 0, "no": 4, "hs": "48", "bta": 98.5, "btsr": 96.09}, {"tt": "season 2016/17", "sp": null, "mt": 18, "in": 15, "pr": "season=NaN", "rn": 158, "fo": 12, "si": 2, "ft": 0, "hn": 0, "bf": 248, "dk": 2, "no": 4, "hs": "38*", "bta": 14.36, "btsr": 63.7}, {"tt": "season 2017", "sp": null, "mt": 7, "in": 7, "pr": "season=2017", "rn": 51, "fo": 4, "si": 1, "ft": 0, "hn": 0, "bf": 53, "dk": 1, "no": 4, "hs": "20*", "bta": 17, "btsr": 96.22}, {"tt": "season 2017/18", "sp": null, "mt": 14, "in": 9, "pr": "season=NaN", "rn": 268, "fo": 18, "si": 9, "ft": 2, "hn": 0, "bf": 265, "dk": 0, "no": 2, "hs": "67", "bta": 38.28, "btsr": 101.13}, {"tt": "season 2018/19", "sp": null, "mt": 6, "in": 4, "pr": "season=NaN", "rn": 55, "fo": 1, "si": 2, "ft": 0, "hn": 0, "bf": 76, "dk": 0, "no": 1, "hs": "22", "bta": 18.33, "btsr": 72.36}, {"tt": "season 2019", "sp": null, "mt": 10, "in": 8, "pr": "season=2019", "rn": 72, "fo": 4, "si": 2, "ft": 0, "hn": 0, "bf": 99, "dk": 0, "no": 5, "hs": "17*", "bta": 24, "btsr": 72.72}, {"tt": "season 2019/20", "sp": null, "mt": 3, "in": 2, "pr": "season=NaN", "rn": 26, "fo": 2, "si": 1, "ft": 0, "hn": 0, "bf": 25, "dk": 0, "no": 1, "hs": "14", "bta": 26, "btsr": 104}, {"tt": "season 2020/21", "sp": null, "mt": 3, "in": 1, "pr": "season=NaN", "rn": 3, "fo": 0, "si": 0, "ft": 0, "hn": 0, "bf": 1, "dk": 0, "no": 1, "hs": "3*", "bta": null, "btsr": 300}]}, {"type": "CAPTAINS_INVOLVED", "stats": [{"tt": "*TWM Latham", "sp": "2017-2021", "mt": 10, "in": 7, "pr": "captain_involve=59148", "rn": 57, "fo": 4, "si": 3, "ft": 0, "hn": 0, "bf": 38, "dk": 1, "no": 6, "hs": "20*", "bta": 57, "btsr": 150}, {"tt": "*BB McCullum", "sp": "2015-2016", "mt": 10, "in": 8, "pr": "captain_involve=10384", "rn": 187, "fo": 16, "si": 7, "ft": 0, "hn": 0, "bf": 160, "dk": 0, "no": 4, "hs": "45*", "bta": 46.75, "btsr": 116.87}, {"tt": "*TG Southee", "sp": "2018-2018", "mt": 1, "in": 1, "pr": "captain_involve=49108", "rn": 63, "fo": 6, "si": 1, "ft": 1, "hn": 0, "bf": 52, "dk": 0, "no": 1, "hs": "63*", "bta": null, "btsr": 121.15}, {"tt": "*KS Williamson", "sp": "2015-2020", "mt": 54, "in": 41, "pr": "captain_involve=51088", "rn": 620, "fo": 38, "si": 16, "ft": 1, "hn": 0, "bf": 797, "dk": 2, "no": 12, "hs": "67", "bta": 21.37, "btsr": 77.79}]}, {"type": "CAPTAIN", "stats": [{"tt": "is not captain", "sp": "2015-2021", "mt": 75, "in": 57, "pr": "captain=0", "rn": 927, "fo": 64, "si": 27, "ft": 2, "hn": 0, "bf": 1047, "dk": 3, "no": 23, "hs": "67", "bta": 27.26, "btsr": 88.53}]}, {"type": "KEEPER", "stats": [{"tt": "is not keeper", "sp": "2015-2021", "mt": 75, "in": 57, "pr": "keeper=0", "rn": 927, "fo": 64, "si": 27, "ft": 2, "hn": 0, "bf": 1047, "dk": 3, "no": 23, "hs": "67", "bta": 27.26, "btsr": 88.53}]}, {"type": "TOSS", "stats": [{"tt": "won the toss", "sp": "2015-2021", "mt": 36, "in": 28, "pr": "toss=1", "rn": 453, "fo": 30, "si": 16, "ft": 0, "hn": 0, "bf": 446, "dk": 0, "no": 15, "hs": "45*", "bta": 34.84, "btsr": 101.56}, {"tt": "lost the toss", "sp": "2015-2020", "mt": 39, "in": 29, "pr": "toss=2", "rn": 474, "fo": 34, "si": 11, "ft": 2, "hn": 0, "bf": 601, "dk": 3, "no": 8, "hs": "67", "bta": 22.57, "btsr": 78.86}]}, {"type": "BATTING_FIELDING_SEQUENCE_AND_TOSS", "stats": [{"tt": "won toss &amp; batted", "sp": "2015-2021", "mt": 19, "in": 18, "pr": "batting_fielding_first=1;toss=1", "rn": 302, "fo": 19, "si": 10, "ft": 0, "hn": 0, "bf": 296, "dk": 0, "no": 10, "hs": "45*", "bta": 37.75, "btsr": 102.02}, {"tt": "won toss &amp; fielded", "sp": "2015-2021", "mt": 17, "in": 10, "pr": "batting_fielding_first=2;toss=1", "rn": 151, "fo": 11, "si": 6, "ft": 0, "hn": 0, "bf": 150, "dk": 0, "no": 5, "hs": "45*", "bta": 30.2, "btsr": 100.66}, {"tt": "lost toss &amp; sent in", "sp": "2015-2019", "mt": 21, "in": 19, "pr": "batting_fielding_first=1;toss=2", "rn": 363, "fo": 24, "si": 10, "ft": 2, "hn": 0, "bf": 420, "dk": 2, "no": 7, "hs": "67", "bta": 30.25, "btsr": 86.42}, {"tt": "lost toss &amp; fielded", "sp": "2015-2020", "mt": 18, "in": 10, "pr": "batting_fielding_first=2;toss=2", "rn": 111, "fo": 10, "si": 1, "ft": 0, "hn": 0, "bf": 181, "dk": 1, "no": 1, "hs": "22", "bta": 12.33, "btsr": 61.32}]}, {"type": "BATTING_FIELDING_SEQUENCE", "stats": [{"tt": "matches batting first", "sp": "2015-2021", "mt": 40, "in": 37, "pr": "batting_fielding_first=1", "rn": 665, "fo": 43, "si": 20, "ft": 2, "hn": 0, "bf": 716, "dk": 2, "no": 17, "hs": "67", "bta": 33.25, "btsr": 92.87}, {"tt": "matches fielding first", "sp": "2015-2021", "mt": 35, "in": 20, "pr": "batting_fielding_first=2", "rn": 262, "fo": 21, "si": 7, "ft": 0, "hn": 0, "bf": 331, "dk": 1, "no": 6, "hs": "45*", "bta": 18.71, "btsr": 79.15}]}, {"type": "TEAM_INNINGS", "stats": [{"tt": "1st team innings", "sp": "2015-2021", "mt": 75, "in": 57, "pr": null, "rn": 927, "fo": 64, "si": 27, "ft": 2, "hn": 0, "bf": 1047, "dk": 3, "no": 23, "hs": "67", "bta": 27.26, "btsr": 88.53}]}, {"type": "MATCH_INNINGS", "stats": [{"tt": "1st match innings", "sp": "2015-2021", "mt": 40, "in": 37, "pr": "innings_number=1", "rn": 665, "fo": 43, "si": 20, "ft": 2, "hn": 0, "bf": 716, "dk": 2, "no": 17, "hs": "67", "bta": 33.25, "btsr": 92.87}, {"tt": "2nd match innings", "sp": "2015-2021", "mt": 35, "in": 20, "pr": "innings_number=2", "rn": 262, "fo": 21, "si": 7, "ft": 0, "hn": 0, "bf": 331, "dk": 1, "no": 6, "hs": "45*", "bta": 18.71, "btsr": 79.15}]}, {"type": "FLOODLIT", "stats": [{"tt": "day match", "sp": "2015-2021", "mt": 38, "in": 28, "pr": "floodlit=1", "rn": 386, "fo": 26, "si": 9, "ft": 1, "hn": 0, "bf": 431, "dk": 1, "no": 14, "hs": "67", "bta": 27.57, "btsr": 89.55}, {"tt": "day/night match", "sp": "2015-2021", "mt": 37, "in": 29, "pr": "floodlit=2", "rn": 541, "fo": 38, "si": 18, "ft": 1, "hn": 0, "bf": 616, "dk": 2, "no": 9, "hs": "63*", "bta": 27.05, "btsr": 87.82}]}, {"type": "RESULT", "stats": [{"tt": "won match", "sp": "2015-2021", "mt": 43, "in": 26, "pr": "result=1", "rn": 392, "fo": 27, "si": 14, "ft": 0, "hn": 0, "bf": 356, "dk": 0, "no": 18, "hs": "48", "bta": 49, "btsr": 110.11}, {"tt": "lost match", "sp": "2015-2020", "mt": 29, "in": 29, "pr": "result=2", "rn": 522, "fo": 36, "si": 13, "ft": 2, "hn": 0, "bf": 675, "dk": 3, "no": 4, "hs": "67", "bta": 20.88, "btsr": 77.33}, {"tt": "tied match", "sp": "2019-2019", "mt": 1, "in": 1, "pr": "result=3", "rn": 5, "fo": 0, "si": 0, "ft": 0, "hn": 0, "bf": 9, "dk": 0, "no": 1, "hs": "5*", "bta": null, "btsr": 55.55}, {"tt": "no result", "sp": "2016-2017", "mt": 2, "in": 1, "pr": "result=5", "rn": 8, "fo": 1, "si": 0, "ft": 0, "hn": 0, "bf": 7, "dk": 0, "no": 0, "hs": "8", "bta": 8, "btsr": 114.28}]}, {"type": "BATTING_FIELDING_SEQUENCE_AND_RESULT", "stats": [{"tt": "won batting first", "sp": "2015-2021", "mt": 21, "in": 19, "pr": "batting_fielding_first=1;result=1", "rn": 280, "fo": 16, "si": 9, "ft": 0, "hn": 0, "bf": 279, "dk": 0, "no": 12, "hs": "48", "bta": 40, "btsr": 100.35}, {"tt": "won fielding first", "sp": "2015-2021", "mt": 22, "in": 7, "pr": "batting_fielding_first=2;result=1", "rn": 112, "fo": 11, "si": 5, "ft": 0, "hn": 0, "bf": 77, "dk": 0, "no": 6, "hs": "45*", "bta": 112, "btsr": 145.45}, {"tt": "lost batting first", "sp": "2015-2019", "mt": 16, "in": 16, "pr": "batting_fielding_first=1;result=2", "rn": 372, "fo": 26, "si": 11, "ft": 2, "hn": 0, "bf": 421, "dk": 2, "no": 4, "hs": "67", "bta": 31, "btsr": 88.36}, {"tt": "lost fielding first", "sp": "2015-2020", "mt": 13, "in": 13, "pr": "batting_fielding_first=2;result=2", "rn": 150, "fo": 10, "si": 2, "ft": 0, "hn": 0, "bf": 254, "dk": 1, "no": 0, "hs": "41", "bta": 11.53, "btsr": 59.05}, {"tt": "tied batting first", "sp": "2019-2019", "mt": 1, "in": 1, "pr": "batting_fielding_first=1;result=3", "rn": 5, "fo": 0, "si": 0, "ft": 0, "hn": 0, "bf": 9, "dk": 0, "no": 1, "hs": "5*", "bta": null, "btsr": 55.55}, {"tt": "no result batting first", "sp": "2016-2017", "mt": 2, "in": 1, "pr": "batting_fielding_first=1;result=5", "rn": 8, "fo": 1, "si": 0, "ft": 0, "hn": 0, "bf": 7, "dk": 0, "no": 0, "hs": "8", "bta": 8, "btsr": 114.28}]}, {"type": "TOURNAMENT_TYPE", "stats": [{"tt": "2 team series", "sp": "2015-2021", "mt": 58, "in": 42, "pr": "tournament_type=2", "rn": 804, "fo": 56, "si": 24, "ft": 2, "hn": 0, "bf": 895, "dk": 2, "no": 14, "hs": "67", "bta": 28.71, "btsr": 89.83}, {"tt": "3-4 team tournaments", "sp": "2017-2017", "mt": 4, "in": 4, "pr": "tournament_type=3", "rn": 26, "fo": 3, "si": 1, "ft": 0, "hn": 0, "bf": 19, "dk": 1, "no": 3, "hs": "20*", "bta": 26, "btsr": 136.84}, {"tt": "5+ team tournaments", "sp": "2017-2021", "mt": 16, "in": 12, "pr": "tournament_type=5", "rn": 100, "fo": 5, "si": 2, "ft": 0, "hn": 0, "bf": 134, "dk": 0, "no": 7, "hs": "17*", "bta": 20, "btsr": 74.62}]}, {"type": "MATCH_NUMBER", "stats": [{"tt": "1st match in series", "sp": "2015-2021", "mt": 17, "in": 13, "pr": "match_number=1", "rn": 222, "fo": 16, "si": 8, "ft": 0, "hn": 0, "bf": 264, "dk": 2, "no": 4, "hs": "48", "bta": 24.66, "btsr": 84.09}, {"tt": "2nd match in series", "sp": "2015-2021", "mt": 11, "in": 7, "pr": "match_number=2", "rn": 172, "fo": 13, "si": 3, "ft": 1, "hn": 0, "bf": 178, "dk": 0, "no": 4, "hs": "63*", "bta": 57.33, "btsr": 96.62}, {"tt": "3rd match in series", "sp": "2015-2021", "mt": 16, "in": 13, "pr": "match_number=3", "rn": 208, "fo": 16, "si": 5, "ft": 0, "hn": 0, "bf": 235, "dk": 0, "no": 4, "hs": "41", "bta": 23.11, "btsr": 88.51}, {"tt": "4th match in series", "sp": "2015-2019", "mt": 7, "in": 2, "pr": "match_number=4", "rn": 61, "fo": 4, "si": 4, "ft": 0, "hn": 0, "bf": 32, "dk": 0, "no": 1, "hs": "44", "bta": 61, "btsr": 190.62}, {"tt": "5th match in series", "sp": "2015-2019", "mt": 7, "in": 7, "pr": "match_number=5", "rn": 141, "fo": 7, "si": 4, "ft": 1, "hn": 0, "bf": 186, "dk": 0, "no": 1, "hs": "67", "bta": 23.5, "btsr": 75.8}]}, {"type": "MAJOR_TROPHY", "stats": [{"tt": "World Cup", "sp": "2019-2019", "mt": 10, "in": 8, "pr": "trophy=12", "rn": 72, "fo": 4, "si": 2, "ft": 0, "hn": 0, "bf": 99, "dk": 0, "no": 5, "hs": "17*", "bta": 24, "btsr": 72.72}, {"tt": "Chappell-Hadlee", "sp": "2016-2020", "mt": 8, "in": 8, "pr": "trophy=65", "rn": 156, "fo": 11, "si": 5, "ft": 0, "hn": 0, "bf": 180, "dk": 1, "no": 3, "hs": "45*", "bta": 31.2, "btsr": 86.66}, {"tt": "ICC Champions Trophy", "sp": "2017-2017", "mt": 3, "in": 3, "pr": "trophy=44", "rn": 25, "fo": 1, "si": 0, "ft": 0, "hn": 0, "bf": 34, "dk": 0, "no": 1, "hs": "14*", "bta": 12.5, "btsr": 73.52}]}, {"type": "FINAL_TYPE", "stats": [{"tt": "tournament finals", "sp": "2019-2019", "mt": 1, "in": 1, "pr": "final_type=1", "rn": 5, "fo": 0, "si": 0, "ft": 0, "hn": 0, "bf": 9, "dk": 0, "no": 1, "hs": "5*", "bta": null, "btsr": 55.55}, {"tt": "tournament semi-finals", "sp": "2019-2019", "mt": 1, "in": 1, "pr": "final_type=3", "rn": 9, "fo": 1, "si": 0, "ft": 0, "hn": 0, "bf": 6, "dk": 0, "no": 1, "hs": "9*", "bta": null, "btsr": 150}, {"tt": "preliminary matches", "sp": "2017-2021", "mt": 18, "in": 14, "pr": "final_type=0", "rn": 112, "fo": 7, "si": 3, "ft": 0, "hn": 0, "bf": 138, "dk": 1, "no": 8, "hs": "20*", "bta": 18.66, "btsr": 81.15}]}, {"type": "BATTING_POSITION", "stats": [{"tt": "5th position", "sp": "2015-2015", "mt": 1, "in": 1, "pr": "batting_positionval1=batting_position;batting_positionmin1=5;batting_positionmax1=5", "rn": 2, "fo": 0, "si": 0, "ft": 0, "hn": 0, "bf": 6, "dk": 0, "no": 0, "hs": "2", "bta": 2, "btsr": 33.33}, {"tt": "6th position", "sp": "2015-2017", "mt": 4, "in": 4, "pr": "batting_positionval1=batting_position;batting_positionmin1=6;batting_positionmax1=6", "rn": 94, "fo": 9, "si": 2, "ft": 0, "hn": 0, "bf": 94, "dk": 0, "no": 1, "hs": "38", "bta": 31.33, "btsr": 100}, {"tt": "7th position", "sp": "2015-2019", "mt": 14, "in": 14, "pr": "batting_positionval1=batting_position;batting_positionmin1=7;batting_positionmax1=7", "rn": 163, "fo": 12, "si": 7, "ft": 0, "hn": 0, "bf": 207, "dk": 2, "no": 3, "hs": "44", "bta": 14.81, "btsr": 78.74}, {"tt": "8th position", "sp": "2016-2021", "mt": 37, "in": 37, "pr": "batting_positionval1=batting_position;batting_positionmin1=8;batting_positionmax1=8", "rn": 667, "fo": 43, "si": 18, "ft": 2, "hn": 0, "bf": 739, "dk": 1, "no": 18, "hs": "67", "bta": 35.1, "btsr": 90.25}, {"tt": "9th position", "sp": "2017-2017", "mt": 1, "in": 1, "pr": "batting_positionval1=batting_position;batting_positionmin1=9;batting_positionmax1=9", "rn": 1, "fo": 0, "si": 0, "ft": 0, "hn": 0, "bf": 1, "dk": 0, "no": 1, "hs": "1*", "bta": null, "btsr": 100}]}]}}