{"summary": {"recordClassId": 3, "type": "FIELDING", "groups": [{"type": "CAREER_AVERAGES", "stats": [{"tt": "overview", "sp": "2015-2021", "mt": 52, "in": 51, "pr": null, "ds": 24, "ct": 24, "st": 0, "ck": 0, "cf": 24, "mds": "3 (3ct 0st)", "dspi": 0.47}]}, {"type": "OPPOSITION_TEAM", "stats": [{"tt": "vs Australia", "sp": "2016-2021", "mt": 7, "in": 7, "pr": "opposition=2", "ds": 2, "ct": 2, "st": 0, "ck": 0, "cf": 2, "mds": "1 (1ct 0st)", "dspi": 0.285}, {"tt": "vs Bangladesh", "sp": "2016-2017", "mt": 4, "in": 4, "pr": "opposition=25", "ds": 3, "ct": 3, "st": 0, "ck": 0, "cf": 3, "mds": "1 (1ct 0st)", "dspi": 0.75}, {"tt": "vs England", "sp": "2015-2019", "mt": 9, "in": 9, "pr": "opposition=1", "ds": 2, "ct": 2, "st": 0, "ck": 0, "cf": 2, "mds": "1 (1ct 0st)", "dspi": 0.222}, {"tt": "vs India", "sp": "2016-2020", "mt": 12, "in": 12, "pr": "opposition=6", "ds": 8, "ct": 8, "st": 0, "ck": 0, "cf": 8, "mds": "3 (3ct 0st)", "dspi": 0.666}, {"tt": "vs Pakistan", "sp": "2016-2020", "mt": 8, "in": 8, "pr": "opposition=7", "ds": 4, "ct": 4, "st": 0, "ck": 0, "cf": 4, "mds": "1 (1ct 0st)", "dspi": 0.5}, {"tt": "vs South Africa", "sp": "2017-2017", "mt": 1, "in": 1, "pr": "opposition=3", "ds": 1, "ct": 1, "st": 0, "ck": 0, "cf": 1, "mds": "1 (1ct 0st)", "dspi": 1}, {"tt": "vs Sri Lanka", "sp": "2016-2019", "mt": 5, "in": 5, "pr": "opposition=8", "ds": 1, "ct": 1, "st": 0, "ck": 0, "cf": 1, "mds": "1 (1ct 0st)", "dspi": 0.2}, {"tt": "vs West Indies", "sp": "2017-2020", "mt": 6, "in": 5, "pr": "opposition=4", "ds": 3, "ct": 3, "st": 0, "ck": 0, "cf": 3, "mds": "2 (2ct 0st)", "dspi": 0.6}]}, {"type": "HOST_COUNTRY", "stats": [{"tt": "in Australia", "sp": "2018-2018", "mt": 1, "in": 1, "pr": "host=2", "ds": 0, "ct": 0, "st": 0, "ck": 0, "cf": 0, "mds": "0", "dspi": 0}, {"tt": "in England", "sp": "2015-2015", "mt": 1, "in": 1, "pr": "host=1", "ds": 1, "ct": 1, "st": 0, "ck": 0, "cf": 1, "mds": "1 (1ct 0st)", "dspi": 1}, {"tt": "in India", "sp": "2016-2017", "mt": 8, "in": 8, "pr": "host=6", "ds": 4, "ct": 4, "st": 0, "ck": 0, "cf": 4, "mds": "2 (2ct 0st)", "dspi": 0.5}, {"tt": "in New Zealand", "sp": "2016-2021", "mt": 39, "in": 38, "pr": "host=5", "ds": 18, "ct": 18, "st": 0, "ck": 0, "cf": 18, "mds": "3 (3ct 0st)", "dspi": 0.473}, {"tt": "in Sri Lanka", "sp": "2019-2019", "mt": 3, "in": 3, "pr": "host=8", "ds": 1, "ct": 1, "st": 0, "ck": 0, "cf": 1, "mds": "1 (1ct 0st)", "dspi": 0.333}]}, {"type": "CONTINENT", "stats": [{"tt": "in Asia", "sp": "2016-2019", "mt": 11, "in": 11, "pr": "continent=2", "ds": 5, "ct": 5, "st": 0, "ck": 0, "cf": 5, "mds": "2 (2ct 0st)", "dspi": 0.454}, {"tt": "in Europe", "sp": "2015-2015", "mt": 1, "in": 1, "pr": "continent=4", "ds": 1, "ct": 1, "st": 0, "ck": 0, "cf": 1, "mds": "1 (1ct 0st)", "dspi": 1}, {"tt": "in Oceania", "sp": "2016-2021", "mt": 40, "in": 39, "pr": "continent=5", "ds": 18, "ct": 18, "st": 0, "ck": 0, "cf": 18, "mds": "3 (3ct 0st)", "dspi": 0.461}]}, {"type": "HOME_OR_AWAY", "stats": [{"tt": "home", "sp": "2016-2021", "mt": 39, "in": 38, "pr": "home_or_away=1", "ds": 18, "ct": 18, "st": 0, "ck": 0, "cf": 18, "mds": "3 (3ct 0st)", "dspi": 0.473}, {"tt": "away", "sp": "2015-2019", "mt": 9, "in": 9, "pr": "home_or_away=2", "ds": 5, "ct": 5, "st": 0, "ck": 0, "cf": 5, "mds": "2 (2ct 0st)", "dspi": 0.555}, {"tt": "neutral", "sp": "2016-2016", "mt": 4, "in": 4, "pr": "home_or_away=3", "ds": 1, "ct": 1, "st": 0, "ck": 0, "cf": 1, "mds": "1 (1ct 0st)", "dspi": 0.25}]}, {"type": "YEAR", "stats": [{"tt": "year 2015", "sp": null, "mt": 1, "in": 1, "pr": "year=2015", "ds": 1, "ct": 1, "st": 0, "ck": 0, "cf": 1, "mds": "1 (1ct 0st)", "dspi": 1}, {"tt": "year 2016", "sp": null, "mt": 9, "in": 9, "pr": "year=2016", "ds": 3, "ct": 3, "st": 0, "ck": 0, "cf": 3, "mds": "1 (1ct 0st)", "dspi": 0.333}, {"tt": "year 2017", "sp": null, "mt": 8, "in": 8, "pr": "year=2017", "ds": 6, "ct": 6, "st": 0, "ck": 0, "cf": 6, "mds": "2 (2ct 0st)", "dspi": 0.75}, {"tt": "year 2018", "sp": null, "mt": 9, "in": 8, "pr": "year=2018", "ds": 2, "ct": 2, "st": 0, "ck": 0, "cf": 2, "mds": "1 (1ct 0st)", "dspi": 0.25}, {"tt": "year 2019", "sp": null, "mt": 12, "in": 12, "pr": "year=2019", "ds": 2, "ct": 2, "st": 0, "ck": 0, "cf": 2, "mds": "1 (1ct 0st)", "dspi": 0.166}, {"tt": "year 2020", "sp": null, "mt": 9, "in": 9, "pr": "year=2020", "ds": 8, "ct": 8, "st": 0, "ck": 0, "cf": 8, "mds": "3 (3ct 0st)", "dspi": 0.888}, {"tt": "year 2021", "sp": null, "mt": 4, "in": 4, "pr": "year=2021", "ds": 2, "ct": 2, "st": 0, "ck": 0, "cf": 2, "mds": "1 (1ct 0st)", "dspi": 0.5}]}, {"type": "SEASON", "stats": [{"tt": "season 2015", "sp": null, "mt": 1, "in": 1, "pr": "season=2015", "ds": 1, "ct": 1, "st": 0, "ck": 0, "cf": 1, "mds": "1 (1ct 0st)", "dspi": 1}, {"tt": "season 2015/16", "sp": null, "mt": 9, "in": 9, "pr": "season=2015/16", "ds": 3, "ct": 3, "st": 0, "ck": 0, "cf": 3, "mds": "1 (1ct 0st)", "dspi": 0.333}, {"tt": "season 2016/17", "sp": null, "mt": 4, "in": 4, "pr": "season=2016/17", "ds": 3, "ct": 3, "st": 0, "ck": 0, "cf": 3, "mds": "1 (1ct 0st)", "dspi": 0.75}, {"tt": "season 2017/18", "sp": null, "mt": 13, "in": 12, "pr": "season=2017/18", "ds": 5, "ct": 5, "st": 0, "ck": 0, "cf": 5, "mds": "2 (2ct 0st)", "dspi": 0.416}, {"tt": "season 2018/19", "sp": null, "mt": 4, "in": 4, "pr": "season=2018/19", "ds": 0, "ct": 0, "st": 0, "ck": 0, "cf": 0, "mds": "0", "dspi": 0}, {"tt": "season 2019", "sp": null, "mt": 3, "in": 3, "pr": "season=2019", "ds": 1, "ct": 1, "st": 0, "ck": 0, "cf": 1, "mds": "1 (1ct 0st)", "dspi": 0.333}, {"tt": "season 2019/20", "sp": null, "mt": 10, "in": 10, "pr": "season=2019/20", "ds": 6, "ct": 6, "st": 0, "ck": 0, "cf": 6, "mds": "3 (3ct 0st)", "dspi": 0.6}, {"tt": "season 2020/21", "sp": null, "mt": 8, "in": 8, "pr": "season=2020/21", "ds": 5, "ct": 5, "st": 0, "ck": 0, "cf": 5, "mds": "2 (2ct 0st)", "dspi": 0.625}]}, {"type": "CAPTAINS_INVOLVED", "stats": [{"tt": "*BB McCullum", "sp": "2015-2015", "mt": 1, "in": 1, "pr": "captain_involve=10384", "ds": 1, "ct": 1, "st": 0, "ck": 0, "cf": 1, "mds": "1 (1ct 0st)", "dspi": 1}, {"tt": "*MJ Santner", "sp": "2020-2020", "mt": 2, "in": 2, "pr": "captain_involve=64864", "ds": 1, "ct": 1, "st": 0, "ck": 0, "cf": 1, "mds": "1 (1ct 0st)", "dspi": 0.5}, {"tt": "*TG Southee", "sp": "2017-2020", "mt": 15, "in": 15, "pr": "captain_involve=49108", "ds": 9, "ct": 9, "st": 0, "ck": 0, "cf": 9, "mds": "3 (3ct 0st)", "dspi": 0.6}, {"tt": "*KS Williamson", "sp": "2016-2021", "mt": 34, "in": 33, "pr": "captain_involve=51088", "ds": 13, "ct": 13, "st": 0, "ck": 0, "cf": 13, "mds": "2 (2ct 0st)", "dspi": 0.393}]}, {"type": "CAPTAIN", "stats": [{"tt": "is captain", "sp": "2020-2020", "mt": 2, "in": 2, "pr": "captain=1", "ds": 1, "ct": 1, "st": 0, "ck": 0, "cf": 1, "mds": "1 (1ct 0st)", "dspi": 0.5}, {"tt": "is not captain", "sp": "2015-2021", "mt": 50, "in": 49, "pr": "captain=0", "ds": 23, "ct": 23, "st": 0, "ck": 0, "cf": 23, "mds": "3 (3ct 0st)", "dspi": 0.469}]}, {"type": "KEEPER", "stats": [{"tt": "is not keeper", "sp": "2015-2021", "mt": 52, "in": 51, "pr": "keeper=0", "ds": 24, "ct": 24, "st": 0, "ck": 0, "cf": 24, "mds": "3 (3ct 0st)", "dspi": 0.47}]}, {"type": "TOSS", "stats": [{"tt": "won the toss", "sp": "2016-2020", "mt": 22, "in": 22, "pr": "toss=1", "ds": 9, "ct": 9, "st": 0, "ck": 0, "cf": 9, "mds": "3 (3ct 0st)", "dspi": 0.409}, {"tt": "lost the toss", "sp": "2015-2021", "mt": 30, "in": 29, "pr": "toss=2", "ds": 15, "ct": 15, "st": 0, "ck": 0, "cf": 15, "mds": "2 (2ct 0st)", "dspi": 0.517}]}, {"type": "BATTING_FIELDING_SEQUENCE_AND_TOSS", "stats": [{"tt": "won toss &amp; batted", "sp": "2016-2020", "mt": 10, "in": 10, "pr": "batting_fielding_first=1;toss=1", "ds": 3, "ct": 3, "st": 0, "ck": 0, "cf": 3, "mds": "1 (1ct 0st)", "dspi": 0.3}, {"tt": "won toss &amp; fielded", "sp": "2016-2020", "mt": 12, "in": 12, "pr": "batting_fielding_first=2;toss=1", "ds": 6, "ct": 6, "st": 0, "ck": 0, "cf": 6, "mds": "3 (3ct 0st)", "dspi": 0.5}, {"tt": "lost toss &amp; sent in", "sp": "2016-2021", "mt": 18, "in": 17, "pr": "batting_fielding_first=1;toss=2", "ds": 6, "ct": 6, "st": 0, "ck": 0, "cf": 6, "mds": "2 (2ct 0st)", "dspi": 0.352}, {"tt": "lost toss &amp; fielded", "sp": "2015-2021", "mt": 12, "in": 12, "pr": "batting_fielding_first=2;toss=2", "ds": 9, "ct": 9, "st": 0, "ck": 0, "cf": 9, "mds": "2 (2ct 0st)", "dspi": 0.75}]}, {"type": "BATTING_FIELDING_SEQUENCE", "stats": [{"tt": "matches batting first", "sp": "2016-2021", "mt": 28, "in": 27, "pr": "batting_fielding_first=1", "ds": 9, "ct": 9, "st": 0, "ck": 0, "cf": 9, "mds": "2 (2ct 0st)", "dspi": 0.333}, {"tt": "matches fielding first", "sp": "2015-2021", "mt": 24, "in": 24, "pr": "batting_fielding_first=2", "ds": 15, "ct": 15, "st": 0, "ck": 0, "cf": 15, "mds": "3 (3ct 0st)", "dspi": 0.625}]}, {"type": "TEAM_INNINGS", "stats": [{"tt": "1st team innings", "sp": "2015-2021", "mt": 51, "in": 51, "pr": "innings_number=1;innings_number=2", "ds": 24, "ct": 24, "st": 0, "ck": 0, "cf": 24, "mds": "3 (3ct 0st)", "dspi": 0.47}]}, {"type": "MATCH_INNINGS", "stats": [{"tt": "1st match innings", "sp": "2015-2021", "mt": 24, "in": 24, "pr": "innings_number=1", "ds": 15, "ct": 15, "st": 0, "ck": 0, "cf": 15, "mds": "3 (3ct 0st)", "dspi": 0.625}, {"tt": "2nd match innings", "sp": "2016-2021", "mt": 27, "in": 27, "pr": "innings_number=2", "ds": 9, "ct": 9, "st": 0, "ck": 0, "cf": 9, "mds": "2 (2ct 0st)", "dspi": 0.333}]}, {"type": "FLOODLIT", "stats": [{"tt": "day match", "sp": "2016-2021", "mt": 11, "in": 11, "pr": "floodlit=1", "ds": 5, "ct": 5, "st": 0, "ck": 0, "cf": 5, "mds": "2 (2ct 0st)", "dspi": 0.454}, {"tt": "day/night match", "sp": "2015-2018", "mt": 7, "in": 7, "pr": "floodlit=2", "ds": 4, "ct": 4, "st": 0, "ck": 0, "cf": 4, "mds": "1 (1ct 0st)", "dspi": 0.571}, {"tt": "night match", "sp": "2016-2021", "mt": 34, "in": 33, "pr": "floodlit=3", "ds": 15, "ct": 15, "st": 0, "ck": 0, "cf": 15, "mds": "3 (3ct 0st)", "dspi": 0.454}]}, {"type": "RESULT", "stats": [{"tt": "won match", "sp": "2016-2021", "mt": 28, "in": 28, "pr": "result=1", "ds": 14, "ct": 14, "st": 0, "ck": 0, "cf": 14, "mds": "2 (2ct 0st)", "dspi": 0.5}, {"tt": "lost match", "sp": "2015-2021", "mt": 19, "in": 19, "pr": "result=2", "ds": 7, "ct": 7, "st": 0, "ck": 0, "cf": 7, "mds": "2 (2ct 0st)", "dspi": 0.368}, {"tt": "tied match", "sp": "2019-2020", "mt": 3, "in": 3, "pr": "result=3", "ds": 3, "ct": 3, "st": 0, "ck": 0, "cf": 3, "mds": "3 (3ct 0st)", "dspi": 1}, {"tt": "no result", "sp": "2018-2020", "mt": 2, "in": 1, "pr": "result=5", "ds": 0, "ct": 0, "st": 0, "ck": 0, "cf": 0, "mds": "0", "dspi": 0}]}, {"type": "BATTING_FIELDING_SEQUENCE_AND_RESULT", "stats": [{"tt": "won batting first", "sp": "2016-2021", "mt": 19, "in": 19, "pr": "batting_fielding_first=1;result=1", "ds": 9, "ct": 9, "st": 0, "ck": 0, "cf": 9, "mds": "2 (2ct 0st)", "dspi": 0.473}, {"tt": "won fielding first", "sp": "2016-2021", "mt": 9, "in": 9, "pr": "batting_fielding_first=2;result=1", "ds": 5, "ct": 5, "st": 0, "ck": 0, "cf": 5, "mds": "1 (1ct 0st)", "dspi": 0.555}, {"tt": "lost batting first", "sp": "2016-2020", "mt": 7, "in": 7, "pr": "batting_fielding_first=1;result=2", "ds": 0, "ct": 0, "st": 0, "ck": 0, "cf": 0, "mds": "0", "dspi": 0}, {"tt": "lost fielding first", "sp": "2015-2021", "mt": 12, "in": 12, "pr": "batting_fielding_first=2;result=2", "ds": 7, "ct": 7, "st": 0, "ck": 0, "cf": 7, "mds": "2 (2ct 0st)", "dspi": 0.583}, {"tt": "tied batting first", "sp": "2019-2019", "mt": 1, "in": 1, "pr": "batting_fielding_first=1;result=3", "ds": 0, "ct": 0, "st": 0, "ck": 0, "cf": 0, "mds": "0", "dspi": 0}, {"tt": "tied fielding first", "sp": "2020-2020", "mt": 2, "in": 2, "pr": "batting_fielding_first=2;result=3", "ds": 3, "ct": 3, "st": 0, "ck": 0, "cf": 3, "mds": "3 (3ct 0st)", "dspi": 1.5}, {"tt": "no result batting first", "sp": "2018-2018", "mt": 1, "in": null, "pr": "batting_fielding_first=1;result=5", "ds": null, "ct": null, "st": null, "ck": null, "cf": null, "mds": null, "dspi": null}, {"tt": "no result fielding first", "sp": "2020-2020", "mt": 1, "in": 1, "pr": "batting_fielding_first=2;result=5", "ds": 0, "ct": 0, "st": 0, "ck": 0, "cf": 0, "mds": "0", "dspi": 0}]}, {"type": "TOURNAMENT_TYPE", "stats": [{"tt": "2 team series", "sp": "2015-2021", "mt": 43, "in": 42, "pr": "tournament_type=2", "ds": 23, "ct": 23, "st": 0, "ck": 0, "cf": 23, "mds": "3 (3ct 0st)", "dspi": 0.547}, {"tt": "3-4 team tournaments", "sp": "2018-2018", "mt": 4, "in": 4, "pr": "tournament_type=3", "ds": 0, "ct": 0, "st": 0, "ck": 0, "cf": 0, "mds": "0", "dspi": 0}, {"tt": "5+ team tournaments", "sp": "2016-2016", "mt": 5, "in": 5, "pr": "tournament_type=5", "ds": 1, "ct": 1, "st": 0, "ck": 0, "cf": 1, "mds": "1 (1ct 0st)", "dspi": 0.2}]}, {"type": "MATCH_NUMBER", "stats": [{"tt": "only match in series", "sp": "2015-2019", "mt": 3, "in": 3, "pr": "match_number=0", "ds": 2, "ct": 2, "st": 0, "ck": 0, "cf": 2, "mds": "1 (1ct 0st)", "dspi": 0.666}, {"tt": "1st match in series", "sp": "2016-2021", "mt": 12, "in": 12, "pr": "match_number=1", "ds": 3, "ct": 3, "st": 0, "ck": 0, "cf": 3, "mds": "1 (1ct 0st)", "dspi": 0.25}, {"tt": "2nd match in series", "sp": "2016-2021", "mt": 12, "in": 11, "pr": "match_number=2", "ds": 8, "ct": 8, "st": 0, "ck": 0, "cf": 8, "mds": "2 (2ct 0st)", "dspi": 0.727}, {"tt": "3rd match in series", "sp": "2016-2020", "mt": 10, "in": 10, "pr": "match_number=3", "ds": 4, "ct": 4, "st": 0, "ck": 0, "cf": 4, "mds": "2 (2ct 0st)", "dspi": 0.4}, {"tt": "4th match in series", "sp": "2019-2021", "mt": 3, "in": 3, "pr": "match_number=4", "ds": 3, "ct": 3, "st": 0, "ck": 0, "cf": 3, "mds": "3 (3ct 0st)", "dspi": 1}, {"tt": "5th match in series", "sp": "2019-2021", "mt": 3, "in": 3, "pr": "match_number=5", "ds": 3, "ct": 3, "st": 0, "ck": 0, "cf": 3, "mds": "2 (2ct 0st)", "dspi": 1}]}, {"type": "MAJOR_TROPHY", "stats": [{"tt": "Men's T20 World Cup", "sp": "2016-2016", "mt": 5, "in": 5, "pr": "trophy=89", "ds": 1, "ct": 1, "st": 0, "ck": 0, "cf": 1, "mds": "1 (1ct 0st)", "dspi": 0.2}]}, {"type": "FINAL_TYPE", "stats": [{"tt": "tournament finals", "sp": "2018-2018", "mt": 1, "in": 1, "pr": "final_type=1", "ds": 0, "ct": 0, "st": 0, "ck": 0, "cf": 0, "mds": "0", "dspi": 0}, {"tt": "tournament semi-finals", "sp": "2016-2016", "mt": 1, "in": 1, "pr": "final_type=3", "ds": 0, "ct": 0, "st": 0, "ck": 0, "cf": 0, "mds": "0", "dspi": 0}, {"tt": "preliminary matches", "sp": "2016-2018", "mt": 7, "in": 7, "pr": "final_type=0", "ds": 1, "ct": 1, "st": 0, "ck": 0, "cf": 1, "mds": "1 (1ct 0st)", "dspi": 0.142}]}]}}