{"summary": {"recordClassId": 3, "type": "BOWLING", "groups": [{"type": "CAREER_AVERAGES", "stats": [{"bl": null, "tt": "overview", "sp": "2015-2021", "mt": 52, "in": 51, "pr": null, "ov": 174.2, "cd": 1287, "md": 1, "wk": 60, "fwk": 2, "fw": 0, "tw": 0, "bbi": "4/11", "bbm": "4/11", "bwa": 21.45, "bwe": 7.38, "bwsr": 17.4}]}, {"type": "OPPOSITION_TEAM", "stats": [{"bl": null, "tt": "vs Australia", "sp": "2016-2021", "mt": 7, "in": 7, "pr": "opposition=2", "ov": 25.1, "cd": 176, "md": 0, "wk": 9, "fwk": 1, "fw": 0, "tw": 0, "bbi": "4/31", "bbm": "4/31", "bwa": 19.55, "bwe": 6.99, "bwsr": 16.7}, {"bl": null, "tt": "vs Bangladesh", "sp": "2016-2017", "mt": 4, "in": 4, "pr": "opposition=25", "ov": 14, "cd": 87, "md": 0, "wk": 4, "fwk": 0, "fw": 0, "tw": 0, "bbi": "1/14", "bbm": "1/14", "bwa": 21.75, "bwe": 6.21, "bwsr": 21}, {"bl": null, "tt": "vs England", "sp": "2015-2019", "mt": 9, "in": 9, "pr": "opposition=1", "ov": 31.1, "cd": 258, "md": 0, "wk": 16, "fwk": 0, "fw": 0, "tw": 0, "bbi": "3/23", "bbm": "3/23", "bwa": 16.12, "bwe": 8.27, "bwsr": 11.6}, {"bl": null, "tt": "vs India", "sp": "2016-2020", "mt": 12, "in": 12, "pr": "opposition=6", "ov": 43, "cd": 328, "md": 0, "wk": 12, "fwk": 1, "fw": 0, "tw": 0, "bbi": "4/11", "bbm": "4/11", "bwa": 27.33, "bwe": 7.62, "bwsr": 21.5}, {"bl": null, "tt": "vs Pakistan", "sp": "2016-2020", "mt": 8, "in": 8, "pr": "opposition=7", "ov": 26, "cd": 166, "md": 0, "wk": 9, "fwk": 0, "fw": 0, "tw": 0, "bbi": "2/14", "bbm": "2/14", "bwa": 18.44, "bwe": 6.38, "bwsr": 17.3}, {"bl": null, "tt": "vs South Africa", "sp": "2017-2017", "mt": 1, "in": 1, "pr": "opposition=3", "ov": 4, "cd": 40, "md": 0, "wk": 0, "fwk": 0, "fw": 0, "tw": 0, "bbi": null, "bbm": null, "bwa": null, "bwe": 10, "bwsr": null}, {"bl": null, "tt": "vs Sri Lanka", "sp": "2016-2019", "mt": 5, "in": 5, "pr": "opposition=8", "ov": 19, "cd": 119, "md": 1, "wk": 7, "fwk": 0, "fw": 0, "tw": 0, "bbi": "3/12", "bbm": "3/12", "bwa": 17, "bwe": 6.26, "bwsr": 16.2}, {"bl": null, "tt": "vs West Indies", "sp": "2017-2020", "mt": 6, "in": 5, "pr": "opposition=4", "ov": 12, "cd": 113, "md": 0, "wk": 3, "fwk": 0, "fw": 0, "tw": 0, "bbi": "2/41", "bbm": "2/41", "bwa": 37.66, "bwe": 9.41, "bwsr": 24}]}, {"type": "HOST_COUNTRY", "stats": [{"bl": null, "tt": "in Australia", "sp": "2018-2018", "mt": 1, "in": 1, "pr": "host=2", "ov": 2, "cd": 20, "md": 0, "wk": 0, "fwk": 0, "fw": 0, "tw": 0, "bbi": null, "bbm": null, "bwa": null, "bwe": 10, "bwsr": null}, {"bl": null, "tt": "in England", "sp": "2015-2015", "mt": 1, "in": 1, "pr": "host=1", "ov": 4, "cd": 28, "md": 0, "wk": 2, "fwk": 0, "fw": 0, "tw": 0, "bbi": "2/28", "bbm": "2/28", "bwa": 14, "bwe": 7, "bwsr": 12}, {"bl": null, "tt": "in India", "sp": "2016-2017", "mt": 8, "in": 8, "pr": "host=6", "ov": 28.1, "cd": 191, "md": 0, "wk": 11, "fwk": 1, "fw": 0, "tw": 0, "bbi": "4/11", "bbm": "4/11", "bwa": 17.36, "bwe": 6.78, "bwsr": 15.3}, {"bl": null, "tt": "in New Zealand", "sp": "2016-2021", "mt": 39, "in": 38, "pr": "host=5", "ov": 128.1, "cd": 980, "md": 0, "wk": 43, "fwk": 1, "fw": 0, "tw": 0, "bbi": "4/31", "bbm": "4/31", "bwa": 22.79, "bwe": 7.64, "bwsr": 17.8}, {"bl": null, "tt": "in Sri Lanka", "sp": "2019-2019", "mt": 3, "in": 3, "pr": "host=8", "ov": 12, "cd": 68, "md": 1, "wk": 4, "fwk": 0, "fw": 0, "tw": 0, "bbi": "3/12", "bbm": "3/12", "bwa": 17, "bwe": 5.66, "bwsr": 18}]}, {"type": "CONTINENT", "stats": [{"bl": null, "tt": "in Asia", "sp": "2016-2019", "mt": 11, "in": 11, "pr": "continent=2", "ov": 40.1, "cd": 259, "md": 1, "wk": 15, "fwk": 1, "fw": 0, "tw": 0, "bbi": "4/11", "bbm": "4/11", "bwa": 17.26, "bwe": 6.44, "bwsr": 16}, {"bl": null, "tt": "in Europe", "sp": "2015-2015", "mt": 1, "in": 1, "pr": "continent=4", "ov": 4, "cd": 28, "md": 0, "wk": 2, "fwk": 0, "fw": 0, "tw": 0, "bbi": "2/28", "bbm": "2/28", "bwa": 14, "bwe": 7, "bwsr": 12}, {"bl": null, "tt": "in Oceania", "sp": "2016-2021", "mt": 40, "in": 39, "pr": "continent=5", "ov": 130.1, "cd": 1000, "md": 0, "wk": 43, "fwk": 1, "fw": 0, "tw": 0, "bbi": "4/31", "bbm": "4/31", "bwa": 23.25, "bwe": 7.68, "bwsr": 18.1}]}, {"type": "HOME_OR_AWAY", "stats": [{"bl": null, "tt": "home", "sp": "2016-2021", "mt": 39, "in": 38, "pr": "home_or_away=1", "ov": 128.1, "cd": 980, "md": 0, "wk": 43, "fwk": 1, "fw": 0, "tw": 0, "bbi": "4/31", "bbm": "4/31", "bwa": 22.79, "bwe": 7.64, "bwsr": 17.8}, {"bl": null, "tt": "away", "sp": "2015-2019", "mt": 9, "in": 9, "pr": "home_or_away=2", "ov": 32, "cd": 204, "md": 1, "wk": 11, "fwk": 1, "fw": 0, "tw": 0, "bbi": "4/11", "bbm": "4/11", "bwa": 18.54, "bwe": 6.37, "bwsr": 17.4}, {"bl": null, "tt": "neutral", "sp": "2016-2016", "mt": 4, "in": 4, "pr": "home_or_away=3", "ov": 14.1, "cd": 103, "md": 0, "wk": 6, "fwk": 0, "fw": 0, "tw": 0, "bbi": "2/29", "bbm": "2/29", "bwa": 17.16, "bwe": 7.27, "bwsr": 14.1}]}, {"type": "YEAR", "stats": [{"bl": null, "tt": "year 2015", "sp": null, "mt": 1, "in": 1, "pr": "year=2015", "ov": 4, "cd": 28, "md": 0, "wk": 2, "fwk": 0, "fw": 0, "tw": 0, "bbi": "2/28", "bbm": "2/28", "bwa": 14, "bwe": 7, "bwsr": 12}, {"bl": null, "tt": "year 2016", "sp": null, "mt": 9, "in": 9, "pr": "year=2016", "ov": 30.1, "cd": 188, "md": 0, "wk": 15, "fwk": 1, "fw": 0, "tw": 0, "bbi": "4/11", "bbm": "4/11", "bwa": 12.53, "bwe": 6.23, "bwsr": 12}, {"bl": null, "tt": "year 2017", "sp": null, "mt": 8, "in": 8, "pr": "year=2017", "ov": 29, "cd": 209, "md": 0, "wk": 5, "fwk": 0, "fw": 0, "tw": 0, "bbi": "1/14", "bbm": "1/14", "bwa": 41.8, "bwe": 7.2, "bwsr": 34.8}, {"bl": null, "tt": "year 2018", "sp": null, "mt": 9, "in": 8, "pr": "year=2018", "ov": 23.4, "cd": 195, "md": 0, "wk": 7, "fwk": 0, "fw": 0, "tw": 0, "bbi": "2/15", "bbm": "2/15", "bwa": 27.85, "bwe": 8.23, "bwsr": 20.2}, {"bl": null, "tt": "year 2019", "sp": null, "mt": 12, "in": 12, "pr": "year=2019", "ov": 42, "cd": 308, "md": 1, "wk": 20, "fwk": 0, "fw": 0, "tw": 0, "bbi": "3/12", "bbm": "3/12", "bwa": 15.4, "bwe": 7.33, "bwsr": 12.6}, {"bl": null, "tt": "year 2020", "sp": null, "mt": 9, "in": 9, "pr": "year=2020", "ov": 30, "cd": 262, "md": 0, "wk": 5, "fwk": 0, "fw": 0, "tw": 0, "bbi": "2/41", "bbm": "2/41", "bwa": 52.4, "bwe": 8.73, "bwsr": 36}, {"bl": null, "tt": "year 2021", "sp": null, "mt": 4, "in": 4, "pr": "year=2021", "ov": 15.3, "cd": 97, "md": 0, "wk": 6, "fwk": 1, "fw": 0, "tw": 0, "bbi": "4/31", "bbm": "4/31", "bwa": 16.16, "bwe": 6.25, "bwsr": 15.5}]}, {"type": "SEASON", "stats": [{"bl": null, "tt": "season 2015", "sp": null, "mt": 1, "in": 1, "pr": "season=2015", "ov": 4, "cd": 28, "md": 0, "wk": 2, "fwk": 0, "fw": 0, "tw": 0, "bbi": "2/28", "bbm": "2/28", "bwa": 14, "bwe": 7, "bwsr": 12}, {"bl": null, "tt": "season 2015/16", "sp": null, "mt": 9, "in": 9, "pr": "season=2015/16", "ov": 30.1, "cd": 188, "md": 0, "wk": 15, "fwk": 1, "fw": 0, "tw": 0, "bbi": "4/11", "bbm": "4/11", "bwa": 12.53, "bwe": 6.23, "bwsr": 12}, {"bl": null, "tt": "season 2016/17", "sp": null, "mt": 4, "in": 4, "pr": "season=2016/17", "ov": 15, "cd": 111, "md": 0, "wk": 3, "fwk": 0, "fw": 0, "tw": 0, "bbi": "1/14", "bbm": "1/14", "bwa": 37, "bwe": 7.4, "bwsr": 30}, {"bl": null, "tt": "season 2017/18", "sp": null, "mt": 13, "in": 12, "pr": "season=2017/18", "ov": 37.4, "cd": 293, "md": 0, "wk": 9, "fwk": 0, "fw": 0, "tw": 0, "bbi": "2/15", "bbm": "2/15", "bwa": 32.55, "bwe": 7.77, "bwsr": 25.1}, {"bl": null, "tt": "season 2018/19", "sp": null, "mt": 4, "in": 4, "pr": "season=2018/19", "ov": 12, "cd": 99, "md": 0, "wk": 5, "fwk": 0, "fw": 0, "tw": 0, "bbi": "2/24", "bbm": "2/24", "bwa": 19.8, "bwe": 8.25, "bwsr": 14.4}, {"bl": null, "tt": "season 2019", "sp": null, "mt": 3, "in": 3, "pr": "season=2019", "ov": 12, "cd": 68, "md": 1, "wk": 4, "fwk": 0, "fw": 0, "tw": 0, "bbi": "3/12", "bbm": "3/12", "bwa": 17, "bwe": 5.66, "bwsr": 18}, {"bl": null, "tt": "season 2019/20", "sp": null, "mt": 10, "in": 10, "pr": "season=2019/20", "ov": 38, "cd": 309, "md": 0, "wk": 14, "fwk": 0, "fw": 0, "tw": 0, "bbi": "3/23", "bbm": "3/23", "bwa": 22.07, "bwe": 8.13, "bwsr": 16.2}, {"bl": null, "tt": "season 2020/21", "sp": null, "mt": 8, "in": 8, "pr": "season=2020/21", "ov": 25.3, "cd": 191, "md": 0, "wk": 8, "fwk": 1, "fw": 0, "tw": 0, "bbi": "4/31", "bbm": "4/31", "bwa": 23.87, "bwe": 7.49, "bwsr": 19.1}]}, {"type": "CAPTAINS_INVOLVED", "stats": [{"bl": null, "tt": "*BB McCullum", "sp": "2015-2015", "mt": 1, "in": 1, "pr": "captain_involve=10384", "ov": 4, "cd": 28, "md": 0, "wk": 2, "fwk": 0, "fw": 0, "tw": 0, "bbi": "2/28", "bbm": "2/28", "bwa": 14, "bwe": 7, "bwsr": 12}, {"bl": null, "tt": "*MJ Santner", "sp": "2020-2020", "mt": 2, "in": 2, "pr": "captain_involve=64864", "ov": 5, "cd": 30, "md": 0, "wk": 0, "fwk": 0, "fw": 0, "tw": 0, "bbi": null, "bbm": null, "bwa": null, "bwe": 6, "bwsr": null}, {"bl": null, "tt": "*TG Southee", "sp": "2017-2020", "mt": 15, "in": 15, "pr": "captain_involve=49108", "ov": 54, "cd": 398, "md": 1, "wk": 22, "fwk": 0, "fw": 0, "tw": 0, "bbi": "3/12", "bbm": "3/12", "bwa": 18.09, "bwe": 7.37, "bwsr": 14.7}, {"bl": null, "tt": "*KS Williamson", "sp": "2016-2021", "mt": 34, "in": 33, "pr": "captain_involve=51088", "ov": 111.2, "cd": 831, "md": 0, "wk": 36, "fwk": 2, "fw": 0, "tw": 0, "bbi": "4/11", "bbm": "4/11", "bwa": 23.08, "bwe": 7.46, "bwsr": 18.5}]}, {"type": "CAPTAIN", "stats": [{"bl": null, "tt": "is captain", "sp": "2020-2020", "mt": 2, "in": 2, "pr": "captain=1", "ov": 5, "cd": 30, "md": 0, "wk": 0, "fwk": 0, "fw": 0, "tw": 0, "bbi": null, "bbm": null, "bwa": null, "bwe": 6, "bwsr": null}, {"bl": null, "tt": "is not captain", "sp": "2015-2021", "mt": 50, "in": 49, "pr": "captain=0", "ov": 169.2, "cd": 1257, "md": 1, "wk": 60, "fwk": 2, "fw": 0, "tw": 0, "bbi": "4/11", "bbm": "4/11", "bwa": 20.95, "bwe": 7.42, "bwsr": 16.9}]}, {"type": "KEEPER", "stats": [{"bl": null, "tt": "is not keeper", "sp": "2015-2021", "mt": 52, "in": 51, "pr": "keeper=0", "ov": 174.2, "cd": 1287, "md": 1, "wk": 60, "fwk": 2, "fw": 0, "tw": 0, "bbi": "4/11", "bbm": "4/11", "bwa": 21.45, "bwe": 7.38, "bwsr": 17.4}]}, {"type": "TOSS", "stats": [{"bl": null, "tt": "won the toss", "sp": "2016-2020", "mt": 22, "in": 22, "pr": "toss=1", "ov": 73.4, "cd": 539, "md": 0, "wk": 22, "fwk": 1, "fw": 0, "tw": 0, "bbi": "4/11", "bbm": "4/11", "bwa": 24.5, "bwe": 7.31, "bwsr": 20}, {"bl": null, "tt": "lost the toss", "sp": "2015-2021", "mt": 30, "in": 29, "pr": "toss=2", "ov": 100.4, "cd": 748, "md": 1, "wk": 38, "fwk": 1, "fw": 0, "tw": 0, "bbi": "4/31", "bbm": "4/31", "bwa": 19.68, "bwe": 7.43, "bwsr": 15.8}]}, {"type": "BATTING_FIELDING_SEQUENCE_AND_TOSS", "stats": [{"bl": null, "tt": "won toss &amp; batted", "sp": "2016-2020", "mt": 10, "in": 10, "pr": "batting_fielding_first=1;toss=1", "ov": 34.4, "cd": 238, "md": 0, "wk": 12, "fwk": 1, "fw": 0, "tw": 0, "bbi": "4/11", "bbm": "4/11", "bwa": 19.83, "bwe": 6.86, "bwsr": 17.3}, {"bl": null, "tt": "won toss &amp; fielded", "sp": "2016-2020", "mt": 12, "in": 12, "pr": "batting_fielding_first=2;toss=1", "ov": 39, "cd": 301, "md": 0, "wk": 10, "fwk": 0, "fw": 0, "tw": 0, "bbi": "2/14", "bbm": "2/14", "bwa": 30.1, "bwe": 7.71, "bwsr": 23.4}, {"bl": null, "tt": "lost toss &amp; sent in", "sp": "2016-2021", "mt": 18, "in": 17, "pr": "batting_fielding_first=1;toss=2", "ov": 55.4, "cd": 458, "md": 0, "wk": 27, "fwk": 1, "fw": 0, "tw": 0, "bbi": "4/31", "bbm": "4/31", "bwa": 16.96, "bwe": 8.22, "bwsr": 12.3}, {"bl": null, "tt": "lost toss &amp; fielded", "sp": "2015-2021", "mt": 12, "in": 12, "pr": "batting_fielding_first=2;toss=2", "ov": 45, "cd": 290, "md": 1, "wk": 11, "fwk": 0, "fw": 0, "tw": 0, "bbi": "3/12", "bbm": "3/12", "bwa": 26.36, "bwe": 6.44, "bwsr": 24.5}]}, {"type": "BATTING_FIELDING_SEQUENCE", "stats": [{"bl": null, "tt": "matches batting first", "sp": "2016-2021", "mt": 28, "in": 27, "pr": "batting_fielding_first=1", "ov": 90.2, "cd": 696, "md": 0, "wk": 39, "fwk": 2, "fw": 0, "tw": 0, "bbi": "4/11", "bbm": "4/11", "bwa": 17.84, "bwe": 7.7, "bwsr": 13.8}, {"bl": null, "tt": "matches fielding first", "sp": "2015-2021", "mt": 24, "in": 24, "pr": "batting_fielding_first=2", "ov": 84, "cd": 591, "md": 1, "wk": 21, "fwk": 0, "fw": 0, "tw": 0, "bbi": "3/12", "bbm": "3/12", "bwa": 28.14, "bwe": 7.03, "bwsr": 24}]}, {"type": "TEAM_INNINGS", "stats": [{"bl": null, "tt": "1st team innings", "sp": "2015-2021", "mt": 51, "in": 51, "pr": "innings_number=1;innings_number=2", "ov": 174.2, "cd": 1287, "md": 1, "wk": 60, "fwk": 2, "fw": 0, "tw": 0, "bbi": "4/11", "bbm": "4/11", "bwa": 21.45, "bwe": 7.38, "bwsr": 17.4}]}, {"type": "MATCH_INNINGS", "stats": [{"bl": null, "tt": "1st match innings", "sp": "2015-2021", "mt": 24, "in": 24, "pr": "innings_number=1", "ov": 84, "cd": 591, "md": 1, "wk": 21, "fwk": 0, "fw": 0, "tw": 0, "bbi": "3/12", "bbm": "3/12", "bwa": 28.14, "bwe": 7.03, "bwsr": 24}, {"bl": null, "tt": "2nd match innings", "sp": "2016-2021", "mt": 27, "in": 27, "pr": "innings_number=2", "ov": 90.2, "cd": 696, "md": 0, "wk": 39, "fwk": 2, "fw": 0, "tw": 0, "bbi": "4/11", "bbm": "4/11", "bwa": 17.84, "bwe": 7.7, "bwsr": 13.8}]}, {"type": "FLOODLIT", "stats": [{"bl": null, "tt": "day match", "sp": "2016-2021", "mt": 11, "in": 11, "pr": "floodlit=1", "ov": 40, "cd": 298, "md": 0, "wk": 20, "fwk": 1, "fw": 0, "tw": 0, "bbi": "4/31", "bbm": "4/31", "bwa": 14.9, "bwe": 7.45, "bwsr": 12}, {"bl": null, "tt": "day/night match", "sp": "2015-2018", "mt": 7, "in": 7, "pr": "floodlit=2", "ov": 23, "cd": 139, "md": 0, "wk": 10, "fwk": 0, "fw": 0, "tw": 0, "bbi": "2/14", "bbm": "2/14", "bwa": 13.9, "bwe": 6.04, "bwsr": 13.8}, {"bl": null, "tt": "night match", "sp": "2016-2021", "mt": 34, "in": 33, "pr": "floodlit=3", "ov": 111.2, "cd": 850, "md": 1, "wk": 30, "fwk": 1, "fw": 0, "tw": 0, "bbi": "4/11", "bbm": "4/11", "bwa": 28.33, "bwe": 7.63, "bwsr": 22.2}]}, {"type": "RESULT", "stats": [{"bl": null, "tt": "won match", "sp": "2016-2021", "mt": 28, "in": 28, "pr": "result=1", "ov": 98.3, "cd": 697, "md": 0, "wk": 38, "fwk": 2, "fw": 0, "tw": 0, "bbi": "4/11", "bbm": "4/11", "bwa": 18.34, "bwe": 7.07, "bwsr": 15.5}, {"bl": null, "tt": "lost match", "sp": "2015-2021", "mt": 19, "in": 19, "pr": "result=2", "ov": 64.5, "cd": 495, "md": 1, "wk": 18, "fwk": 0, "fw": 0, "tw": 0, "bbi": "3/12", "bbm": "3/12", "bwa": 27.5, "bwe": 7.63, "bwsr": 21.6}, {"bl": null, "tt": "tied match", "sp": "2019-2020", "mt": 3, "in": 3, "pr": "result=3", "ov": 10, "cd": 83, "md": 0, "wk": 4, "fwk": 0, "fw": 0, "tw": 0, "bbi": "2/20", "bbm": "2/20", "bwa": 20.75, "bwe": 8.3, "bwsr": 15}, {"bl": null, "tt": "no result", "sp": "2018-2020", "mt": 2, "in": 1, "pr": "result=5", "ov": 1, "cd": 12, "md": 0, "wk": 0, "fwk": 0, "fw": 0, "tw": 0, "bbi": null, "bbm": null, "bwa": null, "bwe": 12, "bwsr": null}]}, {"type": "BATTING_FIELDING_SEQUENCE_AND_RESULT", "stats": [{"bl": null, "tt": "won batting first", "sp": "2016-2021", "mt": 19, "in": 19, "pr": "batting_fielding_first=1;result=1", "ov": 65.3, "cd": 491, "md": 0, "wk": 31, "fwk": 2, "fw": 0, "tw": 0, "bbi": "4/11", "bbm": "4/11", "bwa": 15.83, "bwe": 7.49, "bwsr": 12.6}, {"bl": null, "tt": "won fielding first", "sp": "2016-2021", "mt": 9, "in": 9, "pr": "batting_fielding_first=2;result=1", "ov": 33, "cd": 206, "md": 0, "wk": 7, "fwk": 0, "fw": 0, "tw": 0, "bbi": "2/15", "bbm": "2/15", "bwa": 29.42, "bwe": 6.24, "bwsr": 28.2}, {"bl": null, "tt": "lost batting first", "sp": "2016-2020", "mt": 7, "in": 7, "pr": "batting_fielding_first=1;result=2", "ov": 22.5, "cd": 185, "md": 0, "wk": 6, "fwk": 0, "fw": 0, "tw": 0, "bbi": "3/23", "bbm": "3/23", "bwa": 30.83, "bwe": 8.1, "bwsr": 22.8}, {"bl": null, "tt": "lost fielding first", "sp": "2015-2021", "mt": 12, "in": 12, "pr": "batting_fielding_first=2;result=2", "ov": 42, "cd": 310, "md": 1, "wk": 12, "fwk": 0, "fw": 0, "tw": 0, "bbi": "3/12", "bbm": "3/12", "bwa": 25.83, "bwe": 7.38, "bwsr": 21}, {"bl": null, "tt": "tied batting first", "sp": "2019-2019", "mt": 1, "in": 1, "pr": "batting_fielding_first=1;result=3", "ov": 2, "cd": 20, "md": 0, "wk": 2, "fwk": 0, "fw": 0, "tw": 0, "bbi": "2/20", "bbm": "2/20", "bwa": 10, "bwe": 10, "bwsr": 6}, {"bl": null, "tt": "tied fielding first", "sp": "2020-2020", "mt": 2, "in": 2, "pr": "batting_fielding_first=2;result=3", "ov": 8, "cd": 63, "md": 0, "wk": 2, "fwk": 0, "fw": 0, "tw": 0, "bbi": "1/26", "bbm": "1/26", "bwa": 31.5, "bwe": 7.87, "bwsr": 24}, {"bl": null, "tt": "no result batting first", "sp": "2018-2018", "mt": 1, "in": null, "pr": "batting_fielding_first=1;result=5", "ov": null, "cd": null, "md": null, "wk": null, "fwk": null, "fw": null, "tw": null, "bbi": null, "bbm": null, "bwa": null, "bwe": null, "bwsr": null}, {"bl": null, "tt": "no result fielding first", "sp": "2020-2020", "mt": 1, "in": 1, "pr": "batting_fielding_first=2;result=5", "ov": 1, "cd": 12, "md": 0, "wk": 0, "fwk": 0, "fw": 0, "tw": 0, "bbi": null, "bbm": null, "bwa": null, "bwe": 12, "bwsr": null}]}, {"type": "TOURNAMENT_TYPE", "stats": [{"bl": null, "tt": "2 team series", "sp": "2015-2021", "mt": 43, "in": 42, "pr": "tournament_type=2", "ov": 144.3, "cd": 1063, "md": 1, "wk": 47, "fwk": 1, "fw": 0, "tw": 0, "bbi": "4/31", "bbm": "4/31", "bwa": 22.61, "bwe": 7.35, "bwsr": 18.4}, {"bl": null, "tt": "3-4 team tournaments", "sp": "2018-2018", "mt": 4, "in": 4, "pr": "tournament_type=3", "ov": 11.4, "cd": 110, "md": 0, "wk": 3, "fwk": 0, "fw": 0, "tw": 0, "bbi": "2/29", "bbm": "2/29", "bwa": 36.66, "bwe": 9.42, "bwsr": 23.3}, {"bl": null, "tt": "5+ team tournaments", "sp": "2016-2016", "mt": 5, "in": 5, "pr": "tournament_type=5", "ov": 18.1, "cd": 114, "md": 0, "wk": 10, "fwk": 1, "fw": 0, "tw": 0, "bbi": "4/11", "bbm": "4/11", "bwa": 11.4, "bwe": 6.27, "bwsr": 10.9}]}, {"type": "MATCH_NUMBER", "stats": [{"bl": null, "tt": "only match in series", "sp": "2015-2019", "mt": 3, "in": 3, "pr": "match_number=0", "ov": 11, "cd": 95, "md": 0, "wk": 3, "fwk": 0, "fw": 0, "tw": 0, "bbi": "2/28", "bbm": "2/28", "bwa": 31.66, "bwe": 8.63, "bwsr": 22}, {"bl": null, "tt": "1st match in series", "sp": "2016-2021", "mt": 12, "in": 12, "pr": "match_number=1", "ov": 45.3, "cd": 289, "md": 0, "wk": 14, "fwk": 0, "fw": 0, "tw": 0, "bbi": "3/23", "bbm": "3/23", "bwa": 20.64, "bwe": 6.35, "bwsr": 19.5}, {"bl": null, "tt": "2nd match in series", "sp": "2016-2021", "mt": 12, "in": 11, "pr": "match_number=2", "ov": 37, "cd": 294, "md": 0, "wk": 14, "fwk": 1, "fw": 0, "tw": 0, "bbi": "4/31", "bbm": "4/31", "bwa": 21, "bwe": 7.94, "bwsr": 15.8}, {"bl": null, "tt": "3rd match in series", "sp": "2016-2020", "mt": 10, "in": 10, "pr": "match_number=3", "ov": 29, "cd": 234, "md": 1, "wk": 10, "fwk": 0, "fw": 0, "tw": 0, "bbi": "3/12", "bbm": "3/12", "bwa": 23.4, "bwe": 8.06, "bwsr": 17.4}, {"bl": null, "tt": "4th match in series", "sp": "2019-2021", "mt": 3, "in": 3, "pr": "match_number=4", "ov": 12, "cd": 74, "md": 0, "wk": 4, "fwk": 0, "fw": 0, "tw": 0, "bbi": "2/32", "bbm": "2/32", "bwa": 18.5, "bwe": 6.16, "bwsr": 18}, {"bl": null, "tt": "5th match in series", "sp": "2019-2021", "mt": 3, "in": 3, "pr": "match_number=5", "ov": 10, "cd": 77, "md": 0, "wk": 2, "fwk": 0, "fw": 0, "tw": 0, "bbi": "2/20", "bbm": "2/20", "bwa": 38.5, "bwe": 7.7, "bwsr": 30}]}, {"type": "MAJOR_TROPHY", "stats": [{"bl": null, "tt": "Men's T20 World Cup", "sp": "2016-2016", "mt": 5, "in": 5, "pr": "trophy=89", "ov": 18.1, "cd": 114, "md": 0, "wk": 10, "fwk": 1, "fw": 0, "tw": 0, "bbi": "4/11", "bbm": "4/11", "bwa": 11.4, "bwe": 6.27, "bwsr": 10.9}]}, {"type": "FINAL_TYPE", "stats": [{"bl": null, "tt": "tournament finals", "sp": "2018-2018", "mt": 1, "in": 1, "pr": "final_type=1", "ov": 3.4, "cd": 29, "md": 0, "wk": 1, "fwk": 0, "fw": 0, "tw": 0, "bbi": "1/29", "bbm": "1/29", "bwa": 29, "bwe": 7.9, "bwsr": 22}, {"bl": null, "tt": "tournament semi-finals", "sp": "2016-2016", "mt": 1, "in": 1, "pr": "final_type=3", "ov": 3.1, "cd": 28, "md": 0, "wk": 1, "fwk": 0, "fw": 0, "tw": 0, "bbi": "1/28", "bbm": "1/28", "bwa": 28, "bwe": 8.84, "bwsr": 19}, {"bl": null, "tt": "preliminary matches", "sp": "2016-2018", "mt": 7, "in": 7, "pr": "final_type=0", "ov": 23, "cd": 167, "md": 0, "wk": 11, "fwk": 1, "fw": 0, "tw": 0, "bbi": "4/11", "bbm": "4/11", "bwa": 15.18, "bwe": 7.26, "bwsr": 12.5}]}, {"type": "BOWLING_POSITION", "stats": [{"bl": null, "tt": "1st position", "sp": "2015-2020", "mt": 9, "in": 9, "pr": "bowling_positionval1=bowling_position;bowling_positionmin1=1;bowling_positionmax1=1", "ov": 30, "cd": 229, "md": 0, "wk": 9, "fwk": 0, "fw": 0, "tw": 0, "bbi": "2/28", "bbm": "2/28", "bwa": 25.44, "bwe": 7.63, "bwsr": 20}, {"bl": null, "tt": "2nd position", "sp": "2017-2021", "mt": 5, "in": 5, "pr": "bowling_positionval1=bowling_position;bowling_positionmin1=2;bowling_positionmax1=2", "ov": 16, "cd": 148, "md": 0, "wk": 3, "fwk": 0, "fw": 0, "tw": 0, "bbi": "2/29", "bbm": "2/29", "bwa": 49.33, "bwe": 9.25, "bwsr": 32}, {"bl": null, "tt": "3rd position", "sp": "2016-2021", "mt": 9, "in": 9, "pr": "bowling_positionval1=bowling_position;bowling_positionmin1=3;bowling_positionmax1=3", "ov": 31, "cd": 178, "md": 1, "wk": 17, "fwk": 1, "fw": 0, "tw": 0, "bbi": "4/11", "bbm": "4/11", "bwa": 10.47, "bwe": 5.74, "bwsr": 10.9}, {"bl": null, "tt": "4th position", "sp": "2016-2021", "mt": 16, "in": 16, "pr": "bowling_positionval1=bowling_position;bowling_positionmin1=4;bowling_positionmax1=4", "ov": 54.5, "cd": 422, "md": 0, "wk": 18, "fwk": 1, "fw": 0, "tw": 0, "bbi": "4/31", "bbm": "4/31", "bwa": 23.44, "bwe": 7.69, "bwsr": 18.2}, {"bl": null, "tt": "5th position", "sp": "2016-2020", "mt": 10, "in": 10, "pr": "bowling_positionval1=bowling_position;bowling_positionmin1=5;bowling_positionmax1=5", "ov": 35, "cd": 266, "md": 0, "wk": 10, "fwk": 0, "fw": 0, "tw": 0, "bbi": "2/14", "bbm": "2/14", "bwa": 26.6, "bwe": 7.6, "bwsr": 21}, {"bl": null, "tt": "6th position", "sp": "2018-2021", "mt": 2, "in": 2, "pr": "bowling_positionval1=bowling_position;bowling_positionmin1=6;bowling_positionmax1=6", "ov": 7.3, "cd": 44, "md": 0, "wk": 3, "fwk": 0, "fw": 0, "tw": 0, "bbi": "2/15", "bbm": "2/15", "bwa": 14.66, "bwe": 5.86, "bwsr": 15}]}]}}