{"player": {"id": 64864, "objectId": 502714, "name": "MJ Santner", "longName": "Mitchell Santner", "mobileName": "Santner", "indexName": "Santner, MJ", "battingName": "MJ Santner", "fieldingName": "Santner", "slug": "mitchell-santner", "gender": "M", "playingRole": "bowling allrounder", "battingStyles": ["lhb"], "bowlingStyles": ["sla"], "longBattingStyles": ["left-hand bat"], "longBowlingStyles": ["slow left-arm orthodox"], "image": {"id": 303659, "objectId": 1222457, "slug": "mitchell-santner-portrait", "url": "/db/PICTURES/CMS/303600/303659.jpg", "width": 160, "height": 200, "caption": "Mitchell Santner portrait", "longCaption": "Mitchell Santner, May 2020", "credit": "Getty Images", "photographer": null, "peerUrls": null}, "countryTeamId": 5, "playingRoleType": "P", "playingRoles": ["bowling allrounder"], "dateOfBirth": {"year": 1992, "month": 2, "date": 5}, "dateOfDeath": null, "fullName": "Mitchell Josef Santner", "nickNames": "", "alsoKnownAs": "", "height": 0, "heightUnit": null, "education": "", "country": {"id": 5, "objectId": 5, "name": "New Zealand", "shortName": "New Zealand", "image": {"id": 313127, "objectId": 1241586, "slug": "new-zealand-logo", "url": "/db/PICTURES/CMS/313100/313127.logo.png", "width": 500, "height": 500, "caption": "New Zealand logo", "longCaption": "New Zealand logo", "credit": null, "photographer": null, "peerUrls": null}}, "altCountryTeamId": null, "placeOfBirth": "Hamilton", "dobText": null, "dodText": null, "placeOfDeath": "", "intlCareerSpan": "2015 - 2021", "headshotImage": {"id": 319792, "objectId": 1259803, "slug": "mitchell-santner-player-page-headshot-cutout-2021", "url": "/db/PICTURES/CMS/319700/319792.png", "width": 600, "height": 436, "caption": "Mitchell Santner player page headshot cutout, 2021", "longCaption": "Mitchell Santner player page headshot cutout, 2021", "credit": null, "photographer": null, "peerUrls": {"FILM": null, "WIDE": null, "SQUARE": "/db/PICTURES/CMS/319700/319792.square.png"}}, "backgroundImage": {"id": 236937, "objectId": 983291, "slug": "mitchell-santner-celebrates-a-wicket", "url": "/db/PICTURES/CMS/236900/236937.jpg", "width": 900, "height": 623, "caption": "Mitchell Santner celebrates a wicket", "longCaption": "Mitchell Santner celebrates a wicket, India v New Zealand, World T20 2016, Group 2, Nagpur, March 15, 2016 ", "credit": "AFP", "photographer": null, "peerUrls": {"FILM": "/db/PICTURES/CMS/236900/236937.jpg", "WIDE": "/db/PICTURES/CMS/236900/236937.3.jpg", "SQUARE": "/db/PICTURES/CMS/236900/236937.square.jpg"}}, "externalLinks": [], "fieldingStyles": [], "otherStyles": [], "matchPlayerTypes": [1], "hasRecords": true, "hasStats": true, "hasMatches": true, "totalStories": 101, "totalVideos": 3, "totalImages": 146}, "teams": [{"team": {"id": 5, "objectId": 5, "scribeId": 5, "slug": "new-zealand", "name": "New Zealand", "longName": "New Zealand", "abbreviation": "NZ", "isCountry": true, "primaryColor": "#000000", "image": {"id": 313127, "objectId": 1241586, "slug": "new-zealand-logo", "url": "/db/PICTURES/CMS/313100/313127.logo.png", "width": 500, "height": 500, "caption": "New Zealand logo", "longCaption": "New Zealand logo", "credit": null, "photographer": null, "peerUrls": null}}, "current": false}, {"team": {"id": 5151, "objectId": 642411, "scribeId": 642411, "slug": "barbados-tridents", "name": "Tridents", "longName": "Barbados Tridents", "abbreviation": "BT", "isCountry": false, "primaryColor": null, "image": {"id": 313481, "objectId": 1241940, "slug": "barbados-tridents-logo", "url": "/db/PICTURES/CMS/313400/313481.logo.png", "width": 500, "height": 500, "caption": "Barbados Tridents logo", "longCaption": "Barbados Tridents logo", "credit": null, "photographer": null, "peerUrls": null}}, "current": false}, {"team": {"id": 4343, "objectId": 335974, "scribeId": 335974, "slug": "chennai-super-kings", "name": "Super Kings", "longName": "Chennai Super Kings", "abbreviation": "CSK", "isCountry": false, "primaryColor": "#fdb913", "image": {"id": 313421, "objectId": 1241880, "slug": "chennai-super-kings-logo", "url": "/db/PICTURES/CMS/313400/313421.logo.png", "width": 500, "height": 500, "caption": "Chennai Super Kings logo", "longCaption": "Chennai Super Kings logo", "credit": null, "photographer": null, "peerUrls": null}}, "current": false}, {"team": {"id": 955, "objectId": 904, "scribeId": 904, "slug": "derbyshire", "name": "Derbyshire", "longName": "Derbyshire", "abbreviation": "DERBS", "isCountry": false, "primaryColor": null, "image": {"id": 313254, "objectId": 1241713, "slug": "derbyshire-logo", "url": "/db/PICTURES/CMS/313200/313254.logo.png", "width": 500, "height": 500, "caption": "Derbyshire logo", "longCaption": "Derbyshire logo", "credit": null, "photographer": null, "peerUrls": null}}, "current": false}, {"team": {"id": 2591, "objectId": 2540, "scribeId": 2540, "slug": "new-zealand-a", "name": "NZ A", "longName": "New Zealand A", "abbreviation": "NZ-A", "isCountry": false, "primaryColor": null, "image": {"id": 313333, "objectId": 1241792, "slug": "new-zealand-a-logo", "url": "/db/PICTURES/CMS/313300/313333.logo.png", "width": 500, "height": 500, "caption": "New Zealand A logo", "longCaption": "New Zealand A logo", "credit": null, "photographer": null, "peerUrls": null}}, "current": false}, {"team": {"id": 4334, "objectId": 326695, "scribeId": 326695, "slug": "new-zealand-cricket-xi", "name": "NZ XI", "longName": "New Zealand Cricket XI", "abbreviation": "NZCSI", "isCountry": false, "primaryColor": null, "image": null}, "current": false}, {"team": {"id": 4826, "objectId": 502713, "scribeId": 502713, "slug": "new-zealand-masters", "name": "NZ Masters", "longName": "New Zealand Masters", "abbreviation": "", "isCountry": false, "primaryColor": null, "image": null}, "current": false}, {"team": {"id": 2616, "objectId": 2565, "scribeId": 2565, "slug": "new-zealand-xi", "name": "NZ XI", "longName": "New Zealand XI", "abbreviation": "NZ-XI", "isCountry": false, "primaryColor": null, "image": {"id": 313336, "objectId": 1241795, "slug": "new-zealand-xi-logo", "url": "/db/PICTURES/CMS/313300/313336.logo.png", "width": 500, "height": 500, "caption": "New Zealand XI logo", "longCaption": "New Zealand XI logo", "credit": null, "photographer": null, "peerUrls": null}}, "current": false}, {"team": {"id": 2567, "objectId": 2516, "scribeId": 2516, "slug": "northern-districts", "name": "Northern Dis", "longName": "Northern Districts", "abbreviation": "ND", "isCountry": false, "primaryColor": null, "image": {"id": 313332, "objectId": 1241791, "slug": "northern-districts-logo", "url": "/db/PICTURES/CMS/313300/313332.logo.png", "width": 500, "height": 500, "caption": "Northern Districts logo", "longCaption": "Northern Districts logo", "credit": null, "photographer": null, "peerUrls": null}}, "current": false}, {"team": {"id": 2568, "objectId": 2517, "scribeId": 2517, "slug": "northern-districts-a", "name": "Northern D A", "longName": "Northern Districts A", "abbreviation": "ND A", "isCountry": false, "primaryColor": null, "image": null}, "current": false}, {"team": {"id": 2571, "objectId": 2520, "scribeId": 2520, "slug": "northern-districts-under-19s", "name": "", "longName": "Northern Districts Under-19s", "abbreviation": "", "isCountry": false, "primaryColor": null, "image": null}, "current": false}, {"team": {"id": 1509, "objectId": 1458, "scribeId": 1458, "slug": "worcestershire", "name": "WORCS", "longName": "Worcestershire", "abbreviation": "WORCS", "isCountry": false, "primaryColor": null, "image": {"id": 313280, "objectId": 1241739, "slug": "worcestershire-logo", "url": "/db/PICTURES/CMS/313200/313280.logo.png", "width": 500, "height": 500, "caption": "Worcestershire logo", "longCaption": "Worcestershire logo", "credit": null, "photographer": null, "peerUrls": null}}, "current": false}, {"team": {"id": 1510, "objectId": 1459, "scribeId": 1459, "slug": "worcestershire-2nd-xi", "name": "Worcs 2nd XI", "longName": "Worcestershire 2nd XI", "abbreviation": "Wo2XI", "isCountry": false, "primaryColor": null, "image": {"id": 163849, "objectId": 657781, "slug": "worcestershire", "url": "/db/PICTURES/CMS/163800/163849.jpg", "width": 120, "height": 80, "caption": "Worcestershire", "longCaption": "Worcestershire", "credit": "ESPNcricinfo Ltd", "photographer": null, "peerUrls": null}}, "current": false}]}