{"summary": {"recordClassId": 3, "type": "ALLROUND", "groups": [{"type": "CAREER_AVERAGES", "stats": [{"tt": "overview", "sp": "2015-2021", "mt": 52, "pr": null, "rn": 335, "wk": 60, "ct": 24, "st": 0, "hs": "37", "hn": 0, "bbi": "4/11", "bta": 15.22, "bwa": 21.45, "fw": 0, "bbad": -6.22}]}, {"type": "OPPOSITION_TEAM", "stats": [{"tt": "v Australia", "sp": "2016-2021", "mt": 7, "pr": "opposition=2", "rn": 12, "wk": 9, "ct": 2, "st": 0, "hs": "7*", "hn": 0, "bbi": "4/31", "bta": 2.4, "bwa": 19.55, "fw": 0, "bbad": -17.15}, {"tt": "v Bangladesh", "sp": "2016-2017", "mt": 4, "pr": "opposition=25", "rn": 7, "wk": 4, "ct": 3, "st": 0, "hs": "4", "hn": 0, "bbi": "1/14", "bta": 3.5, "bwa": 21.75, "fw": 0, "bbad": -18.25}, {"tt": "v England", "sp": "2015-2019", "mt": 9, "pr": "opposition=1", "rn": 42, "wk": 16, "ct": 2, "st": 0, "hs": "15", "hn": 0, "bbi": "3/23", "bta": 8.4, "bwa": 16.12, "fw": 0, "bbad": -7.72}, {"tt": "v India", "sp": "2016-2020", "mt": 12, "pr": "opposition=6", "rn": 81, "wk": 12, "ct": 8, "st": 0, "hs": "27*", "hn": 0, "bbi": "4/11", "bta": 16.2, "bwa": 27.33, "fw": 0, "bbad": -11.13}, {"tt": "v Pakistan", "sp": "2016-2020", "mt": 8, "pr": "opposition=7", "rn": 75, "wk": 9, "ct": 4, "st": 0, "hs": "37", "hn": 0, "bbi": "2/14", "bta": 37.5, "bwa": 18.44, "fw": 0, "bbad": 19.05}, {"tt": "v South Africa", "sp": "2017-2017", "mt": 1, "pr": "opposition=3", "rn": 5, "wk": 0, "ct": 1, "st": 0, "hs": "5", "hn": 0, "bbi": "-", "bta": 5, "bwa": null, "fw": 0, "bbad": null}, {"tt": "v Sri Lanka", "sp": "2016-2019", "mt": 5, "pr": "opposition=8", "rn": 53, "wk": 7, "ct": 1, "st": 0, "hs": "16", "hn": 0, "bbi": "3/12", "bta": 26.5, "bwa": 17, "fw": 0, "bbad": 9.5}, {"tt": "v West Indies", "sp": "2017-2020", "mt": 6, "pr": "opposition=4", "rn": 60, "wk": 3, "ct": 3, "st": 0, "hs": "31*", "hn": 0, "bbi": "2/41", "bta": null, "bwa": 37.66, "fw": 0, "bbad": null}]}, {"type": "HOST_COUNTRY", "stats": [{"tt": "in Australia", "sp": "2018-2018", "mt": 1, "pr": "host=2", "rn": 1, "wk": 0, "ct": 0, "st": 0, "hs": "1", "hn": 0, "bbi": "-", "bta": 1, "bwa": null, "fw": 0, "bbad": null}, {"tt": "in England", "sp": "2015-2015", "mt": 1, "pr": "host=1", "rn": 9, "wk": 2, "ct": 1, "st": 0, "hs": "9", "hn": 0, "bbi": "2/28", "bta": 9, "bwa": 14, "fw": 0, "bbad": -5}, {"tt": "in India", "sp": "2016-2017", "mt": 8, "pr": "host=6", "rn": 59, "wk": 11, "ct": 4, "st": 0, "hs": "27*", "hn": 0, "bbi": "4/11", "bta": 14.75, "bwa": 17.36, "fw": 0, "bbad": -2.61}, {"tt": "in New Zealand", "sp": "2016-2021", "mt": 39, "pr": "host=5", "rn": 226, "wk": 43, "ct": 18, "st": 0, "hs": "37", "hn": 0, "bbi": "4/31", "bta": 15.06, "bwa": 22.79, "fw": 0, "bbad": -7.72}, {"tt": "in Sri Lanka", "sp": "2019-2019", "mt": 3, "pr": "host=8", "rn": 40, "wk": 4, "ct": 1, "st": 0, "hs": "16", "hn": 0, "bbi": "3/12", "bta": 40, "bwa": 17, "fw": 0, "bbad": 23}]}, {"type": "CONTINENT", "stats": [{"tt": "in Asia", "sp": "2016-2019", "mt": 11, "pr": "continent=2", "rn": 99, "wk": 15, "ct": 5, "st": 0, "hs": "27*", "hn": 0, "bbi": "4/11", "bta": 19.8, "bwa": 17.26, "fw": 0, "bbad": 2.53}, {"tt": "in Europe", "sp": "2015-2015", "mt": 1, "pr": "continent=4", "rn": 9, "wk": 2, "ct": 1, "st": 0, "hs": "9", "hn": 0, "bbi": "2/28", "bta": 9, "bwa": 14, "fw": 0, "bbad": -5}, {"tt": "in Oceania", "sp": "2016-2021", "mt": 40, "pr": "continent=5", "rn": 227, "wk": 43, "ct": 18, "st": 0, "hs": "37", "hn": 0, "bbi": "4/31", "bta": 14.18, "bwa": 23.25, "fw": 0, "bbad": -9.06}]}, {"type": "HOME_OR_AWAY", "stats": [{"tt": "home", "sp": "2016-2021", "mt": 39, "pr": "home_or_away=1", "rn": 226, "wk": 43, "ct": 18, "st": 0, "hs": "37", "hn": 0, "bbi": "4/31", "bta": 15.06, "bwa": 22.79, "fw": 0, "bbad": -7.72}, {"tt": "away", "sp": "2015-2019", "mt": 9, "pr": "home_or_away=2", "rn": 98, "wk": 11, "ct": 5, "st": 0, "hs": "27*", "hn": 0, "bbi": "4/11", "bta": 24.5, "bwa": 18.54, "fw": 0, "bbad": 5.95}, {"tt": "neutral", "sp": "2016-2016", "mt": 4, "pr": "home_or_away=3", "rn": 11, "wk": 6, "ct": 1, "st": 0, "hs": "7", "hn": 0, "bbi": "2/29", "bta": 3.66, "bwa": 17.16, "fw": 0, "bbad": -13.5}]}, {"type": "YEAR", "stats": [{"tt": "year 2015", "sp": null, "mt": 1, "pr": "year=2015", "rn": 9, "wk": 2, "ct": 1, "st": 0, "hs": "9", "hn": 0, "bbi": "2/28", "bta": 9, "bwa": 14, "fw": 0, "bbad": -5}, {"tt": "year 2016", "sp": null, "mt": 9, "pr": "year=2016", "rn": 31, "wk": 15, "ct": 3, "st": 0, "hs": "18", "hn": 0, "bbi": "4/11", "bta": 6.2, "bwa": 12.53, "fw": 0, "bbad": -6.33}, {"tt": "year 2017", "sp": null, "mt": 8, "pr": "year=2017", "rn": 62, "wk": 5, "ct": 6, "st": 0, "hs": "27*", "hn": 0, "bbi": "1/14", "bta": 31, "bwa": 41.8, "fw": 0, "bbad": -10.8}, {"tt": "year 2018", "sp": null, "mt": 9, "pr": "year=2018", "rn": 68, "wk": 7, "ct": 2, "st": 0, "hs": "37", "hn": 0, "bbi": "2/15", "bta": 22.66, "bwa": 27.85, "fw": 0, "bbad": -5.19}, {"tt": "year 2019", "sp": null, "mt": 12, "pr": "year=2019", "rn": 93, "wk": 20, "ct": 2, "st": 0, "hs": "16", "hn": 0, "bbi": "3/12", "bta": 15.5, "bwa": 15.4, "fw": 0, "bbad": 0.1}, {"tt": "year 2020", "sp": null, "mt": 9, "pr": "year=2020", "rn": 62, "wk": 5, "ct": 8, "st": 0, "hs": "31*", "hn": 0, "bbi": "2/41", "bta": 20.66, "bwa": 52.4, "fw": 0, "bbad": -31.73}, {"tt": "year 2021", "sp": null, "mt": 4, "pr": "year=2021", "rn": 10, "wk": 6, "ct": 2, "st": 0, "hs": "7*", "hn": 0, "bbi": "4/31", "bta": 5, "bwa": 16.16, "fw": 0, "bbad": -11.16}]}, {"type": "SEASON", "stats": [{"tt": "season 2015", "sp": null, "mt": 1, "pr": "season=2015", "rn": 9, "wk": 2, "ct": 1, "st": 0, "hs": "9", "hn": 0, "bbi": "2/28", "bta": 9, "bwa": 14, "fw": 0, "bbad": -5}, {"tt": "season 2015/16", "sp": null, "mt": 9, "pr": "season=2015/16", "rn": 31, "wk": 15, "ct": 3, "st": 0, "hs": "18", "hn": 0, "bbi": "4/11", "bta": 6.2, "bwa": 12.53, "fw": 0, "bbad": -6.33}, {"tt": "season 2016/17", "sp": null, "mt": 4, "pr": "season=2016/17", "rn": 9, "wk": 3, "ct": 3, "st": 0, "hs": "5", "hn": 0, "bbi": "1/14", "bta": 4.5, "bwa": 37, "fw": 0, "bbad": -32.5}, {"tt": "season 2017/18", "sp": null, "mt": 13, "pr": "season=2017/18", "rn": 121, "wk": 9, "ct": 5, "st": 0, "hs": "37", "hn": 0, "bbi": "2/15", "bta": 40.33, "bwa": 32.55, "fw": 0, "bbad": 7.77}, {"tt": "season 2018/19", "sp": null, "mt": 4, "pr": "season=2018/19", "rn": 27, "wk": 5, "ct": 0, "st": 0, "hs": "13", "hn": 0, "bbi": "2/24", "bta": 13.5, "bwa": 19.8, "fw": 0, "bbad": -6.3}, {"tt": "season 2019", "sp": null, "mt": 3, "pr": "season=2019", "rn": 40, "wk": 4, "ct": 1, "st": 0, "hs": "16", "hn": 0, "bbi": "3/12", "bta": 40, "bwa": 17, "fw": 0, "bbad": 23}, {"tt": "season 2019/20", "sp": null, "mt": 10, "pr": "season=2019/20", "rn": 45, "wk": 14, "ct": 6, "st": 0, "hs": "15", "hn": 0, "bbi": "3/23", "bta": 7.5, "bwa": 22.07, "fw": 0, "bbad": -14.57}, {"tt": "season 2020/21", "sp": null, "mt": 8, "pr": "season=2020/21", "rn": 53, "wk": 8, "ct": 5, "st": 0, "hs": "31*", "hn": 0, "bbi": "4/31", "bta": 26.5, "bwa": 23.87, "fw": 0, "bbad": 2.62}]}, {"type": "CAPTAINS_INVOLVED", "stats": [{"tt": "*BB McCullum", "sp": "2015-2015", "mt": 1, "pr": "captain_involve=10384", "rn": 9, "wk": 2, "ct": 1, "st": 0, "hs": "9", "hn": 0, "bbi": "2/28", "bta": 9, "bwa": 14, "fw": 0, "bbad": -5}, {"tt": "*MJ Santner", "sp": "2020-2020", "mt": 2, "pr": "captain_involve=64864", "rn": 12, "wk": 0, "ct": 1, "st": 0, "hs": "12*", "hn": 0, "bbi": "-", "bta": null, "bwa": null, "fw": 0, "bbad": null}, {"tt": "*TG Southee", "sp": "2017-2020", "mt": 15, "pr": "captain_involve=49108", "rn": 141, "wk": 22, "ct": 9, "st": 0, "hs": "31*", "hn": 0, "bbi": "3/12", "bta": 20.14, "bwa": 18.09, "fw": 0, "bbad": 2.05}, {"tt": "*KS Williamson", "sp": "2016-2021", "mt": 34, "pr": "captain_involve=51088", "rn": 173, "wk": 36, "ct": 13, "st": 0, "hs": "37", "hn": 0, "bbi": "4/11", "bta": 12.35, "bwa": 23.08, "fw": 0, "bbad": -10.72}]}, {"type": "CAPTAIN", "stats": [{"tt": "is captain", "sp": "2020-2020", "mt": 2, "pr": "captain=1", "rn": 12, "wk": 0, "ct": 1, "st": 0, "hs": "12*", "hn": 0, "bbi": "-", "bta": null, "bwa": null, "fw": 0, "bbad": null}, {"tt": "is not captain", "sp": "2015-2021", "mt": 50, "pr": "captain=0", "rn": 323, "wk": 60, "ct": 23, "st": 0, "hs": "37", "hn": 0, "bbi": "4/11", "bta": 14.68, "bwa": 20.95, "fw": 0, "bbad": -6.26}]}, {"type": "KEEPER", "stats": [{"tt": "is not keeper", "sp": "2015-2021", "mt": 52, "pr": "keeper=0", "rn": 335, "wk": 60, "ct": 24, "st": 0, "hs": "37", "hn": 0, "bbi": "4/11", "bta": 15.22, "bwa": 21.45, "fw": 0, "bbad": -6.22}]}, {"type": "TOSS", "stats": [{"tt": "won the toss", "sp": "2016-2020", "mt": 22, "pr": "toss=1", "rn": 137, "wk": 22, "ct": 9, "st": 0, "hs": "31*", "hn": 0, "bbi": "4/11", "bta": 12.45, "bwa": 24.5, "fw": 0, "bbad": -12.04}, {"tt": "lost the toss", "sp": "2015-2021", "mt": 30, "pr": "toss=2", "rn": 198, "wk": 38, "ct": 15, "st": 0, "hs": "37", "hn": 0, "bbi": "4/31", "bta": 18, "bwa": 19.68, "fw": 0, "bbad": -1.68}]}, {"type": "BATTING_FIELDING_SEQUENCE_AND_TOSS", "stats": [{"tt": "won toss &amp; batted", "sp": "2016-2020", "mt": 10, "pr": "batting_fielding_first=1;toss=1", "rn": 50, "wk": 12, "ct": 3, "st": 0, "hs": "18", "hn": 0, "bbi": "4/11", "bta": 8.33, "bwa": 19.83, "fw": 0, "bbad": -11.5}, {"tt": "won toss &amp; fielded", "sp": "2016-2020", "mt": 12, "pr": "batting_fielding_first=2;toss=1", "rn": 87, "wk": 10, "ct": 6, "st": 0, "hs": "31*", "hn": 0, "bbi": "2/14", "bta": 17.4, "bwa": 30.1, "fw": 0, "bbad": -12.7}, {"tt": "lost toss &amp; sent in", "sp": "2016-2021", "mt": 18, "pr": "batting_fielding_first=1;toss=2", "rn": 67, "wk": 27, "ct": 6, "st": 0, "hs": "23*", "hn": 0, "bbi": "4/31", "bta": 11.16, "bwa": 16.96, "fw": 0, "bbad": -5.79}, {"tt": "lost toss &amp; fielded", "sp": "2015-2021", "mt": 12, "pr": "batting_fielding_first=2;toss=2", "rn": 131, "wk": 11, "ct": 9, "st": 0, "hs": "37", "hn": 0, "bbi": "3/12", "bta": 26.2, "bwa": 26.36, "fw": 0, "bbad": -0.16}]}, {"type": "BATTING_FIELDING_SEQUENCE", "stats": [{"tt": "matches batting first", "sp": "2016-2021", "mt": 28, "pr": "batting_fielding_first=1", "rn": 117, "wk": 39, "ct": 9, "st": 0, "hs": "23*", "hn": 0, "bbi": "4/11", "bta": 9.75, "bwa": 17.84, "fw": 0, "bbad": -8.09}, {"tt": "matches fielding first", "sp": "2015-2021", "mt": 24, "pr": "batting_fielding_first=2", "rn": 218, "wk": 21, "ct": 15, "st": 0, "hs": "37", "hn": 0, "bbi": "3/12", "bta": 21.8, "bwa": 28.14, "fw": 0, "bbad": -6.34}]}, {"type": "TEAM_INNINGS", "stats": [{"tt": "1st team innings", "sp": "2015-2021", "mt": 52, "pr": "innings_number=1;innings_number=2", "rn": 335, "wk": 60, "ct": 24, "st": 0, "hs": "37", "hn": 0, "bbi": "4/11", "bta": 15.22, "bwa": 21.45, "fw": 0, "bbad": -6.22}]}, {"type": "MATCH_INNINGS", "stats": [{"tt": "1st match innings", "sp": "2015-2021", "mt": 52, "pr": "innings_number=1", "rn": 117, "wk": 21, "ct": 15, "st": 0, "hs": "23*", "hn": 0, "bbi": "3/12", "bta": 9.75, "bwa": 28.14, "fw": 0, "bbad": -18.39}, {"tt": "2nd match innings", "sp": "2015-2021", "mt": 50, "pr": "innings_number=2", "rn": 218, "wk": 39, "ct": 9, "st": 0, "hs": "37", "hn": 0, "bbi": "4/11", "bta": 21.8, "bwa": 17.84, "fw": 0, "bbad": 3.95}]}, {"type": "FLOODLIT", "stats": [{"tt": "day match", "sp": "2016-2021", "mt": 11, "pr": "floodlit=1", "rn": 43, "wk": 20, "ct": 5, "st": 0, "hs": "23*", "hn": 0, "bbi": "4/31", "bta": 10.75, "bwa": 14.9, "fw": 0, "bbad": -4.15}, {"tt": "day/night match", "sp": "2015-2018", "mt": 7, "pr": "floodlit=2", "rn": 15, "wk": 10, "ct": 4, "st": 0, "hs": "9", "hn": 0, "bbi": "2/14", "bta": 3.75, "bwa": 13.9, "fw": 0, "bbad": -10.15}, {"tt": "night match", "sp": "2016-2021", "mt": 34, "pr": "floodlit=3", "rn": 277, "wk": 30, "ct": 15, "st": 0, "hs": "37", "hn": 0, "bbi": "4/11", "bta": 19.78, "bwa": 28.33, "fw": 0, "bbad": -8.54}]}, {"type": "RESULT", "stats": [{"tt": "won match", "sp": "2016-2021", "mt": 28, "pr": "result=1", "rn": 166, "wk": 38, "ct": 14, "st": 0, "hs": "31*", "hn": 0, "bbi": "4/11", "bta": 20.75, "bwa": 18.34, "fw": 0, "bbad": 2.4}, {"tt": "lost match", "sp": "2015-2021", "mt": 19, "pr": "result=2", "rn": 158, "wk": 18, "ct": 7, "st": 0, "hs": "37", "hn": 0, "bbi": "3/12", "bta": 13.16, "bwa": 27.5, "fw": 0, "bbad": -14.33}, {"tt": "tied match", "sp": "2019-2020", "mt": 3, "pr": "result=3", "rn": 11, "wk": 4, "ct": 3, "st": 0, "hs": "9", "hn": 0, "bbi": "2/20", "bta": 5.5, "bwa": 20.75, "fw": 0, "bbad": -15.25}, {"tt": "no result", "sp": "2018-2020", "mt": 2, "pr": "result=5", "rn": null, "wk": 0, "ct": 0, "st": 0, "hs": null, "hn": null, "bbi": "-", "bta": null, "bwa": null, "fw": 0, "bbad": null}]}, {"type": "BATTING_FIELDING_SEQUENCE_AND_RESULT", "stats": [{"tt": "won batting first", "sp": "2016-2021", "mt": 19, "pr": "batting_fielding_first=1;result=1", "rn": 99, "wk": 31, "ct": 9, "st": 0, "hs": "23*", "hn": 0, "bbi": "4/11", "bta": 12.37, "bwa": 15.83, "fw": 0, "bbad": -3.46}, {"tt": "won fielding first", "sp": "2016-2021", "mt": 9, "pr": "batting_fielding_first=2;result=1", "rn": 67, "wk": 7, "ct": 5, "st": 0, "hs": "31*", "hn": 0, "bbi": "2/15", "bta": null, "bwa": 29.42, "fw": 0, "bbad": null}, {"tt": "lost batting first", "sp": "2016-2020", "mt": 7, "pr": "batting_fielding_first=1;result=2", "rn": 18, "wk": 6, "ct": 0, "st": 0, "hs": "7", "hn": 0, "bbi": "3/23", "bta": 4.5, "bwa": 30.83, "fw": 0, "bbad": -26.33}, {"tt": "lost fielding first", "sp": "2015-2021", "mt": 12, "pr": "batting_fielding_first=2;result=2", "rn": 140, "wk": 12, "ct": 7, "st": 0, "hs": "37", "hn": 0, "bbi": "3/12", "bta": 17.5, "bwa": 25.83, "fw": 0, "bbad": -8.33}, {"tt": "tied batting first", "sp": "2019-2019", "mt": 1, "pr": "batting_fielding_first=1;result=3", "rn": null, "wk": 2, "ct": 0, "st": 0, "hs": null, "hn": null, "bbi": "2/20", "bta": null, "bwa": 10, "fw": 0, "bbad": null}, {"tt": "tied fielding first", "sp": "2020-2020", "mt": 2, "pr": "batting_fielding_first=2;result=3", "rn": 11, "wk": 2, "ct": 3, "st": 0, "hs": "9", "hn": 0, "bbi": "1/26", "bta": 5.5, "bwa": 31.5, "fw": 0, "bbad": -26}, {"tt": "no result batting first", "sp": "2018-2018", "mt": 1, "pr": "batting_fielding_first=1;result=5", "rn": null, "wk": null, "ct": null, "st": null, "hs": null, "hn": null, "bbi": null, "bta": null, "bwa": null, "fw": null, "bbad": null}, {"tt": "no result fielding first", "sp": "2020-2020", "mt": 1, "pr": "batting_fielding_first=2;result=5", "rn": null, "wk": 0, "ct": 0, "st": 0, "hs": null, "hn": null, "bbi": "-", "bta": null, "bwa": null, "fw": 0, "bbad": null}]}, {"type": "TOURNAMENT_TYPE", "stats": [{"tt": "2 team series", "sp": "2015-2021", "mt": 43, "pr": "tournament_type=2", "rn": 305, "wk": 47, "ct": 23, "st": 0, "hs": "37", "hn": 0, "bbi": "4/31", "bta": 19.06, "bwa": 22.61, "fw": 0, "bbad": -3.55}, {"tt": "3-4 team tournaments", "sp": "2018-2018", "mt": 4, "pr": "tournament_type=3", "rn": 1, "wk": 3, "ct": 0, "st": 0, "hs": "1", "hn": 0, "bbi": "2/29", "bta": 0.5, "bwa": 36.66, "fw": 0, "bbad": -36.16}, {"tt": "5+ team tournaments", "sp": "2016-2016", "mt": 5, "pr": "tournament_type=5", "rn": 29, "wk": 10, "ct": 1, "st": 0, "hs": "18", "hn": 0, "bbi": "4/11", "bta": 7.25, "bwa": 11.4, "fw": 0, "bbad": -4.15}]}, {"type": "MATCH_NUMBER", "stats": [{"tt": "only match in series", "sp": "2015-2019", "mt": 3, "pr": "match_number=0", "rn": 27, "wk": 3, "ct": 2, "st": 0, "hs": "13", "hn": 0, "bbi": "2/28", "bta": 9, "bwa": 31.66, "fw": 0, "bbad": -22.66}, {"tt": "1st match in series", "sp": "2016-2021", "mt": 12, "pr": "match_number=1", "rn": 124, "wk": 14, "ct": 3, "st": 0, "hs": "31*", "hn": 0, "bbi": "3/23", "bta": 124, "bwa": 20.64, "fw": 0, "bbad": 103.35}, {"tt": "2nd match in series", "sp": "2016-2021", "mt": 12, "pr": "match_number=2", "rn": 58, "wk": 14, "ct": 8, "st": 0, "hs": "37", "hn": 0, "bbi": "4/31", "bta": 11.6, "bwa": 21, "fw": 0, "bbad": -9.4}, {"tt": "3rd match in series", "sp": "2016-2020", "mt": 10, "pr": "match_number=3", "rn": 75, "wk": 10, "ct": 4, "st": 0, "hs": "24*", "hn": 0, "bbi": "3/12", "bta": 25, "bwa": 23.4, "fw": 0, "bbad": 1.6}, {"tt": "4th match in series", "sp": "2019-2021", "mt": 3, "pr": "match_number=4", "rn": 15, "wk": 4, "ct": 3, "st": 0, "hs": "10", "hn": 0, "bbi": "2/32", "bta": 5, "bwa": 18.5, "fw": 0, "bbad": -13.5}, {"tt": "5th match in series", "sp": "2019-2021", "mt": 3, "pr": "match_number=5", "rn": 6, "wk": 2, "ct": 3, "st": 0, "hs": "6", "hn": 0, "bbi": "2/20", "bta": 6, "bwa": 38.5, "fw": 0, "bbad": -32.5}]}, {"type": "MAJOR_TROPHY", "stats": [{"tt": "Men's T20 World Cup", "sp": "2016-2016", "mt": 5, "pr": "trophy=89", "rn": 29, "wk": 10, "ct": 1, "st": 0, "hs": "18", "hn": 0, "bbi": "4/11", "bta": 7.25, "bwa": 11.4, "fw": 0, "bbad": -4.15}]}, {"type": "FINAL_TYPE", "stats": [{"tt": "tournament finals", "sp": "2018-2018", "mt": 1, "pr": "final_type=1", "rn": 0, "wk": 1, "ct": 0, "st": 0, "hs": "0", "hn": 0, "bbi": "1/29", "bta": 0, "bwa": 29, "fw": 0, "bbad": -29}, {"tt": "tournament semi-finals", "sp": "2016-2016", "mt": 1, "pr": "final_type=3", "rn": 7, "wk": 1, "ct": 0, "st": 0, "hs": "7", "hn": 0, "bbi": "1/28", "bta": 7, "bwa": 28, "fw": 0, "bbad": -21}, {"tt": "preliminary matches", "sp": "2016-2018", "mt": 7, "pr": "final_type=0", "rn": 23, "wk": 11, "ct": 1, "st": 0, "hs": "18", "hn": 0, "bbi": "4/11", "bta": 5.75, "bwa": 15.18, "fw": 0, "bbad": -9.43}]}]}}