{"summary": {"recordClassId": 2, "type": "FIELDING", "groups": [{"type": "CAREER_AVERAGES", "stats": [{"tt": "overview", "sp": "2015-2021", "mt": 75, "in": 74, "pr": null, "ds": 30, "ct": 30, "st": 0, "ck": 0, "cf": 30, "mds": "2 (2ct 0st)", "dspi": 0.405}]}, {"type": "OPPOSITION_TEAM", "stats": [{"tt": "vs Afghanistan", "sp": "2019-2019", "mt": 1, "in": 1, "pr": "opposition=40", "ds": 0, "ct": 0, "st": 0, "ck": 0, "cf": 0, "mds": "0", "dspi": 0}, {"tt": "vs Australia", "sp": "2016-2020", "mt": 10, "in": 10, "pr": "opposition=2", "ds": 4, "ct": 4, "st": 0, "ck": 0, "cf": 4, "mds": "1 (1ct 0st)", "dspi": 0.4}, {"tt": "vs Bangladesh", "sp": "2016-2021", "mt": 12, "in": 12, "pr": "opposition=25", "ds": 5, "ct": 5, "st": 0, "ck": 0, "cf": 5, "mds": "2 (2ct 0st)", "dspi": 0.416}, {"tt": "vs England", "sp": "2015-2019", "mt": 13, "in": 13, "pr": "opposition=1", "ds": 5, "ct": 5, "st": 0, "ck": 0, "cf": 5, "mds": "2 (2ct 0st)", "dspi": 0.384}, {"tt": "vs India", "sp": "2016-2020", "mt": 15, "in": 15, "pr": "opposition=6", "ds": 7, "ct": 7, "st": 0, "ck": 0, "cf": 7, "mds": "2 (2ct 0st)", "dspi": 0.466}, {"tt": "vs Ireland", "sp": "2017-2017", "mt": 2, "in": 2, "pr": "opposition=29", "ds": 1, "ct": 1, "st": 0, "ck": 0, "cf": 1, "mds": "1 (1ct 0st)", "dspi": 0.5}, {"tt": "vs Pakistan", "sp": "2016-2019", "mt": 8, "in": 8, "pr": "opposition=7", "ds": 1, "ct": 1, "st": 0, "ck": 0, "cf": 1, "mds": "1 (1ct 0st)", "dspi": 0.125}, {"tt": "vs South Africa", "sp": "2017-2019", "mt": 6, "in": 6, "pr": "opposition=3", "ds": 3, "ct": 3, "st": 0, "ck": 0, "cf": 3, "mds": "2 (2ct 0st)", "dspi": 0.5}, {"tt": "vs Sri Lanka", "sp": "2015-2019", "mt": 6, "in": 5, "pr": "opposition=8", "ds": 4, "ct": 4, "st": 0, "ck": 0, "cf": 4, "mds": "1 (1ct 0st)", "dspi": 0.8}, {"tt": "vs West Indies", "sp": "2017-2019", "mt": 2, "in": 2, "pr": "opposition=4", "ds": 0, "ct": 0, "st": 0, "ck": 0, "cf": 0, "mds": "0", "dspi": 0}]}, {"type": "HOST_COUNTRY", "stats": [{"tt": "in Australia", "sp": "2016-2020", "mt": 4, "in": 4, "pr": "host=2", "ds": 2, "ct": 2, "st": 0, "ck": 0, "cf": 2, "mds": "1 (1ct 0st)", "dspi": 0.5}, {"tt": "in England", "sp": "2015-2019", "mt": 18, "in": 18, "pr": "host=1", "ds": 4, "ct": 4, "st": 0, "ck": 0, "cf": 4, "mds": "2 (2ct 0st)", "dspi": 0.222}, {"tt": "in India", "sp": "2016-2017", "mt": 8, "in": 8, "pr": "host=6", "ds": 4, "ct": 4, "st": 0, "ck": 0, "cf": 4, "mds": "2 (2ct 0st)", "dspi": 0.5}, {"tt": "in Ireland", "sp": "2017-2017", "mt": 4, "in": 4, "pr": "host=29", "ds": 2, "ct": 2, "st": 0, "ck": 0, "cf": 2, "mds": "1 (1ct 0st)", "dspi": 0.5}, {"tt": "in New Zealand", "sp": "2015-2021", "mt": 41, "in": 40, "pr": "host=5", "ds": 18, "ct": 18, "st": 0, "ck": 0, "cf": 18, "mds": "2 (2ct 0st)", "dspi": 0.45}]}, {"type": "CONTINENT", "stats": [{"tt": "in Asia", "sp": "2016-2017", "mt": 8, "in": 8, "pr": "continent=2", "ds": 4, "ct": 4, "st": 0, "ck": 0, "cf": 4, "mds": "2 (2ct 0st)", "dspi": 0.5}, {"tt": "in Europe", "sp": "2015-2019", "mt": 22, "in": 22, "pr": "continent=4", "ds": 6, "ct": 6, "st": 0, "ck": 0, "cf": 6, "mds": "2 (2ct 0st)", "dspi": 0.272}, {"tt": "in Oceania", "sp": "2015-2021", "mt": 45, "in": 44, "pr": "continent=5", "ds": 20, "ct": 20, "st": 0, "ck": 0, "cf": 20, "mds": "2 (2ct 0st)", "dspi": 0.454}]}, {"type": "HOME_OR_AWAY", "stats": [{"tt": "home", "sp": "2015-2021", "mt": 41, "in": 40, "pr": "home_or_away=1", "ds": 18, "ct": 18, "st": 0, "ck": 0, "cf": 18, "mds": "2 (2ct 0st)", "dspi": 0.45}, {"tt": "away", "sp": "2015-2020", "mt": 22, "in": 22, "pr": "home_or_away=2", "ds": 10, "ct": 10, "st": 0, "ck": 0, "cf": 10, "mds": "2 (2ct 0st)", "dspi": 0.454}, {"tt": "neutral", "sp": "2017-2019", "mt": 12, "in": 12, "pr": "home_or_away=3", "ds": 2, "ct": 2, "st": 0, "ck": 0, "cf": 2, "mds": "1 (1ct 0st)", "dspi": 0.166}]}, {"type": "YEAR", "stats": [{"tt": "year 2015", "sp": null, "mt": 8, "in": 8, "pr": "year=2015", "ds": 3, "ct": 3, "st": 0, "ck": 0, "cf": 3, "mds": "1 (1ct 0st)", "dspi": 0.375}, {"tt": "year 2016", "sp": null, "mt": 17, "in": 16, "pr": "year=2016", "ds": 8, "ct": 8, "st": 0, "ck": 0, "cf": 8, "mds": "2 (2ct 0st)", "dspi": 0.5}, {"tt": "year 2017", "sp": null, "mt": 18, "in": 18, "pr": "year=2017", "ds": 7, "ct": 7, "st": 0, "ck": 0, "cf": 7, "mds": "2 (2ct 0st)", "dspi": 0.388}, {"tt": "year 2018", "sp": null, "mt": 10, "in": 10, "pr": "year=2018", "ds": 3, "ct": 3, "st": 0, "ck": 0, "cf": 3, "mds": "1 (1ct 0st)", "dspi": 0.3}, {"tt": "year 2019", "sp": null, "mt": 16, "in": 16, "pr": "year=2019", "ds": 4, "ct": 4, "st": 0, "ck": 0, "cf": 4, "mds": "2 (2ct 0st)", "dspi": 0.25}, {"tt": "year 2020", "sp": null, "mt": 3, "in": 3, "pr": "year=2020", "ds": 2, "ct": 2, "st": 0, "ck": 0, "cf": 2, "mds": "1 (1ct 0st)", "dspi": 0.666}, {"tt": "year 2021", "sp": null, "mt": 3, "in": 3, "pr": "year=2021", "ds": 3, "ct": 3, "st": 0, "ck": 0, "cf": 3, "mds": "2 (2ct 0st)", "dspi": 1}]}, {"type": "SEASON", "stats": [{"tt": "season 2015", "sp": null, "mt": 5, "in": 5, "pr": "season=2015", "ds": 1, "ct": 1, "st": 0, "ck": 0, "cf": 1, "mds": "1 (1ct 0st)", "dspi": 0.2}, {"tt": "season 2015/16", "sp": null, "mt": 9, "in": 8, "pr": "season=2015/16", "ds": 4, "ct": 4, "st": 0, "ck": 0, "cf": 4, "mds": "1 (1ct 0st)", "dspi": 0.5}, {"tt": "season 2016/17", "sp": null, "mt": 18, "in": 18, "pr": "season=2016/17", "ds": 10, "ct": 10, "st": 0, "ck": 0, "cf": 10, "mds": "2 (2ct 0st)", "dspi": 0.555}, {"tt": "season 2017", "sp": null, "mt": 7, "in": 7, "pr": "season=2017", "ds": 2, "ct": 2, "st": 0, "ck": 0, "cf": 2, "mds": "1 (1ct 0st)", "dspi": 0.285}, {"tt": "season 2017/18", "sp": null, "mt": 14, "in": 14, "pr": "season=2017/18", "ds": 4, "ct": 4, "st": 0, "ck": 0, "cf": 4, "mds": "1 (1ct 0st)", "dspi": 0.285}, {"tt": "season 2018/19", "sp": null, "mt": 6, "in": 6, "pr": "season=2018/19", "ds": 1, "ct": 1, "st": 0, "ck": 0, "cf": 1, "mds": "1 (1ct 0st)", "dspi": 0.166}, {"tt": "season 2019", "sp": null, "mt": 10, "in": 10, "pr": "season=2019", "ds": 3, "ct": 3, "st": 0, "ck": 0, "cf": 3, "mds": "2 (2ct 0st)", "dspi": 0.3}, {"tt": "season 2019/20", "sp": null, "mt": 3, "in": 3, "pr": "season=2019/20", "ds": 2, "ct": 2, "st": 0, "ck": 0, "cf": 2, "mds": "1 (1ct 0st)", "dspi": 0.666}, {"tt": "season 2020/21", "sp": null, "mt": 3, "in": 3, "pr": "season=2020/21", "ds": 3, "ct": 3, "st": 0, "ck": 0, "cf": 3, "mds": "2 (2ct 0st)", "dspi": 1}]}, {"type": "CAPTAINS_INVOLVED", "stats": [{"tt": "*TWM Latham", "sp": "2017-2021", "mt": 10, "in": 10, "pr": "captain_involve=59148", "ds": 6, "ct": 6, "st": 0, "ck": 0, "cf": 6, "mds": "2 (2ct 0st)", "dspi": 0.6}, {"tt": "*BB McCullum", "sp": "2015-2016", "mt": 10, "in": 10, "pr": "captain_involve=10384", "ds": 4, "ct": 4, "st": 0, "ck": 0, "cf": 4, "mds": "1 (1ct 0st)", "dspi": 0.4}, {"tt": "*TG Southee", "sp": "2018-2018", "mt": 1, "in": 1, "pr": "captain_involve=49108", "ds": 1, "ct": 1, "st": 0, "ck": 0, "cf": 1, "mds": "1 (1ct 0st)", "dspi": 1}, {"tt": "*KS Williamson", "sp": "2015-2020", "mt": 54, "in": 53, "pr": "captain_involve=51088", "ds": 19, "ct": 19, "st": 0, "ck": 0, "cf": 19, "mds": "2 (2ct 0st)", "dspi": 0.358}]}, {"type": "CAPTAIN", "stats": [{"tt": "is not captain", "sp": "2015-2021", "mt": 75, "in": 74, "pr": "captain=0", "ds": 30, "ct": 30, "st": 0, "ck": 0, "cf": 30, "mds": "2 (2ct 0st)", "dspi": 0.405}]}, {"type": "KEEPER", "stats": [{"tt": "is not keeper", "sp": "2015-2021", "mt": 75, "in": 74, "pr": "keeper=0", "ds": 30, "ct": 30, "st": 0, "ck": 0, "cf": 30, "mds": "2 (2ct 0st)", "dspi": 0.405}]}, {"type": "TOSS", "stats": [{"tt": "won the toss", "sp": "2015-2021", "mt": 36, "in": 36, "pr": "toss=1", "ds": 11, "ct": 11, "st": 0, "ck": 0, "cf": 11, "mds": "2 (2ct 0st)", "dspi": 0.305}, {"tt": "lost the toss", "sp": "2015-2020", "mt": 39, "in": 38, "pr": "toss=2", "ds": 19, "ct": 19, "st": 0, "ck": 0, "cf": 19, "mds": "2 (2ct 0st)", "dspi": 0.5}]}, {"type": "BATTING_FIELDING_SEQUENCE_AND_TOSS", "stats": [{"tt": "won toss &amp; batted", "sp": "2015-2021", "mt": 19, "in": 19, "pr": "batting_fielding_first=1;toss=1", "ds": 4, "ct": 4, "st": 0, "ck": 0, "cf": 4, "mds": "1 (1ct 0st)", "dspi": 0.21}, {"tt": "won toss &amp; fielded", "sp": "2015-2021", "mt": 17, "in": 17, "pr": "batting_fielding_first=2;toss=1", "ds": 7, "ct": 7, "st": 0, "ck": 0, "cf": 7, "mds": "2 (2ct 0st)", "dspi": 0.411}, {"tt": "lost toss &amp; sent in", "sp": "2015-2019", "mt": 21, "in": 20, "pr": "batting_fielding_first=1;toss=2", "ds": 10, "ct": 10, "st": 0, "ck": 0, "cf": 10, "mds": "2 (2ct 0st)", "dspi": 0.5}, {"tt": "lost toss &amp; fielded", "sp": "2015-2020", "mt": 18, "in": 18, "pr": "batting_fielding_first=2;toss=2", "ds": 9, "ct": 9, "st": 0, "ck": 0, "cf": 9, "mds": "2 (2ct 0st)", "dspi": 0.5}]}, {"type": "BATTING_FIELDING_SEQUENCE", "stats": [{"tt": "matches batting first", "sp": "2015-2021", "mt": 40, "in": 39, "pr": "batting_fielding_first=1", "ds": 14, "ct": 14, "st": 0, "ck": 0, "cf": 14, "mds": "2 (2ct 0st)", "dspi": 0.358}, {"tt": "matches fielding first", "sp": "2015-2021", "mt": 35, "in": 35, "pr": "batting_fielding_first=2", "ds": 16, "ct": 16, "st": 0, "ck": 0, "cf": 16, "mds": "2 (2ct 0st)", "dspi": 0.457}]}, {"type": "TEAM_INNINGS", "stats": [{"tt": "1st team innings", "sp": "2015-2021", "mt": 74, "in": 74, "pr": "innings_number=1;innings_number=2", "ds": 30, "ct": 30, "st": 0, "ck": 0, "cf": 30, "mds": "2 (2ct 0st)", "dspi": 0.405}]}, {"type": "MATCH_INNINGS", "stats": [{"tt": "1st match innings", "sp": "2015-2021", "mt": 35, "in": 35, "pr": "innings_number=1", "ds": 16, "ct": 16, "st": 0, "ck": 0, "cf": 16, "mds": "2 (2ct 0st)", "dspi": 0.457}, {"tt": "2nd match innings", "sp": "2015-2021", "mt": 39, "in": 39, "pr": "innings_number=2", "ds": 14, "ct": 14, "st": 0, "ck": 0, "cf": 14, "mds": "2 (2ct 0st)", "dspi": 0.358}]}, {"type": "FLOODLIT", "stats": [{"tt": "day match", "sp": "2015-2021", "mt": 38, "in": 37, "pr": "floodlit=1", "ds": 15, "ct": 15, "st": 0, "ck": 0, "cf": 15, "mds": "2 (2ct 0st)", "dspi": 0.405}, {"tt": "day/night match", "sp": "2015-2021", "mt": 37, "in": 37, "pr": "floodlit=2", "ds": 15, "ct": 15, "st": 0, "ck": 0, "cf": 15, "mds": "2 (2ct 0st)", "dspi": 0.405}]}, {"type": "RESULT", "stats": [{"tt": "won match", "sp": "2015-2021", "mt": 43, "in": 43, "pr": "result=1", "ds": 18, "ct": 18, "st": 0, "ck": 0, "cf": 18, "mds": "2 (2ct 0st)", "dspi": 0.418}, {"tt": "lost match", "sp": "2015-2020", "mt": 29, "in": 29, "pr": "result=2", "ds": 12, "ct": 12, "st": 0, "ck": 0, "cf": 12, "mds": "2 (2ct 0st)", "dspi": 0.413}, {"tt": "tied match", "sp": "2019-2019", "mt": 1, "in": 1, "pr": "result=3", "ds": 0, "ct": 0, "st": 0, "ck": 0, "cf": 0, "mds": "0", "dspi": 0}, {"tt": "no result", "sp": "2016-2017", "mt": 2, "in": 1, "pr": "result=5", "ds": 0, "ct": 0, "st": 0, "ck": 0, "cf": 0, "mds": "0", "dspi": 0}]}, {"type": "BATTING_FIELDING_SEQUENCE_AND_RESULT", "stats": [{"tt": "won batting first", "sp": "2015-2021", "mt": 21, "in": 21, "pr": "batting_fielding_first=1;result=1", "ds": 7, "ct": 7, "st": 0, "ck": 0, "cf": 7, "mds": "2 (2ct 0st)", "dspi": 0.333}, {"tt": "won fielding first", "sp": "2015-2021", "mt": 22, "in": 22, "pr": "batting_fielding_first=2;result=1", "ds": 11, "ct": 11, "st": 0, "ck": 0, "cf": 11, "mds": "2 (2ct 0st)", "dspi": 0.5}, {"tt": "lost batting first", "sp": "2015-2019", "mt": 16, "in": 16, "pr": "batting_fielding_first=1;result=2", "ds": 7, "ct": 7, "st": 0, "ck": 0, "cf": 7, "mds": "2 (2ct 0st)", "dspi": 0.437}, {"tt": "lost fielding first", "sp": "2015-2020", "mt": 13, "in": 13, "pr": "batting_fielding_first=2;result=2", "ds": 5, "ct": 5, "st": 0, "ck": 0, "cf": 5, "mds": "2 (2ct 0st)", "dspi": 0.384}, {"tt": "tied batting first", "sp": "2019-2019", "mt": 1, "in": 1, "pr": "batting_fielding_first=1;result=3", "ds": 0, "ct": 0, "st": 0, "ck": 0, "cf": 0, "mds": "0", "dspi": 0}, {"tt": "no result batting first", "sp": "2016-2017", "mt": 2, "in": 1, "pr": "batting_fielding_first=1;result=5", "ds": 0, "ct": 0, "st": 0, "ck": 0, "cf": 0, "mds": "0", "dspi": 0}]}, {"type": "TOURNAMENT_TYPE", "stats": [{"tt": "2 team series", "sp": "2015-2021", "mt": 58, "in": 57, "pr": "tournament_type=2", "ds": 25, "ct": 25, "st": 0, "ck": 0, "cf": 25, "mds": "2 (2ct 0st)", "dspi": 0.438}, {"tt": "3-4 team tournaments", "sp": "2017-2017", "mt": 4, "in": 4, "pr": "tournament_type=3", "ds": 2, "ct": 2, "st": 0, "ck": 0, "cf": 2, "mds": "1 (1ct 0st)", "dspi": 0.5}, {"tt": "5+ team tournaments", "sp": "2017-2021", "mt": 16, "in": 16, "pr": "tournament_type=5", "ds": 6, "ct": 6, "st": 0, "ck": 0, "cf": 6, "mds": "2 (2ct 0st)", "dspi": 0.375}]}, {"type": "MATCH_NUMBER", "stats": [{"tt": "1st match in series", "sp": "2015-2021", "mt": 17, "in": 17, "pr": "match_number=1", "ds": 6, "ct": 6, "st": 0, "ck": 0, "cf": 6, "mds": "2 (2ct 0st)", "dspi": 0.352}, {"tt": "2nd match in series", "sp": "2015-2021", "mt": 11, "in": 11, "pr": "match_number=2", "ds": 6, "ct": 6, "st": 0, "ck": 0, "cf": 6, "mds": "2 (2ct 0st)", "dspi": 0.545}, {"tt": "3rd match in series", "sp": "2015-2021", "mt": 16, "in": 16, "pr": "match_number=3", "ds": 5, "ct": 5, "st": 0, "ck": 0, "cf": 5, "mds": "1 (1ct 0st)", "dspi": 0.312}, {"tt": "4th match in series", "sp": "2015-2019", "mt": 7, "in": 6, "pr": "match_number=4", "ds": 3, "ct": 3, "st": 0, "ck": 0, "cf": 3, "mds": "1 (1ct 0st)", "dspi": 0.5}, {"tt": "5th match in series", "sp": "2015-2019", "mt": 7, "in": 7, "pr": "match_number=5", "ds": 5, "ct": 5, "st": 0, "ck": 0, "cf": 5, "mds": "2 (2ct 0st)", "dspi": 0.714}]}, {"type": "MAJOR_TROPHY", "stats": [{"tt": "World Cup", "sp": "2019-2019", "mt": 10, "in": 10, "pr": "trophy=12", "ds": 3, "ct": 3, "st": 0, "ck": 0, "cf": 3, "mds": "2 (2ct 0st)", "dspi": 0.3}, {"tt": "Chappell-Hadlee", "sp": "2016-2020", "mt": 8, "in": 8, "pr": "trophy=65", "ds": 4, "ct": 4, "st": 0, "ck": 0, "cf": 4, "mds": "1 (1ct 0st)", "dspi": 0.5}, {"tt": "ICC Champions Trophy", "sp": "2017-2017", "mt": 3, "in": 3, "pr": "trophy=44", "ds": 0, "ct": 0, "st": 0, "ck": 0, "cf": 0, "mds": "0", "dspi": 0}]}, {"type": "FINAL_TYPE", "stats": [{"tt": "tournament finals", "sp": "2019-2019", "mt": 1, "in": 1, "pr": "final_type=1", "ds": 0, "ct": 0, "st": 0, "ck": 0, "cf": 0, "mds": "0", "dspi": 0}, {"tt": "tournament semi-finals", "sp": "2019-2019", "mt": 1, "in": 1, "pr": "final_type=3", "ds": 0, "ct": 0, "st": 0, "ck": 0, "cf": 0, "mds": "0", "dspi": 0}, {"tt": "preliminary matches", "sp": "2017-2021", "mt": 18, "in": 18, "pr": "final_type=0", "ds": 8, "ct": 8, "st": 0, "ck": 0, "cf": 8, "mds": "2 (2ct 0st)", "dspi": 0.444}]}]}}