{"player": {"id": 49081, "objectId": 231740, "name": "SFM Devine", "longName": "Sophie Devine", "mobileName": "Devine", "indexName": "Devine, SFM", "battingName": "SFM Devine", "fieldingName": "Devine", "slug": "sophie-devine", "gender": "F", "playingRole": "batting allrounder", "battingStyles": ["rhb"], "bowlingStyles": ["rm"], "longBattingStyles": ["right-hand bat"], "longBowlingStyles": ["right-arm medium"], "image": {"id": 305803, "objectId": 1225760, "slug": "sophie-devine-portrait", "url": "/db/PICTURES/CMS/305800/305803.png", "width": 160, "height": 200, "caption": "Sophie Devine portrait", "longCaption": "Sophie Devine portrait, June 2020", "credit": "Getty Images", "photographer": null, "peerUrls": null}, "countryTeamId": 5, "playingRoleType": "P", "playingRoles": ["batting allrounder"], "dateOfBirth": {"year": 1989, "month": 9, "date": 1}, "dateOfDeath": null, "fullName": "Sophie Frances Monique Devine", "nickNames": "", "alsoKnownAs": "", "height": 0, "heightUnit": null, "education": "", "country": {"id": 5, "objectId": 5, "name": "New Zealand", "shortName": "New Zealand", "image": {"id": 313127, "objectId": 1241586, "slug": "new-zealand-logo", "url": "/db/PICTURES/CMS/313100/313127.logo.png", "width": 500, "height": 500, "caption": "New Zealand logo", "longCaption": "New Zealand logo", "credit": null, "photographer": null, "peerUrls": null}}, "altCountryTeamId": null, "placeOfBirth": "Wellington", "dobText": null, "dodText": null, "placeOfDeath": "", "intlCareerSpan": "2006 - 2021", "headshotImage": {"id": 320551, "objectId": 1261434, "slug": "sophie-devine-player-page-headshot-cutout-2021", "url": "/db/PICTURES/CMS/320500/320551.png", "width": 600, "height": 436, "caption": "Sophie Devine player page headshot cutout, 2021", "longCaption": "Sophie Devine player page headshot cutout, 2021", "credit": null, "photographer": null, "peerUrls": {"FILM": null, "WIDE": null, "SQUARE": "/db/PICTURES/CMS/320500/320551.square.png"}}, "backgroundImage": {"id": 317148, "objectId": 1252833, "slug": "new-zealand-captain-sophie-devine-lines-up-for-the-national-anthem", "url": "/db/PICTURES/CMS/317100/317148.jpg", "width": 1400, "height": 933, "caption": "New Zealand captain Sophie Devine lines up for the national anthem", "longCaption": "New Zealand captain Sophie Devine lines up for the national anthem, New Zealand Women vs England Women, 1st ODI, Christchurch, February 23, 2021", "credit": "Kai Schwoerer/Getty Images", "photographer": null, "peerUrls": {"FILM": "/db/PICTURES/CMS/317100/317148.jpg", "WIDE": "/db/PICTURES/CMS/317100/317148.6.jpg", "SQUARE": "/db/PICTURES/CMS/317100/317148.11.jpg"}}, "externalLinks": [], "fieldingStyles": [], "otherStyles": [], "matchPlayerTypes": [1], "hasRecords": true, "hasStats": true, "hasMatches": true, "totalStories": 125, "totalVideos": 17, "totalImages": 89}, "teams": [{"team": {"id": 5647, "objectId": 896431, "scribeId": 896431, "slug": "adelaide-strikers-women", "name": "StrikersWmn", "longName": "Adelaide Strikers Women", "abbreviation": "AS-W", "isCountry": false, "primaryColor": null, "image": {"id": 313509, "objectId": 1241968, "slug": "adelaide-strikers-women-logo", "url": "/db/PICTURES/CMS/313500/313509.logo.png", "width": 500, "height": 500, "caption": "Adelaide Strikers Women logo", "longCaption": "Adelaide Strikers Women logo", "credit": null, "photographer": null, "peerUrls": null}}, "current": false}, {"team": {"id": 2614, "objectId": 2563, "scribeId": 2563, "slug": "new-zealand-women", "name": "NZ Women", "longName": "New Zealand Women", "abbreviation": "NZ-W", "isCountry": false, "primaryColor": null, "image": {"id": 313335, "objectId": 1241794, "slug": "new-zealand-women-logo", "url": "/db/PICTURES/CMS/313300/313335.logo.png", "width": 500, "height": 500, "caption": "New Zealand Women logo", "longCaption": "New Zealand Women logo", "credit": null, "photographer": null, "peerUrls": null}}, "current": false}, {"team": {"id": 6519, "objectId": 1146788, "scribeId": 1146788, "slug": "supernovas", "name": "Supernovas", "longName": "Supernovas", "abbreviation": "SNOVA", "isCountry": false, "primaryColor": null, "image": null}, "current": false}, {"team": {"id": 2659, "objectId": 2608, "scribeId": 2608, "slug": "wellington-women", "name": "Well Women", "longName": "Wellington Women", "abbreviation": "WEL-W", "isCountry": false, "primaryColor": null, "image": null}, "current": false}]}