{"player": {"id": 106955, "objectId": 1208952, "name": "FC Jonas", "longName": "Fran Jonas", "mobileName": "Jonas", "indexName": "Jonas,FC", "battingName": "FC Jonas", "fieldingName": "Jonas", "slug": "fran-jonas", "gender": "F", "playingRole": "bowler", "battingStyles": ["rhb"], "bowlingStyles": ["sla"], "longBattingStyles": ["right-hand bat"], "longBowlingStyles": ["slow left-arm orthodox"], "image": {"id": 324716, "objectId": 1270535, "slug": "fran-jonas-bowls", "url": "/db/PICTURES/CMS/324700/324716.4.jpg", "width": 160, "height": 350, "caption": "Fran Jonas bowls", "longCaption": "Fran Jonas bowls, New Zealand Women vs England Women, 1st ODI, Christchurch, February 23, 2021", "credit": "Getty Images", "photographer": "Kai Schwoerer", "peerUrls": null}, "countryTeamId": 5, "playingRoleType": "P", "playingRoles": ["bowler"], "dateOfBirth": {"year": 2004, "month": 4, "date": 8}, "dateOfDeath": null, "fullName": "Frances Cecilia Jonas", "nickNames": "", "alsoKnownAs": "", "height": 0, "heightUnit": null, "education": "", "country": {"id": 5, "objectId": 5, "name": "New Zealand", "shortName": "New Zealand", "image": {"id": 313127, "objectId": 1241586, "slug": "new-zealand-logo", "url": "/db/PICTURES/CMS/313100/313127.logo.png", "width": 500, "height": 500, "caption": "New Zealand logo", "longCaption": "New Zealand logo", "credit": null, "photographer": null, "peerUrls": null}}, "altCountryTeamId": null, "placeOfBirth": "Auckland", "dobText": null, "dodText": null, "placeOfDeath": "", "intlCareerSpan": "2021 - 2021", "headshotImage": null, "backgroundImage": {"id": 324716, "objectId": 1270535, "slug": "fran-jonas-bowls", "url": "/db/PICTURES/CMS/324700/324716.jpg", "width": 1400, "height": 933, "caption": "Fran Jonas bowls", "longCaption": "Fran Jonas bowls, New Zealand Women vs England Women, 1st ODI, Christchurch, February 23, 2021", "credit": "Getty Images", "photographer": "Kai Schwoerer", "peerUrls": {"FILM": "/db/PICTURES/CMS/324700/324716.jpg", "WIDE": "/db/PICTURES/CMS/324700/324716.7.jpg", "SQUARE": "/db/PICTURES/CMS/324700/324716.11.jpg"}}, "externalLinks": [], "fieldingStyles": [], "otherStyles": [], "matchPlayerTypes": [1], "hasRecords": false, "hasStats": true, "hasMatches": true, "totalStories": 1, "totalVideos": 0, "totalImages": 3}, "teams": [{"team": {"id": 2518, "objectId": 2467, "scribeId": 2467, "slug": "auckland-women", "name": "AK Women", "longName": "Auckland Women", "abbreviation": "AK-W", "isCountry": false, "primaryColor": null, "image": null}, "current": false}, {"team": {"id": 2614, "objectId": 2563, "scribeId": 2563, "slug": "new-zealand-women", "name": "NZ Women", "longName": "New Zealand Women", "abbreviation": "NZ-W", "isCountry": false, "primaryColor": null, "image": {"id": 313335, "objectId": 1241794, "slug": "new-zealand-women-logo", "url": "/db/PICTURES/CMS/313300/313335.logo.png", "width": 500, "height": 500, "caption": "New Zealand Women logo", "longCaption": "New Zealand Women logo", "credit": null, "photographer": null, "peerUrls": null}}, "current": false}]}