{"player": {"id": 66842, "objectId": 539511, "name": "HM Nicholls", "longName": "Henry Nicholls", "mobileName": "Nicholls", "indexName": "Nicholls, HM", "battingName": "HM Nicholls", "fieldingName": "Nicholls", "slug": "henry-nicholls", "gender": "M", "playingRole": "top-order batter", "battingStyles": ["lhb"], "bowlingStyles": ["ob"], "longBattingStyles": ["left-hand bat"], "longBowlingStyles": ["right-arm offbreak"], "image": {"id": 303600, "objectId": 1222374, "slug": "henry-nicholls-portrait", "url": "/db/PICTURES/CMS/303600/303600.jpg", "width": 160, "height": 200, "caption": "Henry Nicholls portrait", "longCaption": "Henry Nicholls portrait, May 2020", "credit": "Getty Images", "photographer": null, "peerUrls": null}, "countryTeamId": 5, "playingRoleType": "P", "playingRoles": ["top-order batter"], "dateOfBirth": {"year": 1991, "month": 11, "date": 15}, "dateOfDeath": null, "fullName": "Henry Michael Nicholls", "nickNames": "", "alsoKnownAs": "", "height": 0, "heightUnit": null, "education": "St Andrew's College, Christchurch, New Zealand", "country": {"id": 5, "objectId": 5, "name": "New Zealand", "shortName": "New Zealand", "image": {"id": 313127, "objectId": 1241586, "slug": "new-zealand-logo", "url": "/db/PICTURES/CMS/313100/313127.logo.png", "width": 500, "height": 500, "caption": "New Zealand logo", "longCaption": "New Zealand logo", "credit": null, "photographer": null, "peerUrls": null}}, "altCountryTeamId": null, "placeOfBirth": "Christchurch", "dobText": null, "dodText": null, "placeOfDeath": "", "intlCareerSpan": "2015 - 2021", "headshotImage": {"id": 319777, "objectId": 1259787, "slug": "henry-nicholls-player-page-headshot-cutout-2021", "url": "/db/PICTURES/CMS/319700/319777.png", "width": 600, "height": 436, "caption": "Henry Nicholls player page headshot cutout, 2021", "longCaption": "Henry Nicholls player page headshot cutout, 2021", "credit": null, "photographer": null, "peerUrls": {"FILM": null, "WIDE": null, "SQUARE": "/db/PICTURES/CMS/319700/319777.square.png"}}, "backgroundImage": {"id": 229773, "objectId": 955239, "slug": "henry-nicholls-plays-a-sweep-shot", "url": "/db/PICTURES/CMS/229700/229773.jpg", "width": 900, "height": 600, "caption": "Henry Nicholls plays a sweep shot", "longCaption": "Henry Nicholls plays a sweep shot, New Zealand v Sri Lanka, 1st ODI, Christchurch, December 26, 2015", "credit": "Getty Images", "photographer": null, "peerUrls": {"FILM": "/db/PICTURES/CMS/229700/229773.jpg", "WIDE": "/db/PICTURES/CMS/229700/229773.3.jpg", "SQUARE": "/db/PICTURES/CMS/229700/229773.square.jpg"}}, "externalLinks": [], "fieldingStyles": [], "otherStyles": [], "matchPlayerTypes": [1], "hasRecords": true, "hasStats": true, "hasMatches": true, "totalStories": 74, "totalVideos": 7, "totalImages": 163}, "teams": [{"team": {"id": 5, "objectId": 5, "scribeId": 5, "slug": "new-zealand", "name": "New Zealand", "longName": "New Zealand", "abbreviation": "NZ", "isCountry": true, "primaryColor": "#000000", "image": {"id": 313127, "objectId": 1241586, "slug": "new-zealand-logo", "url": "/db/PICTURES/CMS/313100/313127.logo.png", "width": 500, "height": 500, "caption": "New Zealand logo", "longCaption": "New Zealand logo", "credit": null, "photographer": null, "peerUrls": null}}, "current": false}, {"team": {"id": 2520, "objectId": 2469, "scribeId": 2469, "slug": "canterbury", "name": "Canterbury", "longName": "Canterbury", "abbreviation": "CANT", "isCountry": false, "primaryColor": null, "image": {"id": 313330, "objectId": 1241789, "slug": "canterbury-logo", "url": "/db/PICTURES/CMS/313300/313330.logo.png", "width": 500, "height": 500, "caption": "Canterbury logo", "longCaption": "Canterbury logo", "credit": null, "photographer": null, "peerUrls": null}}, "current": false}, {"team": {"id": 976, "objectId": 925, "scribeId": 925, "slug": "durham-2nd-xi", "name": "Durham 2nd", "longName": "Durham 2nd XI", "abbreviation": "Du2XI", "isCountry": false, "primaryColor": null, "image": {"id": 163827, "objectId": 657753, "slug": "durham", "url": "/db/PICTURES/CMS/163800/163827.jpg", "width": 120, "height": 80, "caption": "Durham", "longCaption": "Durham", "credit": "ESPNcricinfo Ltd", "photographer": null, "peerUrls": null}}, "current": false}, {"team": {"id": 1236, "objectId": 1185, "scribeId": 1185, "slug": "marylebone-cricket-club-young-cricketers", "name": "MCC YC", "longName": "Marylebone Cricket Club Young Cricketers", "abbreviation": "MCCYC", "isCountry": false, "primaryColor": null, "image": null}, "current": false}, {"team": {"id": 4850, "objectId": 509674, "scribeId": 509674, "slug": "sydney-thunder", "name": "Thunder", "longName": "Sydney Thunder", "abbreviation": "ST", "isCountry": false, "primaryColor": null, "image": {"id": 313472, "objectId": 1241931, "slug": "sydney-thunder-logo", "url": "/db/PICTURES/CMS/313400/313472.logo.png", "width": 500, "height": 500, "caption": "Sydney Thunder logo", "longCaption": "Sydney Thunder logo", "credit": null, "photographer": null, "peerUrls": null}}, "current": false}]}