{"summary": {"recordClassId": 3, "type": "BATTING", "groups": [{"type": "CAREER_AVERAGES", "stats": [{"tt": "overview", "sp": "2016-2019", "mt": 5, "in": 4, "pr": null, "rn": 19, "fo": 2, "si": 0, "ft": 0, "hn": 0, "bf": 28, "dk": 0, "no": 0, "hs": "7", "bta": 4.75, "btsr": 67.85}]}, {"type": "OPPOSITION_TEAM", "stats": [{"tt": "vs Bangladesh", "sp": "2016-2016", "mt": 1, "in": 1, "pr": "opposition=25", "rn": 7, "fo": 1, "si": 0, "ft": 0, "hn": 0, "bf": 11, "dk": 0, "no": 0, "hs": "7", "bta": 7, "btsr": 63.63}, {"tt": "vs India", "sp": "2017-2017", "mt": 3, "in": 2, "pr": "opposition=6", "rn": 8, "fo": 1, "si": 0, "ft": 0, "hn": 0, "bf": 11, "dk": 0, "no": 0, "hs": "6", "bta": 4, "btsr": 72.72}, {"tt": "vs Sri Lanka", "sp": "2019-2019", "mt": 1, "in": 1, "pr": "opposition=8", "rn": 4, "fo": 0, "si": 0, "ft": 0, "hn": 0, "bf": 6, "dk": 0, "no": 0, "hs": "4", "bta": 4, "btsr": 66.66}]}, {"type": "HOST_COUNTRY", "stats": [{"tt": "in India", "sp": "2016-2017", "mt": 4, "in": 3, "pr": "host=6", "rn": 15, "fo": 2, "si": 0, "ft": 0, "hn": 0, "bf": 22, "dk": 0, "no": 0, "hs": "7", "bta": 5, "btsr": 68.18}, {"tt": "in New Zealand", "sp": "2019-2019", "mt": 1, "in": 1, "pr": "host=5", "rn": 4, "fo": 0, "si": 0, "ft": 0, "hn": 0, "bf": 6, "dk": 0, "no": 0, "hs": "4", "bta": 4, "btsr": 66.66}]}, {"type": "CONTINENT", "stats": [{"tt": "in Asia", "sp": "2016-2017", "mt": 4, "in": 3, "pr": "continent=2", "rn": 15, "fo": 2, "si": 0, "ft": 0, "hn": 0, "bf": 22, "dk": 0, "no": 0, "hs": "7", "bta": 5, "btsr": 68.18}, {"tt": "in Oceania", "sp": "2019-2019", "mt": 1, "in": 1, "pr": "continent=5", "rn": 4, "fo": 0, "si": 0, "ft": 0, "hn": 0, "bf": 6, "dk": 0, "no": 0, "hs": "4", "bta": 4, "btsr": 66.66}]}, {"type": "HOME_OR_AWAY", "stats": [{"tt": "home", "sp": "2019-2019", "mt": 1, "in": 1, "pr": "home_or_away=1", "rn": 4, "fo": 0, "si": 0, "ft": 0, "hn": 0, "bf": 6, "dk": 0, "no": 0, "hs": "4", "bta": 4, "btsr": 66.66}, {"tt": "away", "sp": "2017-2017", "mt": 3, "in": 2, "pr": "home_or_away=2", "rn": 8, "fo": 1, "si": 0, "ft": 0, "hn": 0, "bf": 11, "dk": 0, "no": 0, "hs": "6", "bta": 4, "btsr": 72.72}, {"tt": "neutral", "sp": "2016-2016", "mt": 1, "in": 1, "pr": "home_or_away=3", "rn": 7, "fo": 1, "si": 0, "ft": 0, "hn": 0, "bf": 11, "dk": 0, "no": 0, "hs": "7", "bta": 7, "btsr": 63.63}]}, {"type": "YEAR", "stats": [{"tt": "year 2016", "sp": null, "mt": 1, "in": 1, "pr": "year=2016", "rn": 7, "fo": 1, "si": 0, "ft": 0, "hn": 0, "bf": 11, "dk": 0, "no": 0, "hs": "7", "bta": 7, "btsr": 63.63}, {"tt": "year 2017", "sp": null, "mt": 3, "in": 2, "pr": "year=2017", "rn": 8, "fo": 1, "si": 0, "ft": 0, "hn": 0, "bf": 11, "dk": 0, "no": 0, "hs": "6", "bta": 4, "btsr": 72.72}, {"tt": "year 2019", "sp": null, "mt": 1, "in": 1, "pr": "year=2019", "rn": 4, "fo": 0, "si": 0, "ft": 0, "hn": 0, "bf": 6, "dk": 0, "no": 0, "hs": "4", "bta": 4, "btsr": 66.66}]}, {"type": "SEASON", "stats": [{"tt": "season 2015/16", "sp": null, "mt": 1, "in": 1, "pr": "season=NaN", "rn": 7, "fo": 1, "si": 0, "ft": 0, "hn": 0, "bf": 11, "dk": 0, "no": 0, "hs": "7", "bta": 7, "btsr": 63.63}, {"tt": "season 2017/18", "sp": null, "mt": 3, "in": 2, "pr": "season=NaN", "rn": 8, "fo": 1, "si": 0, "ft": 0, "hn": 0, "bf": 11, "dk": 0, "no": 0, "hs": "6", "bta": 4, "btsr": 72.72}, {"tt": "season 2018/19", "sp": null, "mt": 1, "in": 1, "pr": "season=NaN", "rn": 4, "fo": 0, "si": 0, "ft": 0, "hn": 0, "bf": 6, "dk": 0, "no": 0, "hs": "4", "bta": 4, "btsr": 66.66}]}, {"type": "CAPTAINS_INVOLVED", "stats": [{"tt": "*TG Southee", "sp": "2019-2019", "mt": 1, "in": 1, "pr": "captain_involve=49108", "rn": 4, "fo": 0, "si": 0, "ft": 0, "hn": 0, "bf": 6, "dk": 0, "no": 0, "hs": "4", "bta": 4, "btsr": 66.66}, {"tt": "*KS Williamson", "sp": "2016-2017", "mt": 4, "in": 3, "pr": "captain_involve=51088", "rn": 15, "fo": 2, "si": 0, "ft": 0, "hn": 0, "bf": 22, "dk": 0, "no": 0, "hs": "7", "bta": 5, "btsr": 68.18}]}, {"type": "CAPTAIN", "stats": [{"tt": "is not captain", "sp": "2016-2019", "mt": 5, "in": 4, "pr": "captain=0", "rn": 19, "fo": 2, "si": 0, "ft": 0, "hn": 0, "bf": 28, "dk": 0, "no": 0, "hs": "7", "bta": 4.75, "btsr": 67.85}]}, {"type": "KEEPER", "stats": [{"tt": "is not keeper", "sp": "2016-2019", "mt": 5, "in": 4, "pr": "keeper=0", "rn": 19, "fo": 2, "si": 0, "ft": 0, "hn": 0, "bf": 28, "dk": 0, "no": 0, "hs": "7", "bta": 4.75, "btsr": 67.85}]}, {"type": "TOSS", "stats": [{"tt": "won the toss", "sp": "2016-2017", "mt": 4, "in": 3, "pr": "toss=1", "rn": 15, "fo": 2, "si": 0, "ft": 0, "hn": 0, "bf": 22, "dk": 0, "no": 0, "hs": "7", "bta": 5, "btsr": 68.18}, {"tt": "lost the toss", "sp": "2019-2019", "mt": 1, "in": 1, "pr": "toss=2", "rn": 4, "fo": 0, "si": 0, "ft": 0, "hn": 0, "bf": 6, "dk": 0, "no": 0, "hs": "4", "bta": 4, "btsr": 66.66}]}, {"type": "BATTING_FIELDING_SEQUENCE_AND_TOSS", "stats": [{"tt": "won toss &amp; batted", "sp": "2016-2017", "mt": 2, "in": 1, "pr": "batting_fielding_first=1;toss=1", "rn": 7, "fo": 1, "si": 0, "ft": 0, "hn": 0, "bf": 11, "dk": 0, "no": 0, "hs": "7", "bta": 7, "btsr": 63.63}, {"tt": "won toss &amp; fielded", "sp": "2017-2017", "mt": 2, "in": 2, "pr": "batting_fielding_first=2;toss=1", "rn": 8, "fo": 1, "si": 0, "ft": 0, "hn": 0, "bf": 11, "dk": 0, "no": 0, "hs": "6", "bta": 4, "btsr": 72.72}, {"tt": "lost toss &amp; sent in", "sp": "2019-2019", "mt": 1, "in": 1, "pr": "batting_fielding_first=1;toss=2", "rn": 4, "fo": 0, "si": 0, "ft": 0, "hn": 0, "bf": 6, "dk": 0, "no": 0, "hs": "4", "bta": 4, "btsr": 66.66}]}, {"type": "BATTING_FIELDING_SEQUENCE", "stats": [{"tt": "matches batting first", "sp": "2016-2019", "mt": 3, "in": 2, "pr": "batting_fielding_first=1", "rn": 11, "fo": 1, "si": 0, "ft": 0, "hn": 0, "bf": 17, "dk": 0, "no": 0, "hs": "7", "bta": 5.5, "btsr": 64.7}, {"tt": "matches fielding first", "sp": "2017-2017", "mt": 2, "in": 2, "pr": "batting_fielding_first=2", "rn": 8, "fo": 1, "si": 0, "ft": 0, "hn": 0, "bf": 11, "dk": 0, "no": 0, "hs": "6", "bta": 4, "btsr": 72.72}]}, {"type": "TEAM_INNINGS", "stats": [{"tt": "1st team innings", "sp": "2016-2019", "mt": 5, "in": 4, "pr": null, "rn": 19, "fo": 2, "si": 0, "ft": 0, "hn": 0, "bf": 28, "dk": 0, "no": 0, "hs": "7", "bta": 4.75, "btsr": 67.85}]}, {"type": "MATCH_INNINGS", "stats": [{"tt": "1st match innings", "sp": "2016-2019", "mt": 3, "in": 2, "pr": "innings_number=1", "rn": 11, "fo": 1, "si": 0, "ft": 0, "hn": 0, "bf": 17, "dk": 0, "no": 0, "hs": "7", "bta": 5.5, "btsr": 64.7}, {"tt": "2nd match innings", "sp": "2017-2017", "mt": 2, "in": 2, "pr": "innings_number=2", "rn": 8, "fo": 1, "si": 0, "ft": 0, "hn": 0, "bf": 11, "dk": 0, "no": 0, "hs": "6", "bta": 4, "btsr": 72.72}]}, {"type": "FLOODLIT", "stats": [{"tt": "day/night match", "sp": "2016-2016", "mt": 1, "in": 1, "pr": "floodlit=2", "rn": 7, "fo": 1, "si": 0, "ft": 0, "hn": 0, "bf": 11, "dk": 0, "no": 0, "hs": "7", "bta": 7, "btsr": 63.63}, {"tt": "night match", "sp": "2017-2019", "mt": 4, "in": 3, "pr": "floodlit=3", "rn": 12, "fo": 1, "si": 0, "ft": 0, "hn": 0, "bf": 17, "dk": 0, "no": 0, "hs": "6", "bta": 4, "btsr": 70.58}]}, {"type": "RESULT", "stats": [{"tt": "won match", "sp": "2016-2019", "mt": 3, "in": 2, "pr": "result=1", "rn": 11, "fo": 1, "si": 0, "ft": 0, "hn": 0, "bf": 17, "dk": 0, "no": 0, "hs": "7", "bta": 5.5, "btsr": 64.7}, {"tt": "lost match", "sp": "2017-2017", "mt": 2, "in": 2, "pr": "result=2", "rn": 8, "fo": 1, "si": 0, "ft": 0, "hn": 0, "bf": 11, "dk": 0, "no": 0, "hs": "6", "bta": 4, "btsr": 72.72}]}, {"type": "BATTING_FIELDING_SEQUENCE_AND_RESULT", "stats": [{"tt": "won batting first", "sp": "2016-2019", "mt": 3, "in": 2, "pr": "batting_fielding_first=1;result=1", "rn": 11, "fo": 1, "si": 0, "ft": 0, "hn": 0, "bf": 17, "dk": 0, "no": 0, "hs": "7", "bta": 5.5, "btsr": 64.7}, {"tt": "lost fielding first", "sp": "2017-2017", "mt": 2, "in": 2, "pr": "batting_fielding_first=2;result=2", "rn": 8, "fo": 1, "si": 0, "ft": 0, "hn": 0, "bf": 11, "dk": 0, "no": 0, "hs": "6", "bta": 4, "btsr": 72.72}]}, {"type": "TOURNAMENT_TYPE", "stats": [{"tt": "2 team series", "sp": "2017-2019", "mt": 4, "in": 3, "pr": "tournament_type=2", "rn": 12, "fo": 1, "si": 0, "ft": 0, "hn": 0, "bf": 17, "dk": 0, "no": 0, "hs": "6", "bta": 4, "btsr": 70.58}, {"tt": "5+ team tournaments", "sp": "2016-2016", "mt": 1, "in": 1, "pr": "tournament_type=5", "rn": 7, "fo": 1, "si": 0, "ft": 0, "hn": 0, "bf": 11, "dk": 0, "no": 0, "hs": "7", "bta": 7, "btsr": 63.63}]}, {"type": "MATCH_NUMBER", "stats": [{"tt": "only match in series", "sp": "2019-2019", "mt": 1, "in": 1, "pr": "match_number=0", "rn": 4, "fo": 0, "si": 0, "ft": 0, "hn": 0, "bf": 6, "dk": 0, "no": 0, "hs": "4", "bta": 4, "btsr": 66.66}, {"tt": "1st match in series", "sp": "2017-2017", "mt": 1, "in": 1, "pr": "match_number=1", "rn": 6, "fo": 1, "si": 0, "ft": 0, "hn": 0, "bf": 7, "dk": 0, "no": 0, "hs": "6", "bta": 6, "btsr": 85.71}, {"tt": "2nd match in series", "sp": "2017-2017", "mt": 1, "in": null, "pr": "match_number=2", "rn": null, "fo": null, "si": null, "ft": null, "hn": null, "bf": null, "dk": null, "no": null, "hs": null, "bta": null, "btsr": null}, {"tt": "3rd match in series", "sp": "2017-2017", "mt": 1, "in": 1, "pr": "match_number=3", "rn": 2, "fo": 0, "si": 0, "ft": 0, "hn": 0, "bf": 4, "dk": 0, "no": 0, "hs": "2", "bta": 2, "btsr": 50}]}, {"type": "MAJOR_TROPHY", "stats": [{"tt": "Men's T20 World Cup", "sp": "2016-2016", "mt": 1, "in": 1, "pr": "trophy=89", "rn": 7, "fo": 1, "si": 0, "ft": 0, "hn": 0, "bf": 11, "dk": 0, "no": 0, "hs": "7", "bta": 7, "btsr": 63.63}]}, {"type": "BATTING_POSITION", "stats": [{"tt": "1st position", "sp": "2016-2016", "mt": 1, "in": 1, "pr": "batting_positionval1=batting_position;batting_positionmin1=1;batting_positionmax1=1", "rn": 7, "fo": 1, "si": 0, "ft": 0, "hn": 0, "bf": 11, "dk": 0, "no": 0, "hs": "7", "bta": 7, "btsr": 63.63}, {"tt": "4th position", "sp": "2019-2019", "mt": 1, "in": 1, "pr": "batting_positionval1=batting_position;batting_positionmin1=4;batting_positionmax1=4", "rn": 4, "fo": 0, "si": 0, "ft": 0, "hn": 0, "bf": 6, "dk": 0, "no": 0, "hs": "4", "bta": 4, "btsr": 66.66}, {"tt": "6th position", "sp": "2017-2017", "mt": 1, "in": 1, "pr": "batting_positionval1=batting_position;batting_positionmin1=6;batting_positionmax1=6", "rn": 2, "fo": 0, "si": 0, "ft": 0, "hn": 0, "bf": 4, "dk": 0, "no": 0, "hs": "2", "bta": 2, "btsr": 50}, {"tt": "7th position", "sp": "2017-2017", "mt": 1, "in": 1, "pr": "batting_positionval1=batting_position;batting_positionmin1=7;batting_positionmax1=7", "rn": 6, "fo": 1, "si": 0, "ft": 0, "hn": 0, "bf": 7, "dk": 0, "no": 0, "hs": "6", "bta": 6, "btsr": 85.71}]}]}}