{"summary": {"recordClassId": 3, "type": "ALLROUND", "groups": [{"type": "CAREER_AVERAGES", "stats": [{"tt": "overview", "sp": "2016-2019", "mt": 5, "pr": null, "rn": 19, "wk": null, "ct": 0, "st": 0, "hs": "7", "hn": 0, "bbi": null, "bta": 4.75, "bwa": null, "fw": null, "bbad": null}]}, {"type": "OPPOSITION_TEAM", "stats": [{"tt": "v Bangladesh", "sp": "2016-2016", "mt": 1, "pr": "opposition=25", "rn": 7, "wk": null, "ct": 0, "st": 0, "hs": "7", "hn": 0, "bbi": null, "bta": 7, "bwa": null, "fw": null, "bbad": null}, {"tt": "v India", "sp": "2017-2017", "mt": 3, "pr": "opposition=6", "rn": 8, "wk": null, "ct": 0, "st": 0, "hs": "6", "hn": 0, "bbi": null, "bta": 4, "bwa": null, "fw": null, "bbad": null}, {"tt": "v Sri Lanka", "sp": "2019-2019", "mt": 1, "pr": "opposition=8", "rn": 4, "wk": null, "ct": 0, "st": 0, "hs": "4", "hn": 0, "bbi": null, "bta": 4, "bwa": null, "fw": null, "bbad": null}]}, {"type": "HOST_COUNTRY", "stats": [{"tt": "in India", "sp": "2016-2017", "mt": 4, "pr": "host=6", "rn": 15, "wk": null, "ct": 0, "st": 0, "hs": "7", "hn": 0, "bbi": null, "bta": 5, "bwa": null, "fw": null, "bbad": null}, {"tt": "in New Zealand", "sp": "2019-2019", "mt": 1, "pr": "host=5", "rn": 4, "wk": null, "ct": 0, "st": 0, "hs": "4", "hn": 0, "bbi": null, "bta": 4, "bwa": null, "fw": null, "bbad": null}]}, {"type": "CONTINENT", "stats": [{"tt": "in Asia", "sp": "2016-2017", "mt": 4, "pr": "continent=2", "rn": 15, "wk": null, "ct": 0, "st": 0, "hs": "7", "hn": 0, "bbi": null, "bta": 5, "bwa": null, "fw": null, "bbad": null}, {"tt": "in Oceania", "sp": "2019-2019", "mt": 1, "pr": "continent=5", "rn": 4, "wk": null, "ct": 0, "st": 0, "hs": "4", "hn": 0, "bbi": null, "bta": 4, "bwa": null, "fw": null, "bbad": null}]}, {"type": "HOME_OR_AWAY", "stats": [{"tt": "home", "sp": "2019-2019", "mt": 1, "pr": "home_or_away=1", "rn": 4, "wk": null, "ct": 0, "st": 0, "hs": "4", "hn": 0, "bbi": null, "bta": 4, "bwa": null, "fw": null, "bbad": null}, {"tt": "away", "sp": "2017-2017", "mt": 3, "pr": "home_or_away=2", "rn": 8, "wk": null, "ct": 0, "st": 0, "hs": "6", "hn": 0, "bbi": null, "bta": 4, "bwa": null, "fw": null, "bbad": null}, {"tt": "neutral", "sp": "2016-2016", "mt": 1, "pr": "home_or_away=3", "rn": 7, "wk": null, "ct": 0, "st": 0, "hs": "7", "hn": 0, "bbi": null, "bta": 7, "bwa": null, "fw": null, "bbad": null}]}, {"type": "YEAR", "stats": [{"tt": "year 2016", "sp": null, "mt": 1, "pr": "year=2016", "rn": 7, "wk": null, "ct": 0, "st": 0, "hs": "7", "hn": 0, "bbi": null, "bta": 7, "bwa": null, "fw": null, "bbad": null}, {"tt": "year 2017", "sp": null, "mt": 3, "pr": "year=2017", "rn": 8, "wk": null, "ct": 0, "st": 0, "hs": "6", "hn": 0, "bbi": null, "bta": 4, "bwa": null, "fw": null, "bbad": null}, {"tt": "year 2019", "sp": null, "mt": 1, "pr": "year=2019", "rn": 4, "wk": null, "ct": 0, "st": 0, "hs": "4", "hn": 0, "bbi": null, "bta": 4, "bwa": null, "fw": null, "bbad": null}]}, {"type": "SEASON", "stats": [{"tt": "season 2015/16", "sp": null, "mt": 1, "pr": "season=2015/16", "rn": 7, "wk": null, "ct": 0, "st": 0, "hs": "7", "hn": 0, "bbi": null, "bta": 7, "bwa": null, "fw": null, "bbad": null}, {"tt": "season 2017/18", "sp": null, "mt": 3, "pr": "season=2017/18", "rn": 8, "wk": null, "ct": 0, "st": 0, "hs": "6", "hn": 0, "bbi": null, "bta": 4, "bwa": null, "fw": null, "bbad": null}, {"tt": "season 2018/19", "sp": null, "mt": 1, "pr": "season=2018/19", "rn": 4, "wk": null, "ct": 0, "st": 0, "hs": "4", "hn": 0, "bbi": null, "bta": 4, "bwa": null, "fw": null, "bbad": null}]}, {"type": "CAPTAINS_INVOLVED", "stats": [{"tt": "*TG Southee", "sp": "2019-2019", "mt": 1, "pr": "captain_involve=49108", "rn": 4, "wk": null, "ct": 0, "st": 0, "hs": "4", "hn": 0, "bbi": null, "bta": 4, "bwa": null, "fw": null, "bbad": null}, {"tt": "*KS Williamson", "sp": "2016-2017", "mt": 4, "pr": "captain_involve=51088", "rn": 15, "wk": null, "ct": 0, "st": 0, "hs": "7", "hn": 0, "bbi": null, "bta": 5, "bwa": null, "fw": null, "bbad": null}]}, {"type": "CAPTAIN", "stats": [{"tt": "is not captain", "sp": "2016-2019", "mt": 5, "pr": "captain=0", "rn": 19, "wk": null, "ct": 0, "st": 0, "hs": "7", "hn": 0, "bbi": null, "bta": 4.75, "bwa": null, "fw": null, "bbad": null}]}, {"type": "KEEPER", "stats": [{"tt": "is not keeper", "sp": "2016-2019", "mt": 5, "pr": "keeper=0", "rn": 19, "wk": null, "ct": 0, "st": 0, "hs": "7", "hn": 0, "bbi": null, "bta": 4.75, "bwa": null, "fw": null, "bbad": null}]}, {"type": "TOSS", "stats": [{"tt": "won the toss", "sp": "2016-2017", "mt": 4, "pr": "toss=1", "rn": 15, "wk": null, "ct": 0, "st": 0, "hs": "7", "hn": 0, "bbi": null, "bta": 5, "bwa": null, "fw": null, "bbad": null}, {"tt": "lost the toss", "sp": "2019-2019", "mt": 1, "pr": "toss=2", "rn": 4, "wk": null, "ct": 0, "st": 0, "hs": "4", "hn": 0, "bbi": null, "bta": 4, "bwa": null, "fw": null, "bbad": null}]}, {"type": "BATTING_FIELDING_SEQUENCE_AND_TOSS", "stats": [{"tt": "won toss &amp; batted", "sp": "2016-2017", "mt": 2, "pr": "batting_fielding_first=1;toss=1", "rn": 7, "wk": null, "ct": 0, "st": 0, "hs": "7", "hn": 0, "bbi": null, "bta": 7, "bwa": null, "fw": null, "bbad": null}, {"tt": "won toss &amp; fielded", "sp": "2017-2017", "mt": 2, "pr": "batting_fielding_first=2;toss=1", "rn": 8, "wk": null, "ct": 0, "st": 0, "hs": "6", "hn": 0, "bbi": null, "bta": 4, "bwa": null, "fw": null, "bbad": null}, {"tt": "lost toss &amp; sent in", "sp": "2019-2019", "mt": 1, "pr": "batting_fielding_first=1;toss=2", "rn": 4, "wk": null, "ct": 0, "st": 0, "hs": "4", "hn": 0, "bbi": null, "bta": 4, "bwa": null, "fw": null, "bbad": null}]}, {"type": "BATTING_FIELDING_SEQUENCE", "stats": [{"tt": "matches batting first", "sp": "2016-2019", "mt": 3, "pr": "batting_fielding_first=1", "rn": 11, "wk": null, "ct": 0, "st": 0, "hs": "7", "hn": 0, "bbi": null, "bta": 5.5, "bwa": null, "fw": null, "bbad": null}, {"tt": "matches fielding first", "sp": "2017-2017", "mt": 2, "pr": "batting_fielding_first=2", "rn": 8, "wk": null, "ct": 0, "st": 0, "hs": "6", "hn": 0, "bbi": null, "bta": 4, "bwa": null, "fw": null, "bbad": null}]}, {"type": "TEAM_INNINGS", "stats": [{"tt": "1st team innings", "sp": "2016-2019", "mt": 5, "pr": "innings_number=1;innings_number=2", "rn": 19, "wk": null, "ct": 0, "st": 0, "hs": "7", "hn": 0, "bbi": null, "bta": 4.75, "bwa": null, "fw": null, "bbad": null}]}, {"type": "MATCH_INNINGS", "stats": [{"tt": "1st match innings", "sp": "2016-2019", "mt": 5, "pr": "innings_number=1", "rn": 11, "wk": null, "ct": 0, "st": 0, "hs": "7", "hn": 0, "bbi": null, "bta": 5.5, "bwa": null, "fw": null, "bbad": null}, {"tt": "2nd match innings", "sp": "2016-2019", "mt": 5, "pr": "innings_number=2", "rn": 8, "wk": null, "ct": 0, "st": 0, "hs": "6", "hn": 0, "bbi": null, "bta": 4, "bwa": null, "fw": null, "bbad": null}]}, {"type": "FLOODLIT", "stats": [{"tt": "day/night match", "sp": "2016-2016", "mt": 1, "pr": "floodlit=2", "rn": 7, "wk": null, "ct": 0, "st": 0, "hs": "7", "hn": 0, "bbi": null, "bta": 7, "bwa": null, "fw": null, "bbad": null}, {"tt": "night match", "sp": "2017-2019", "mt": 4, "pr": "floodlit=3", "rn": 12, "wk": null, "ct": 0, "st": 0, "hs": "6", "hn": 0, "bbi": null, "bta": 4, "bwa": null, "fw": null, "bbad": null}]}, {"type": "RESULT", "stats": [{"tt": "won match", "sp": "2016-2019", "mt": 3, "pr": "result=1", "rn": 11, "wk": null, "ct": 0, "st": 0, "hs": "7", "hn": 0, "bbi": null, "bta": 5.5, "bwa": null, "fw": null, "bbad": null}, {"tt": "lost match", "sp": "2017-2017", "mt": 2, "pr": "result=2", "rn": 8, "wk": null, "ct": 0, "st": 0, "hs": "6", "hn": 0, "bbi": null, "bta": 4, "bwa": null, "fw": null, "bbad": null}]}, {"type": "BATTING_FIELDING_SEQUENCE_AND_RESULT", "stats": [{"tt": "won batting first", "sp": "2016-2019", "mt": 3, "pr": "batting_fielding_first=1;result=1", "rn": 11, "wk": null, "ct": 0, "st": 0, "hs": "7", "hn": 0, "bbi": null, "bta": 5.5, "bwa": null, "fw": null, "bbad": null}, {"tt": "lost fielding first", "sp": "2017-2017", "mt": 2, "pr": "batting_fielding_first=2;result=2", "rn": 8, "wk": null, "ct": 0, "st": 0, "hs": "6", "hn": 0, "bbi": null, "bta": 4, "bwa": null, "fw": null, "bbad": null}]}, {"type": "TOURNAMENT_TYPE", "stats": [{"tt": "2 team series", "sp": "2017-2019", "mt": 4, "pr": "tournament_type=2", "rn": 12, "wk": null, "ct": 0, "st": 0, "hs": "6", "hn": 0, "bbi": null, "bta": 4, "bwa": null, "fw": null, "bbad": null}, {"tt": "5+ team tournaments", "sp": "2016-2016", "mt": 1, "pr": "tournament_type=5", "rn": 7, "wk": null, "ct": 0, "st": 0, "hs": "7", "hn": 0, "bbi": null, "bta": 7, "bwa": null, "fw": null, "bbad": null}]}, {"type": "MATCH_NUMBER", "stats": [{"tt": "only match in series", "sp": "2019-2019", "mt": 1, "pr": "match_number=0", "rn": 4, "wk": null, "ct": 0, "st": 0, "hs": "4", "hn": 0, "bbi": null, "bta": 4, "bwa": null, "fw": null, "bbad": null}, {"tt": "1st match in series", "sp": "2017-2017", "mt": 1, "pr": "match_number=1", "rn": 6, "wk": null, "ct": 0, "st": 0, "hs": "6", "hn": 0, "bbi": null, "bta": 6, "bwa": null, "fw": null, "bbad": null}, {"tt": "2nd match in series", "sp": "2017-2017", "mt": 1, "pr": "match_number=2", "rn": null, "wk": null, "ct": 0, "st": 0, "hs": null, "hn": null, "bbi": null, "bta": null, "bwa": null, "fw": null, "bbad": null}, {"tt": "3rd match in series", "sp": "2017-2017", "mt": 1, "pr": "match_number=3", "rn": 2, "wk": null, "ct": 0, "st": 0, "hs": "2", "hn": 0, "bbi": null, "bta": 2, "bwa": null, "fw": null, "bbad": null}]}, {"type": "MAJOR_TROPHY", "stats": [{"tt": "Men's T20 World Cup", "sp": "2016-2016", "mt": 1, "pr": "trophy=89", "rn": 7, "wk": null, "ct": 0, "st": 0, "hs": "7", "hn": 0, "bbi": null, "bta": 7, "bwa": null, "fw": null, "bbad": null}]}]}}