{"summary": {"recordClassId": 3, "type": "BOWLING", "groups": [{"type": "CAREER_AVERAGES", "stats": [{"bl": null, "tt": "overview", "sp": "2016-2019", "mt": 5, "in": null, "pr": null, "ov": null, "cd": null, "md": null, "wk": null, "fwk": null, "fw": null, "tw": null, "bbi": null, "bbm": null, "bwa": null, "bwe": null, "bwsr": null}]}, {"type": "OPPOSITION_TEAM", "stats": [{"bl": null, "tt": "vs Bangladesh", "sp": "2016-2016", "mt": 1, "in": null, "pr": "opposition=25", "ov": null, "cd": null, "md": null, "wk": null, "fwk": null, "fw": null, "tw": null, "bbi": null, "bbm": null, "bwa": null, "bwe": null, "bwsr": null}, {"bl": null, "tt": "vs India", "sp": "2017-2017", "mt": 3, "in": null, "pr": "opposition=6", "ov": null, "cd": null, "md": null, "wk": null, "fwk": null, "fw": null, "tw": null, "bbi": null, "bbm": null, "bwa": null, "bwe": null, "bwsr": null}, {"bl": null, "tt": "vs Sri Lanka", "sp": "2019-2019", "mt": 1, "in": null, "pr": "opposition=8", "ov": null, "cd": null, "md": null, "wk": null, "fwk": null, "fw": null, "tw": null, "bbi": null, "bbm": null, "bwa": null, "bwe": null, "bwsr": null}]}, {"type": "HOST_COUNTRY", "stats": [{"bl": null, "tt": "in India", "sp": "2016-2017", "mt": 4, "in": null, "pr": "host=6", "ov": null, "cd": null, "md": null, "wk": null, "fwk": null, "fw": null, "tw": null, "bbi": null, "bbm": null, "bwa": null, "bwe": null, "bwsr": null}, {"bl": null, "tt": "in New Zealand", "sp": "2019-2019", "mt": 1, "in": null, "pr": "host=5", "ov": null, "cd": null, "md": null, "wk": null, "fwk": null, "fw": null, "tw": null, "bbi": null, "bbm": null, "bwa": null, "bwe": null, "bwsr": null}]}, {"type": "CONTINENT", "stats": [{"bl": null, "tt": "in Asia", "sp": "2016-2017", "mt": 4, "in": null, "pr": "continent=2", "ov": null, "cd": null, "md": null, "wk": null, "fwk": null, "fw": null, "tw": null, "bbi": null, "bbm": null, "bwa": null, "bwe": null, "bwsr": null}, {"bl": null, "tt": "in Oceania", "sp": "2019-2019", "mt": 1, "in": null, "pr": "continent=5", "ov": null, "cd": null, "md": null, "wk": null, "fwk": null, "fw": null, "tw": null, "bbi": null, "bbm": null, "bwa": null, "bwe": null, "bwsr": null}]}, {"type": "HOME_OR_AWAY", "stats": [{"bl": null, "tt": "home", "sp": "2019-2019", "mt": 1, "in": null, "pr": "home_or_away=1", "ov": null, "cd": null, "md": null, "wk": null, "fwk": null, "fw": null, "tw": null, "bbi": null, "bbm": null, "bwa": null, "bwe": null, "bwsr": null}, {"bl": null, "tt": "away", "sp": "2017-2017", "mt": 3, "in": null, "pr": "home_or_away=2", "ov": null, "cd": null, "md": null, "wk": null, "fwk": null, "fw": null, "tw": null, "bbi": null, "bbm": null, "bwa": null, "bwe": null, "bwsr": null}, {"bl": null, "tt": "neutral", "sp": "2016-2016", "mt": 1, "in": null, "pr": "home_or_away=3", "ov": null, "cd": null, "md": null, "wk": null, "fwk": null, "fw": null, "tw": null, "bbi": null, "bbm": null, "bwa": null, "bwe": null, "bwsr": null}]}, {"type": "YEAR", "stats": [{"bl": null, "tt": "year 2016", "sp": null, "mt": 1, "in": null, "pr": "year=2016", "ov": null, "cd": null, "md": null, "wk": null, "fwk": null, "fw": null, "tw": null, "bbi": null, "bbm": null, "bwa": null, "bwe": null, "bwsr": null}, {"bl": null, "tt": "year 2017", "sp": null, "mt": 3, "in": null, "pr": "year=2017", "ov": null, "cd": null, "md": null, "wk": null, "fwk": null, "fw": null, "tw": null, "bbi": null, "bbm": null, "bwa": null, "bwe": null, "bwsr": null}, {"bl": null, "tt": "year 2019", "sp": null, "mt": 1, "in": null, "pr": "year=2019", "ov": null, "cd": null, "md": null, "wk": null, "fwk": null, "fw": null, "tw": null, "bbi": null, "bbm": null, "bwa": null, "bwe": null, "bwsr": null}]}, {"type": "SEASON", "stats": [{"bl": null, "tt": "season 2015/16", "sp": null, "mt": 1, "in": null, "pr": "season=2015/16", "ov": null, "cd": null, "md": null, "wk": null, "fwk": null, "fw": null, "tw": null, "bbi": null, "bbm": null, "bwa": null, "bwe": null, "bwsr": null}, {"bl": null, "tt": "season 2017/18", "sp": null, "mt": 3, "in": null, "pr": "season=2017/18", "ov": null, "cd": null, "md": null, "wk": null, "fwk": null, "fw": null, "tw": null, "bbi": null, "bbm": null, "bwa": null, "bwe": null, "bwsr": null}, {"bl": null, "tt": "season 2018/19", "sp": null, "mt": 1, "in": null, "pr": "season=2018/19", "ov": null, "cd": null, "md": null, "wk": null, "fwk": null, "fw": null, "tw": null, "bbi": null, "bbm": null, "bwa": null, "bwe": null, "bwsr": null}]}, {"type": "CAPTAINS_INVOLVED", "stats": [{"bl": null, "tt": "*TG Southee", "sp": "2019-2019", "mt": 1, "in": null, "pr": "captain_involve=49108", "ov": null, "cd": null, "md": null, "wk": null, "fwk": null, "fw": null, "tw": null, "bbi": null, "bbm": null, "bwa": null, "bwe": null, "bwsr": null}, {"bl": null, "tt": "*KS Williamson", "sp": "2016-2017", "mt": 4, "in": null, "pr": "captain_involve=51088", "ov": null, "cd": null, "md": null, "wk": null, "fwk": null, "fw": null, "tw": null, "bbi": null, "bbm": null, "bwa": null, "bwe": null, "bwsr": null}]}, {"type": "CAPTAIN", "stats": [{"bl": null, "tt": "is not captain", "sp": "2016-2019", "mt": 5, "in": null, "pr": "captain=0", "ov": null, "cd": null, "md": null, "wk": null, "fwk": null, "fw": null, "tw": null, "bbi": null, "bbm": null, "bwa": null, "bwe": null, "bwsr": null}]}, {"type": "KEEPER", "stats": [{"bl": null, "tt": "is not keeper", "sp": "2016-2019", "mt": 5, "in": null, "pr": "keeper=0", "ov": null, "cd": null, "md": null, "wk": null, "fwk": null, "fw": null, "tw": null, "bbi": null, "bbm": null, "bwa": null, "bwe": null, "bwsr": null}]}, {"type": "TOSS", "stats": [{"bl": null, "tt": "won the toss", "sp": "2016-2017", "mt": 4, "in": null, "pr": "toss=1", "ov": null, "cd": null, "md": null, "wk": null, "fwk": null, "fw": null, "tw": null, "bbi": null, "bbm": null, "bwa": null, "bwe": null, "bwsr": null}, {"bl": null, "tt": "lost the toss", "sp": "2019-2019", "mt": 1, "in": null, "pr": "toss=2", "ov": null, "cd": null, "md": null, "wk": null, "fwk": null, "fw": null, "tw": null, "bbi": null, "bbm": null, "bwa": null, "bwe": null, "bwsr": null}]}, {"type": "BATTING_FIELDING_SEQUENCE_AND_TOSS", "stats": [{"bl": null, "tt": "won toss &amp; batted", "sp": "2016-2017", "mt": 2, "in": null, "pr": "batting_fielding_first=1;toss=1", "ov": null, "cd": null, "md": null, "wk": null, "fwk": null, "fw": null, "tw": null, "bbi": null, "bbm": null, "bwa": null, "bwe": null, "bwsr": null}, {"bl": null, "tt": "won toss &amp; fielded", "sp": "2017-2017", "mt": 2, "in": null, "pr": "batting_fielding_first=2;toss=1", "ov": null, "cd": null, "md": null, "wk": null, "fwk": null, "fw": null, "tw": null, "bbi": null, "bbm": null, "bwa": null, "bwe": null, "bwsr": null}, {"bl": null, "tt": "lost toss &amp; sent in", "sp": "2019-2019", "mt": 1, "in": null, "pr": "batting_fielding_first=1;toss=2", "ov": null, "cd": null, "md": null, "wk": null, "fwk": null, "fw": null, "tw": null, "bbi": null, "bbm": null, "bwa": null, "bwe": null, "bwsr": null}]}, {"type": "BATTING_FIELDING_SEQUENCE", "stats": [{"bl": null, "tt": "matches batting first", "sp": "2016-2019", "mt": 3, "in": null, "pr": "batting_fielding_first=1", "ov": null, "cd": null, "md": null, "wk": null, "fwk": null, "fw": null, "tw": null, "bbi": null, "bbm": null, "bwa": null, "bwe": null, "bwsr": null}, {"bl": null, "tt": "matches fielding first", "sp": "2017-2017", "mt": 2, "in": null, "pr": "batting_fielding_first=2", "ov": null, "cd": null, "md": null, "wk": null, "fwk": null, "fw": null, "tw": null, "bbi": null, "bbm": null, "bwa": null, "bwe": null, "bwsr": null}]}, {"type": "TEAM_INNINGS", "stats": [{"bl": null, "tt": "1st team innings", "sp": "2016-2019", "mt": 5, "in": null, "pr": "innings_number=2;innings_number=1", "ov": null, "cd": null, "md": null, "wk": null, "fwk": null, "fw": null, "tw": null, "bbi": null, "bbm": null, "bwa": null, "bwe": null, "bwsr": null}]}, {"type": "MATCH_INNINGS", "stats": [{"bl": null, "tt": "1st match innings", "sp": "2017-2017", "mt": 2, "in": null, "pr": "innings_number=1", "ov": null, "cd": null, "md": null, "wk": null, "fwk": null, "fw": null, "tw": null, "bbi": null, "bbm": null, "bwa": null, "bwe": null, "bwsr": null}, {"bl": null, "tt": "2nd match innings", "sp": "2016-2019", "mt": 3, "in": null, "pr": "innings_number=2", "ov": null, "cd": null, "md": null, "wk": null, "fwk": null, "fw": null, "tw": null, "bbi": null, "bbm": null, "bwa": null, "bwe": null, "bwsr": null}]}, {"type": "FLOODLIT", "stats": [{"bl": null, "tt": "day/night match", "sp": "2016-2016", "mt": 1, "in": null, "pr": "floodlit=2", "ov": null, "cd": null, "md": null, "wk": null, "fwk": null, "fw": null, "tw": null, "bbi": null, "bbm": null, "bwa": null, "bwe": null, "bwsr": null}, {"bl": null, "tt": "night match", "sp": "2017-2019", "mt": 4, "in": null, "pr": "floodlit=3", "ov": null, "cd": null, "md": null, "wk": null, "fwk": null, "fw": null, "tw": null, "bbi": null, "bbm": null, "bwa": null, "bwe": null, "bwsr": null}]}, {"type": "RESULT", "stats": [{"bl": null, "tt": "won match", "sp": "2016-2019", "mt": 3, "in": null, "pr": "result=1", "ov": null, "cd": null, "md": null, "wk": null, "fwk": null, "fw": null, "tw": null, "bbi": null, "bbm": null, "bwa": null, "bwe": null, "bwsr": null}, {"bl": null, "tt": "lost match", "sp": "2017-2017", "mt": 2, "in": null, "pr": "result=2", "ov": null, "cd": null, "md": null, "wk": null, "fwk": null, "fw": null, "tw": null, "bbi": null, "bbm": null, "bwa": null, "bwe": null, "bwsr": null}]}, {"type": "BATTING_FIELDING_SEQUENCE_AND_RESULT", "stats": [{"bl": null, "tt": "won batting first", "sp": "2016-2019", "mt": 3, "in": null, "pr": "batting_fielding_first=1;result=1", "ov": null, "cd": null, "md": null, "wk": null, "fwk": null, "fw": null, "tw": null, "bbi": null, "bbm": null, "bwa": null, "bwe": null, "bwsr": null}, {"bl": null, "tt": "lost fielding first", "sp": "2017-2017", "mt": 2, "in": null, "pr": "batting_fielding_first=2;result=2", "ov": null, "cd": null, "md": null, "wk": null, "fwk": null, "fw": null, "tw": null, "bbi": null, "bbm": null, "bwa": null, "bwe": null, "bwsr": null}]}, {"type": "TOURNAMENT_TYPE", "stats": [{"bl": null, "tt": "2 team series", "sp": "2017-2019", "mt": 4, "in": null, "pr": "tournament_type=2", "ov": null, "cd": null, "md": null, "wk": null, "fwk": null, "fw": null, "tw": null, "bbi": null, "bbm": null, "bwa": null, "bwe": null, "bwsr": null}, {"bl": null, "tt": "5+ team tournaments", "sp": "2016-2016", "mt": 1, "in": null, "pr": "tournament_type=5", "ov": null, "cd": null, "md": null, "wk": null, "fwk": null, "fw": null, "tw": null, "bbi": null, "bbm": null, "bwa": null, "bwe": null, "bwsr": null}]}, {"type": "MATCH_NUMBER", "stats": [{"bl": null, "tt": "only match in series", "sp": "2019-2019", "mt": 1, "in": null, "pr": "match_number=0", "ov": null, "cd": null, "md": null, "wk": null, "fwk": null, "fw": null, "tw": null, "bbi": null, "bbm": null, "bwa": null, "bwe": null, "bwsr": null}, {"bl": null, "tt": "1st match in series", "sp": "2017-2017", "mt": 1, "in": null, "pr": "match_number=1", "ov": null, "cd": null, "md": null, "wk": null, "fwk": null, "fw": null, "tw": null, "bbi": null, "bbm": null, "bwa": null, "bwe": null, "bwsr": null}, {"bl": null, "tt": "2nd match in series", "sp": "2017-2017", "mt": 1, "in": null, "pr": "match_number=2", "ov": null, "cd": null, "md": null, "wk": null, "fwk": null, "fw": null, "tw": null, "bbi": null, "bbm": null, "bwa": null, "bwe": null, "bwsr": null}, {"bl": null, "tt": "3rd match in series", "sp": "2017-2017", "mt": 1, "in": null, "pr": "match_number=3", "ov": null, "cd": null, "md": null, "wk": null, "fwk": null, "fw": null, "tw": null, "bbi": null, "bbm": null, "bwa": null, "bwe": null, "bwsr": null}]}, {"type": "MAJOR_TROPHY", "stats": [{"bl": null, "tt": "Men's T20 World Cup", "sp": "2016-2016", "mt": 1, "in": null, "pr": "trophy=89", "ov": null, "cd": null, "md": null, "wk": null, "fwk": null, "fw": null, "tw": null, "bbi": null, "bbm": null, "bwa": null, "bwe": null, "bwsr": null}]}]}}