{"summary": {"recordClassId": 2, "type": "ALLROUND", "groups": [{"type": "CAREER_AVERAGES", "stats": [{"tt": "overview", "sp": "2015-2021", "mt": 52, "pr": null, "rn": 1409, "wk": null, "ct": 21, "st": 0, "hs": "124*", "hn": 1, "bbi": null, "bta": 36.12, "bwa": null, "fw": null, "bbad": null}]}, {"type": "OPPOSITION_TEAM", "stats": [{"tt": "v Australia", "sp": "2016-2020", "mt": 6, "pr": "opposition=2", "rn": 104, "wk": null, "ct": 4, "st": 0, "hs": "61", "hn": 0, "bbi": null, "bta": 17.33, "bwa": null, "fw": null, "bbad": null}, {"tt": "v Bangladesh", "sp": "2019-2021", "mt": 6, "pr": "opposition=25", "rn": 211, "wk": null, "ct": 4, "st": 0, "hs": "64", "hn": 0, "bbi": null, "bta": 42.2, "bwa": null, "fw": null, "bbad": null}, {"tt": "v England", "sp": "2018-2019", "mt": 7, "pr": "opposition=1", "rn": 124, "wk": null, "ct": 1, "st": 0, "hs": "55", "hn": 0, "bbi": null, "bta": 20.66, "bwa": null, "fw": null, "bbad": null}, {"tt": "v India", "sp": "2017-2020", "mt": 12, "pr": "opposition=6", "rn": 394, "wk": null, "ct": 3, "st": 0, "hs": "80", "hn": 0, "bbi": null, "bta": 39.4, "bwa": null, "fw": null, "bbad": null}, {"tt": "v Pakistan", "sp": "2016-2018", "mt": 10, "pr": "opposition=7", "rn": 238, "wk": null, "ct": 5, "st": 0, "hs": "82", "hn": 0, "bbi": null, "bta": 34, "bwa": null, "fw": null, "bbad": null}, {"tt": "v Sri Lanka", "sp": "2015-2019", "mt": 8, "pr": "opposition=8", "rn": 220, "wk": null, "ct": 4, "st": 0, "hs": "124*", "hn": 1, "bbi": null, "bta": 55, "bwa": null, "fw": null, "bbad": null}, {"tt": "v West Indies", "sp": "2017-2017", "mt": 3, "pr": "opposition=4", "rn": 118, "wk": null, "ct": 0, "st": 0, "hs": "83*", "hn": 0, "bbi": null, "bta": 118, "bwa": null, "fw": null, "bbad": null}]}, {"type": "HOST_COUNTRY", "stats": [{"tt": "in Australia", "sp": "2016-2020", "mt": 2, "pr": "host=2", "rn": 13, "wk": null, "ct": 3, "st": 0, "hs": "10", "hn": 0, "bbi": null, "bta": 6.5, "bwa": null, "fw": null, "bbad": null}, {"tt": "in England", "sp": "2019-2019", "mt": 4, "pr": "host=1", "rn": 91, "wk": null, "ct": 0, "st": 0, "hs": "55", "hn": 0, "bbi": null, "bta": 22.75, "bwa": null, "fw": null, "bbad": null}, {"tt": "in India", "sp": "2017-2017", "mt": 3, "pr": "host=6", "rn": 83, "wk": null, "ct": 1, "st": 0, "hs": "42", "hn": 0, "bbi": null, "bta": 41.5, "bwa": null, "fw": null, "bbad": null}, {"tt": "in New Zealand", "sp": "2015-2021", "mt": 40, "pr": "host=5", "rn": 1174, "wk": null, "ct": 15, "st": 0, "hs": "124*", "hn": 1, "bbi": null, "bta": 40.48, "bwa": null, "fw": null, "bbad": null}, {"tt": "in U.A.E.", "sp": "2018-2018", "mt": 3, "pr": "host=27", "rn": 48, "wk": null, "ct": 2, "st": 0, "hs": "33", "hn": 0, "bbi": null, "bta": 24, "bwa": null, "fw": null, "bbad": null}]}, {"type": "CONTINENT", "stats": [{"tt": "in Asia", "sp": "2017-2018", "mt": 6, "pr": "continent=2", "rn": 131, "wk": null, "ct": 3, "st": 0, "hs": "42", "hn": 0, "bbi": null, "bta": 32.75, "bwa": null, "fw": null, "bbad": null}, {"tt": "in Europe", "sp": "2019-2019", "mt": 4, "pr": "continent=4", "rn": 91, "wk": null, "ct": 0, "st": 0, "hs": "55", "hn": 0, "bbi": null, "bta": 22.75, "bwa": null, "fw": null, "bbad": null}, {"tt": "in Oceania", "sp": "2015-2021", "mt": 42, "pr": "continent=5", "rn": 1187, "wk": null, "ct": 18, "st": 0, "hs": "124*", "hn": 1, "bbi": null, "bta": 38.29, "bwa": null, "fw": null, "bbad": null}]}, {"type": "HOME_OR_AWAY", "stats": [{"tt": "home", "sp": "2015-2021", "mt": 40, "pr": "home_or_away=1", "rn": 1174, "wk": null, "ct": 15, "st": 0, "hs": "124*", "hn": 1, "bbi": null, "bta": 40.48, "bwa": null, "fw": null, "bbad": null}, {"tt": "away", "sp": "2016-2020", "mt": 7, "pr": "home_or_away=2", "rn": 151, "wk": null, "ct": 4, "st": 0, "hs": "55", "hn": 0, "bbi": null, "bta": 25.16, "bwa": null, "fw": null, "bbad": null}, {"tt": "neutral", "sp": "2018-2019", "mt": 5, "pr": "home_or_away=3", "rn": 84, "wk": null, "ct": 2, "st": 0, "hs": "33", "hn": 0, "bbi": null, "bta": 21, "bwa": null, "fw": null, "bbad": null}]}, {"type": "YEAR", "stats": [{"tt": "year 2015", "sp": null, "mt": 3, "pr": "year=2015", "rn": 43, "wk": null, "ct": 2, "st": 0, "hs": "23*", "hn": 0, "bbi": null, "bta": 43, "bwa": null, "fw": null, "bbad": null}, {"tt": "year 2016", "sp": null, "mt": 8, "pr": "year=2016", "rn": 179, "wk": null, "ct": 6, "st": 0, "hs": "82", "hn": 0, "bbi": null, "bta": 25.57, "bwa": null, "fw": null, "bbad": null}, {"tt": "year 2017", "sp": null, "mt": 6, "pr": "year=2017", "rn": 201, "wk": null, "ct": 1, "st": 0, "hs": "83*", "hn": 0, "bbi": null, "bta": 67, "bwa": null, "fw": null, "bbad": null}, {"tt": "year 2018", "sp": null, "mt": 13, "pr": "year=2018", "rn": 220, "wk": null, "ct": 5, "st": 0, "hs": "55", "hn": 0, "bbi": null, "bta": 24.44, "bwa": null, "fw": null, "bbad": null}, {"tt": "year 2019", "sp": null, "mt": 15, "pr": "year=2019", "rn": 477, "wk": null, "ct": 2, "st": 0, "hs": "124*", "hn": 1, "bbi": null, "bta": 36.69, "bwa": null, "fw": null, "bbad": null}, {"tt": "year 2020", "sp": null, "mt": 4, "pr": "year=2020", "rn": 209, "wk": null, "ct": 2, "st": 0, "hs": "80", "hn": 0, "bbi": null, "bta": 52.25, "bwa": null, "fw": null, "bbad": null}, {"tt": "year 2021", "sp": null, "mt": 3, "pr": "year=2021", "rn": 80, "wk": null, "ct": 3, "st": 0, "hs": "49*", "hn": 0, "bbi": null, "bta": 40, "bwa": null, "fw": null, "bbad": null}]}, {"type": "SEASON", "stats": [{"tt": "season 2015/16", "sp": null, "mt": 10, "pr": "season=2015/16", "rn": 219, "wk": null, "ct": 6, "st": 0, "hs": "82", "hn": 0, "bbi": null, "bta": 31.28, "bwa": null, "fw": null, "bbad": null}, {"tt": "season 2016/17", "sp": null, "mt": 1, "pr": "season=2016/17", "rn": 3, "wk": null, "ct": 2, "st": 0, "hs": "3", "hn": 0, "bbi": null, "bta": 3, "bwa": null, "fw": null, "bbad": null}, {"tt": "season 2017/18", "sp": null, "mt": 16, "pr": "season=2017/18", "rn": 373, "wk": null, "ct": 4, "st": 0, "hs": "83*", "hn": 0, "bbi": null, "bta": 37.3, "bwa": null, "fw": null, "bbad": null}, {"tt": "season 2018/19", "sp": null, "mt": 14, "pr": "season=2018/19", "rn": 434, "wk": null, "ct": 4, "st": 0, "hs": "124*", "hn": 1, "bbi": null, "bta": 39.45, "bwa": null, "fw": null, "bbad": null}, {"tt": "season 2019", "sp": null, "mt": 4, "pr": "season=2019", "rn": 91, "wk": null, "ct": 0, "st": 0, "hs": "55", "hn": 0, "bbi": null, "bta": 22.75, "bwa": null, "fw": null, "bbad": null}, {"tt": "season 2019/20", "sp": null, "mt": 4, "pr": "season=2019/20", "rn": 209, "wk": null, "ct": 2, "st": 0, "hs": "80", "hn": 0, "bbi": null, "bta": 52.25, "bwa": null, "fw": null, "bbad": null}, {"tt": "season 2020/21", "sp": null, "mt": 3, "pr": "season=2020/21", "rn": 80, "wk": null, "ct": 3, "st": 0, "hs": "49*", "hn": 0, "bbi": null, "bta": 40, "bwa": null, "fw": null, "bbad": null}]}, {"type": "CAPTAINS_INVOLVED", "stats": [{"tt": "*TWM Latham", "sp": "2017-2021", "mt": 9, "pr": "captain_involve=59148", "rn": 379, "wk": null, "ct": 5, "st": 0, "hs": "83*", "hn": 0, "bbi": null, "bta": 75.8, "bwa": null, "fw": null, "bbad": null}, {"tt": "*BB McCullum", "sp": "2015-2016", "mt": 6, "pr": "captain_involve=10384", "rn": 111, "wk": null, "ct": 3, "st": 0, "hs": "61", "hn": 0, "bbi": null, "bta": 27.75, "bwa": null, "fw": null, "bbad": null}, {"tt": "*TG Southee", "sp": "2018-2018", "mt": 1, "pr": "captain_involve=49108", "rn": 1, "wk": null, "ct": 0, "st": 0, "hs": "1", "hn": 0, "bbi": null, "bta": 1, "bwa": null, "fw": null, "bbad": null}, {"tt": "*KS Williamson", "sp": "2015-2020", "mt": 36, "pr": "captain_involve=51088", "rn": 918, "wk": null, "ct": 13, "st": 0, "hs": "124*", "hn": 1, "bbi": null, "bta": 31.65, "bwa": null, "fw": null, "bbad": null}]}, {"type": "CAPTAIN", "stats": [{"tt": "is not captain", "sp": "2015-2021", "mt": 52, "pr": "captain=0", "rn": 1409, "wk": null, "ct": 21, "st": 0, "hs": "124*", "hn": 1, "bbi": null, "bta": 36.12, "bwa": null, "fw": null, "bbad": null}]}, {"type": "KEEPER", "stats": [{"tt": "is not keeper", "sp": "2015-2021", "mt": 52, "pr": "keeper=0", "rn": 1409, "wk": null, "ct": 21, "st": 0, "hs": "124*", "hn": 1, "bbi": null, "bta": 36.12, "bwa": null, "fw": null, "bbad": null}]}, {"type": "TOSS", "stats": [{"tt": "won the toss", "sp": "2015-2021", "mt": 26, "pr": "toss=1", "rn": 615, "wk": null, "ct": 8, "st": 0, "hs": "80", "hn": 0, "bbi": null, "bta": 27.95, "bwa": null, "fw": null, "bbad": null}, {"tt": "lost the toss", "sp": "2015-2020", "mt": 26, "pr": "toss=2", "rn": 794, "wk": null, "ct": 13, "st": 0, "hs": "124*", "hn": 1, "bbi": null, "bta": 46.7, "bwa": null, "fw": null, "bbad": null}]}, {"type": "BATTING_FIELDING_SEQUENCE_AND_TOSS", "stats": [{"tt": "won toss &amp; batted", "sp": "2015-2021", "mt": 15, "pr": "batting_fielding_first=1;toss=1", "rn": 284, "wk": null, "ct": 3, "st": 0, "hs": "55", "hn": 0, "bbi": null, "bta": 20.28, "bwa": null, "fw": null, "bbad": null}, {"tt": "won toss &amp; fielded", "sp": "2017-2021", "mt": 11, "pr": "batting_fielding_first=2;toss=1", "rn": 331, "wk": null, "ct": 5, "st": 0, "hs": "80", "hn": 0, "bbi": null, "bta": 41.37, "bwa": null, "fw": null, "bbad": null}, {"tt": "lost toss &amp; sent in", "sp": "2016-2020", "mt": 12, "pr": "batting_fielding_first=1;toss=2", "rn": 585, "wk": null, "ct": 5, "st": 0, "hs": "124*", "hn": 1, "bbi": null, "bta": 65, "bwa": null, "fw": null, "bbad": null}, {"tt": "lost toss &amp; fielded", "sp": "2015-2020", "mt": 14, "pr": "batting_fielding_first=2;toss=2", "rn": 209, "wk": null, "ct": 8, "st": 0, "hs": "53", "hn": 0, "bbi": null, "bta": 26.12, "bwa": null, "fw": null, "bbad": null}]}, {"type": "BATTING_FIELDING_SEQUENCE", "stats": [{"tt": "matches batting first", "sp": "2015-2021", "mt": 27, "pr": "batting_fielding_first=1", "rn": 869, "wk": null, "ct": 8, "st": 0, "hs": "124*", "hn": 1, "bbi": null, "bta": 37.78, "bwa": null, "fw": null, "bbad": null}, {"tt": "matches fielding first", "sp": "2015-2021", "mt": 25, "pr": "batting_fielding_first=2", "rn": 540, "wk": null, "ct": 13, "st": 0, "hs": "80", "hn": 0, "bbi": null, "bta": 33.75, "bwa": null, "fw": null, "bbad": null}]}, {"type": "TEAM_INNINGS", "stats": [{"tt": "1st team innings", "sp": "2015-2021", "mt": 52, "pr": "innings_number=2;innings_number=1", "rn": 1409, "wk": null, "ct": 21, "st": 0, "hs": "124*", "hn": 1, "bbi": null, "bta": 36.12, "bwa": null, "fw": null, "bbad": null}]}, {"type": "MATCH_INNINGS", "stats": [{"tt": "1st match innings", "sp": "2015-2021", "mt": 52, "pr": "innings_number=1", "rn": 869, "wk": null, "ct": 13, "st": 0, "hs": "124*", "hn": 1, "bbi": null, "bta": 37.78, "bwa": null, "fw": null, "bbad": null}, {"tt": "2nd match innings", "sp": "2015-2021", "mt": 51, "pr": "innings_number=2", "rn": 540, "wk": null, "ct": 8, "st": 0, "hs": "80", "hn": 0, "bbi": null, "bta": 33.75, "bwa": null, "fw": null, "bbad": null}]}, {"type": "FLOODLIT", "stats": [{"tt": "day match", "sp": "2015-2021", "mt": 24, "pr": "floodlit=1", "rn": 725, "wk": null, "ct": 9, "st": 0, "hs": "124*", "hn": 1, "bbi": null, "bta": 48.33, "bwa": null, "fw": null, "bbad": null}, {"tt": "day/night match", "sp": "2016-2021", "mt": 28, "pr": "floodlit=2", "rn": 684, "wk": null, "ct": 12, "st": 0, "hs": "80", "hn": 0, "bbi": null, "bta": 28.5, "bwa": null, "fw": null, "bbad": null}]}, {"type": "RESULT", "stats": [{"tt": "won match", "sp": "2015-2021", "mt": 33, "pr": "result=1", "rn": 1068, "wk": null, "ct": 15, "st": 0, "hs": "124*", "hn": 1, "bbi": null, "bta": 48.54, "bwa": null, "fw": null, "bbad": null}, {"tt": "lost match", "sp": "2015-2020", "mt": 16, "pr": "result=2", "rn": 267, "wk": null, "ct": 5, "st": 0, "hs": "55", "hn": 0, "bbi": null, "bta": 16.68, "bwa": null, "fw": null, "bbad": null}, {"tt": "tied match", "sp": "2019-2019", "mt": 1, "pr": "result=3", "rn": 55, "wk": null, "ct": 0, "st": 0, "hs": "55", "hn": 0, "bbi": null, "bta": 55, "bwa": null, "fw": null, "bbad": null}, {"tt": "no result", "sp": "2016-2018", "mt": 2, "pr": "result=5", "rn": 19, "wk": null, "ct": 1, "st": 0, "hs": "15*", "hn": 0, "bbi": null, "bta": null, "bwa": null, "fw": null, "bbad": null}]}, {"type": "BATTING_FIELDING_SEQUENCE_AND_RESULT", "stats": [{"tt": "won batting first", "sp": "2016-2021", "mt": 17, "pr": "batting_fielding_first=1;result=1", "rn": 637, "wk": null, "ct": 6, "st": 0, "hs": "124*", "hn": 1, "bbi": null, "bta": 45.5, "bwa": null, "fw": null, "bbad": null}, {"tt": "won fielding first", "sp": "2015-2021", "mt": 16, "pr": "batting_fielding_first=2;result=1", "rn": 431, "wk": null, "ct": 9, "st": 0, "hs": "80", "hn": 0, "bbi": null, "bta": 53.87, "bwa": null, "fw": null, "bbad": null}, {"tt": "lost batting first", "sp": "2015-2019", "mt": 8, "pr": "batting_fielding_first=1;result=2", "rn": 173, "wk": null, "ct": 2, "st": 0, "hs": "55", "hn": 0, "bbi": null, "bta": 21.62, "bwa": null, "fw": null, "bbad": null}, {"tt": "lost fielding first", "sp": "2016-2020", "mt": 8, "pr": "batting_fielding_first=2;result=2", "rn": 94, "wk": null, "ct": 3, "st": 0, "hs": "37", "hn": 0, "bbi": null, "bta": 11.75, "bwa": null, "fw": null, "bbad": null}, {"tt": "tied batting first", "sp": "2019-2019", "mt": 1, "pr": "batting_fielding_first=1;result=3", "rn": 55, "wk": null, "ct": 0, "st": 0, "hs": "55", "hn": 0, "bbi": null, "bta": 55, "bwa": null, "fw": null, "bbad": null}, {"tt": "no result batting first", "sp": "2016-2016", "mt": 1, "pr": "batting_fielding_first=1;result=5", "rn": 4, "wk": null, "ct": null, "st": null, "hs": "4*", "hn": 0, "bbi": null, "bta": null, "bwa": null, "fw": null, "bbad": null}, {"tt": "no result fielding first", "sp": "2018-2018", "mt": 1, "pr": "batting_fielding_first=2;result=5", "rn": 15, "wk": null, "ct": 1, "st": 0, "hs": "15*", "hn": 0, "bbi": null, "bta": null, "bwa": null, "fw": null, "bbad": null}]}, {"type": "TOURNAMENT_TYPE", "stats": [{"tt": "2 team series", "sp": "2015-2021", "mt": 48, "pr": "tournament_type=2", "rn": 1318, "wk": null, "ct": 21, "st": 0, "hs": "124*", "hn": 1, "bbi": null, "bta": 37.65, "bwa": null, "fw": null, "bbad": null}, {"tt": "5+ team tournaments", "sp": "2019-2021", "mt": 7, "pr": "tournament_type=5", "rn": 171, "wk": null, "ct": 3, "st": 0, "hs": "55", "hn": 0, "bbi": null, "bta": 28.5, "bwa": null, "fw": null, "bbad": null}]}, {"type": "MATCH_NUMBER", "stats": [{"tt": "1st match in series", "sp": "2015-2021", "mt": 14, "pr": "match_number=1", "rn": 454, "wk": null, "ct": 6, "st": 0, "hs": "82", "hn": 0, "bbi": null, "bta": 41.27, "bwa": null, "fw": null, "bbad": null}, {"tt": "2nd match in series", "sp": "2015-2021", "mt": 12, "pr": "match_number=2", "rn": 291, "wk": null, "ct": 6, "st": 0, "hs": "83*", "hn": 0, "bbi": null, "bta": 32.33, "bwa": null, "fw": null, "bbad": null}, {"tt": "3rd match in series", "sp": "2015-2021", "mt": 14, "pr": "match_number=3", "rn": 408, "wk": null, "ct": 4, "st": 0, "hs": "124*", "hn": 1, "bbi": null, "bta": 37.09, "bwa": null, "fw": null, "bbad": null}, {"tt": "4th match in series", "sp": "2016-2019", "mt": 4, "pr": "match_number=4", "rn": 99, "wk": null, "ct": 2, "st": 0, "hs": "52*", "hn": 0, "bbi": null, "bta": null, "bwa": null, "fw": null, "bbad": null}, {"tt": "5th match in series", "sp": "2016-2019", "mt": 4, "pr": "match_number=5", "rn": 66, "wk": null, "ct": 3, "st": 0, "hs": "55", "hn": 0, "bbi": null, "bta": 16.5, "bwa": null, "fw": null, "bbad": null}]}, {"type": "MAJOR_TROPHY", "stats": [{"tt": "World Cup", "sp": "2019-2019", "mt": 4, "pr": "trophy=12", "rn": 91, "wk": null, "ct": 0, "st": 0, "hs": "55", "hn": 0, "bbi": null, "bta": 22.75, "bwa": null, "fw": null, "bbad": null}, {"tt": "Chappell-Hadlee", "sp": "2016-2020", "mt": 5, "pr": "trophy=65", "rn": 96, "wk": null, "ct": 4, "st": 0, "hs": "61", "hn": 0, "bbi": null, "bta": 19.2, "bwa": null, "fw": null, "bbad": null}]}, {"type": "FINAL_TYPE", "stats": [{"tt": "tournament finals", "sp": "2019-2019", "mt": 1, "pr": "final_type=1", "rn": 55, "wk": null, "ct": 0, "st": 0, "hs": "55", "hn": 0, "bbi": null, "bta": 55, "bwa": null, "fw": null, "bbad": null}, {"tt": "tournament semi-finals", "sp": "2019-2019", "mt": 1, "pr": "final_type=3", "rn": 28, "wk": null, "ct": 0, "st": 0, "hs": "28", "hn": 0, "bbi": null, "bta": 28, "bwa": null, "fw": null, "bbad": null}, {"tt": "preliminary matches", "sp": "2019-2021", "mt": 5, "pr": "final_type=0", "rn": 88, "wk": null, "ct": 3, "st": 0, "hs": "49*", "hn": 0, "bbi": null, "bta": 22, "bwa": null, "fw": null, "bbad": null}]}]}}