{"summary": {"recordClassId": 2, "type": "BATTING", "groups": [{"type": "CAREER_AVERAGES", "stats": [{"tt": "overview", "sp": "2015-2021", "mt": 52, "in": 50, "pr": null, "rn": 1409, "fo": 131, "si": 10, "ft": 11, "hn": 1, "bf": 1717, "dk": 5, "no": 11, "hs": "124*", "bta": 36.12, "btsr": 82.06}]}, {"type": "OPPOSITION_TEAM", "stats": [{"tt": "vs Australia", "sp": "2016-2020", "mt": 6, "in": 6, "pr": "opposition=2", "rn": 104, "fo": 10, "si": 1, "ft": 1, "hn": 0, "bf": 154, "dk": 0, "no": 0, "hs": "61", "bta": 17.33, "btsr": 67.53}, {"tt": "vs Bangladesh", "sp": "2019-2021", "mt": 6, "in": 6, "pr": "opposition=25", "rn": 211, "fo": 23, "si": 0, "ft": 2, "hn": 0, "bf": 269, "dk": 0, "no": 1, "hs": "64", "bta": 42.2, "btsr": 78.43}, {"tt": "vs England", "sp": "2018-2019", "mt": 7, "in": 7, "pr": "opposition=1", "rn": 124, "fo": 5, "si": 2, "ft": 2, "hn": 0, "bf": 179, "dk": 3, "no": 1, "hs": "55", "bta": 20.66, "btsr": 69.27}, {"tt": "vs India", "sp": "2017-2020", "mt": 12, "in": 12, "pr": "opposition=6", "rn": 394, "fo": 44, "si": 2, "ft": 2, "hn": 0, "bf": 502, "dk": 0, "no": 2, "hs": "80", "bta": 39.4, "btsr": 78.48}, {"tt": "vs Pakistan", "sp": "2016-2018", "mt": 10, "in": 9, "pr": "opposition=7", "rn": 238, "fo": 16, "si": 0, "ft": 3, "hn": 0, "bf": 325, "dk": 2, "no": 2, "hs": "82", "bta": 34, "btsr": 73.23}, {"tt": "vs Sri Lanka", "sp": "2015-2019", "mt": 8, "in": 7, "pr": "opposition=8", "rn": 220, "fo": 22, "si": 3, "ft": 0, "hn": 1, "bf": 196, "dk": 0, "no": 3, "hs": "124*", "bta": 55, "btsr": 112.24}, {"tt": "vs West Indies", "sp": "2017-2017", "mt": 3, "in": 3, "pr": "opposition=4", "rn": 118, "fo": 11, "si": 2, "ft": 1, "hn": 0, "bf": 92, "dk": 0, "no": 2, "hs": "83*", "bta": 118, "btsr": 128.26}]}, {"type": "HOST_COUNTRY", "stats": [{"tt": "in Australia", "sp": "2016-2020", "mt": 2, "in": 2, "pr": "host=2", "rn": 13, "fo": 1, "si": 0, "ft": 0, "hn": 0, "bf": 33, "dk": 0, "no": 0, "hs": "10", "bta": 6.5, "btsr": 39.39}, {"tt": "in England", "sp": "2019-2019", "mt": 4, "in": 4, "pr": "host=1", "rn": 91, "fo": 8, "si": 0, "ft": 1, "hn": 0, "bf": 149, "dk": 1, "no": 0, "hs": "55", "bta": 22.75, "btsr": 61.07}, {"tt": "in India", "sp": "2017-2017", "mt": 3, "in": 3, "pr": "host=6", "rn": 83, "fo": 9, "si": 1, "ft": 0, "hn": 0, "bf": 87, "dk": 0, "no": 1, "hs": "42", "bta": 41.5, "btsr": 95.4}, {"tt": "in New Zealand", "sp": "2015-2021", "mt": 40, "in": 38, "pr": "host=5", "rn": 1174, "fo": 111, "si": 9, "ft": 10, "hn": 1, "bf": 1364, "dk": 3, "no": 9, "hs": "124*", "bta": 40.48, "btsr": 86.07}, {"tt": "in U.A.E.", "sp": "2018-2018", "mt": 3, "in": 3, "pr": "host=27", "rn": 48, "fo": 2, "si": 0, "ft": 0, "hn": 0, "bf": 84, "dk": 1, "no": 1, "hs": "33", "bta": 24, "btsr": 57.14}]}, {"type": "CONTINENT", "stats": [{"tt": "in Asia", "sp": "2017-2018", "mt": 6, "in": 6, "pr": "continent=2", "rn": 131, "fo": 11, "si": 1, "ft": 0, "hn": 0, "bf": 171, "dk": 1, "no": 2, "hs": "42", "bta": 32.75, "btsr": 76.6}, {"tt": "in Europe", "sp": "2019-2019", "mt": 4, "in": 4, "pr": "continent=4", "rn": 91, "fo": 8, "si": 0, "ft": 1, "hn": 0, "bf": 149, "dk": 1, "no": 0, "hs": "55", "bta": 22.75, "btsr": 61.07}, {"tt": "in Oceania", "sp": "2015-2021", "mt": 42, "in": 40, "pr": "continent=5", "rn": 1187, "fo": 112, "si": 9, "ft": 10, "hn": 1, "bf": 1397, "dk": 3, "no": 9, "hs": "124*", "bta": 38.29, "btsr": 84.96}]}, {"type": "HOME_OR_AWAY", "stats": [{"tt": "home", "sp": "2015-2021", "mt": 40, "in": 38, "pr": "home_or_away=1", "rn": 1174, "fo": 111, "si": 9, "ft": 10, "hn": 1, "bf": 1364, "dk": 3, "no": 9, "hs": "124*", "bta": 40.48, "btsr": 86.07}, {"tt": "away", "sp": "2016-2020", "mt": 7, "in": 7, "pr": "home_or_away=2", "rn": 151, "fo": 14, "si": 1, "ft": 1, "hn": 0, "bf": 198, "dk": 1, "no": 1, "hs": "55", "bta": 25.16, "btsr": 76.26}, {"tt": "neutral", "sp": "2018-2019", "mt": 5, "in": 5, "pr": "home_or_away=3", "rn": 84, "fo": 6, "si": 0, "ft": 0, "hn": 0, "bf": 155, "dk": 1, "no": 1, "hs": "33", "bta": 21, "btsr": 54.19}]}, {"type": "YEAR", "stats": [{"tt": "year 2015", "sp": null, "mt": 3, "in": 2, "pr": "year=2015", "rn": 43, "fo": 6, "si": 0, "ft": 0, "hn": 0, "bf": 52, "dk": 0, "no": 1, "hs": "23*", "bta": 43, "btsr": 82.69}, {"tt": "year 2016", "sp": null, "mt": 8, "in": 8, "pr": "year=2016", "rn": 179, "fo": 14, "si": 1, "ft": 2, "hn": 0, "bf": 250, "dk": 0, "no": 1, "hs": "82", "bta": 25.57, "btsr": 71.6}, {"tt": "year 2017", "sp": null, "mt": 6, "in": 6, "pr": "year=2017", "rn": 201, "fo": 20, "si": 3, "ft": 1, "hn": 0, "bf": 179, "dk": 0, "no": 3, "hs": "83*", "bta": 67, "btsr": 112.29}, {"tt": "year 2018", "sp": null, "mt": 13, "in": 12, "pr": "year=2018", "rn": 220, "fo": 10, "si": 2, "ft": 3, "hn": 0, "bf": 302, "dk": 4, "no": 3, "hs": "55", "bta": 24.44, "btsr": 72.84}, {"tt": "year 2019", "sp": null, "mt": 15, "in": 15, "pr": "year=2019", "rn": 477, "fo": 46, "si": 4, "ft": 3, "hn": 1, "bf": 576, "dk": 1, "no": 2, "hs": "124*", "bta": 36.69, "btsr": 82.81}, {"tt": "year 2020", "sp": null, "mt": 4, "in": 4, "pr": "year=2020", "rn": 209, "fo": 26, "si": 0, "ft": 2, "hn": 0, "bf": 266, "dk": 0, "no": 0, "hs": "80", "bta": 52.25, "btsr": 78.57}, {"tt": "year 2021", "sp": null, "mt": 3, "in": 3, "pr": "year=2021", "rn": 80, "fo": 9, "si": 0, "ft": 0, "hn": 0, "bf": 92, "dk": 0, "no": 1, "hs": "49*", "bta": 40, "btsr": 86.95}]}, {"type": "SEASON", "stats": [{"tt": "season 2015/16", "sp": null, "mt": 10, "in": 9, "pr": "season=NaN", "rn": 219, "fo": 20, "si": 1, "ft": 2, "hn": 0, "bf": 291, "dk": 0, "no": 2, "hs": "82", "bta": 31.28, "btsr": 75.25}, {"tt": "season 2016/17", "sp": null, "mt": 1, "in": 1, "pr": "season=NaN", "rn": 3, "fo": 0, "si": 0, "ft": 0, "hn": 0, "bf": 11, "dk": 0, "no": 0, "hs": "3", "bta": 3, "btsr": 27.27}, {"tt": "season 2017/18", "sp": null, "mt": 16, "in": 15, "pr": "season=NaN", "rn": 373, "fo": 28, "si": 5, "ft": 4, "hn": 0, "bf": 397, "dk": 3, "no": 5, "hs": "83*", "bta": 37.3, "btsr": 93.95}, {"tt": "season 2018/19", "sp": null, "mt": 14, "in": 14, "pr": "season=NaN", "rn": 434, "fo": 40, "si": 4, "ft": 2, "hn": 1, "bf": 511, "dk": 1, "no": 3, "hs": "124*", "bta": 39.45, "btsr": 84.93}, {"tt": "season 2019", "sp": null, "mt": 4, "in": 4, "pr": "season=2019", "rn": 91, "fo": 8, "si": 0, "ft": 1, "hn": 0, "bf": 149, "dk": 1, "no": 0, "hs": "55", "bta": 22.75, "btsr": 61.07}, {"tt": "season 2019/20", "sp": null, "mt": 4, "in": 4, "pr": "season=NaN", "rn": 209, "fo": 26, "si": 0, "ft": 2, "hn": 0, "bf": 266, "dk": 0, "no": 0, "hs": "80", "bta": 52.25, "btsr": 78.57}, {"tt": "season 2020/21", "sp": null, "mt": 3, "in": 3, "pr": "season=NaN", "rn": 80, "fo": 9, "si": 0, "ft": 0, "hn": 0, "bf": 92, "dk": 0, "no": 1, "hs": "49*", "bta": 40, "btsr": 86.95}]}, {"type": "CAPTAINS_INVOLVED", "stats": [{"tt": "*TWM Latham", "sp": "2017-2021", "mt": 9, "in": 9, "pr": "captain_involve=59148", "rn": 379, "fo": 43, "si": 2, "ft": 3, "hn": 0, "bf": 398, "dk": 0, "no": 4, "hs": "83*", "bta": 75.8, "btsr": 95.22}, {"tt": "*BB McCullum", "sp": "2015-2016", "mt": 6, "in": 5, "pr": "captain_involve=10384", "rn": 111, "fo": 12, "si": 1, "ft": 1, "hn": 0, "bf": 135, "dk": 0, "no": 1, "hs": "61", "bta": 27.75, "btsr": 82.22}, {"tt": "*TG Southee", "sp": "2018-2018", "mt": 1, "in": 1, "pr": "captain_involve=49108", "rn": 1, "fo": 0, "si": 0, "ft": 0, "hn": 0, "bf": 3, "dk": 0, "no": 0, "hs": "1", "bta": 1, "btsr": 33.33}, {"tt": "*KS Williamson", "sp": "2015-2020", "mt": 36, "in": 35, "pr": "captain_involve=51088", "rn": 918, "fo": 76, "si": 7, "ft": 7, "hn": 1, "bf": 1181, "dk": 5, "no": 6, "hs": "124*", "bta": 31.65, "btsr": 77.73}]}, {"type": "CAPTAIN", "stats": [{"tt": "is not captain", "sp": "2015-2021", "mt": 52, "in": 50, "pr": "captain=0", "rn": 1409, "fo": 131, "si": 10, "ft": 11, "hn": 1, "bf": 1717, "dk": 5, "no": 11, "hs": "124*", "bta": 36.12, "btsr": 82.06}]}, {"type": "KEEPER", "stats": [{"tt": "is not keeper", "sp": "2015-2021", "mt": 52, "in": 50, "pr": "keeper=0", "rn": 1409, "fo": 131, "si": 10, "ft": 11, "hn": 1, "bf": 1717, "dk": 5, "no": 11, "hs": "124*", "bta": 36.12, "btsr": 82.06}]}, {"type": "TOSS", "stats": [{"tt": "won the toss", "sp": "2015-2021", "mt": 26, "in": 26, "pr": "toss=1", "rn": 615, "fo": 60, "si": 3, "ft": 3, "hn": 0, "bf": 782, "dk": 4, "no": 4, "hs": "80", "bta": 27.95, "btsr": 78.64}, {"tt": "lost the toss", "sp": "2015-2020", "mt": 26, "in": 24, "pr": "toss=2", "rn": 794, "fo": 71, "si": 7, "ft": 8, "hn": 1, "bf": 935, "dk": 1, "no": 7, "hs": "124*", "bta": 46.7, "btsr": 84.91}]}, {"type": "BATTING_FIELDING_SEQUENCE_AND_TOSS", "stats": [{"tt": "won toss &amp; batted", "sp": "2015-2021", "mt": 15, "in": 15, "pr": "batting_fielding_first=1;toss=1", "rn": 284, "fo": 21, "si": 0, "ft": 1, "hn": 0, "bf": 399, "dk": 2, "no": 1, "hs": "55", "bta": 20.28, "btsr": 71.17}, {"tt": "won toss &amp; fielded", "sp": "2017-2021", "mt": 11, "in": 11, "pr": "batting_fielding_first=2;toss=1", "rn": 331, "fo": 39, "si": 3, "ft": 2, "hn": 0, "bf": 383, "dk": 2, "no": 3, "hs": "80", "bta": 41.37, "btsr": 86.42}, {"tt": "lost toss &amp; sent in", "sp": "2016-2020", "mt": 12, "in": 12, "pr": "batting_fielding_first=1;toss=2", "rn": 585, "fo": 50, "si": 7, "ft": 6, "hn": 1, "bf": 623, "dk": 0, "no": 3, "hs": "124*", "bta": 65, "btsr": 93.9}, {"tt": "lost toss &amp; fielded", "sp": "2015-2020", "mt": 14, "in": 12, "pr": "batting_fielding_first=2;toss=2", "rn": 209, "fo": 21, "si": 0, "ft": 2, "hn": 0, "bf": 312, "dk": 1, "no": 4, "hs": "53", "bta": 26.12, "btsr": 66.98}]}, {"type": "BATTING_FIELDING_SEQUENCE", "stats": [{"tt": "matches batting first", "sp": "2015-2021", "mt": 27, "in": 27, "pr": "batting_fielding_first=1", "rn": 869, "fo": 71, "si": 7, "ft": 7, "hn": 1, "bf": 1022, "dk": 2, "no": 4, "hs": "124*", "bta": 37.78, "btsr": 85.02}, {"tt": "matches fielding first", "sp": "2015-2021", "mt": 25, "in": 23, "pr": "batting_fielding_first=2", "rn": 540, "fo": 60, "si": 3, "ft": 4, "hn": 0, "bf": 695, "dk": 3, "no": 7, "hs": "80", "bta": 33.75, "btsr": 77.69}]}, {"type": "TEAM_INNINGS", "stats": [{"tt": "1st team innings", "sp": "2015-2021", "mt": 52, "in": 50, "pr": null, "rn": 1409, "fo": 131, "si": 10, "ft": 11, "hn": 1, "bf": 1717, "dk": 5, "no": 11, "hs": "124*", "bta": 36.12, "btsr": 82.06}]}, {"type": "MATCH_INNINGS", "stats": [{"tt": "1st match innings", "sp": "2015-2021", "mt": 27, "in": 27, "pr": "innings_number=1", "rn": 869, "fo": 71, "si": 7, "ft": 7, "hn": 1, "bf": 1022, "dk": 2, "no": 4, "hs": "124*", "bta": 37.78, "btsr": 85.02}, {"tt": "2nd match innings", "sp": "2015-2021", "mt": 25, "in": 23, "pr": "innings_number=2", "rn": 540, "fo": 60, "si": 3, "ft": 4, "hn": 0, "bf": 695, "dk": 3, "no": 7, "hs": "80", "bta": 33.75, "btsr": 77.69}]}, {"type": "FLOODLIT", "stats": [{"tt": "day match", "sp": "2015-2021", "mt": 24, "in": 22, "pr": "floodlit=1", "rn": 725, "fo": 64, "si": 7, "ft": 6, "hn": 1, "bf": 802, "dk": 2, "no": 7, "hs": "124*", "bta": 48.33, "btsr": 90.39}, {"tt": "day/night match", "sp": "2016-2021", "mt": 28, "in": 28, "pr": "floodlit=2", "rn": 684, "fo": 67, "si": 3, "ft": 5, "hn": 0, "bf": 915, "dk": 3, "no": 4, "hs": "80", "bta": 28.5, "btsr": 74.75}]}, {"type": "RESULT", "stats": [{"tt": "won match", "sp": "2015-2021", "mt": 33, "in": 31, "pr": "result=1", "rn": 1068, "fo": 108, "si": 8, "ft": 9, "hn": 1, "bf": 1209, "dk": 3, "no": 9, "hs": "124*", "bta": 48.54, "btsr": 88.33}, {"tt": "lost match", "sp": "2015-2020", "mt": 16, "in": 16, "pr": "result=2", "rn": 267, "fo": 18, "si": 2, "ft": 1, "hn": 0, "bf": 404, "dk": 2, "no": 0, "hs": "55", "bta": 16.68, "btsr": 66.08}, {"tt": "tied match", "sp": "2019-2019", "mt": 1, "in": 1, "pr": "result=3", "rn": 55, "fo": 4, "si": 0, "ft": 1, "hn": 0, "bf": 77, "dk": 0, "no": 0, "hs": "55", "bta": 55, "btsr": 71.42}, {"tt": "no result", "sp": "2016-2018", "mt": 2, "in": 2, "pr": "result=5", "rn": 19, "fo": 1, "si": 0, "ft": 0, "hn": 0, "bf": 27, "dk": 0, "no": 2, "hs": "15*", "bta": null, "btsr": 70.37}]}, {"type": "BATTING_FIELDING_SEQUENCE_AND_RESULT", "stats": [{"tt": "won batting first", "sp": "2016-2021", "mt": 17, "in": 17, "pr": "batting_fielding_first=1;result=1", "rn": 637, "fo": 60, "si": 6, "ft": 5, "hn": 1, "bf": 668, "dk": 2, "no": 3, "hs": "124*", "bta": 45.5, "btsr": 95.35}, {"tt": "won fielding first", "sp": "2015-2021", "mt": 16, "in": 14, "pr": "batting_fielding_first=2;result=1", "rn": 431, "fo": 48, "si": 2, "ft": 4, "hn": 0, "bf": 541, "dk": 1, "no": 6, "hs": "80", "bta": 53.87, "btsr": 79.66}, {"tt": "lost batting first", "sp": "2015-2019", "mt": 8, "in": 8, "pr": "batting_fielding_first=1;result=2", "rn": 173, "fo": 7, "si": 1, "ft": 1, "hn": 0, "bf": 270, "dk": 0, "no": 0, "hs": "55", "bta": 21.62, "btsr": 64.07}, {"tt": "lost fielding first", "sp": "2016-2020", "mt": 8, "in": 8, "pr": "batting_fielding_first=2;result=2", "rn": 94, "fo": 11, "si": 1, "ft": 0, "hn": 0, "bf": 134, "dk": 2, "no": 0, "hs": "37", "bta": 11.75, "btsr": 70.14}, {"tt": "tied batting first", "sp": "2019-2019", "mt": 1, "in": 1, "pr": "batting_fielding_first=1;result=3", "rn": 55, "fo": 4, "si": 0, "ft": 1, "hn": 0, "bf": 77, "dk": 0, "no": 0, "hs": "55", "bta": 55, "btsr": 71.42}, {"tt": "no result batting first", "sp": "2016-2016", "mt": 1, "in": 1, "pr": "batting_fielding_first=1;result=5", "rn": 4, "fo": 0, "si": 0, "ft": 0, "hn": 0, "bf": 7, "dk": 0, "no": 1, "hs": "4*", "bta": null, "btsr": 57.14}, {"tt": "no result fielding first", "sp": "2018-2018", "mt": 1, "in": 1, "pr": "batting_fielding_first=2;result=5", "rn": 15, "fo": 1, "si": 0, "ft": 0, "hn": 0, "bf": 20, "dk": 0, "no": 1, "hs": "15*", "bta": null, "btsr": 75}]}, {"type": "TOURNAMENT_TYPE", "stats": [{"tt": "2 team series", "sp": "2015-2021", "mt": 48, "in": 46, "pr": "tournament_type=2", "rn": 1318, "fo": 123, "si": 10, "ft": 10, "hn": 1, "bf": 1568, "dk": 4, "no": 11, "hs": "124*", "bta": 37.65, "btsr": 84.05}, {"tt": "5+ team tournaments", "sp": "2019-2021", "mt": 7, "in": 7, "pr": "tournament_type=5", "rn": 171, "fo": 17, "si": 0, "ft": 1, "hn": 0, "bf": 241, "dk": 1, "no": 1, "hs": "55", "bta": 28.5, "btsr": 70.95}]}, {"type": "MATCH_NUMBER", "stats": [{"tt": "1st match in series", "sp": "2015-2021", "mt": 14, "in": 14, "pr": "match_number=1", "rn": 454, "fo": 49, "si": 1, "ft": 5, "hn": 0, "bf": 533, "dk": 2, "no": 3, "hs": "82", "bta": 41.27, "btsr": 85.17}, {"tt": "2nd match in series", "sp": "2015-2021", "mt": 12, "in": 10, "pr": "match_number=2", "rn": 291, "fo": 24, "si": 2, "ft": 1, "hn": 0, "bf": 371, "dk": 0, "no": 1, "hs": "83*", "bta": 32.33, "btsr": 78.43}, {"tt": "3rd match in series", "sp": "2015-2021", "mt": 14, "in": 14, "pr": "match_number=3", "rn": 408, "fo": 41, "si": 4, "ft": 2, "hn": 1, "bf": 427, "dk": 2, "no": 3, "hs": "124*", "bta": 37.09, "btsr": 95.55}, {"tt": "4th match in series", "sp": "2016-2019", "mt": 4, "in": 4, "pr": "match_number=4", "rn": 99, "fo": 7, "si": 2, "ft": 1, "hn": 0, "bf": 131, "dk": 0, "no": 4, "hs": "52*", "bta": null, "btsr": 75.57}, {"tt": "5th match in series", "sp": "2016-2019", "mt": 4, "in": 4, "pr": "match_number=5", "rn": 66, "fo": 2, "si": 1, "ft": 1, "hn": 0, "bf": 106, "dk": 0, "no": 0, "hs": "55", "bta": 16.5, "btsr": 62.26}]}, {"type": "MAJOR_TROPHY", "stats": [{"tt": "World Cup", "sp": "2019-2019", "mt": 4, "in": 4, "pr": "trophy=12", "rn": 91, "fo": 8, "si": 0, "ft": 1, "hn": 0, "bf": 149, "dk": 1, "no": 0, "hs": "55", "bta": 22.75, "btsr": 61.07}, {"tt": "Chappell-Hadlee", "sp": "2016-2020", "mt": 5, "in": 5, "pr": "trophy=65", "rn": 96, "fo": 8, "si": 1, "ft": 1, "hn": 0, "bf": 134, "dk": 0, "no": 0, "hs": "61", "bta": 19.2, "btsr": 71.64}]}, {"type": "FINAL_TYPE", "stats": [{"tt": "tournament finals", "sp": "2019-2019", "mt": 1, "in": 1, "pr": "final_type=1", "rn": 55, "fo": 4, "si": 0, "ft": 1, "hn": 0, "bf": 77, "dk": 0, "no": 0, "hs": "55", "bta": 55, "btsr": 71.42}, {"tt": "tournament semi-finals", "sp": "2019-2019", "mt": 1, "in": 1, "pr": "final_type=3", "rn": 28, "fo": 2, "si": 0, "ft": 0, "hn": 0, "bf": 51, "dk": 0, "no": 0, "hs": "28", "bta": 28, "btsr": 54.9}, {"tt": "preliminary matches", "sp": "2019-2021", "mt": 5, "in": 5, "pr": "final_type=0", "rn": 88, "fo": 11, "si": 0, "ft": 0, "hn": 0, "bf": 113, "dk": 1, "no": 1, "hs": "49*", "bta": 22, "btsr": 77.87}]}, {"type": "BATTING_POSITION", "stats": [{"tt": "2nd position", "sp": "2019-2021", "mt": 15, "in": 15, "pr": "batting_positionval1=batting_position;batting_positionmin1=2;batting_positionmax1=2", "rn": 485, "fo": 55, "si": 1, "ft": 4, "hn": 0, "bf": 667, "dk": 1, "no": 2, "hs": "80", "bta": 37.3, "btsr": 72.71}, {"tt": "3rd position", "sp": "2018-2019", "mt": 2, "in": 2, "pr": "batting_positionval1=batting_position;batting_positionmin1=3;batting_positionmax1=3", "rn": 79, "fo": 8, "si": 0, "ft": 1, "hn": 0, "bf": 94, "dk": 0, "no": 1, "hs": "64", "bta": 79, "btsr": 84.04}, {"tt": "4th position", "sp": "2016-2016", "mt": 6, "in": 6, "pr": "batting_positionval1=batting_position;batting_positionmin1=4;batting_positionmax1=4", "rn": 173, "fo": 14, "si": 1, "ft": 2, "hn": 0, "bf": 236, "dk": 0, "no": 0, "hs": "82", "bta": 28.83, "btsr": 73.3}, {"tt": "5th position", "sp": "2015-2019", "mt": 7, "in": 7, "pr": "batting_positionval1=batting_position;batting_positionmin1=5;batting_positionmax1=5", "rn": 220, "fo": 22, "si": 3, "ft": 0, "hn": 1, "bf": 196, "dk": 0, "no": 3, "hs": "124*", "bta": 55, "btsr": 112.24}, {"tt": "6th position", "sp": "2017-2019", "mt": 19, "in": 19, "pr": "batting_positionval1=batting_position;batting_positionmin1=6;batting_positionmax1=6", "rn": 439, "fo": 32, "si": 4, "ft": 4, "hn": 0, "bf": 512, "dk": 4, "no": 4, "hs": "83*", "bta": 29.26, "btsr": 85.74}, {"tt": "7th position", "sp": "2018-2018", "mt": 1, "in": 1, "pr": "batting_positionval1=batting_position;batting_positionmin1=7;batting_positionmax1=7", "rn": 13, "fo": 0, "si": 1, "ft": 0, "hn": 0, "bf": 12, "dk": 0, "no": 1, "hs": "13*", "bta": null, "btsr": 108.33}]}]}}