{"summary": {"recordClassId": 2, "type": "ALLROUND", "groups": [{"type": "CAREER_AVERAGES", "stats": [{"tt": "overview", "sp": "2012-2021", "mt": 93, "pr": null, "rn": 159, "wk": 169, "ct": 34, "st": 0, "hs": "21*", "hn": 0, "bbi": "7/34", "bta": 9.35, "bwa": 25.21, "fw": 5, "bbad": -15.86}]}, {"type": "OPPOSITION_TEAM", "stats": [{"tt": "v Afghanistan", "sp": "2015-2019", "mt": 2, "pr": "opposition=40", "rn": null, "wk": 3, "ct": 0, "st": 0, "hs": null, "hn": null, "bbi": "3/34", "bta": null, "bwa": 22.66, "fw": 0, "bbad": null}, {"tt": "v Australia", "sp": "2015-2020", "mt": 12, "pr": "opposition=2", "rn": 30, "wk": 29, "ct": 4, "st": 0, "hs": "16*", "hn": 0, "bbi": "6/33", "bta": 10, "bwa": 19.24, "fw": 2, "bbad": -9.24}, {"tt": "v Bangladesh", "sp": "2015-2021", "mt": 11, "pr": "opposition=25", "rn": 12, "wk": 18, "ct": 8, "st": 0, "hs": "12", "hn": 0, "bbi": "4/27", "bta": 12, "bwa": 25.33, "fw": 0, "bbad": -13.33}, {"tt": "v England", "sp": "2013-2019", "mt": 12, "pr": "opposition=1", "rn": 10, "wk": 19, "ct": 8, "st": 0, "hs": "4", "hn": 0, "bbi": "4/55", "bta": 3.33, "bwa": 33.52, "fw": 0, "bbad": -30.19}, {"tt": "v India", "sp": "2016-2019", "mt": 13, "pr": "opposition=6", "rn": 26, "wk": 24, "ct": 5, "st": 0, "hs": "10*", "hn": 0, "bbi": "5/21", "bta": 6.5, "bwa": 24.58, "fw": 1, "bbad": -18.08}, {"tt": "v Pakistan", "sp": "2015-2019", "mt": 12, "pr": "opposition=7", "rn": 26, "wk": 23, "ct": 1, "st": 0, "hs": "13", "hn": 0, "bbi": "5/17", "bta": 13, "bwa": 25.26, "fw": 1, "bbad": -12.26}, {"tt": "v Scotland", "sp": "2015-2015", "mt": 1, "pr": "opposition=30", "rn": null, "wk": 2, "ct": 0, "st": 0, "hs": null, "hn": null, "bbi": "2/21", "bta": null, "bwa": 10.5, "fw": 0, "bbad": null}, {"tt": "v South Africa", "sp": "2014-2019", "mt": 9, "pr": "opposition=3", "rn": 35, "wk": 13, "ct": 2, "st": 0, "hs": "21*", "hn": 0, "bbi": "3/63", "bta": 17.5, "bwa": 38.07, "fw": 0, "bbad": -20.57}, {"tt": "v Sri Lanka", "sp": "2012-2019", "mt": 13, "pr": "opposition=8", "rn": 13, "wk": 17, "ct": 3, "st": 0, "hs": "13", "hn": 0, "bbi": "4/44", "bta": 13, "bwa": 32.94, "fw": 0, "bbad": -19.94}, {"tt": "v West Indies", "sp": "2012-2019", "mt": 8, "pr": "opposition=4", "rn": 7, "wk": 21, "ct": 3, "st": 0, "hs": "5", "hn": 0, "bbi": "7/34", "bta": 7, "bwa": 14.04, "fw": 1, "bbad": -7.04}]}, {"type": "HOST_COUNTRY", "stats": [{"tt": "in Australia", "sp": "2015-2020", "mt": 5, "pr": "host=2", "rn": 9, "wk": 7, "ct": 3, "st": 0, "hs": "5", "hn": 0, "bbi": "3/49", "bta": 4.5, "bwa": 36.71, "fw": 0, "bbad": -32.21}, {"tt": "in England", "sp": "2015-2019", "mt": 15, "pr": "host=1", "rn": 10, "wk": 26, "ct": 12, "st": 0, "hs": "4", "hn": 0, "bbi": "4/30", "bta": 5, "bwa": 27.65, "fw": 0, "bbad": -22.65}, {"tt": "in India", "sp": "2016-2017", "mt": 7, "pr": "host=6", "rn": 9, "wk": 10, "ct": 2, "st": 0, "hs": "5*", "hn": 0, "bbi": "4/35", "bta": 9, "bwa": 36.8, "fw": 0, "bbad": -27.8}, {"tt": "in New Zealand", "sp": "2013-2021", "mt": 56, "pr": "host=5", "rn": 115, "wk": 116, "ct": 15, "st": 0, "hs": "21*", "hn": 0, "bbi": "7/34", "bta": 11.5, "bwa": 21.48, "fw": 5, "bbad": -9.98}, {"tt": "in Sri Lanka", "sp": "2012-2012", "mt": 4, "pr": "host=8", "rn": null, "wk": 3, "ct": 0, "st": 0, "hs": null, "hn": null, "bbi": "1/23", "bta": null, "bwa": 36.66, "fw": 0, "bbad": null}, {"tt": "in U.A.E.", "sp": "2018-2018", "mt": 3, "pr": "host=27", "rn": 9, "wk": 4, "ct": 1, "st": 0, "hs": "8*", "hn": 0, "bbi": "3/54", "bta": 9, "bwa": 48.5, "fw": 0, "bbad": -39.5}, {"tt": "in West Indies", "sp": "2012-2012", "mt": 3, "pr": "host=4", "rn": 7, "wk": 3, "ct": 1, "st": 0, "hs": "5", "hn": 0, "bbi": "2/45", "bta": 7, "bwa": 40.33, "fw": 0, "bbad": -33.33}]}, {"type": "CONTINENT", "stats": [{"tt": "in Americas", "sp": "2012-2012", "mt": 3, "pr": "continent=3", "rn": 7, "wk": 3, "ct": 1, "st": 0, "hs": "5", "hn": 0, "bbi": "2/45", "bta": 7, "bwa": 40.33, "fw": 0, "bbad": -33.33}, {"tt": "in Asia", "sp": "2012-2018", "mt": 14, "pr": "continent=2", "rn": 18, "wk": 17, "ct": 3, "st": 0, "hs": "8*", "hn": 0, "bbi": "4/35", "bta": 9, "bwa": 39.52, "fw": 0, "bbad": -30.52}, {"tt": "in Europe", "sp": "2015-2019", "mt": 15, "pr": "continent=4", "rn": 10, "wk": 26, "ct": 12, "st": 0, "hs": "4", "hn": 0, "bbi": "4/30", "bta": 5, "bwa": 27.65, "fw": 0, "bbad": -22.65}, {"tt": "in Oceania", "sp": "2013-2021", "mt": 61, "pr": "continent=5", "rn": 124, "wk": 123, "ct": 18, "st": 0, "hs": "21*", "hn": 0, "bbi": "7/34", "bta": 10.33, "bwa": 22.34, "fw": 5, "bbad": -12.01}]}, {"type": "HOME_OR_AWAY", "stats": [{"tt": "home", "sp": "2013-2021", "mt": 56, "pr": "home_or_away=1", "rn": 115, "wk": 116, "ct": 15, "st": 0, "hs": "21*", "hn": 0, "bbi": "7/34", "bta": 11.5, "bwa": 21.48, "fw": 5, "bbad": -9.98}, {"tt": "away", "sp": "2012-2020", "mt": 24, "pr": "home_or_away=2", "rn": 30, "wk": 32, "ct": 12, "st": 0, "hs": "5*", "hn": 0, "bbi": "4/35", "bta": 6, "bwa": 35.71, "fw": 0, "bbad": -29.71}, {"tt": "neutral", "sp": "2017-2019", "mt": 13, "pr": "home_or_away=3", "rn": 14, "wk": 21, "ct": 7, "st": 0, "hs": "8*", "hn": 0, "bbi": "4/30", "bta": 7, "bwa": 29.8, "fw": 0, "bbad": -22.8}]}, {"type": "YEAR", "stats": [{"tt": "year 2012", "sp": null, "mt": 7, "pr": "year=2012", "rn": 7, "wk": 6, "ct": 1, "st": 0, "hs": "5", "hn": 0, "bbi": "2/45", "bta": 7, "bwa": 38.5, "fw": 0, "bbad": -31.5}, {"tt": "year 2013", "sp": null, "mt": 1, "pr": "year=2013", "rn": 1, "wk": 0, "ct": 0, "st": 0, "hs": "1", "hn": 0, "bbi": "-", "bta": 1, "bwa": null, "fw": 0, "bbad": null}, {"tt": "year 2014", "sp": null, "mt": 2, "pr": "year=2014", "rn": 31, "wk": 4, "ct": 0, "st": 0, "hs": "21*", "hn": 0, "bbi": "2/40", "bta": 31, "bwa": 27.5, "fw": 0, "bbad": 3.5}, {"tt": "year 2015", "sp": null, "mt": 17, "pr": "year=2015", "rn": 13, "wk": 36, "ct": 4, "st": 0, "hs": "13", "hn": 0, "bbi": "5/27", "bta": 13, "bwa": 19.77, "fw": 1, "bbad": -6.77}, {"tt": "year 2016", "sp": null, "mt": 14, "pr": "year=2016", "rn": 29, "wk": 27, "ct": 3, "st": 0, "hs": "12", "hn": 0, "bbi": "4/40", "bta": 9.66, "bwa": 25.7, "fw": 0, "bbad": -16.03}, {"tt": "year 2017", "sp": null, "mt": 16, "pr": "year=2017", "rn": 23, "wk": 31, "ct": 5, "st": 0, "hs": "16*", "hn": 0, "bbi": "7/34", "bta": 11.5, "bwa": 24.58, "fw": 2, "bbad": -13.08}, {"tt": "year 2018", "sp": null, "mt": 12, "pr": "year=2018", "rn": 26, "wk": 22, "ct": 3, "st": 0, "hs": "13", "hn": 0, "bbi": "5/17", "bta": 8.66, "bwa": 28.9, "fw": 1, "bbad": -20.24}, {"tt": "year 2019", "sp": null, "mt": 20, "pr": "year=2019", "rn": 24, "wk": 38, "ct": 14, "st": 0, "hs": "10*", "hn": 0, "bbi": "5/21", "bta": 6, "bwa": 23.97, "fw": 1, "bbad": -17.97}, {"tt": "year 2020", "sp": null, "mt": 1, "pr": "year=2020", "rn": 5, "wk": 0, "ct": 1, "st": 0, "hs": "5", "hn": 0, "bbi": "-", "bta": 5, "bwa": null, "fw": 0, "bbad": null}, {"tt": "year 2021", "sp": null, "mt": 3, "pr": "year=2021", "rn": null, "wk": 5, "ct": 3, "st": 0, "hs": null, "hn": null, "bbi": "4/27", "bta": null, "bwa": 22.6, "fw": 0, "bbad": null}]}, {"type": "SEASON", "stats": [{"tt": "season 2012", "sp": null, "mt": 3, "pr": "season=2012", "rn": 7, "wk": 3, "ct": 1, "st": 0, "hs": "5", "hn": 0, "bbi": "2/45", "bta": 7, "bwa": 40.33, "fw": 0, "bbad": -33.33}, {"tt": "season 2012/13", "sp": null, "mt": 5, "pr": "season=2012/13", "rn": 1, "wk": 3, "ct": 0, "st": 0, "hs": "1", "hn": 0, "bbi": "1/23", "bta": 1, "bwa": 55, "fw": 0, "bbad": -54}, {"tt": "season 2014/15", "sp": null, "mt": 17, "pr": "season=2014/15", "rn": 44, "wk": 34, "ct": 1, "st": 0, "hs": "21*", "hn": 0, "bbi": "5/27", "bta": 22, "bwa": 21, "fw": 1, "bbad": 1}, {"tt": "season 2015", "sp": null, "mt": 2, "pr": "season=2015", "rn": 0, "wk": 6, "ct": 3, "st": 0, "hs": "0*", "hn": 0, "bbi": "4/55", "bta": null, "bwa": 18, "fw": 0, "bbad": null}, {"tt": "season 2015/16", "sp": null, "mt": 5, "pr": "season=2015/16", "rn": 6, "wk": 13, "ct": 0, "st": 0, "hs": "4*", "hn": 0, "bbi": "4/40", "bta": null, "bwa": 19, "fw": 0, "bbad": null}, {"tt": "season 2016/17", "sp": null, "mt": 16, "pr": "season=2016/17", "rn": 44, "wk": 28, "ct": 5, "st": 0, "hs": "16*", "hn": 0, "bbi": "6/33", "bta": 11, "bwa": 28.82, "fw": 1, "bbad": -17.82}, {"tt": "season 2017", "sp": null, "mt": 3, "pr": "season=2017", "rn": 0, "wk": 3, "ct": 2, "st": 0, "hs": "0*", "hn": 0, "bbi": "1/28", "bta": 0, "bwa": 44, "fw": 0, "bbad": -44}, {"tt": "season 2017/18", "sp": null, "mt": 15, "pr": "season=2017/18", "rn": 19, "wk": 32, "ct": 3, "st": 0, "hs": "13", "hn": 0, "bbi": "7/34", "bta": 9.5, "bwa": 22.25, "fw": 2, "bbad": -12.75}, {"tt": "season 2018/19", "sp": null, "mt": 13, "pr": "season=2018/19", "rn": 23, "wk": 25, "ct": 8, "st": 0, "hs": "10*", "hn": 0, "bbi": "5/21", "bta": 5.75, "bwa": 25.04, "fw": 1, "bbad": -19.29}, {"tt": "season 2019", "sp": null, "mt": 10, "pr": "season=2019", "rn": 10, "wk": 17, "ct": 7, "st": 0, "hs": "4", "hn": 0, "bbi": "4/30", "bta": 10, "bwa": 28.17, "fw": 0, "bbad": -18.17}, {"tt": "season 2019/20", "sp": null, "mt": 1, "pr": "season=2019/20", "rn": 5, "wk": 0, "ct": 1, "st": 0, "hs": "5", "hn": 0, "bbi": "-", "bta": 5, "bwa": null, "fw": 0, "bbad": null}, {"tt": "season 2020/21", "sp": null, "mt": 3, "pr": "season=2020/21", "rn": null, "wk": 5, "ct": 3, "st": 0, "hs": null, "hn": null, "bbi": "4/27", "bta": null, "bwa": 22.6, "fw": 0, "bbad": null}]}, {"type": "CAPTAINS_INVOLVED", "stats": [{"tt": "*TWM Latham", "sp": "2017-2021", "mt": 7, "pr": "captain_involve=59148", "rn": null, "wk": 18, "ct": 4, "st": 0, "hs": null, "hn": null, "bbi": "7/34", "bta": null, "bwa": 15.66, "fw": 1, "bbad": null}, {"tt": "*BB McCullum", "sp": "2013-2016", "mt": 23, "pr": "captain_involve=10384", "rn": 47, "wk": 46, "ct": 4, "st": 0, "hs": "21*", "hn": 0, "bbi": "5/27", "bta": 15.66, "bwa": 22.63, "fw": 1, "bbad": -6.96}, {"tt": "*TG Southee", "sp": "2018-2018", "mt": 1, "pr": "captain_involve=49108", "rn": 2, "wk": 2, "ct": 0, "st": 0, "hs": "2", "hn": 0, "bbi": "2/46", "bta": 2, "bwa": 23, "fw": 0, "bbad": -21}, {"tt": "*LRPL Taylor", "sp": "2012-2012", "mt": 6, "pr": "captain_involve=44930", "rn": 6, "wk": 4, "ct": 1, "st": 0, "hs": "5", "hn": 0, "bbi": "1/23", "bta": 6, "bwa": 46.5, "fw": 0, "bbad": -40.5}, {"tt": "*KS Williamson", "sp": "2012-2020", "mt": 56, "pr": "captain_involve=51088", "rn": 104, "wk": 99, "ct": 25, "st": 0, "hs": "16*", "hn": 0, "bbi": "6/33", "bta": 8.66, "bwa": 27.33, "fw": 3, "bbad": -18.66}]}, {"type": "CAPTAIN", "stats": [{"tt": "is not captain", "sp": "2012-2021", "mt": 93, "pr": "captain=0", "rn": 159, "wk": 169, "ct": 34, "st": 0, "hs": "21*", "hn": 0, "bbi": "7/34", "bta": 9.35, "bwa": 25.21, "fw": 5, "bbad": -15.86}]}, {"type": "KEEPER", "stats": [{"tt": "is not keeper", "sp": "2012-2021", "mt": 93, "pr": "keeper=0", "rn": 159, "wk": 169, "ct": 34, "st": 0, "hs": "21*", "hn": 0, "bbi": "7/34", "bta": 9.35, "bwa": 25.21, "fw": 5, "bbad": -15.86}]}, {"type": "TOSS", "stats": [{"tt": "won the toss", "sp": "2012-2021", "mt": 47, "pr": "toss=1", "rn": 59, "wk": 76, "ct": 24, "st": 0, "hs": "13", "hn": 0, "bbi": "6/33", "bta": 8.42, "bwa": 28.18, "fw": 3, "bbad": -19.75}, {"tt": "lost the toss", "sp": "2012-2020", "mt": 46, "pr": "toss=2", "rn": 100, "wk": 93, "ct": 10, "st": 0, "hs": "21*", "hn": 0, "bbi": "7/34", "bta": 10, "bwa": 22.78, "fw": 2, "bbad": -12.78}]}, {"type": "BATTING_FIELDING_SEQUENCE_AND_TOSS", "stats": [{"tt": "won toss &amp; batted", "sp": "2012-2021", "mt": 26, "pr": "batting_fielding_first=1;toss=1", "rn": 47, "wk": 40, "ct": 11, "st": 0, "hs": "13", "hn": 0, "bbi": "6/33", "bta": 7.83, "bwa": 28.22, "fw": 2, "bbad": -20.39}, {"tt": "won toss &amp; fielded", "sp": "2012-2021", "mt": 21, "pr": "batting_fielding_first=2;toss=1", "rn": 12, "wk": 36, "ct": 13, "st": 0, "hs": "10", "hn": 0, "bbi": "5/21", "bta": 12, "bwa": 28.13, "fw": 1, "bbad": -16.13}, {"tt": "lost toss &amp; sent in", "sp": "2012-2019", "mt": 23, "pr": "batting_fielding_first=1;toss=2", "rn": 65, "wk": 49, "ct": 4, "st": 0, "hs": "21*", "hn": 0, "bbi": "7/34", "bta": 16.25, "bwa": 20.32, "fw": 1, "bbad": -4.07}, {"tt": "lost toss &amp; fielded", "sp": "2012-2020", "mt": 23, "pr": "batting_fielding_first=2;toss=2", "rn": 35, "wk": 44, "ct": 6, "st": 0, "hs": "10*", "hn": 0, "bbi": "5/27", "bta": 5.83, "bwa": 25.52, "fw": 1, "bbad": -19.68}]}, {"type": "BATTING_FIELDING_SEQUENCE", "stats": [{"tt": "matches batting first", "sp": "2012-2021", "mt": 49, "pr": "batting_fielding_first=1", "rn": 112, "wk": 89, "ct": 15, "st": 0, "hs": "21*", "hn": 0, "bbi": "7/34", "bta": 11.2, "bwa": 23.87, "fw": 3, "bbad": -12.67}, {"tt": "matches fielding first", "sp": "2012-2021", "mt": 44, "pr": "batting_fielding_first=2", "rn": 47, "wk": 80, "ct": 19, "st": 0, "hs": "10*", "hn": 0, "bbi": "5/21", "bta": 6.71, "bwa": 26.7, "fw": 2, "bbad": -19.98}]}, {"type": "TEAM_INNINGS", "stats": [{"tt": "1st team innings", "sp": "2012-2021", "mt": 93, "pr": "innings_number=2;innings_number=1", "rn": 159, "wk": 169, "ct": 34, "st": 0, "hs": "21*", "hn": 0, "bbi": "7/34", "bta": 9.35, "bwa": 25.21, "fw": 5, "bbad": -15.86}]}, {"type": "MATCH_INNINGS", "stats": [{"tt": "1st match innings", "sp": "2012-2021", "mt": 93, "pr": "innings_number=1", "rn": 112, "wk": 80, "ct": 19, "st": 0, "hs": "21*", "hn": 0, "bbi": "5/21", "bta": 11.2, "bwa": 26.7, "fw": 2, "bbad": -15.5}, {"tt": "2nd match innings", "sp": "2012-2021", "mt": 92, "pr": "innings_number=2", "rn": 47, "wk": 89, "ct": 15, "st": 0, "hs": "10*", "hn": 0, "bbi": "7/34", "bta": 6.71, "bwa": 23.87, "fw": 3, "bbad": -17.16}]}, {"type": "FLOODLIT", "stats": [{"tt": "day match", "sp": "2012-2021", "mt": 40, "pr": "floodlit=1", "rn": 94, "wk": 79, "ct": 14, "st": 0, "hs": "21*", "hn": 0, "bbi": "7/34", "bta": 15.66, "bwa": 22.16, "fw": 3, "bbad": -6.49}, {"tt": "day/night match", "sp": "2012-2021", "mt": 53, "pr": "floodlit=2", "rn": 65, "wk": 90, "ct": 20, "st": 0, "hs": "13", "hn": 0, "bbi": "5/21", "bta": 5.9, "bwa": 27.88, "fw": 2, "bbad": -21.97}]}, {"type": "RESULT", "stats": [{"tt": "won match", "sp": "2012-2021", "mt": 53, "pr": "result=1", "rn": 63, "wk": 122, "ct": 23, "st": 0, "hs": "16*", "hn": 0, "bbi": "7/34", "bta": 31.5, "bwa": 18.75, "fw": 5, "bbad": 12.74}, {"tt": "lost match", "sp": "2012-2020", "mt": 36, "pr": "result=2", "rn": 95, "wk": 44, "ct": 10, "st": 0, "hs": "21*", "hn": 0, "bbi": "4/51", "bta": 6.78, "bwa": 40.34, "fw": 0, "bbad": -33.55}, {"tt": "tied match", "sp": "2019-2019", "mt": 1, "pr": "result=3", "rn": 1, "wk": 0, "ct": 1, "st": 0, "hs": "1*", "hn": 0, "bbi": "-", "bta": null, "bwa": null, "fw": 0, "bbad": null}, {"tt": "no result", "sp": "2012-2018", "mt": 3, "pr": "result=5", "rn": 0, "wk": 3, "ct": 0, "st": 0, "hs": "0", "hn": 0, "bbi": "1/23", "bta": 0, "bwa": 43.66, "fw": 0, "bbad": -43.66}]}, {"type": "BATTING_FIELDING_SEQUENCE_AND_RESULT", "stats": [{"tt": "won batting first", "sp": "2012-2021", "mt": 28, "pr": "batting_fielding_first=1;result=1", "rn": 63, "wk": 74, "ct": 12, "st": 0, "hs": "16*", "hn": 0, "bbi": "7/34", "bta": 31.5, "bwa": 15.71, "fw": 3, "bbad": 15.78}, {"tt": "won fielding first", "sp": "2015-2021", "mt": 25, "pr": "batting_fielding_first=2;result=1", "rn": 0, "wk": 48, "ct": 11, "st": 0, "hs": "0*", "hn": 0, "bbi": "5/21", "bta": null, "bwa": 23.43, "fw": 2, "bbad": null}, {"tt": "lost batting first", "sp": "2012-2019", "mt": 19, "pr": "batting_fielding_first=1;result=2", "rn": 48, "wk": 14, "ct": 2, "st": 0, "hs": "21*", "hn": 0, "bbi": "2/40", "bta": 6.85, "bwa": 61.92, "fw": 0, "bbad": -55.07}, {"tt": "lost fielding first", "sp": "2012-2020", "mt": 17, "pr": "batting_fielding_first=2;result=2", "rn": 47, "wk": 30, "ct": 8, "st": 0, "hs": "10*", "hn": 0, "bbi": "4/51", "bta": 6.71, "bwa": 30.26, "fw": 0, "bbad": -23.55}, {"tt": "tied batting first", "sp": "2019-2019", "mt": 1, "pr": "batting_fielding_first=1;result=3", "rn": 1, "wk": 0, "ct": 1, "st": 0, "hs": "1*", "hn": 0, "bbi": "-", "bta": null, "bwa": null, "fw": 0, "bbad": null}, {"tt": "no result batting first", "sp": "2017-2017", "mt": 1, "pr": "batting_fielding_first=1;result=5", "rn": 0, "wk": 1, "ct": 0, "st": 0, "hs": "0", "hn": 0, "bbi": "1/28", "bta": 0, "bwa": 28, "fw": 0, "bbad": -28}, {"tt": "no result fielding first", "sp": "2012-2018", "mt": 2, "pr": "batting_fielding_first=2;result=5", "rn": null, "wk": 2, "ct": 0, "st": 0, "hs": null, "hn": null, "bbi": "1/23", "bta": null, "bwa": 51.5, "fw": 0, "bbad": null}]}, {"type": "TOURNAMENT_TYPE", "stats": [{"tt": "2 team series", "sp": "2012-2021", "mt": 72, "pr": "tournament_type=2", "rn": 149, "wk": 132, "ct": 24, "st": 0, "hs": "21*", "hn": 0, "bbi": "7/34", "bta": 9.93, "bwa": 25.04, "fw": 5, "bbad": -15.11}, {"tt": "5+ team tournaments", "sp": "2015-2021", "mt": 25, "pr": "tournament_type=5", "rn": 10, "wk": 47, "ct": 13, "st": 0, "hs": "4", "hn": 0, "bbi": "5/27", "bta": 5, "bwa": 23.29, "fw": 1, "bbad": -18.29}]}, {"type": "MATCH_NUMBER", "stats": [{"tt": "only match in series", "sp": "2015-2015", "mt": 1, "pr": "match_number=0", "rn": 0, "wk": 5, "ct": 0, "st": 0, "hs": "0*", "hn": 0, "bbi": "5/27", "bta": null, "bwa": 5.4, "fw": 1, "bbad": null}, {"tt": "1st match in series", "sp": "2014-2021", "mt": 20, "pr": "match_number=1", "rn": 56, "wk": 40, "ct": 9, "st": 0, "hs": "21*", "hn": 0, "bbi": "4/27", "bta": 28, "bwa": 21.62, "fw": 0, "bbad": 6.37}, {"tt": "2nd match in series", "sp": "2012-2021", "mt": 20, "pr": "match_number=2", "rn": 60, "wk": 30, "ct": 5, "st": 0, "hs": "13", "hn": 0, "bbi": "7/34", "bta": 10, "bwa": 33.96, "fw": 1, "bbad": -23.96}, {"tt": "3rd match in series", "sp": "2012-2021", "mt": 15, "pr": "match_number=3", "rn": 23, "wk": 29, "ct": 4, "st": 0, "hs": "13", "hn": 0, "bbi": "6/33", "bta": 4.6, "bwa": 23.89, "fw": 2, "bbad": -19.29}, {"tt": "4th match in series", "sp": "2012-2019", "mt": 7, "pr": "match_number=4", "rn": 1, "wk": 13, "ct": 4, "st": 0, "hs": "1*", "hn": 0, "bbi": "5/21", "bta": null, "bwa": 26.69, "fw": 1, "bbad": null}, {"tt": "5th match in series", "sp": "2012-2019", "mt": 8, "pr": "match_number=5", "rn": 9, "wk": 14, "ct": 2, "st": 0, "hs": "5", "hn": 0, "bbi": "4/44", "bta": 4.5, "bwa": 23.14, "fw": 0, "bbad": -18.64}, {"tt": "6th match in series", "sp": "2015-2015", "mt": 1, "pr": "match_number=6", "rn": null, "wk": 1, "ct": 0, "st": 0, "hs": null, "hn": null, "bbi": "1/31", "bta": null, "bwa": 31, "fw": 0, "bbad": null}]}, {"type": "MAJOR_TROPHY", "stats": [{"tt": "World Cup", "sp": "2015-2019", "mt": 19, "pr": "trophy=12", "rn": 10, "wk": 39, "ct": 8, "st": 0, "hs": "4", "hn": 0, "bbi": "5/27", "bta": 10, "bwa": 21.79, "fw": 1, "bbad": -11.79}, {"tt": "Chappell-Hadlee", "sp": "2015-2020", "mt": 9, "pr": "trophy=65", "rn": 28, "wk": 23, "ct": 3, "st": 0, "hs": "16*", "hn": 0, "bbi": "6/33", "bta": 14, "bwa": 19.08, "fw": 2, "bbad": -5.08}, {"tt": "ICC Champions Trophy", "sp": "2017-2017", "mt": 3, "pr": "trophy=44", "rn": 0, "wk": 3, "ct": 2, "st": 0, "hs": "0*", "hn": 0, "bbi": "1/28", "bta": 0, "bwa": 44, "fw": 0, "bbad": -44}]}, {"type": "FINAL_TYPE", "stats": [{"tt": "tournament finals", "sp": "2015-2019", "mt": 2, "pr": "final_type=1", "rn": 1, "wk": 1, "ct": 2, "st": 0, "hs": "1*", "hn": 0, "bbi": "1/40", "bta": null, "bwa": 107, "fw": 0, "bbad": null}, {"tt": "tournament semi-finals", "sp": "2015-2019", "mt": 2, "pr": "final_type=3", "rn": 3, "wk": 4, "ct": 0, "st": 0, "hs": "3*", "hn": 0, "bbi": "2/42", "bta": null, "bwa": 23.75, "fw": 0, "bbad": null}, {"tt": "tournament quarter-finals", "sp": "2015-2015", "mt": 1, "pr": "final_type=4", "rn": null, "wk": 4, "ct": 0, "st": 0, "hs": null, "hn": null, "bbi": "4/44", "bta": null, "bwa": 11, "fw": 0, "bbad": null}, {"tt": "preliminary matches", "sp": "2015-2021", "mt": 20, "pr": "final_type=0", "rn": 6, "wk": 38, "ct": 11, "st": 0, "hs": "4", "hn": 0, "bbi": "5/27", "bta": 3, "bwa": 22.34, "fw": 1, "bbad": -19.34}]}]}}