{"summary": {"recordClassId": 2, "type": "BOWLING", "groups": [{"type": "CAREER_AVERAGES", "stats": [{"bl": null, "tt": "overview", "sp": "2012-2021", "mt": 93, "in": 93, "pr": null, "ov": 852.5, "cd": 4261, "md": 59, "wk": 169, "fwk": 8, "fw": 5, "tw": 0, "bbi": "7/34", "bbm": "7/34", "bwa": 25.21, "bwe": 4.99, "bwsr": 30.2}]}, {"type": "OPPOSITION_TEAM", "stats": [{"bl": null, "tt": "vs Afghanistan", "sp": "2015-2019", "mt": 2, "in": 2, "pr": "opposition=40", "ov": 20, "cd": 68, "md": 2, "wk": 3, "fwk": 0, "fw": 0, "tw": 0, "bbi": "3/34", "bbm": "3/34", "bwa": 22.66, "bwe": 3.4, "bwsr": 40}, {"bl": null, "tt": "vs Australia", "sp": "2015-2020", "mt": 12, "in": 12, "pr": "opposition=2", "ov": 109.3, "cd": 558, "md": 7, "wk": 29, "fwk": 1, "fw": 2, "tw": 0, "bbi": "6/33", "bbm": "6/33", "bwa": 19.24, "bwe": 5.09, "bwsr": 22.6}, {"bl": null, "tt": "vs Bangladesh", "sp": "2015-2021", "mt": 11, "in": 11, "pr": "opposition=25", "ov": 105.2, "cd": 456, "md": 6, "wk": 18, "fwk": 1, "fw": 0, "tw": 0, "bbi": "4/27", "bbm": "4/27", "bwa": 25.33, "bwe": 4.32, "bwsr": 35.1}, {"bl": null, "tt": "vs England", "sp": "2013-2019", "mt": 12, "in": 12, "pr": "opposition=1", "ov": 113, "cd": 637, "md": 6, "wk": 19, "fwk": 1, "fw": 0, "tw": 0, "bbi": "4/55", "bbm": "4/55", "bwa": 33.52, "bwe": 5.63, "bwsr": 35.6}, {"bl": null, "tt": "vs India", "sp": "2016-2019", "mt": 13, "in": 13, "pr": "opposition=6", "ov": 125.3, "cd": 590, "md": 15, "wk": 24, "fwk": 1, "fw": 1, "tw": 0, "bbi": "5/21", "bbm": "5/21", "bwa": 24.58, "bwe": 4.7, "bwsr": 31.3}, {"bl": null, "tt": "vs Pakistan", "sp": "2015-2019", "mt": 12, "in": 12, "pr": "opposition=7", "ov": 108.3, "cd": 581, "md": 4, "wk": 23, "fwk": 1, "fw": 1, "tw": 0, "bbi": "5/17", "bbm": "5/17", "bwa": 25.26, "bwe": 5.35, "bwsr": 28.3}, {"bl": null, "tt": "vs Scotland", "sp": "2015-2015", "mt": 1, "in": 1, "pr": "opposition=30", "ov": 6, "cd": 21, "md": 1, "wk": 2, "fwk": 0, "fw": 0, "tw": 0, "bbi": "2/21", "bbm": "2/21", "bwa": 10.5, "bwe": 3.5, "bwsr": 18}, {"bl": null, "tt": "vs South Africa", "sp": "2014-2019", "mt": 9, "in": 9, "pr": "opposition=3", "ov": 85.2, "cd": 495, "md": 2, "wk": 13, "fwk": 0, "fw": 0, "tw": 0, "bbi": "3/63", "bbm": "3/63", "bwa": 38.07, "bwe": 5.8, "bwsr": 39.3}, {"bl": null, "tt": "vs Sri Lanka", "sp": "2012-2019", "mt": 13, "in": 13, "pr": "opposition=8", "ov": 108.1, "cd": 560, "md": 5, "wk": 17, "fwk": 1, "fw": 0, "tw": 0, "bbi": "4/44", "bbm": "4/44", "bwa": 32.94, "bwe": 5.17, "bwsr": 38.1}, {"bl": null, "tt": "vs West Indies", "sp": "2012-2019", "mt": 8, "in": 8, "pr": "opposition=4", "ov": 71.3, "cd": 295, "md": 11, "wk": 21, "fwk": 2, "fw": 1, "tw": 0, "bbi": "7/34", "bbm": "7/34", "bwa": 14.04, "bwe": 4.12, "bwsr": 20.4}]}, {"type": "HOST_COUNTRY", "stats": [{"bl": null, "tt": "in Australia", "sp": "2015-2020", "mt": 5, "in": 5, "pr": "host=2", "ov": 50, "cd": 257, "md": 2, "wk": 7, "fwk": 0, "fw": 0, "tw": 0, "bbi": "3/49", "bbm": "3/49", "bwa": 36.71, "bwe": 5.14, "bwsr": 42.8}, {"bl": null, "tt": "in England", "sp": "2015-2019", "mt": 15, "in": 15, "pr": "host=1", "ov": 143, "cd": 719, "md": 5, "wk": 26, "fwk": 3, "fw": 0, "tw": 0, "bbi": "4/30", "bbm": "4/30", "bwa": 27.65, "bwe": 5.02, "bwsr": 33}, {"bl": null, "tt": "in India", "sp": "2016-2017", "mt": 7, "in": 7, "pr": "host=6", "ov": 69.4, "cd": 368, "md": 4, "wk": 10, "fwk": 1, "fw": 0, "tw": 0, "bbi": "4/35", "bbm": "4/35", "bwa": 36.8, "bwe": 5.28, "bwsr": 41.8}, {"bl": null, "tt": "in New Zealand", "sp": "2013-2021", "mt": 56, "in": 56, "pr": "host=5", "ov": 510.4, "cd": 2492, "md": 45, "wk": 116, "fwk": 4, "fw": 5, "tw": 0, "bbi": "7/34", "bbm": "7/34", "bwa": 21.48, "bwe": 4.87, "bwsr": 26.4}, {"bl": null, "tt": "in Sri Lanka", "sp": "2012-2012", "mt": 4, "in": 4, "pr": "host=8", "ov": 23, "cd": 110, "md": 0, "wk": 3, "fwk": 0, "fw": 0, "tw": 0, "bbi": "1/23", "bbm": "1/23", "bwa": 36.66, "bwe": 4.78, "bwsr": 46}, {"bl": null, "tt": "in U.A.E.", "sp": "2018-2018", "mt": 3, "in": 3, "pr": "host=27", "ov": 30, "cd": 194, "md": 1, "wk": 4, "fwk": 0, "fw": 0, "tw": 0, "bbi": "3/54", "bbm": "3/54", "bwa": 48.5, "bwe": 6.46, "bwsr": 45}, {"bl": null, "tt": "in West Indies", "sp": "2012-2012", "mt": 3, "in": 3, "pr": "host=4", "ov": 26.3, "cd": 121, "md": 2, "wk": 3, "fwk": 0, "fw": 0, "tw": 0, "bbi": "2/45", "bbm": "2/45", "bwa": 40.33, "bwe": 4.56, "bwsr": 53}]}, {"type": "CONTINENT", "stats": [{"bl": null, "tt": "in Americas", "sp": "2012-2012", "mt": 3, "in": 3, "pr": "continent=3", "ov": 26.3, "cd": 121, "md": 2, "wk": 3, "fwk": 0, "fw": 0, "tw": 0, "bbi": "2/45", "bbm": "2/45", "bwa": 40.33, "bwe": 4.56, "bwsr": 53}, {"bl": null, "tt": "in Asia", "sp": "2012-2018", "mt": 14, "in": 14, "pr": "continent=2", "ov": 122.4, "cd": 672, "md": 5, "wk": 17, "fwk": 1, "fw": 0, "tw": 0, "bbi": "4/35", "bbm": "4/35", "bwa": 39.52, "bwe": 5.47, "bwsr": 43.2}, {"bl": null, "tt": "in Europe", "sp": "2015-2019", "mt": 15, "in": 15, "pr": "continent=4", "ov": 143, "cd": 719, "md": 5, "wk": 26, "fwk": 3, "fw": 0, "tw": 0, "bbi": "4/30", "bbm": "4/30", "bwa": 27.65, "bwe": 5.02, "bwsr": 33}, {"bl": null, "tt": "in Oceania", "sp": "2013-2021", "mt": 61, "in": 61, "pr": "continent=5", "ov": 560.4, "cd": 2749, "md": 47, "wk": 123, "fwk": 4, "fw": 5, "tw": 0, "bbi": "7/34", "bbm": "7/34", "bwa": 22.34, "bwe": 4.9, "bwsr": 27.3}]}, {"type": "HOME_OR_AWAY", "stats": [{"bl": null, "tt": "home", "sp": "2013-2021", "mt": 56, "in": 56, "pr": "home_or_away=1", "ov": 510.4, "cd": 2492, "md": 45, "wk": 116, "fwk": 4, "fw": 5, "tw": 0, "bbi": "7/34", "bbm": "7/34", "bwa": 21.48, "bwe": 4.87, "bwsr": 26.4}, {"bl": null, "tt": "away", "sp": "2012-2020", "mt": 24, "in": 24, "pr": "home_or_away=2", "ov": 219.1, "cd": 1143, "md": 9, "wk": 32, "fwk": 2, "fw": 0, "tw": 0, "bbi": "4/35", "bbm": "4/35", "bwa": 35.71, "bwe": 5.21, "bwsr": 41}, {"bl": null, "tt": "neutral", "sp": "2017-2019", "mt": 13, "in": 13, "pr": "home_or_away=3", "ov": 123, "cd": 626, "md": 5, "wk": 21, "fwk": 2, "fw": 0, "tw": 0, "bbi": "4/30", "bbm": "4/30", "bwa": 29.8, "bwe": 5.08, "bwsr": 35.1}]}, {"type": "YEAR", "stats": [{"bl": null, "tt": "year 2012", "sp": null, "mt": 7, "in": 7, "pr": "year=2012", "ov": 49.3, "cd": 231, "md": 2, "wk": 6, "fwk": 0, "fw": 0, "tw": 0, "bbi": "2/45", "bbm": "2/45", "bwa": 38.5, "bwe": 4.66, "bwsr": 49.5}, {"bl": null, "tt": "year 2013", "sp": null, "mt": 1, "in": 1, "pr": "year=2013", "ov": 9, "cd": 55, "md": 1, "wk": 0, "fwk": 0, "fw": 0, "tw": 0, "bbi": null, "bbm": null, "bwa": null, "bwe": 6.11, "bwsr": null}, {"bl": null, "tt": "year 2014", "sp": null, "mt": 2, "in": 2, "pr": "year=2014", "ov": 20, "cd": 110, "md": 2, "wk": 4, "fwk": 0, "fw": 0, "tw": 0, "bbi": "2/40", "bbm": "2/40", "bwa": 27.5, "bwe": 5.5, "bwsr": 30}, {"bl": null, "tt": "year 2015", "sp": null, "mt": 17, "in": 17, "pr": "year=2015", "ov": 160.1, "cd": 712, "md": 19, "wk": 36, "fwk": 3, "fw": 1, "tw": 0, "bbi": "5/27", "bbm": "5/27", "bwa": 19.77, "bwe": 4.44, "bwsr": 26.6}, {"bl": null, "tt": "year 2016", "sp": null, "mt": 14, "in": 14, "pr": "year=2016", "ov": 130, "cd": 694, "md": 6, "wk": 27, "fwk": 1, "fw": 0, "tw": 0, "bbi": "4/40", "bbm": "4/40", "bwa": 25.7, "bwe": 5.33, "bwsr": 28.8}, {"bl": null, "tt": "year 2017", "sp": null, "mt": 16, "in": 16, "pr": "year=2017", "ov": 144.2, "cd": 762, "md": 7, "wk": 31, "fwk": 1, "fw": 2, "tw": 0, "bbi": "7/34", "bbm": "7/34", "bwa": 24.58, "bwe": 5.27, "bwsr": 27.9}, {"bl": null, "tt": "year 2018", "sp": null, "mt": 12, "in": 12, "pr": "year=2018", "ov": 107.2, "cd": 636, "md": 5, "wk": 22, "fwk": 0, "fw": 1, "tw": 0, "bbi": "5/17", "bbm": "5/17", "bwa": 28.9, "bwe": 5.92, "bwsr": 29.2}, {"bl": null, "tt": "year 2019", "sp": null, "mt": 20, "in": 20, "pr": "year=2019", "ov": 193.4, "cd": 911, "md": 16, "wk": 38, "fwk": 2, "fw": 1, "tw": 0, "bbi": "5/21", "bbm": "5/21", "bwa": 23.97, "bwe": 4.7, "bwsr": 30.5}, {"bl": null, "tt": "year 2020", "sp": null, "mt": 1, "in": 1, "pr": "year=2020", "ov": 10, "cd": 37, "md": 0, "wk": 0, "fwk": 0, "fw": 0, "tw": 0, "bbi": null, "bbm": null, "bwa": null, "bwe": 3.7, "bwsr": null}, {"bl": null, "tt": "year 2021", "sp": null, "mt": 3, "in": 3, "pr": "year=2021", "ov": 28.5, "cd": 113, "md": 1, "wk": 5, "fwk": 1, "fw": 0, "tw": 0, "bbi": "4/27", "bbm": "4/27", "bwa": 22.6, "bwe": 3.91, "bwsr": 34.6}]}, {"type": "SEASON", "stats": [{"bl": null, "tt": "season 2012", "sp": null, "mt": 3, "in": 3, "pr": "season=2012", "ov": 26.3, "cd": 121, "md": 2, "wk": 3, "fwk": 0, "fw": 0, "tw": 0, "bbi": "2/45", "bbm": "2/45", "bwa": 40.33, "bwe": 4.56, "bwsr": 53}, {"bl": null, "tt": "season 2012/13", "sp": null, "mt": 5, "in": 5, "pr": "season=2012/13", "ov": 32, "cd": 165, "md": 1, "wk": 3, "fwk": 0, "fw": 0, "tw": 0, "bbi": "1/23", "bbm": "1/23", "bwa": 55, "bwe": 5.15, "bwsr": 64}, {"bl": null, "tt": "season 2014/15", "sp": null, "mt": 17, "in": 17, "pr": "season=2014/15", "ov": 160.1, "cd": 714, "md": 20, "wk": 34, "fwk": 2, "fw": 1, "tw": 0, "bbi": "5/27", "bbm": "5/27", "bwa": 21, "bwe": 4.45, "bwsr": 28.2}, {"bl": null, "tt": "season 2015", "sp": null, "mt": 2, "in": 2, "pr": "season=2015", "ov": 20, "cd": 108, "md": 1, "wk": 6, "fwk": 1, "fw": 0, "tw": 0, "bbi": "4/55", "bbm": "4/55", "bwa": 18, "bwe": 5.4, "bwsr": 20}, {"bl": null, "tt": "season 2015/16", "sp": null, "mt": 5, "in": 5, "pr": "season=2015/16", "ov": 42.4, "cd": 247, "md": 1, "wk": 13, "fwk": 1, "fw": 0, "tw": 0, "bbi": "4/40", "bbm": "4/40", "bwa": 19, "bwe": 5.78, "bwsr": 19.6}, {"bl": null, "tt": "season 2016/17", "sp": null, "mt": 16, "in": 16, "pr": "season=2016/17", "ov": 152.4, "cd": 807, "md": 6, "wk": 28, "fwk": 0, "fw": 1, "tw": 0, "bbi": "6/33", "bbm": "6/33", "bwa": 28.82, "bwe": 5.28, "bwsr": 32.7}, {"bl": null, "tt": "season 2017", "sp": null, "mt": 3, "in": 3, "pr": "season=2017", "ov": 24, "cd": 132, "md": 0, "wk": 3, "fwk": 0, "fw": 0, "tw": 0, "bbi": "1/28", "bbm": "1/28", "bwa": 44, "bwe": 5.5, "bwsr": 48}, {"bl": null, "tt": "season 2017/18", "sp": null, "mt": 15, "in": 15, "pr": "season=2017/18", "ov": 132.2, "cd": 712, "md": 10, "wk": 32, "fwk": 1, "fw": 2, "tw": 0, "bbi": "7/34", "bbm": "7/34", "bwa": 22.25, "bwe": 5.38, "bwsr": 24.8}, {"bl": null, "tt": "season 2018/19", "sp": null, "mt": 13, "in": 13, "pr": "season=2018/19", "ov": 124.4, "cd": 626, "md": 13, "wk": 25, "fwk": 0, "fw": 1, "tw": 0, "bbi": "5/21", "bbm": "5/21", "bwa": 25.04, "bwe": 5.02, "bwsr": 29.9}, {"bl": null, "tt": "season 2019", "sp": null, "mt": 10, "in": 10, "pr": "season=2019", "ov": 99, "cd": 479, "md": 4, "wk": 17, "fwk": 2, "fw": 0, "tw": 0, "bbi": "4/30", "bbm": "4/30", "bwa": 28.17, "bwe": 4.83, "bwsr": 34.9}, {"bl": null, "tt": "season 2019/20", "sp": null, "mt": 1, "in": 1, "pr": "season=2019/20", "ov": 10, "cd": 37, "md": 0, "wk": 0, "fwk": 0, "fw": 0, "tw": 0, "bbi": null, "bbm": null, "bwa": null, "bwe": 3.7, "bwsr": null}, {"bl": null, "tt": "season 2020/21", "sp": null, "mt": 3, "in": 3, "pr": "season=2020/21", "ov": 28.5, "cd": 113, "md": 1, "wk": 5, "fwk": 1, "fw": 0, "tw": 0, "bbi": "4/27", "bbm": "4/27", "bwa": 22.6, "bwe": 3.91, "bwsr": 34.6}]}, {"type": "CAPTAINS_INVOLVED", "stats": [{"bl": null, "tt": "*TWM Latham", "sp": "2017-2021", "mt": 7, "in": 7, "pr": "captain_involve=59148", "ov": 62.5, "cd": 282, "md": 5, "wk": 18, "fwk": 1, "fw": 1, "tw": 0, "bbi": "7/34", "bbm": "7/34", "bwa": 15.66, "bwe": 4.48, "bwsr": 20.9}, {"bl": null, "tt": "*BB McCullum", "sp": "2013-2016", "mt": 23, "in": 23, "pr": "captain_involve=10384", "ov": 214.4, "cd": 1041, "md": 22, "wk": 46, "fwk": 3, "fw": 1, "tw": 0, "bbi": "5/27", "bbm": "5/27", "bwa": 22.63, "bwe": 4.84, "bwsr": 28}, {"bl": null, "tt": "*TG Southee", "sp": "2018-2018", "mt": 1, "in": 1, "pr": "captain_involve=49108", "ov": 8, "cd": 46, "md": 1, "wk": 2, "fwk": 0, "fw": 0, "tw": 0, "bbi": "2/46", "bbm": "2/46", "bwa": 23, "bwe": 5.75, "bwsr": 24}, {"bl": null, "tt": "*LRPL Taylor", "sp": "2012-2012", "mt": 6, "in": 6, "pr": "captain_involve=44930", "ov": 41, "cd": 186, "md": 2, "wk": 4, "fwk": 0, "fw": 0, "tw": 0, "bbi": "1/23", "bbm": "1/23", "bwa": 46.5, "bwe": 4.53, "bwsr": 61.5}, {"bl": null, "tt": "*KS Williamson", "sp": "2012-2020", "mt": 56, "in": 56, "pr": "captain_involve=51088", "ov": 526.2, "cd": 2706, "md": 29, "wk": 99, "fwk": 4, "fw": 3, "tw": 0, "bbi": "6/33", "bbm": "6/33", "bwa": 27.33, "bwe": 5.14, "bwsr": 31.8}]}, {"type": "CAPTAIN", "stats": [{"bl": null, "tt": "is not captain", "sp": "2012-2021", "mt": 93, "in": 93, "pr": "captain=0", "ov": 852.5, "cd": 4261, "md": 59, "wk": 169, "fwk": 8, "fw": 5, "tw": 0, "bbi": "7/34", "bbm": "7/34", "bwa": 25.21, "bwe": 4.99, "bwsr": 30.2}]}, {"type": "KEEPER", "stats": [{"bl": null, "tt": "is not keeper", "sp": "2012-2021", "mt": 93, "in": 93, "pr": "keeper=0", "ov": 852.5, "cd": 4261, "md": 59, "wk": 169, "fwk": 8, "fw": 5, "tw": 0, "bbi": "7/34", "bbm": "7/34", "bwa": 25.21, "bwe": 4.99, "bwsr": 30.2}]}, {"type": "TOSS", "stats": [{"bl": null, "tt": "won the toss", "sp": "2012-2021", "mt": 47, "in": 47, "pr": "toss=1", "ov": 430.3, "cd": 2142, "md": 29, "wk": 76, "fwk": 3, "fw": 3, "tw": 0, "bbi": "6/33", "bbm": "6/33", "bwa": 28.18, "bwe": 4.97, "bwsr": 33.9}, {"bl": null, "tt": "lost the toss", "sp": "2012-2020", "mt": 46, "in": 46, "pr": "toss=2", "ov": 422.2, "cd": 2119, "md": 30, "wk": 93, "fwk": 5, "fw": 2, "tw": 0, "bbi": "7/34", "bbm": "7/34", "bwa": 22.78, "bwe": 5.01, "bwsr": 27.2}]}, {"type": "BATTING_FIELDING_SEQUENCE_AND_TOSS", "stats": [{"bl": null, "tt": "won toss &amp; batted", "sp": "2012-2021", "mt": 26, "in": 26, "pr": "batting_fielding_first=1;toss=1", "ov": 232.4, "cd": 1129, "md": 17, "wk": 40, "fwk": 1, "fw": 2, "tw": 0, "bbi": "6/33", "bbm": "6/33", "bwa": 28.22, "bwe": 4.85, "bwsr": 34.9}, {"bl": null, "tt": "won toss &amp; fielded", "sp": "2012-2021", "mt": 21, "in": 21, "pr": "batting_fielding_first=2;toss=1", "ov": 197.5, "cd": 1013, "md": 12, "wk": 36, "fwk": 2, "fw": 1, "tw": 0, "bbi": "5/21", "bbm": "5/21", "bwa": 28.13, "bwe": 5.12, "bwsr": 32.9}, {"bl": null, "tt": "lost toss &amp; sent in", "sp": "2012-2019", "mt": 23, "in": 23, "pr": "batting_fielding_first=1;toss=2", "ov": 196.4, "cd": 996, "md": 13, "wk": 49, "fwk": 3, "fw": 1, "tw": 0, "bbi": "7/34", "bbm": "7/34", "bwa": 20.32, "bwe": 5.06, "bwsr": 24}, {"bl": null, "tt": "lost toss &amp; fielded", "sp": "2012-2020", "mt": 23, "in": 23, "pr": "batting_fielding_first=2;toss=2", "ov": 225.4, "cd": 1123, "md": 17, "wk": 44, "fwk": 2, "fw": 1, "tw": 0, "bbi": "5/27", "bbm": "5/27", "bwa": 25.52, "bwe": 4.97, "bwsr": 30.7}]}, {"type": "BATTING_FIELDING_SEQUENCE", "stats": [{"bl": null, "tt": "matches batting first", "sp": "2012-2021", "mt": 49, "in": 49, "pr": "batting_fielding_first=1", "ov": 429.2, "cd": 2125, "md": 30, "wk": 89, "fwk": 4, "fw": 3, "tw": 0, "bbi": "7/34", "bbm": "7/34", "bwa": 23.87, "bwe": 4.94, "bwsr": 28.9}, {"bl": null, "tt": "matches fielding first", "sp": "2012-2021", "mt": 44, "in": 44, "pr": "batting_fielding_first=2", "ov": 423.3, "cd": 2136, "md": 29, "wk": 80, "fwk": 4, "fw": 2, "tw": 0, "bbi": "5/21", "bbm": "5/21", "bwa": 26.7, "bwe": 5.04, "bwsr": 31.7}]}, {"type": "TEAM_INNINGS", "stats": [{"bl": null, "tt": "1st team innings", "sp": "2012-2021", "mt": 93, "in": 93, "pr": "innings_number=2;innings_number=1", "ov": 852.5, "cd": 4261, "md": 59, "wk": 169, "fwk": 8, "fw": 5, "tw": 0, "bbi": "7/34", "bbm": "7/34", "bwa": 25.21, "bwe": 4.99, "bwsr": 30.2}]}, {"type": "MATCH_INNINGS", "stats": [{"bl": null, "tt": "1st match innings", "sp": "2012-2021", "mt": 44, "in": 44, "pr": "innings_number=1", "ov": 423.3, "cd": 2136, "md": 29, "wk": 80, "fwk": 4, "fw": 2, "tw": 0, "bbi": "5/21", "bbm": "5/21", "bwa": 26.7, "bwe": 5.04, "bwsr": 31.7}, {"bl": null, "tt": "2nd match innings", "sp": "2012-2021", "mt": 49, "in": 49, "pr": "innings_number=2", "ov": 429.2, "cd": 2125, "md": 30, "wk": 89, "fwk": 4, "fw": 3, "tw": 0, "bbi": "7/34", "bbm": "7/34", "bwa": 23.87, "bwe": 4.94, "bwsr": 28.9}]}, {"type": "FLOODLIT", "stats": [{"bl": null, "tt": "day match", "sp": "2012-2021", "mt": 40, "in": 40, "pr": "floodlit=1", "ov": 358.3, "cd": 1751, "md": 24, "wk": 79, "fwk": 3, "fw": 3, "tw": 0, "bbi": "7/34", "bbm": "7/34", "bwa": 22.16, "bwe": 4.88, "bwsr": 27.2}, {"bl": null, "tt": "day/night match", "sp": "2012-2021", "mt": 53, "in": 53, "pr": "floodlit=2", "ov": 494.2, "cd": 2510, "md": 35, "wk": 90, "fwk": 5, "fw": 2, "tw": 0, "bbi": "5/21", "bbm": "5/21", "bwa": 27.88, "bwe": 5.07, "bwsr": 32.9}]}, {"type": "RESULT", "stats": [{"bl": null, "tt": "won match", "sp": "2012-2021", "mt": 53, "in": 53, "pr": "result=1", "ov": 493.1, "cd": 2288, "md": 43, "wk": 122, "fwk": 6, "fw": 5, "tw": 0, "bbi": "7/34", "bbm": "7/34", "bwa": 18.75, "bwe": 4.63, "bwsr": 24.2}, {"bl": null, "tt": "lost match", "sp": "2012-2020", "mt": 36, "in": 36, "pr": "result=2", "ov": 330.4, "cd": 1775, "md": 16, "wk": 44, "fwk": 2, "fw": 0, "tw": 0, "bbi": "4/51", "bbm": "4/51", "bwa": 40.34, "bwe": 5.36, "bwsr": 45}, {"bl": null, "tt": "tied match", "sp": "2019-2019", "mt": 1, "in": 1, "pr": "result=3", "ov": 10, "cd": 67, "md": 0, "wk": 0, "fwk": 0, "fw": 0, "tw": 0, "bbi": null, "bbm": null, "bwa": null, "bwe": 6.7, "bwsr": null}, {"bl": null, "tt": "no result", "sp": "2012-2018", "mt": 3, "in": 3, "pr": "result=5", "ov": 19, "cd": 131, "md": 0, "wk": 3, "fwk": 0, "fw": 0, "tw": 0, "bbi": "1/23", "bbm": "1/23", "bwa": 43.66, "bwe": 6.89, "bwsr": 38}]}, {"type": "BATTING_FIELDING_SEQUENCE_AND_RESULT", "stats": [{"bl": null, "tt": "won batting first", "sp": "2012-2021", "mt": 28, "in": 28, "pr": "batting_fielding_first=1;result=1", "ov": 252.3, "cd": 1163, "md": 23, "wk": 74, "fwk": 4, "fw": 3, "tw": 0, "bbi": "7/34", "bbm": "7/34", "bwa": 15.71, "bwe": 4.6, "bwsr": 20.4}, {"bl": null, "tt": "won fielding first", "sp": "2015-2021", "mt": 25, "in": 25, "pr": "batting_fielding_first=2;result=1", "ov": 240.4, "cd": 1125, "md": 20, "wk": 48, "fwk": 2, "fw": 2, "tw": 0, "bbi": "5/21", "bbm": "5/21", "bwa": 23.43, "bwe": 4.67, "bwsr": 30}, {"bl": null, "tt": "lost batting first", "sp": "2012-2019", "mt": 19, "in": 19, "pr": "batting_fielding_first=1;result=2", "ov": 162.5, "cd": 867, "md": 7, "wk": 14, "fwk": 0, "fw": 0, "tw": 0, "bbi": "2/40", "bbm": "2/40", "bwa": 61.92, "bwe": 5.32, "bwsr": 69.7}, {"bl": null, "tt": "lost fielding first", "sp": "2012-2020", "mt": 17, "in": 17, "pr": "batting_fielding_first=2;result=2", "ov": 167.5, "cd": 908, "md": 9, "wk": 30, "fwk": 2, "fw": 0, "tw": 0, "bbi": "4/51", "bbm": "4/51", "bwa": 30.26, "bwe": 5.41, "bwsr": 33.5}, {"bl": null, "tt": "tied batting first", "sp": "2019-2019", "mt": 1, "in": 1, "pr": "batting_fielding_first=1;result=3", "ov": 10, "cd": 67, "md": 0, "wk": 0, "fwk": 0, "fw": 0, "tw": 0, "bbi": null, "bbm": null, "bwa": null, "bwe": 6.7, "bwsr": null}, {"bl": null, "tt": "no result batting first", "sp": "2017-2017", "mt": 1, "in": 1, "pr": "batting_fielding_first=1;result=5", "ov": 4, "cd": 28, "md": 0, "wk": 1, "fwk": 0, "fw": 0, "tw": 0, "bbi": "1/28", "bbm": "1/28", "bwa": 28, "bwe": 7, "bwsr": 24}, {"bl": null, "tt": "no result fielding first", "sp": "2012-2018", "mt": 2, "in": 2, "pr": "batting_fielding_first=2;result=5", "ov": 15, "cd": 103, "md": 0, "wk": 2, "fwk": 0, "fw": 0, "tw": 0, "bbi": "1/23", "bbm": "1/23", "bwa": 51.5, "bwe": 6.86, "bwsr": 45}]}, {"type": "TOURNAMENT_TYPE", "stats": [{"bl": null, "tt": "2 team series", "sp": "2012-2021", "mt": 72, "in": 72, "pr": "tournament_type=2", "ov": 654.5, "cd": 3306, "md": 44, "wk": 132, "fwk": 5, "fw": 5, "tw": 0, "bbi": "7/34", "bbm": "7/34", "bwa": 25.04, "bwe": 5.04, "bwsr": 29.7}, {"bl": null, "tt": "5+ team tournaments", "sp": "2015-2021", "mt": 25, "in": 25, "pr": "tournament_type=5", "ov": 236.5, "cd": 1095, "md": 19, "wk": 47, "fwk": 4, "fw": 1, "tw": 0, "bbi": "5/27", "bbm": "5/27", "bwa": 23.29, "bwe": 4.62, "bwsr": 30.2}]}, {"type": "MATCH_NUMBER", "stats": [{"bl": null, "tt": "only match in series", "sp": "2015-2015", "mt": 1, "in": 1, "pr": "match_number=0", "ov": 10, "cd": 27, "md": 3, "wk": 5, "fwk": 0, "fw": 1, "tw": 0, "bbi": "5/27", "bbm": "5/27", "bwa": 5.4, "bwe": 2.7, "bwsr": 12}, {"bl": null, "tt": "1st match in series", "sp": "2014-2021", "mt": 20, "in": 20, "pr": "match_number=1", "ov": 180.4, "cd": 865, "md": 11, "wk": 40, "fwk": 4, "fw": 0, "tw": 0, "bbi": "4/27", "bbm": "4/27", "bwa": 21.62, "bwe": 4.78, "bwsr": 27.1}, {"bl": null, "tt": "2nd match in series", "sp": "2012-2021", "mt": 20, "in": 20, "pr": "match_number=2", "ov": 189.2, "cd": 1019, "md": 12, "wk": 30, "fwk": 0, "fw": 1, "tw": 0, "bbi": "7/34", "bbm": "7/34", "bwa": 33.96, "bwe": 5.38, "bwsr": 37.8}, {"bl": null, "tt": "3rd match in series", "sp": "2012-2021", "mt": 15, "in": 15, "pr": "match_number=3", "ov": 133.5, "cd": 693, "md": 7, "wk": 29, "fwk": 0, "fw": 2, "tw": 0, "bbi": "6/33", "bbm": "6/33", "bwa": 23.89, "bwe": 5.17, "bwsr": 27.6}, {"bl": null, "tt": "4th match in series", "sp": "2012-2019", "mt": 7, "in": 7, "pr": "match_number=4", "ov": 66.4, "cd": 347, "md": 7, "wk": 13, "fwk": 0, "fw": 1, "tw": 0, "bbi": "5/21", "bbm": "5/21", "bwa": 26.69, "bwe": 5.2, "bwsr": 30.7}, {"bl": null, "tt": "5th match in series", "sp": "2012-2019", "mt": 8, "in": 8, "pr": "match_number=5", "ov": 66.2, "cd": 324, "md": 2, "wk": 14, "fwk": 1, "fw": 0, "tw": 0, "bbi": "4/44", "bbm": "4/44", "bwa": 23.14, "bwe": 4.88, "bwsr": 28.4}, {"bl": null, "tt": "6th match in series", "sp": "2015-2015", "mt": 1, "in": 1, "pr": "match_number=6", "ov": 8, "cd": 31, "md": 2, "wk": 1, "fwk": 0, "fw": 0, "tw": 0, "bbi": "1/31", "bbm": "1/31", "bwa": 31, "bwe": 3.87, "bwsr": 48}]}, {"type": "MAJOR_TROPHY", "stats": [{"bl": null, "tt": "World Cup", "sp": "2015-2019", "mt": 19, "in": 19, "pr": "trophy=12", "ov": 184, "cd": 850, "md": 18, "wk": 39, "fwk": 3, "fw": 1, "tw": 0, "bbi": "5/27", "bbm": "5/27", "bwa": 21.79, "bwe": 4.61, "bwsr": 28.3}, {"bl": null, "tt": "Chappell-Hadlee", "sp": "2015-2020", "mt": 9, "in": 9, "pr": "trophy=65", "ov": 85.3, "cd": 439, "md": 6, "wk": 23, "fwk": 0, "fw": 2, "tw": 0, "bbi": "6/33", "bbm": "6/33", "bwa": 19.08, "bwe": 5.13, "bwsr": 22.3}, {"bl": null, "tt": "ICC Champions Trophy", "sp": "2017-2017", "mt": 3, "in": 3, "pr": "trophy=44", "ov": 24, "cd": 132, "md": 0, "wk": 3, "fwk": 0, "fw": 0, "tw": 0, "bbi": "1/28", "bbm": "1/28", "bwa": 44, "bwe": 5.5, "bwsr": 48}]}, {"type": "FINAL_TYPE", "stats": [{"bl": null, "tt": "tournament finals", "sp": "2015-2019", "mt": 2, "in": 2, "pr": "final_type=1", "ov": 20, "cd": 107, "md": 0, "wk": 1, "fwk": 0, "fw": 0, "tw": 0, "bbi": "1/40", "bbm": "1/40", "bwa": 107, "bwe": 5.35, "bwsr": 120}, {"bl": null, "tt": "tournament semi-finals", "sp": "2015-2019", "mt": 2, "in": 2, "pr": "final_type=3", "ov": 19, "cd": 95, "md": 2, "wk": 4, "fwk": 0, "fw": 0, "tw": 0, "bbi": "2/42", "bbm": "2/42", "bwa": 23.75, "bwe": 5, "bwsr": 28.5}, {"bl": null, "tt": "tournament quarter-finals", "sp": "2015-2015", "mt": 1, "in": 1, "pr": "final_type=4", "ov": 10, "cd": 44, "md": 3, "wk": 4, "fwk": 1, "fw": 0, "tw": 0, "bbi": "4/44", "bbm": "4/44", "bwa": 11, "bwe": 4.4, "bwsr": 15}, {"bl": null, "tt": "preliminary matches", "sp": "2015-2021", "mt": 20, "in": 20, "pr": "final_type=0", "ov": 187.5, "cd": 849, "md": 14, "wk": 38, "fwk": 3, "fw": 1, "tw": 0, "bbi": "5/27", "bbm": "5/27", "bwa": 22.34, "bwe": 4.51, "bwsr": 29.6}]}, {"type": "BOWLING_POSITION", "stats": [{"bl": null, "tt": "1st position", "sp": "2012-2021", "mt": 27, "in": 27, "pr": "bowling_positionval1=bowling_position;bowling_positionmin1=1;bowling_positionmax1=1", "ov": 248.1, "cd": 1265, "md": 11, "wk": 45, "fwk": 4, "fw": 0, "tw": 0, "bbi": "4/27", "bbm": "4/27", "bwa": 28.11, "bwe": 5.09, "bwsr": 33}, {"bl": null, "tt": "2nd position", "sp": "2012-2021", "mt": 65, "in": 65, "pr": "bowling_positionval1=bowling_position;bowling_positionmin1=2;bowling_positionmax1=2", "ov": 594.4, "cd": 2926, "md": 48, "wk": 123, "fwk": 4, "fw": 5, "tw": 0, "bbi": "7/34", "bbm": "7/34", "bwa": 23.78, "bwe": 4.92, "bwsr": 29}, {"bl": null, "tt": "3rd position", "sp": "2017-2017", "mt": 1, "in": 1, "pr": "bowling_positionval1=bowling_position;bowling_positionmin1=3;bowling_positionmax1=3", "ov": 10, "cd": 70, "md": 0, "wk": 1, "fwk": 0, "fw": 0, "tw": 0, "bbi": "1/70", "bbm": "1/70", "bwa": 70, "bwe": 7, "bwsr": 60}]}]}}