{"summary": {"recordClassId": 3, "type": "BATTING", "groups": [{"type": "CAREER_AVERAGES", "stats": [{"tt": "overview", "sp": "2013-2021", "mt": 34, "in": 10, "pr": null, "rn": 28, "fo": 2, "si": 0, "ft": 0, "hn": 0, "bf": 38, "dk": 1, "no": 5, "hs": "8", "bta": 5.6, "btsr": 73.68}]}, {"type": "OPPOSITION_TEAM", "stats": [{"tt": "vs Australia", "sp": "2018-2021", "mt": 8, "in": 3, "pr": "opposition=2", "rn": 7, "fo": 1, "si": 0, "ft": 0, "hn": 0, "bf": 7, "dk": 0, "no": 3, "hs": "6*", "bta": null, "btsr": 100}, {"tt": "vs Bangladesh", "sp": "2017-2017", "mt": 2, "in": null, "pr": "opposition=25", "rn": null, "fo": null, "si": null, "ft": null, "hn": null, "bf": null, "dk": null, "no": null, "hs": null, "bta": null, "btsr": null}, {"tt": "vs England", "sp": "2013-2019", "mt": 7, "in": 2, "pr": "opposition=1", "rn": 12, "fo": 1, "si": 0, "ft": 0, "hn": 0, "bf": 14, "dk": 0, "no": 0, "hs": "8", "bta": 6, "btsr": 85.71}, {"tt": "vs India", "sp": "2017-2017", "mt": 3, "in": null, "pr": "opposition=6", "rn": null, "fo": null, "si": null, "ft": null, "hn": null, "bf": null, "dk": null, "no": null, "hs": null, "bta": null, "btsr": null}, {"tt": "vs Netherlands", "sp": "2014-2014", "mt": 1, "in": null, "pr": "opposition=15", "rn": null, "fo": null, "si": null, "ft": null, "hn": null, "bf": null, "dk": null, "no": null, "hs": null, "bta": null, "btsr": null}, {"tt": "vs Pakistan", "sp": "2016-2020", "mt": 6, "in": 2, "pr": "opposition=7", "rn": 0, "fo": 0, "si": 0, "ft": 0, "hn": 0, "bf": 3, "dk": 1, "no": 1, "hs": "0*", "bta": 0, "btsr": 0}, {"tt": "vs South Africa", "sp": "2017-2017", "mt": 1, "in": 1, "pr": "opposition=3", "rn": 1, "fo": 0, "si": 0, "ft": 0, "hn": 0, "bf": 1, "dk": 0, "no": 1, "hs": "1*", "bta": null, "btsr": 100}, {"tt": "vs Sri Lanka", "sp": "2014-2016", "mt": 3, "in": 1, "pr": "opposition=8", "rn": 3, "fo": 0, "si": 0, "ft": 0, "hn": 0, "bf": 8, "dk": 0, "no": 0, "hs": "3", "bta": 3, "btsr": 37.5}, {"tt": "vs West Indies", "sp": "2014-2018", "mt": 3, "in": 1, "pr": "opposition=4", "rn": 5, "fo": 0, "si": 0, "ft": 0, "hn": 0, "bf": 5, "dk": 0, "no": 0, "hs": "5", "bta": 5, "btsr": 100}]}, {"type": "HOST_COUNTRY", "stats": [{"tt": "in Australia", "sp": "2018-2018", "mt": 1, "in": null, "pr": "host=2", "rn": null, "fo": null, "si": null, "ft": null, "hn": null, "bf": null, "dk": null, "no": null, "hs": null, "bta": null, "btsr": null}, {"tt": "in Bangladesh", "sp": "2014-2014", "mt": 2, "in": 1, "pr": "host=25", "rn": 3, "fo": 0, "si": 0, "ft": 0, "hn": 0, "bf": 8, "dk": 0, "no": 0, "hs": "3", "bta": 3, "btsr": 37.5}, {"tt": "in India", "sp": "2017-2017", "mt": 3, "in": null, "pr": "host=6", "rn": null, "fo": null, "si": null, "ft": null, "hn": null, "bf": null, "dk": null, "no": null, "hs": null, "bta": null, "btsr": null}, {"tt": "in New Zealand", "sp": "2013-2021", "mt": 26, "in": 8, "pr": "host=5", "rn": 20, "fo": 2, "si": 0, "ft": 0, "hn": 0, "bf": 25, "dk": 1, "no": 5, "hs": "8", "bta": 6.66, "btsr": 80}, {"tt": "in West Indies", "sp": "2014-2014", "mt": 2, "in": 1, "pr": "host=4", "rn": 5, "fo": 0, "si": 0, "ft": 0, "hn": 0, "bf": 5, "dk": 0, "no": 0, "hs": "5", "bta": 5, "btsr": 100}]}, {"type": "CONTINENT", "stats": [{"tt": "in Americas", "sp": "2014-2014", "mt": 2, "in": 1, "pr": "continent=3", "rn": 5, "fo": 0, "si": 0, "ft": 0, "hn": 0, "bf": 5, "dk": 0, "no": 0, "hs": "5", "bta": 5, "btsr": 100}, {"tt": "in Asia", "sp": "2014-2017", "mt": 5, "in": 1, "pr": "continent=2", "rn": 3, "fo": 0, "si": 0, "ft": 0, "hn": 0, "bf": 8, "dk": 0, "no": 0, "hs": "3", "bta": 3, "btsr": 37.5}, {"tt": "in Oceania", "sp": "2013-2021", "mt": 27, "in": 8, "pr": "continent=5", "rn": 20, "fo": 2, "si": 0, "ft": 0, "hn": 0, "bf": 25, "dk": 1, "no": 5, "hs": "8", "bta": 6.66, "btsr": 80}]}, {"type": "HOME_OR_AWAY", "stats": [{"tt": "home", "sp": "2013-2021", "mt": 26, "in": 8, "pr": "home_or_away=1", "rn": 20, "fo": 2, "si": 0, "ft": 0, "hn": 0, "bf": 25, "dk": 1, "no": 5, "hs": "8", "bta": 6.66, "btsr": 80}, {"tt": "away", "sp": "2014-2018", "mt": 6, "in": 1, "pr": "home_or_away=2", "rn": 5, "fo": 0, "si": 0, "ft": 0, "hn": 0, "bf": 5, "dk": 0, "no": 0, "hs": "5", "bta": 5, "btsr": 100}, {"tt": "neutral", "sp": "2014-2014", "mt": 2, "in": 1, "pr": "home_or_away=3", "rn": 3, "fo": 0, "si": 0, "ft": 0, "hn": 0, "bf": 8, "dk": 0, "no": 0, "hs": "3", "bta": 3, "btsr": 37.5}]}, {"type": "YEAR", "stats": [{"tt": "year 2013", "sp": null, "mt": 3, "in": 1, "pr": "year=2013", "rn": 4, "fo": 0, "si": 0, "ft": 0, "hn": 0, "bf": 6, "dk": 0, "no": 0, "hs": "4", "bta": 4, "btsr": 66.66}, {"tt": "year 2014", "sp": null, "mt": 4, "in": 2, "pr": "year=2014", "rn": 8, "fo": 0, "si": 0, "ft": 0, "hn": 0, "bf": 13, "dk": 0, "no": 0, "hs": "5", "bta": 4, "btsr": 61.53}, {"tt": "year 2016", "sp": null, "mt": 4, "in": 1, "pr": "year=2016", "rn": 0, "fo": 0, "si": 0, "ft": 0, "hn": 0, "bf": 3, "dk": 1, "no": 0, "hs": "0", "bta": 0, "btsr": 0}, {"tt": "year 2017", "sp": null, "mt": 6, "in": 1, "pr": "year=2017", "rn": 1, "fo": 0, "si": 0, "ft": 0, "hn": 0, "bf": 1, "dk": 0, "no": 1, "hs": "1*", "bta": null, "btsr": 100}, {"tt": "year 2018", "sp": null, "mt": 8, "in": 2, "pr": "year=2018", "rn": 1, "fo": 0, "si": 0, "ft": 0, "hn": 0, "bf": 1, "dk": 0, "no": 2, "hs": "1*", "bta": null, "btsr": 100}, {"tt": "year 2019", "sp": null, "mt": 2, "in": 1, "pr": "year=2019", "rn": 8, "fo": 1, "si": 0, "ft": 0, "hn": 0, "bf": 8, "dk": 0, "no": 0, "hs": "8", "bta": 8, "btsr": 100}, {"tt": "year 2020", "sp": null, "mt": 2, "in": null, "pr": "year=2020", "rn": null, "fo": null, "si": null, "ft": null, "hn": null, "bf": null, "dk": null, "no": null, "hs": null, "bta": null, "btsr": null}, {"tt": "year 2021", "sp": null, "mt": 5, "in": 2, "pr": "year=2021", "rn": 6, "fo": 1, "si": 0, "ft": 0, "hn": 0, "bf": 6, "dk": 0, "no": 2, "hs": "6*", "bta": null, "btsr": 100}]}, {"type": "SEASON", "stats": [{"tt": "season 2012/13", "sp": null, "mt": 3, "in": 1, "pr": "season=NaN", "rn": 4, "fo": 0, "si": 0, "ft": 0, "hn": 0, "bf": 6, "dk": 0, "no": 0, "hs": "4", "bta": 4, "btsr": 66.66}, {"tt": "season 2013/14", "sp": null, "mt": 2, "in": 1, "pr": "season=NaN", "rn": 3, "fo": 0, "si": 0, "ft": 0, "hn": 0, "bf": 8, "dk": 0, "no": 0, "hs": "3", "bta": 3, "btsr": 37.5}, {"tt": "season 2014", "sp": null, "mt": 2, "in": 1, "pr": "season=2014", "rn": 5, "fo": 0, "si": 0, "ft": 0, "hn": 0, "bf": 5, "dk": 0, "no": 0, "hs": "5", "bta": 5, "btsr": 100}, {"tt": "season 2015/16", "sp": null, "mt": 4, "in": 1, "pr": "season=NaN", "rn": 0, "fo": 0, "si": 0, "ft": 0, "hn": 0, "bf": 3, "dk": 1, "no": 0, "hs": "0", "bta": 0, "btsr": 0}, {"tt": "season 2016/17", "sp": null, "mt": 3, "in": 1, "pr": "season=NaN", "rn": 1, "fo": 0, "si": 0, "ft": 0, "hn": 0, "bf": 1, "dk": 0, "no": 1, "hs": "1*", "bta": null, "btsr": 100}, {"tt": "season 2017/18", "sp": null, "mt": 11, "in": 2, "pr": "season=NaN", "rn": 1, "fo": 0, "si": 0, "ft": 0, "hn": 0, "bf": 1, "dk": 0, "no": 2, "hs": "1*", "bta": null, "btsr": 100}, {"tt": "season 2019/20", "sp": null, "mt": 2, "in": 1, "pr": "season=NaN", "rn": 8, "fo": 1, "si": 0, "ft": 0, "hn": 0, "bf": 8, "dk": 0, "no": 0, "hs": "8", "bta": 8, "btsr": 100}, {"tt": "season 2020/21", "sp": null, "mt": 7, "in": 2, "pr": "season=NaN", "rn": 6, "fo": 1, "si": 0, "ft": 0, "hn": 0, "bf": 6, "dk": 0, "no": 2, "hs": "6*", "bta": null, "btsr": 100}]}, {"type": "CAPTAINS_INVOLVED", "stats": [{"tt": "*BB McCullum", "sp": "2013-2014", "mt": 6, "in": 2, "pr": "captain_involve=10384", "rn": 7, "fo": 0, "si": 0, "ft": 0, "hn": 0, "bf": 14, "dk": 0, "no": 0, "hs": "4", "bta": 3.5, "btsr": 50}, {"tt": "*TG Southee", "sp": "2019-2019", "mt": 2, "in": 1, "pr": "captain_involve=49108", "rn": 8, "fo": 1, "si": 0, "ft": 0, "hn": 0, "bf": 8, "dk": 0, "no": 0, "hs": "8", "bta": 8, "btsr": 100}, {"tt": "*KS Williamson", "sp": "2014-2021", "mt": 26, "in": 7, "pr": "captain_involve=51088", "rn": 13, "fo": 1, "si": 0, "ft": 0, "hn": 0, "bf": 16, "dk": 1, "no": 5, "hs": "6*", "bta": 6.5, "btsr": 81.25}]}, {"type": "CAPTAIN", "stats": [{"tt": "is not captain", "sp": "2013-2021", "mt": 34, "in": 10, "pr": "captain=0", "rn": 28, "fo": 2, "si": 0, "ft": 0, "hn": 0, "bf": 38, "dk": 1, "no": 5, "hs": "8", "bta": 5.6, "btsr": 73.68}]}, {"type": "KEEPER", "stats": [{"tt": "is not keeper", "sp": "2013-2021", "mt": 34, "in": 10, "pr": "keeper=0", "rn": 28, "fo": 2, "si": 0, "ft": 0, "hn": 0, "bf": 38, "dk": 1, "no": 5, "hs": "8", "bta": 5.6, "btsr": 73.68}]}, {"type": "TOSS", "stats": [{"tt": "won the toss", "sp": "2013-2021", "mt": 17, "in": 8, "pr": "toss=1", "rn": 22, "fo": 1, "si": 0, "ft": 0, "hn": 0, "bf": 32, "dk": 1, "no": 3, "hs": "8", "bta": 4.4, "btsr": 68.75}, {"tt": "lost the toss", "sp": "2013-2021", "mt": 17, "in": 2, "pr": "toss=2", "rn": 6, "fo": 1, "si": 0, "ft": 0, "hn": 0, "bf": 6, "dk": 0, "no": 2, "hs": "6*", "bta": null, "btsr": 100}]}, {"type": "BATTING_FIELDING_SEQUENCE_AND_TOSS", "stats": [{"tt": "won toss &amp; batted", "sp": "2017-2018", "mt": 4, "in": 1, "pr": "batting_fielding_first=1;toss=1", "rn": 1, "fo": 0, "si": 0, "ft": 0, "hn": 0, "bf": 1, "dk": 0, "no": 1, "hs": "1*", "bta": null, "btsr": 100}, {"tt": "won toss &amp; fielded", "sp": "2013-2021", "mt": 13, "in": 7, "pr": "batting_fielding_first=2;toss=1", "rn": 21, "fo": 1, "si": 0, "ft": 0, "hn": 0, "bf": 31, "dk": 1, "no": 2, "hs": "8", "bta": 4.2, "btsr": 67.74}, {"tt": "lost toss &amp; sent in", "sp": "2013-2021", "mt": 12, "in": null, "pr": "batting_fielding_first=1;toss=2", "rn": null, "fo": null, "si": null, "ft": null, "hn": null, "bf": null, "dk": null, "no": null, "hs": null, "bta": null, "btsr": null}, {"tt": "lost toss &amp; fielded", "sp": "2018-2021", "mt": 5, "in": 2, "pr": "batting_fielding_first=2;toss=2", "rn": 6, "fo": 1, "si": 0, "ft": 0, "hn": 0, "bf": 6, "dk": 0, "no": 2, "hs": "6*", "bta": null, "btsr": 100}]}, {"type": "BATTING_FIELDING_SEQUENCE", "stats": [{"tt": "matches batting first", "sp": "2013-2021", "mt": 16, "in": 1, "pr": "batting_fielding_first=1", "rn": 1, "fo": 0, "si": 0, "ft": 0, "hn": 0, "bf": 1, "dk": 0, "no": 1, "hs": "1*", "bta": null, "btsr": 100}, {"tt": "matches fielding first", "sp": "2013-2021", "mt": 18, "in": 9, "pr": "batting_fielding_first=2", "rn": 27, "fo": 2, "si": 0, "ft": 0, "hn": 0, "bf": 37, "dk": 1, "no": 4, "hs": "8", "bta": 5.4, "btsr": 72.97}]}, {"type": "TEAM_INNINGS", "stats": [{"tt": "1st team innings", "sp": "2013-2021", "mt": 34, "in": 10, "pr": null, "rn": 28, "fo": 2, "si": 0, "ft": 0, "hn": 0, "bf": 38, "dk": 1, "no": 5, "hs": "8", "bta": 5.6, "btsr": 73.68}]}, {"type": "MATCH_INNINGS", "stats": [{"tt": "1st match innings", "sp": "2013-2021", "mt": 16, "in": 1, "pr": "innings_number=1", "rn": 1, "fo": 0, "si": 0, "ft": 0, "hn": 0, "bf": 1, "dk": 0, "no": 1, "hs": "1*", "bta": null, "btsr": 100}, {"tt": "2nd match innings", "sp": "2013-2021", "mt": 18, "in": 9, "pr": "innings_number=2", "rn": 27, "fo": 2, "si": 0, "ft": 0, "hn": 0, "bf": 37, "dk": 1, "no": 4, "hs": "8", "bta": 5.4, "btsr": 72.97}]}, {"type": "FLOODLIT", "stats": [{"tt": "day match", "sp": "2014-2021", "mt": 9, "in": 1, "pr": "floodlit=1", "rn": 5, "fo": 0, "si": 0, "ft": 0, "hn": 0, "bf": 5, "dk": 0, "no": 0, "hs": "5", "bta": 5, "btsr": 100}, {"tt": "day/night match", "sp": "2013-2016", "mt": 6, "in": 2, "pr": "floodlit=2", "rn": 4, "fo": 0, "si": 0, "ft": 0, "hn": 0, "bf": 9, "dk": 1, "no": 0, "hs": "4", "bta": 2, "btsr": 44.44}, {"tt": "night match", "sp": "2014-2021", "mt": 19, "in": 7, "pr": "floodlit=3", "rn": 19, "fo": 2, "si": 0, "ft": 0, "hn": 0, "bf": 24, "dk": 0, "no": 5, "hs": "8", "bta": 9.5, "btsr": 79.16}]}, {"type": "RESULT", "stats": [{"tt": "won match", "sp": "2013-2021", "mt": 15, "in": null, "pr": "result=1", "rn": null, "fo": null, "si": null, "ft": null, "hn": null, "bf": null, "dk": null, "no": null, "hs": null, "bta": null, "btsr": null}, {"tt": "lost match", "sp": "2013-2021", "mt": 18, "in": 10, "pr": "result=2", "rn": 28, "fo": 2, "si": 0, "ft": 0, "hn": 0, "bf": 38, "dk": 1, "no": 5, "hs": "8", "bta": 5.6, "btsr": 73.68}, {"tt": "tied match", "sp": "2019-2019", "mt": 1, "in": null, "pr": "result=3", "rn": null, "fo": null, "si": null, "ft": null, "hn": null, "bf": null, "dk": null, "no": null, "hs": null, "bta": null, "btsr": null}]}, {"type": "BATTING_FIELDING_SEQUENCE_AND_RESULT", "stats": [{"tt": "won batting first", "sp": "2013-2021", "mt": 10, "in": null, "pr": "batting_fielding_first=1;result=1", "rn": null, "fo": null, "si": null, "ft": null, "hn": null, "bf": null, "dk": null, "no": null, "hs": null, "bta": null, "btsr": null}, {"tt": "won fielding first", "sp": "2014-2021", "mt": 5, "in": null, "pr": "batting_fielding_first=2;result=1", "rn": null, "fo": null, "si": null, "ft": null, "hn": null, "bf": null, "dk": null, "no": null, "hs": null, "bta": null, "btsr": null}, {"tt": "lost batting first", "sp": "2013-2020", "mt": 5, "in": 1, "pr": "batting_fielding_first=1;result=2", "rn": 1, "fo": 0, "si": 0, "ft": 0, "hn": 0, "bf": 1, "dk": 0, "no": 1, "hs": "1*", "bta": null, "btsr": 100}, {"tt": "lost fielding first", "sp": "2013-2021", "mt": 13, "in": 9, "pr": "batting_fielding_first=2;result=2", "rn": 27, "fo": 2, "si": 0, "ft": 0, "hn": 0, "bf": 37, "dk": 1, "no": 4, "hs": "8", "bta": 5.4, "btsr": 72.97}, {"tt": "tied batting first", "sp": "2019-2019", "mt": 1, "in": null, "pr": "batting_fielding_first=1;result=3", "rn": null, "fo": null, "si": null, "ft": null, "hn": null, "bf": null, "dk": null, "no": null, "hs": null, "bta": null, "btsr": null}]}, {"type": "TOURNAMENT_TYPE", "stats": [{"tt": "2 team series", "sp": "2013-2021", "mt": 27, "in": 8, "pr": "tournament_type=2", "rn": 24, "fo": 2, "si": 0, "ft": 0, "hn": 0, "bf": 29, "dk": 1, "no": 4, "hs": "8", "bta": 6, "btsr": 82.75}, {"tt": "3-4 team tournaments", "sp": "2018-2018", "mt": 5, "in": 1, "pr": "tournament_type=3", "rn": 1, "fo": 0, "si": 0, "ft": 0, "hn": 0, "bf": 1, "dk": 0, "no": 1, "hs": "1*", "bta": null, "btsr": 100}, {"tt": "5+ team tournaments", "sp": "2014-2014", "mt": 2, "in": 1, "pr": "tournament_type=5", "rn": 3, "fo": 0, "si": 0, "ft": 0, "hn": 0, "bf": 8, "dk": 0, "no": 0, "hs": "3", "bta": 3, "btsr": 37.5}]}, {"type": "MATCH_NUMBER", "stats": [{"tt": "only match in series", "sp": "2017-2017", "mt": 1, "in": 1, "pr": "match_number=0", "rn": 1, "fo": 0, "si": 0, "ft": 0, "hn": 0, "bf": 1, "dk": 0, "no": 1, "hs": "1*", "bta": null, "btsr": 100}, {"tt": "1st match in series", "sp": "2013-2021", "mt": 6, "in": 2, "pr": "match_number=1", "rn": 4, "fo": 0, "si": 0, "ft": 0, "hn": 0, "bf": 9, "dk": 1, "no": 0, "hs": "4", "bta": 2, "btsr": 44.44}, {"tt": "2nd match in series", "sp": "2013-2021", "mt": 8, "in": 2, "pr": "match_number=2", "rn": 5, "fo": 0, "si": 0, "ft": 0, "hn": 0, "bf": 5, "dk": 0, "no": 1, "hs": "5", "bta": 5, "btsr": 100}, {"tt": "3rd match in series", "sp": "2013-2021", "mt": 8, "in": 1, "pr": "match_number=3", "rn": 0, "fo": 0, "si": 0, "ft": 0, "hn": 0, "bf": 0, "dk": 0, "no": 1, "hs": "0*", "bta": null, "btsr": null}, {"tt": "4th match in series", "sp": "2019-2021", "mt": 2, "in": 2, "pr": "match_number=4", "rn": 14, "fo": 2, "si": 0, "ft": 0, "hn": 0, "bf": 14, "dk": 0, "no": 1, "hs": "8", "bta": 14, "btsr": 100}, {"tt": "5th match in series", "sp": "2019-2021", "mt": 2, "in": null, "pr": "match_number=5", "rn": null, "fo": null, "si": null, "ft": null, "hn": null, "bf": null, "dk": null, "no": null, "hs": null, "bta": null, "btsr": null}]}, {"type": "MAJOR_TROPHY", "stats": [{"tt": "Men's T20 World Cup", "sp": "2014-2014", "mt": 2, "in": 1, "pr": "trophy=89", "rn": 3, "fo": 0, "si": 0, "ft": 0, "hn": 0, "bf": 8, "dk": 0, "no": 0, "hs": "3", "bta": 3, "btsr": 37.5}]}, {"type": "FINAL_TYPE", "stats": [{"tt": "tournament finals", "sp": "2018-2018", "mt": 1, "in": 1, "pr": "final_type=1", "rn": 1, "fo": 0, "si": 0, "ft": 0, "hn": 0, "bf": 1, "dk": 0, "no": 1, "hs": "1*", "bta": null, "btsr": 100}, {"tt": "preliminary matches", "sp": "2014-2018", "mt": 6, "in": 1, "pr": "final_type=0", "rn": 3, "fo": 0, "si": 0, "ft": 0, "hn": 0, "bf": 8, "dk": 0, "no": 0, "hs": "3", "bta": 3, "btsr": 37.5}]}, {"type": "BATTING_POSITION", "stats": [{"tt": "9th position", "sp": "2014-2014", "mt": 1, "in": 1, "pr": "batting_positionval1=batting_position;batting_positionmin1=9;batting_positionmax1=9", "rn": 3, "fo": 0, "si": 0, "ft": 0, "hn": 0, "bf": 8, "dk": 0, "no": 0, "hs": "3", "bta": 3, "btsr": 37.5}, {"tt": "10th position", "sp": "2013-2019", "mt": 3, "in": 3, "pr": "batting_positionval1=batting_position;batting_positionmin1=10;batting_positionmax1=10", "rn": 17, "fo": 1, "si": 0, "ft": 0, "hn": 0, "bf": 19, "dk": 0, "no": 0, "hs": "8", "bta": 5.66, "btsr": 89.47}, {"tt": "11th position", "sp": "2016-2021", "mt": 6, "in": 6, "pr": "batting_positionval1=batting_position;batting_positionmin1=11;batting_positionmax1=11", "rn": 8, "fo": 1, "si": 0, "ft": 0, "hn": 0, "bf": 11, "dk": 1, "no": 5, "hs": "6*", "bta": 8, "btsr": 72.72}]}]}}