{"summary": {"recordClassId": 3, "type": "ALLROUND", "groups": [{"type": "CAREER_AVERAGES", "stats": [{"tt": "overview", "sp": "2013-2021", "mt": 34, "pr": null, "rn": 28, "wk": 46, "ct": 13, "st": 0, "hs": "8", "hn": 0, "bbi": "4/34", "bta": 5.6, "bwa": 23.34, "fw": 0, "bbad": -17.74}]}, {"type": "OPPOSITION_TEAM", "stats": [{"tt": "v Australia", "sp": "2018-2021", "mt": 8, "pr": "opposition=2", "rn": 7, "wk": 10, "ct": 1, "st": 0, "hs": "6*", "hn": 0, "bbi": "2/14", "bta": null, "bwa": 22.7, "fw": 0, "bbad": null}, {"tt": "v Bangladesh", "sp": "2017-2017", "mt": 2, "pr": "opposition=25", "rn": null, "wk": 3, "ct": 3, "st": 0, "hs": null, "hn": null, "bbi": "2/48", "bta": null, "bwa": 25.33, "fw": 0, "bbad": null}, {"tt": "v England", "sp": "2013-2019", "mt": 7, "pr": "opposition=1", "rn": 12, "wk": 9, "ct": 2, "st": 0, "hs": "8", "hn": 0, "bbi": "3/50", "bta": 6, "bwa": 29.55, "fw": 0, "bbad": -23.55}, {"tt": "v India", "sp": "2017-2017", "mt": 3, "pr": "opposition=6", "rn": null, "wk": 6, "ct": 1, "st": 0, "hs": null, "hn": null, "bbi": "4/34", "bta": null, "bwa": 16, "fw": 0, "bbad": null}, {"tt": "v Netherlands", "sp": "2014-2014", "mt": 1, "pr": "opposition=15", "rn": null, "wk": 1, "ct": 0, "st": 0, "hs": null, "hn": null, "bbi": "1/25", "bta": null, "bwa": 25, "fw": 0, "bbad": null}, {"tt": "v Pakistan", "sp": "2016-2020", "mt": 6, "pr": "opposition=7", "rn": 0, "wk": 3, "ct": 2, "st": 0, "hs": "0*", "hn": 0, "bbi": "1/32", "bta": 0, "bwa": 73.33, "fw": 0, "bbad": -73.33}, {"tt": "v South Africa", "sp": "2017-2017", "mt": 1, "pr": "opposition=3", "rn": 1, "wk": 2, "ct": 0, "st": 0, "hs": "1*", "hn": 0, "bbi": "2/8", "bta": null, "bwa": 4, "fw": 0, "bbad": null}, {"tt": "v Sri Lanka", "sp": "2014-2016", "mt": 3, "pr": "opposition=8", "rn": 3, "wk": 6, "ct": 2, "st": 0, "hs": "3", "hn": 0, "bbi": "3/20", "bta": 3, "bwa": 12.83, "fw": 0, "bbad": -9.83}, {"tt": "v West Indies", "sp": "2014-2018", "mt": 3, "pr": "opposition=4", "rn": 5, "wk": 6, "ct": 2, "st": 0, "hs": "5", "hn": 0, "bbi": "2/22", "bta": 5, "bwa": 13.16, "fw": 0, "bbad": -8.16}]}, {"type": "HOST_COUNTRY", "stats": [{"tt": "in Australia", "sp": "2018-2018", "mt": 1, "pr": "host=2", "rn": null, "wk": 2, "ct": 0, "st": 0, "hs": null, "hn": null, "bbi": "2/14", "bta": null, "bwa": 7, "fw": 0, "bbad": null}, {"tt": "in Bangladesh", "sp": "2014-2014", "mt": 2, "pr": "host=25", "rn": 3, "wk": 4, "ct": 0, "st": 0, "hs": "3", "hn": 0, "bbi": "3/20", "bta": 3, "bwa": 11.25, "fw": 0, "bbad": -8.25}, {"tt": "in India", "sp": "2017-2017", "mt": 3, "pr": "host=6", "rn": null, "wk": 6, "ct": 1, "st": 0, "hs": null, "hn": null, "bbi": "4/34", "bta": null, "bwa": 16, "fw": 0, "bbad": null}, {"tt": "in New Zealand", "sp": "2013-2021", "mt": 26, "pr": "host=5", "rn": 20, "wk": 30, "ct": 10, "st": 0, "hs": "8", "hn": 0, "bbi": "3/21", "bta": 6.66, "bwa": 28.96, "fw": 0, "bbad": -22.3}, {"tt": "in West Indies", "sp": "2014-2014", "mt": 2, "pr": "host=4", "rn": 5, "wk": 4, "ct": 2, "st": 0, "hs": "5", "hn": 0, "bbi": "2/22", "bta": 5, "bwa": 12.5, "fw": 0, "bbad": -7.5}]}, {"type": "CONTINENT", "stats": [{"tt": "in Americas", "sp": "2014-2014", "mt": 2, "pr": "continent=3", "rn": 5, "wk": 4, "ct": 2, "st": 0, "hs": "5", "hn": 0, "bbi": "2/22", "bta": 5, "bwa": 12.5, "fw": 0, "bbad": -7.5}, {"tt": "in Asia", "sp": "2014-2017", "mt": 5, "pr": "continent=2", "rn": 3, "wk": 10, "ct": 1, "st": 0, "hs": "3", "hn": 0, "bbi": "4/34", "bta": 3, "bwa": 14.1, "fw": 0, "bbad": -11.1}, {"tt": "in Oceania", "sp": "2013-2021", "mt": 27, "pr": "continent=5", "rn": 20, "wk": 32, "ct": 10, "st": 0, "hs": "8", "hn": 0, "bbi": "3/21", "bta": 6.66, "bwa": 27.59, "fw": 0, "bbad": -20.92}]}, {"type": "HOME_OR_AWAY", "stats": [{"tt": "home", "sp": "2013-2021", "mt": 26, "pr": "home_or_away=1", "rn": 20, "wk": 30, "ct": 10, "st": 0, "hs": "8", "hn": 0, "bbi": "3/21", "bta": 6.66, "bwa": 28.96, "fw": 0, "bbad": -22.3}, {"tt": "away", "sp": "2014-2018", "mt": 6, "pr": "home_or_away=2", "rn": 5, "wk": 12, "ct": 3, "st": 0, "hs": "5", "hn": 0, "bbi": "4/34", "bta": 5, "bwa": 13.33, "fw": 0, "bbad": -8.33}, {"tt": "neutral", "sp": "2014-2014", "mt": 2, "pr": "home_or_away=3", "rn": 3, "wk": 4, "ct": 0, "st": 0, "hs": "3", "hn": 0, "bbi": "3/20", "bta": 3, "bwa": 11.25, "fw": 0, "bbad": -8.25}]}, {"type": "YEAR", "stats": [{"tt": "year 2013", "sp": null, "mt": 3, "pr": "year=2013", "rn": 4, "wk": 2, "ct": 0, "st": 0, "hs": "4", "hn": 0, "bbi": "2/40", "bta": 4, "bwa": 50, "fw": 0, "bbad": -46}, {"tt": "year 2014", "sp": null, "mt": 4, "pr": "year=2014", "rn": 8, "wk": 8, "ct": 2, "st": 0, "hs": "5", "hn": 0, "bbi": "3/20", "bta": 4, "bwa": 11.87, "fw": 0, "bbad": -7.87}, {"tt": "year 2016", "sp": null, "mt": 4, "pr": "year=2016", "rn": 0, "wk": 5, "ct": 4, "st": 0, "hs": "0", "hn": 0, "bbi": "3/21", "bta": 0, "bwa": 26.2, "fw": 0, "bbad": -26.2}, {"tt": "year 2017", "sp": null, "mt": 6, "pr": "year=2017", "rn": 1, "wk": 11, "ct": 4, "st": 0, "hs": "1*", "hn": 0, "bbi": "4/34", "bta": null, "bwa": 16.36, "fw": 0, "bbad": null}, {"tt": "year 2018", "sp": null, "mt": 8, "pr": "year=2018", "rn": 1, "wk": 11, "ct": 2, "st": 0, "hs": "1*", "hn": 0, "bbi": "3/50", "bta": null, "bwa": 25.27, "fw": 0, "bbad": null}, {"tt": "year 2019", "sp": null, "mt": 2, "pr": "year=2019", "rn": 8, "wk": 2, "ct": 0, "st": 0, "hs": "8", "hn": 0, "bbi": "2/35", "bta": 8, "bwa": 35, "fw": 0, "bbad": -27}, {"tt": "year 2020", "sp": null, "mt": 2, "pr": "year=2020", "rn": null, "wk": 0, "ct": 0, "st": 0, "hs": null, "hn": null, "bbi": "-", "bta": null, "bwa": null, "fw": 0, "bbad": null}, {"tt": "year 2021", "sp": null, "mt": 5, "pr": "year=2021", "rn": 6, "wk": 7, "ct": 1, "st": 0, "hs": "6*", "hn": 0, "bbi": "2/22", "bta": null, "bwa": 20.57, "fw": 0, "bbad": null}]}, {"type": "SEASON", "stats": [{"tt": "season 2012/13", "sp": null, "mt": 3, "pr": "season=2012/13", "rn": 4, "wk": 2, "ct": 0, "st": 0, "hs": "4", "hn": 0, "bbi": "2/40", "bta": 4, "bwa": 50, "fw": 0, "bbad": -46}, {"tt": "season 2013/14", "sp": null, "mt": 2, "pr": "season=2013/14", "rn": 3, "wk": 4, "ct": 0, "st": 0, "hs": "3", "hn": 0, "bbi": "3/20", "bta": 3, "bwa": 11.25, "fw": 0, "bbad": -8.25}, {"tt": "season 2014", "sp": null, "mt": 2, "pr": "season=2014", "rn": 5, "wk": 4, "ct": 2, "st": 0, "hs": "5", "hn": 0, "bbi": "2/22", "bta": 5, "bwa": 12.5, "fw": 0, "bbad": -7.5}, {"tt": "season 2015/16", "sp": null, "mt": 4, "pr": "season=2015/16", "rn": 0, "wk": 5, "ct": 4, "st": 0, "hs": "0", "hn": 0, "bbi": "3/21", "bta": 0, "bwa": 26.2, "fw": 0, "bbad": -26.2}, {"tt": "season 2016/17", "sp": null, "mt": 3, "pr": "season=2016/17", "rn": 1, "wk": 5, "ct": 3, "st": 0, "hs": "1*", "hn": 0, "bbi": "2/8", "bta": null, "bwa": 16.8, "fw": 0, "bbad": null}, {"tt": "season 2017/18", "sp": null, "mt": 11, "pr": "season=2017/18", "rn": 1, "wk": 17, "ct": 3, "st": 0, "hs": "1*", "hn": 0, "bbi": "4/34", "bta": null, "bwa": 22, "fw": 0, "bbad": null}, {"tt": "season 2019/20", "sp": null, "mt": 2, "pr": "season=2019/20", "rn": 8, "wk": 2, "ct": 0, "st": 0, "hs": "8", "hn": 0, "bbi": "2/35", "bta": 8, "bwa": 35, "fw": 0, "bbad": -27}, {"tt": "season 2020/21", "sp": null, "mt": 7, "pr": "season=2020/21", "rn": 6, "wk": 7, "ct": 1, "st": 0, "hs": "6*", "hn": 0, "bbi": "2/22", "bta": null, "bwa": 31.42, "fw": 0, "bbad": null}]}, {"type": "CAPTAINS_INVOLVED", "stats": [{"tt": "*BB McCullum", "sp": "2013-2014", "mt": 6, "pr": "captain_involve=10384", "rn": 7, "wk": 8, "ct": 1, "st": 0, "hs": "4", "hn": 0, "bbi": "3/20", "bta": 3.5, "bwa": 21.62, "fw": 0, "bbad": -18.12}, {"tt": "*TG Southee", "sp": "2019-2019", "mt": 2, "pr": "captain_involve=49108", "rn": 8, "wk": 2, "ct": 0, "st": 0, "hs": "8", "hn": 0, "bbi": "2/35", "bta": 8, "bwa": 35, "fw": 0, "bbad": -27}, {"tt": "*KS Williamson", "sp": "2014-2021", "mt": 26, "pr": "captain_involve=51088", "rn": 13, "wk": 36, "ct": 12, "st": 0, "hs": "6*", "hn": 0, "bbi": "4/34", "bta": 6.5, "bwa": 23.08, "fw": 0, "bbad": -16.58}]}, {"type": "CAPTAIN", "stats": [{"tt": "is not captain", "sp": "2013-2021", "mt": 34, "pr": "captain=0", "rn": 28, "wk": 46, "ct": 13, "st": 0, "hs": "8", "hn": 0, "bbi": "4/34", "bta": 5.6, "bwa": 23.34, "fw": 0, "bbad": -17.74}]}, {"type": "KEEPER", "stats": [{"tt": "is not keeper", "sp": "2013-2021", "mt": 34, "pr": "keeper=0", "rn": 28, "wk": 46, "ct": 13, "st": 0, "hs": "8", "hn": 0, "bbi": "4/34", "bta": 5.6, "bwa": 23.34, "fw": 0, "bbad": -17.74}]}, {"type": "TOSS", "stats": [{"tt": "won the toss", "sp": "2013-2021", "mt": 17, "pr": "toss=1", "rn": 22, "wk": 26, "ct": 5, "st": 0, "hs": "8", "hn": 0, "bbi": "4/34", "bta": 4.4, "bwa": 20.73, "fw": 0, "bbad": -16.33}, {"tt": "lost the toss", "sp": "2013-2021", "mt": 17, "pr": "toss=2", "rn": 6, "wk": 20, "ct": 8, "st": 0, "hs": "6*", "hn": 0, "bbi": "3/21", "bta": null, "bwa": 26.75, "fw": 0, "bbad": null}]}, {"type": "BATTING_FIELDING_SEQUENCE_AND_TOSS", "stats": [{"tt": "won toss &amp; batted", "sp": "2017-2018", "mt": 4, "pr": "batting_fielding_first=1;toss=1", "rn": 1, "wk": 7, "ct": 0, "st": 0, "hs": "1*", "hn": 0, "bbi": "4/34", "bta": null, "bwa": 18.85, "fw": 0, "bbad": null}, {"tt": "won toss &amp; fielded", "sp": "2013-2021", "mt": 13, "pr": "batting_fielding_first=2;toss=1", "rn": 21, "wk": 19, "ct": 5, "st": 0, "hs": "8", "hn": 0, "bbi": "3/20", "bta": 4.2, "bwa": 21.42, "fw": 0, "bbad": -17.22}, {"tt": "lost toss &amp; sent in", "sp": "2013-2021", "mt": 12, "pr": "batting_fielding_first=1;toss=2", "rn": null, "wk": 15, "ct": 7, "st": 0, "hs": null, "hn": null, "bbi": "3/21", "bta": null, "bwa": 25.26, "fw": 0, "bbad": null}, {"tt": "lost toss &amp; fielded", "sp": "2018-2021", "mt": 5, "pr": "batting_fielding_first=2;toss=2", "rn": 6, "wk": 5, "ct": 1, "st": 0, "hs": "6*", "hn": 0, "bbi": "2/26", "bta": null, "bwa": 31.2, "fw": 0, "bbad": null}]}, {"type": "BATTING_FIELDING_SEQUENCE", "stats": [{"tt": "matches batting first", "sp": "2013-2021", "mt": 16, "pr": "batting_fielding_first=1", "rn": 1, "wk": 22, "ct": 7, "st": 0, "hs": "1*", "hn": 0, "bbi": "4/34", "bta": null, "bwa": 23.22, "fw": 0, "bbad": null}, {"tt": "matches fielding first", "sp": "2013-2021", "mt": 18, "pr": "batting_fielding_first=2", "rn": 27, "wk": 24, "ct": 6, "st": 0, "hs": "8", "hn": 0, "bbi": "3/20", "bta": 5.4, "bwa": 23.45, "fw": 0, "bbad": -18.05}]}, {"type": "TEAM_INNINGS", "stats": [{"tt": "1st team innings", "sp": "2013-2021", "mt": 34, "pr": "innings_number=1;innings_number=2", "rn": 28, "wk": 46, "ct": 13, "st": 0, "hs": "8", "hn": 0, "bbi": "4/34", "bta": 5.6, "bwa": 23.34, "fw": 0, "bbad": -17.74}]}, {"type": "MATCH_INNINGS", "stats": [{"tt": "1st match innings", "sp": "2013-2021", "mt": 34, "pr": "innings_number=1", "rn": 1, "wk": 24, "ct": 6, "st": 0, "hs": "1*", "hn": 0, "bbi": "3/20", "bta": null, "bwa": 23.45, "fw": 0, "bbad": null}, {"tt": "2nd match innings", "sp": "2013-2021", "mt": 34, "pr": "innings_number=2", "rn": 27, "wk": 22, "ct": 7, "st": 0, "hs": "8", "hn": 0, "bbi": "4/34", "bta": 5.4, "bwa": 23.22, "fw": 0, "bbad": -17.82}]}, {"type": "FLOODLIT", "stats": [{"tt": "day match", "sp": "2014-2021", "mt": 9, "pr": "floodlit=1", "rn": 5, "wk": 14, "ct": 8, "st": 0, "hs": "5", "hn": 0, "bbi": "3/21", "bta": 5, "bwa": 19.57, "fw": 0, "bbad": -14.57}, {"tt": "day/night match", "sp": "2013-2016", "mt": 6, "pr": "floodlit=2", "rn": 4, "wk": 5, "ct": 2, "st": 0, "hs": "4", "hn": 0, "bbi": "2/40", "bta": 2, "bwa": 39.8, "fw": 0, "bbad": -37.8}, {"tt": "night match", "sp": "2014-2021", "mt": 19, "pr": "floodlit=3", "rn": 19, "wk": 27, "ct": 3, "st": 0, "hs": "8", "hn": 0, "bbi": "4/34", "bta": 9.5, "bwa": 22.25, "fw": 0, "bbad": -12.75}]}, {"type": "RESULT", "stats": [{"tt": "won match", "sp": "2013-2021", "mt": 15, "pr": "result=1", "rn": null, "wk": 22, "ct": 10, "st": 0, "hs": null, "hn": null, "bbi": "4/34", "bta": null, "bwa": 21.72, "fw": 0, "bbad": null}, {"tt": "lost match", "sp": "2013-2021", "mt": 18, "pr": "result=2", "rn": 28, "wk": 22, "ct": 3, "st": 0, "hs": "8", "hn": 0, "bbi": "3/20", "bta": 5.6, "bwa": 25.5, "fw": 0, "bbad": -19.9}, {"tt": "tied match", "sp": "2019-2019", "mt": 1, "pr": "result=3", "rn": null, "wk": 2, "ct": 0, "st": 0, "hs": null, "hn": null, "bbi": "2/35", "bta": null, "bwa": 17.5, "fw": 0, "bbad": null}]}, {"type": "BATTING_FIELDING_SEQUENCE_AND_RESULT", "stats": [{"tt": "won batting first", "sp": "2013-2021", "mt": 10, "pr": "batting_fielding_first=1;result=1", "rn": null, "wk": 17, "ct": 7, "st": 0, "hs": null, "hn": null, "bbi": "4/34", "bta": null, "bwa": 19.41, "fw": 0, "bbad": null}, {"tt": "won fielding first", "sp": "2014-2021", "mt": 5, "pr": "batting_fielding_first=2;result=1", "rn": null, "wk": 5, "ct": 3, "st": 0, "hs": null, "hn": null, "bbi": "2/26", "bta": null, "bwa": 29.6, "fw": 0, "bbad": null}, {"tt": "lost batting first", "sp": "2013-2020", "mt": 5, "pr": "batting_fielding_first=1;result=2", "rn": 1, "wk": 3, "ct": 0, "st": 0, "hs": "1*", "hn": 0, "bbi": "2/14", "bta": null, "bwa": 48.66, "fw": 0, "bbad": null}, {"tt": "lost fielding first", "sp": "2013-2021", "mt": 13, "pr": "batting_fielding_first=2;result=2", "rn": 27, "wk": 19, "ct": 3, "st": 0, "hs": "8", "hn": 0, "bbi": "3/20", "bta": 5.4, "bwa": 21.84, "fw": 0, "bbad": -16.44}, {"tt": "tied batting first", "sp": "2019-2019", "mt": 1, "pr": "batting_fielding_first=1;result=3", "rn": null, "wk": 2, "ct": 0, "st": 0, "hs": null, "hn": null, "bbi": "2/35", "bta": null, "bwa": 17.5, "fw": 0, "bbad": null}]}, {"type": "TOURNAMENT_TYPE", "stats": [{"tt": "2 team series", "sp": "2013-2021", "mt": 27, "pr": "tournament_type=2", "rn": 24, "wk": 34, "ct": 11, "st": 0, "hs": "8", "hn": 0, "bbi": "4/34", "bta": 6, "bwa": 25, "fw": 0, "bbad": -19}, {"tt": "3-4 team tournaments", "sp": "2018-2018", "mt": 5, "pr": "tournament_type=3", "rn": 1, "wk": 8, "ct": 2, "st": 0, "hs": "1*", "hn": 0, "bbi": "3/50", "bta": null, "bwa": 22.37, "fw": 0, "bbad": null}, {"tt": "5+ team tournaments", "sp": "2014-2014", "mt": 2, "pr": "tournament_type=5", "rn": 3, "wk": 4, "ct": 0, "st": 0, "hs": "3", "hn": 0, "bbi": "3/20", "bta": 3, "bwa": 11.25, "fw": 0, "bbad": -8.25}]}, {"type": "MATCH_NUMBER", "stats": [{"tt": "only match in series", "sp": "2017-2017", "mt": 1, "pr": "match_number=0", "rn": 1, "wk": 2, "ct": 0, "st": 0, "hs": "1*", "hn": 0, "bbi": "2/8", "bta": null, "bwa": 4, "fw": 0, "bbad": null}, {"tt": "1st match in series", "sp": "2013-2021", "mt": 6, "pr": "match_number=1", "rn": 4, "wk": 11, "ct": 3, "st": 0, "hs": "4", "hn": 0, "bbi": "3/21", "bta": 2, "bwa": 18.36, "fw": 0, "bbad": -16.36}, {"tt": "2nd match in series", "sp": "2013-2021", "mt": 8, "pr": "match_number=2", "rn": 5, "wk": 7, "ct": 5, "st": 0, "hs": "5", "hn": 0, "bbi": "4/34", "bta": 5, "bwa": 37.14, "fw": 0, "bbad": -32.14}, {"tt": "3rd match in series", "sp": "2013-2021", "mt": 8, "pr": "match_number=3", "rn": 0, "wk": 8, "ct": 2, "st": 0, "hs": "0*", "hn": 0, "bbi": "2/29", "bta": null, "bwa": 32.12, "fw": 0, "bbad": null}, {"tt": "4th match in series", "sp": "2019-2021", "mt": 2, "pr": "match_number=4", "rn": 14, "wk": 2, "ct": 0, "st": 0, "hs": "8", "hn": 0, "bbi": "2/27", "bta": 14, "bwa": 31, "fw": 0, "bbad": -17}, {"tt": "5th match in series", "sp": "2019-2021", "mt": 2, "pr": "match_number=5", "rn": null, "wk": 4, "ct": 1, "st": 0, "hs": null, "hn": null, "bbi": "2/26", "bta": null, "bwa": 15.25, "fw": 0, "bbad": null}]}, {"type": "MAJOR_TROPHY", "stats": [{"tt": "Men's T20 World Cup", "sp": "2014-2014", "mt": 2, "pr": "trophy=89", "rn": 3, "wk": 4, "ct": 0, "st": 0, "hs": "3", "hn": 0, "bbi": "3/20", "bta": 3, "bwa": 11.25, "fw": 0, "bbad": -8.25}]}, {"type": "FINAL_TYPE", "stats": [{"tt": "tournament finals", "sp": "2018-2018", "mt": 1, "pr": "final_type=1", "rn": 1, "wk": 0, "ct": 0, "st": 0, "hs": "1*", "hn": 0, "bbi": "-", "bta": null, "bwa": null, "fw": 0, "bbad": null}, {"tt": "preliminary matches", "sp": "2014-2018", "mt": 6, "pr": "final_type=0", "rn": 3, "wk": 12, "ct": 2, "st": 0, "hs": "3", "hn": 0, "bbi": "3/20", "bta": 3, "bwa": 16.41, "fw": 0, "bbad": -13.41}]}]}}