{"summary": {"recordClassId": 3, "type": "FIELDING", "groups": [{"type": "CAREER_AVERAGES", "stats": [{"tt": "overview", "sp": "2013-2021", "mt": 34, "in": 34, "pr": null, "ds": 13, "ct": 13, "st": 0, "ck": 0, "cf": 13, "mds": "3 (3ct 0st)", "dspi": 0.382}]}, {"type": "OPPOSITION_TEAM", "stats": [{"tt": "vs Australia", "sp": "2018-2021", "mt": 8, "in": 8, "pr": "opposition=2", "ds": 1, "ct": 1, "st": 0, "ck": 0, "cf": 1, "mds": "1 (1ct 0st)", "dspi": 0.125}, {"tt": "vs Bangladesh", "sp": "2017-2017", "mt": 2, "in": 2, "pr": "opposition=25", "ds": 3, "ct": 3, "st": 0, "ck": 0, "cf": 3, "mds": "3 (3ct 0st)", "dspi": 1.5}, {"tt": "vs England", "sp": "2013-2019", "mt": 7, "in": 7, "pr": "opposition=1", "ds": 2, "ct": 2, "st": 0, "ck": 0, "cf": 2, "mds": "2 (2ct 0st)", "dspi": 0.285}, {"tt": "vs India", "sp": "2017-2017", "mt": 3, "in": 3, "pr": "opposition=6", "ds": 1, "ct": 1, "st": 0, "ck": 0, "cf": 1, "mds": "1 (1ct 0st)", "dspi": 0.333}, {"tt": "vs Netherlands", "sp": "2014-2014", "mt": 1, "in": 1, "pr": "opposition=15", "ds": 0, "ct": 0, "st": 0, "ck": 0, "cf": 0, "mds": "0", "dspi": 0}, {"tt": "vs Pakistan", "sp": "2016-2020", "mt": 6, "in": 6, "pr": "opposition=7", "ds": 2, "ct": 2, "st": 0, "ck": 0, "cf": 2, "mds": "1 (1ct 0st)", "dspi": 0.333}, {"tt": "vs South Africa", "sp": "2017-2017", "mt": 1, "in": 1, "pr": "opposition=3", "ds": 0, "ct": 0, "st": 0, "ck": 0, "cf": 0, "mds": "0", "dspi": 0}, {"tt": "vs Sri Lanka", "sp": "2014-2016", "mt": 3, "in": 3, "pr": "opposition=8", "ds": 2, "ct": 2, "st": 0, "ck": 0, "cf": 2, "mds": "1 (1ct 0st)", "dspi": 0.666}, {"tt": "vs West Indies", "sp": "2014-2018", "mt": 3, "in": 3, "pr": "opposition=4", "ds": 2, "ct": 2, "st": 0, "ck": 0, "cf": 2, "mds": "1 (1ct 0st)", "dspi": 0.666}]}, {"type": "HOST_COUNTRY", "stats": [{"tt": "in Australia", "sp": "2018-2018", "mt": 1, "in": 1, "pr": "host=2", "ds": 0, "ct": 0, "st": 0, "ck": 0, "cf": 0, "mds": "0", "dspi": 0}, {"tt": "in Bangladesh", "sp": "2014-2014", "mt": 2, "in": 2, "pr": "host=25", "ds": 0, "ct": 0, "st": 0, "ck": 0, "cf": 0, "mds": "0", "dspi": 0}, {"tt": "in India", "sp": "2017-2017", "mt": 3, "in": 3, "pr": "host=6", "ds": 1, "ct": 1, "st": 0, "ck": 0, "cf": 1, "mds": "1 (1ct 0st)", "dspi": 0.333}, {"tt": "in New Zealand", "sp": "2013-2021", "mt": 26, "in": 26, "pr": "host=5", "ds": 10, "ct": 10, "st": 0, "ck": 0, "cf": 10, "mds": "3 (3ct 0st)", "dspi": 0.384}, {"tt": "in West Indies", "sp": "2014-2014", "mt": 2, "in": 2, "pr": "host=4", "ds": 2, "ct": 2, "st": 0, "ck": 0, "cf": 2, "mds": "1 (1ct 0st)", "dspi": 1}]}, {"type": "CONTINENT", "stats": [{"tt": "in Americas", "sp": "2014-2014", "mt": 2, "in": 2, "pr": "continent=3", "ds": 2, "ct": 2, "st": 0, "ck": 0, "cf": 2, "mds": "1 (1ct 0st)", "dspi": 1}, {"tt": "in Asia", "sp": "2014-2017", "mt": 5, "in": 5, "pr": "continent=2", "ds": 1, "ct": 1, "st": 0, "ck": 0, "cf": 1, "mds": "1 (1ct 0st)", "dspi": 0.2}, {"tt": "in Oceania", "sp": "2013-2021", "mt": 27, "in": 27, "pr": "continent=5", "ds": 10, "ct": 10, "st": 0, "ck": 0, "cf": 10, "mds": "3 (3ct 0st)", "dspi": 0.37}]}, {"type": "HOME_OR_AWAY", "stats": [{"tt": "home", "sp": "2013-2021", "mt": 26, "in": 26, "pr": "home_or_away=1", "ds": 10, "ct": 10, "st": 0, "ck": 0, "cf": 10, "mds": "3 (3ct 0st)", "dspi": 0.384}, {"tt": "away", "sp": "2014-2018", "mt": 6, "in": 6, "pr": "home_or_away=2", "ds": 3, "ct": 3, "st": 0, "ck": 0, "cf": 3, "mds": "1 (1ct 0st)", "dspi": 0.5}, {"tt": "neutral", "sp": "2014-2014", "mt": 2, "in": 2, "pr": "home_or_away=3", "ds": 0, "ct": 0, "st": 0, "ck": 0, "cf": 0, "mds": "0", "dspi": 0}]}, {"type": "YEAR", "stats": [{"tt": "year 2013", "sp": null, "mt": 3, "in": 3, "pr": "year=2013", "ds": 0, "ct": 0, "st": 0, "ck": 0, "cf": 0, "mds": "0", "dspi": 0}, {"tt": "year 2014", "sp": null, "mt": 4, "in": 4, "pr": "year=2014", "ds": 2, "ct": 2, "st": 0, "ck": 0, "cf": 2, "mds": "1 (1ct 0st)", "dspi": 0.5}, {"tt": "year 2016", "sp": null, "mt": 4, "in": 4, "pr": "year=2016", "ds": 4, "ct": 4, "st": 0, "ck": 0, "cf": 4, "mds": "1 (1ct 0st)", "dspi": 1}, {"tt": "year 2017", "sp": null, "mt": 6, "in": 6, "pr": "year=2017", "ds": 4, "ct": 4, "st": 0, "ck": 0, "cf": 4, "mds": "3 (3ct 0st)", "dspi": 0.666}, {"tt": "year 2018", "sp": null, "mt": 8, "in": 8, "pr": "year=2018", "ds": 2, "ct": 2, "st": 0, "ck": 0, "cf": 2, "mds": "2 (2ct 0st)", "dspi": 0.25}, {"tt": "year 2019", "sp": null, "mt": 2, "in": 2, "pr": "year=2019", "ds": 0, "ct": 0, "st": 0, "ck": 0, "cf": 0, "mds": "0", "dspi": 0}, {"tt": "year 2020", "sp": null, "mt": 2, "in": 2, "pr": "year=2020", "ds": 0, "ct": 0, "st": 0, "ck": 0, "cf": 0, "mds": "0", "dspi": 0}, {"tt": "year 2021", "sp": null, "mt": 5, "in": 5, "pr": "year=2021", "ds": 1, "ct": 1, "st": 0, "ck": 0, "cf": 1, "mds": "1 (1ct 0st)", "dspi": 0.2}]}, {"type": "SEASON", "stats": [{"tt": "season 2012/13", "sp": null, "mt": 3, "in": 3, "pr": "season=2012/13", "ds": 0, "ct": 0, "st": 0, "ck": 0, "cf": 0, "mds": "0", "dspi": 0}, {"tt": "season 2013/14", "sp": null, "mt": 2, "in": 2, "pr": "season=2013/14", "ds": 0, "ct": 0, "st": 0, "ck": 0, "cf": 0, "mds": "0", "dspi": 0}, {"tt": "season 2014", "sp": null, "mt": 2, "in": 2, "pr": "season=2014", "ds": 2, "ct": 2, "st": 0, "ck": 0, "cf": 2, "mds": "1 (1ct 0st)", "dspi": 1}, {"tt": "season 2015/16", "sp": null, "mt": 4, "in": 4, "pr": "season=2015/16", "ds": 4, "ct": 4, "st": 0, "ck": 0, "cf": 4, "mds": "1 (1ct 0st)", "dspi": 1}, {"tt": "season 2016/17", "sp": null, "mt": 3, "in": 3, "pr": "season=2016/17", "ds": 3, "ct": 3, "st": 0, "ck": 0, "cf": 3, "mds": "3 (3ct 0st)", "dspi": 1}, {"tt": "season 2017/18", "sp": null, "mt": 11, "in": 11, "pr": "season=2017/18", "ds": 3, "ct": 3, "st": 0, "ck": 0, "cf": 3, "mds": "2 (2ct 0st)", "dspi": 0.272}, {"tt": "season 2019/20", "sp": null, "mt": 2, "in": 2, "pr": "season=2019/20", "ds": 0, "ct": 0, "st": 0, "ck": 0, "cf": 0, "mds": "0", "dspi": 0}, {"tt": "season 2020/21", "sp": null, "mt": 7, "in": 7, "pr": "season=2020/21", "ds": 1, "ct": 1, "st": 0, "ck": 0, "cf": 1, "mds": "1 (1ct 0st)", "dspi": 0.142}]}, {"type": "CAPTAINS_INVOLVED", "stats": [{"tt": "*BB McCullum", "sp": "2013-2014", "mt": 6, "in": 6, "pr": "captain_involve=10384", "ds": 1, "ct": 1, "st": 0, "ck": 0, "cf": 1, "mds": "1 (1ct 0st)", "dspi": 0.166}, {"tt": "*TG Southee", "sp": "2019-2019", "mt": 2, "in": 2, "pr": "captain_involve=49108", "ds": 0, "ct": 0, "st": 0, "ck": 0, "cf": 0, "mds": "0", "dspi": 0}, {"tt": "*KS Williamson", "sp": "2014-2021", "mt": 26, "in": 26, "pr": "captain_involve=51088", "ds": 12, "ct": 12, "st": 0, "ck": 0, "cf": 12, "mds": "3 (3ct 0st)", "dspi": 0.461}]}, {"type": "CAPTAIN", "stats": [{"tt": "is not captain", "sp": "2013-2021", "mt": 34, "in": 34, "pr": "captain=0", "ds": 13, "ct": 13, "st": 0, "ck": 0, "cf": 13, "mds": "3 (3ct 0st)", "dspi": 0.382}]}, {"type": "KEEPER", "stats": [{"tt": "is not keeper", "sp": "2013-2021", "mt": 34, "in": 34, "pr": "keeper=0", "ds": 13, "ct": 13, "st": 0, "ck": 0, "cf": 13, "mds": "3 (3ct 0st)", "dspi": 0.382}]}, {"type": "TOSS", "stats": [{"tt": "won the toss", "sp": "2013-2021", "mt": 17, "in": 17, "pr": "toss=1", "ds": 5, "ct": 5, "st": 0, "ck": 0, "cf": 5, "mds": "1 (1ct 0st)", "dspi": 0.294}, {"tt": "lost the toss", "sp": "2013-2021", "mt": 17, "in": 17, "pr": "toss=2", "ds": 8, "ct": 8, "st": 0, "ck": 0, "cf": 8, "mds": "3 (3ct 0st)", "dspi": 0.47}]}, {"type": "BATTING_FIELDING_SEQUENCE_AND_TOSS", "stats": [{"tt": "won toss &amp; batted", "sp": "2017-2018", "mt": 4, "in": 4, "pr": "batting_fielding_first=1;toss=1", "ds": 0, "ct": 0, "st": 0, "ck": 0, "cf": 0, "mds": "0", "dspi": 0}, {"tt": "won toss &amp; fielded", "sp": "2013-2021", "mt": 13, "in": 13, "pr": "batting_fielding_first=2;toss=1", "ds": 5, "ct": 5, "st": 0, "ck": 0, "cf": 5, "mds": "1 (1ct 0st)", "dspi": 0.384}, {"tt": "lost toss &amp; sent in", "sp": "2013-2021", "mt": 12, "in": 12, "pr": "batting_fielding_first=1;toss=2", "ds": 7, "ct": 7, "st": 0, "ck": 0, "cf": 7, "mds": "3 (3ct 0st)", "dspi": 0.583}, {"tt": "lost toss &amp; fielded", "sp": "2018-2021", "mt": 5, "in": 5, "pr": "batting_fielding_first=2;toss=2", "ds": 1, "ct": 1, "st": 0, "ck": 0, "cf": 1, "mds": "1 (1ct 0st)", "dspi": 0.2}]}, {"type": "BATTING_FIELDING_SEQUENCE", "stats": [{"tt": "matches batting first", "sp": "2013-2021", "mt": 16, "in": 16, "pr": "batting_fielding_first=1", "ds": 7, "ct": 7, "st": 0, "ck": 0, "cf": 7, "mds": "3 (3ct 0st)", "dspi": 0.437}, {"tt": "matches fielding first", "sp": "2013-2021", "mt": 18, "in": 18, "pr": "batting_fielding_first=2", "ds": 6, "ct": 6, "st": 0, "ck": 0, "cf": 6, "mds": "1 (1ct 0st)", "dspi": 0.333}]}, {"type": "TEAM_INNINGS", "stats": [{"tt": "1st team innings", "sp": "2013-2021", "mt": 34, "in": 34, "pr": "innings_number=1;innings_number=2", "ds": 13, "ct": 13, "st": 0, "ck": 0, "cf": 13, "mds": "3 (3ct 0st)", "dspi": 0.382}]}, {"type": "MATCH_INNINGS", "stats": [{"tt": "1st match innings", "sp": "2013-2021", "mt": 18, "in": 18, "pr": "innings_number=1", "ds": 6, "ct": 6, "st": 0, "ck": 0, "cf": 6, "mds": "1 (1ct 0st)", "dspi": 0.333}, {"tt": "2nd match innings", "sp": "2013-2021", "mt": 16, "in": 16, "pr": "innings_number=2", "ds": 7, "ct": 7, "st": 0, "ck": 0, "cf": 7, "mds": "3 (3ct 0st)", "dspi": 0.437}]}, {"type": "FLOODLIT", "stats": [{"tt": "day match", "sp": "2014-2021", "mt": 9, "in": 9, "pr": "floodlit=1", "ds": 8, "ct": 8, "st": 0, "ck": 0, "cf": 8, "mds": "3 (3ct 0st)", "dspi": 0.888}, {"tt": "day/night match", "sp": "2013-2016", "mt": 6, "in": 6, "pr": "floodlit=2", "ds": 2, "ct": 2, "st": 0, "ck": 0, "cf": 2, "mds": "1 (1ct 0st)", "dspi": 0.333}, {"tt": "night match", "sp": "2014-2021", "mt": 19, "in": 19, "pr": "floodlit=3", "ds": 3, "ct": 3, "st": 0, "ck": 0, "cf": 3, "mds": "2 (2ct 0st)", "dspi": 0.157}]}, {"type": "RESULT", "stats": [{"tt": "won match", "sp": "2013-2021", "mt": 15, "in": 15, "pr": "result=1", "ds": 10, "ct": 10, "st": 0, "ck": 0, "cf": 10, "mds": "3 (3ct 0st)", "dspi": 0.666}, {"tt": "lost match", "sp": "2013-2021", "mt": 18, "in": 18, "pr": "result=2", "ds": 3, "ct": 3, "st": 0, "ck": 0, "cf": 3, "mds": "1 (1ct 0st)", "dspi": 0.166}, {"tt": "tied match", "sp": "2019-2019", "mt": 1, "in": 1, "pr": "result=3", "ds": 0, "ct": 0, "st": 0, "ck": 0, "cf": 0, "mds": "0", "dspi": 0}]}, {"type": "BATTING_FIELDING_SEQUENCE_AND_RESULT", "stats": [{"tt": "won batting first", "sp": "2013-2021", "mt": 10, "in": 10, "pr": "batting_fielding_first=1;result=1", "ds": 7, "ct": 7, "st": 0, "ck": 0, "cf": 7, "mds": "3 (3ct 0st)", "dspi": 0.7}, {"tt": "won fielding first", "sp": "2014-2021", "mt": 5, "in": 5, "pr": "batting_fielding_first=2;result=1", "ds": 3, "ct": 3, "st": 0, "ck": 0, "cf": 3, "mds": "1 (1ct 0st)", "dspi": 0.6}, {"tt": "lost batting first", "sp": "2013-2020", "mt": 5, "in": 5, "pr": "batting_fielding_first=1;result=2", "ds": 0, "ct": 0, "st": 0, "ck": 0, "cf": 0, "mds": "0", "dspi": 0}, {"tt": "lost fielding first", "sp": "2013-2021", "mt": 13, "in": 13, "pr": "batting_fielding_first=2;result=2", "ds": 3, "ct": 3, "st": 0, "ck": 0, "cf": 3, "mds": "1 (1ct 0st)", "dspi": 0.23}, {"tt": "tied batting first", "sp": "2019-2019", "mt": 1, "in": 1, "pr": "batting_fielding_first=1;result=3", "ds": 0, "ct": 0, "st": 0, "ck": 0, "cf": 0, "mds": "0", "dspi": 0}]}, {"type": "TOURNAMENT_TYPE", "stats": [{"tt": "2 team series", "sp": "2013-2021", "mt": 27, "in": 27, "pr": "tournament_type=2", "ds": 11, "ct": 11, "st": 0, "ck": 0, "cf": 11, "mds": "3 (3ct 0st)", "dspi": 0.407}, {"tt": "3-4 team tournaments", "sp": "2018-2018", "mt": 5, "in": 5, "pr": "tournament_type=3", "ds": 2, "ct": 2, "st": 0, "ck": 0, "cf": 2, "mds": "2 (2ct 0st)", "dspi": 0.4}, {"tt": "5+ team tournaments", "sp": "2014-2014", "mt": 2, "in": 2, "pr": "tournament_type=5", "ds": 0, "ct": 0, "st": 0, "ck": 0, "cf": 0, "mds": "0", "dspi": 0}]}, {"type": "MATCH_NUMBER", "stats": [{"tt": "only match in series", "sp": "2017-2017", "mt": 1, "in": 1, "pr": "match_number=0", "ds": 0, "ct": 0, "st": 0, "ck": 0, "cf": 0, "mds": "0", "dspi": 0}, {"tt": "1st match in series", "sp": "2013-2021", "mt": 6, "in": 6, "pr": "match_number=1", "ds": 3, "ct": 3, "st": 0, "ck": 0, "cf": 3, "mds": "1 (1ct 0st)", "dspi": 0.5}, {"tt": "2nd match in series", "sp": "2013-2021", "mt": 8, "in": 8, "pr": "match_number=2", "ds": 5, "ct": 5, "st": 0, "ck": 0, "cf": 5, "mds": "3 (3ct 0st)", "dspi": 0.625}, {"tt": "3rd match in series", "sp": "2013-2021", "mt": 8, "in": 8, "pr": "match_number=3", "ds": 2, "ct": 2, "st": 0, "ck": 0, "cf": 2, "mds": "1 (1ct 0st)", "dspi": 0.25}, {"tt": "4th match in series", "sp": "2019-2021", "mt": 2, "in": 2, "pr": "match_number=4", "ds": 0, "ct": 0, "st": 0, "ck": 0, "cf": 0, "mds": "0", "dspi": 0}, {"tt": "5th match in series", "sp": "2019-2021", "mt": 2, "in": 2, "pr": "match_number=5", "ds": 1, "ct": 1, "st": 0, "ck": 0, "cf": 1, "mds": "1 (1ct 0st)", "dspi": 0.5}]}, {"type": "MAJOR_TROPHY", "stats": [{"tt": "Men's T20 World Cup", "sp": "2014-2014", "mt": 2, "in": 2, "pr": "trophy=89", "ds": 0, "ct": 0, "st": 0, "ck": 0, "cf": 0, "mds": "0", "dspi": 0}]}, {"type": "FINAL_TYPE", "stats": [{"tt": "tournament finals", "sp": "2018-2018", "mt": 1, "in": 1, "pr": "final_type=1", "ds": 0, "ct": 0, "st": 0, "ck": 0, "cf": 0, "mds": "0", "dspi": 0}, {"tt": "preliminary matches", "sp": "2014-2018", "mt": 6, "in": 6, "pr": "final_type=0", "ds": 2, "ct": 2, "st": 0, "ck": 0, "cf": 2, "mds": "2 (2ct 0st)", "dspi": 0.333}]}]}}