{"summary": {"recordClassId": 2, "type": "FIELDING", "groups": [{"type": "CAREER_AVERAGES", "stats": [{"tt": "overview", "sp": "2012-2021", "mt": 93, "in": 93, "pr": null, "ds": 34, "ct": 34, "st": 0, "ck": 0, "cf": 34, "mds": "2 (2ct 0st)", "dspi": 0.365}]}, {"type": "OPPOSITION_TEAM", "stats": [{"tt": "vs Afghanistan", "sp": "2015-2019", "mt": 2, "in": 2, "pr": "opposition=40", "ds": 0, "ct": 0, "st": 0, "ck": 0, "cf": 0, "mds": "0", "dspi": 0}, {"tt": "vs Australia", "sp": "2015-2020", "mt": 12, "in": 12, "pr": "opposition=2", "ds": 4, "ct": 4, "st": 0, "ck": 0, "cf": 4, "mds": "1 (1ct 0st)", "dspi": 0.333}, {"tt": "vs Bangladesh", "sp": "2015-2021", "mt": 11, "in": 11, "pr": "opposition=25", "ds": 8, "ct": 8, "st": 0, "ck": 0, "cf": 8, "mds": "2 (2ct 0st)", "dspi": 0.727}, {"tt": "vs England", "sp": "2013-2019", "mt": 12, "in": 12, "pr": "opposition=1", "ds": 8, "ct": 8, "st": 0, "ck": 0, "cf": 8, "mds": "2 (2ct 0st)", "dspi": 0.666}, {"tt": "vs India", "sp": "2016-2019", "mt": 13, "in": 13, "pr": "opposition=6", "ds": 5, "ct": 5, "st": 0, "ck": 0, "cf": 5, "mds": "2 (2ct 0st)", "dspi": 0.384}, {"tt": "vs Pakistan", "sp": "2015-2019", "mt": 12, "in": 12, "pr": "opposition=7", "ds": 1, "ct": 1, "st": 0, "ck": 0, "cf": 1, "mds": "1 (1ct 0st)", "dspi": 0.083}, {"tt": "vs Scotland", "sp": "2015-2015", "mt": 1, "in": 1, "pr": "opposition=30", "ds": 0, "ct": 0, "st": 0, "ck": 0, "cf": 0, "mds": "0", "dspi": 0}, {"tt": "vs South Africa", "sp": "2014-2019", "mt": 9, "in": 9, "pr": "opposition=3", "ds": 2, "ct": 2, "st": 0, "ck": 0, "cf": 2, "mds": "1 (1ct 0st)", "dspi": 0.222}, {"tt": "vs Sri Lanka", "sp": "2012-2019", "mt": 13, "in": 13, "pr": "opposition=8", "ds": 3, "ct": 3, "st": 0, "ck": 0, "cf": 3, "mds": "2 (2ct 0st)", "dspi": 0.23}, {"tt": "vs West Indies", "sp": "2012-2019", "mt": 8, "in": 8, "pr": "opposition=4", "ds": 3, "ct": 3, "st": 0, "ck": 0, "cf": 3, "mds": "2 (2ct 0st)", "dspi": 0.375}]}, {"type": "HOST_COUNTRY", "stats": [{"tt": "in Australia", "sp": "2015-2020", "mt": 5, "in": 5, "pr": "host=2", "ds": 3, "ct": 3, "st": 0, "ck": 0, "cf": 3, "mds": "1 (1ct 0st)", "dspi": 0.6}, {"tt": "in England", "sp": "2015-2019", "mt": 15, "in": 15, "pr": "host=1", "ds": 12, "ct": 12, "st": 0, "ck": 0, "cf": 12, "mds": "2 (2ct 0st)", "dspi": 0.8}, {"tt": "in India", "sp": "2016-2017", "mt": 7, "in": 7, "pr": "host=6", "ds": 2, "ct": 2, "st": 0, "ck": 0, "cf": 2, "mds": "1 (1ct 0st)", "dspi": 0.285}, {"tt": "in New Zealand", "sp": "2013-2021", "mt": 56, "in": 56, "pr": "host=5", "ds": 15, "ct": 15, "st": 0, "ck": 0, "cf": 15, "mds": "2 (2ct 0st)", "dspi": 0.267}, {"tt": "in Sri Lanka", "sp": "2012-2012", "mt": 4, "in": 4, "pr": "host=8", "ds": 0, "ct": 0, "st": 0, "ck": 0, "cf": 0, "mds": "0", "dspi": 0}, {"tt": "in U.A.E.", "sp": "2018-2018", "mt": 3, "in": 3, "pr": "host=27", "ds": 1, "ct": 1, "st": 0, "ck": 0, "cf": 1, "mds": "1 (1ct 0st)", "dspi": 0.333}, {"tt": "in West Indies", "sp": "2012-2012", "mt": 3, "in": 3, "pr": "host=4", "ds": 1, "ct": 1, "st": 0, "ck": 0, "cf": 1, "mds": "1 (1ct 0st)", "dspi": 0.333}]}, {"type": "CONTINENT", "stats": [{"tt": "in Americas", "sp": "2012-2012", "mt": 3, "in": 3, "pr": "continent=3", "ds": 1, "ct": 1, "st": 0, "ck": 0, "cf": 1, "mds": "1 (1ct 0st)", "dspi": 0.333}, {"tt": "in Asia", "sp": "2012-2018", "mt": 14, "in": 14, "pr": "continent=2", "ds": 3, "ct": 3, "st": 0, "ck": 0, "cf": 3, "mds": "1 (1ct 0st)", "dspi": 0.214}, {"tt": "in Europe", "sp": "2015-2019", "mt": 15, "in": 15, "pr": "continent=4", "ds": 12, "ct": 12, "st": 0, "ck": 0, "cf": 12, "mds": "2 (2ct 0st)", "dspi": 0.8}, {"tt": "in Oceania", "sp": "2013-2021", "mt": 61, "in": 61, "pr": "continent=5", "ds": 18, "ct": 18, "st": 0, "ck": 0, "cf": 18, "mds": "2 (2ct 0st)", "dspi": 0.295}]}, {"type": "HOME_OR_AWAY", "stats": [{"tt": "home", "sp": "2013-2021", "mt": 56, "in": 56, "pr": "home_or_away=1", "ds": 15, "ct": 15, "st": 0, "ck": 0, "cf": 15, "mds": "2 (2ct 0st)", "dspi": 0.267}, {"tt": "away", "sp": "2012-2020", "mt": 24, "in": 24, "pr": "home_or_away=2", "ds": 12, "ct": 12, "st": 0, "ck": 0, "cf": 12, "mds": "2 (2ct 0st)", "dspi": 0.5}, {"tt": "neutral", "sp": "2017-2019", "mt": 13, "in": 13, "pr": "home_or_away=3", "ds": 7, "ct": 7, "st": 0, "ck": 0, "cf": 7, "mds": "2 (2ct 0st)", "dspi": 0.538}]}, {"type": "YEAR", "stats": [{"tt": "year 2012", "sp": null, "mt": 7, "in": 7, "pr": "year=2012", "ds": 1, "ct": 1, "st": 0, "ck": 0, "cf": 1, "mds": "1 (1ct 0st)", "dspi": 0.142}, {"tt": "year 2013", "sp": null, "mt": 1, "in": 1, "pr": "year=2013", "ds": 0, "ct": 0, "st": 0, "ck": 0, "cf": 0, "mds": "0", "dspi": 0}, {"tt": "year 2014", "sp": null, "mt": 2, "in": 2, "pr": "year=2014", "ds": 0, "ct": 0, "st": 0, "ck": 0, "cf": 0, "mds": "0", "dspi": 0}, {"tt": "year 2015", "sp": null, "mt": 17, "in": 17, "pr": "year=2015", "ds": 4, "ct": 4, "st": 0, "ck": 0, "cf": 4, "mds": "2 (2ct 0st)", "dspi": 0.235}, {"tt": "year 2016", "sp": null, "mt": 14, "in": 14, "pr": "year=2016", "ds": 3, "ct": 3, "st": 0, "ck": 0, "cf": 3, "mds": "1 (1ct 0st)", "dspi": 0.214}, {"tt": "year 2017", "sp": null, "mt": 16, "in": 16, "pr": "year=2017", "ds": 5, "ct": 5, "st": 0, "ck": 0, "cf": 5, "mds": "2 (2ct 0st)", "dspi": 0.312}, {"tt": "year 2018", "sp": null, "mt": 12, "in": 12, "pr": "year=2018", "ds": 3, "ct": 3, "st": 0, "ck": 0, "cf": 3, "mds": "1 (1ct 0st)", "dspi": 0.25}, {"tt": "year 2019", "sp": null, "mt": 20, "in": 20, "pr": "year=2019", "ds": 14, "ct": 14, "st": 0, "ck": 0, "cf": 14, "mds": "2 (2ct 0st)", "dspi": 0.7}, {"tt": "year 2020", "sp": null, "mt": 1, "in": 1, "pr": "year=2020", "ds": 1, "ct": 1, "st": 0, "ck": 0, "cf": 1, "mds": "1 (1ct 0st)", "dspi": 1}, {"tt": "year 2021", "sp": null, "mt": 3, "in": 3, "pr": "year=2021", "ds": 3, "ct": 3, "st": 0, "ck": 0, "cf": 3, "mds": "2 (2ct 0st)", "dspi": 1}]}, {"type": "SEASON", "stats": [{"tt": "season 2012", "sp": null, "mt": 3, "in": 3, "pr": "season=2012", "ds": 1, "ct": 1, "st": 0, "ck": 0, "cf": 1, "mds": "1 (1ct 0st)", "dspi": 0.333}, {"tt": "season 2012/13", "sp": null, "mt": 5, "in": 5, "pr": "season=2012/13", "ds": 0, "ct": 0, "st": 0, "ck": 0, "cf": 0, "mds": "0", "dspi": 0}, {"tt": "season 2014/15", "sp": null, "mt": 17, "in": 17, "pr": "season=2014/15", "ds": 1, "ct": 1, "st": 0, "ck": 0, "cf": 1, "mds": "1 (1ct 0st)", "dspi": 0.058}, {"tt": "season 2015", "sp": null, "mt": 2, "in": 2, "pr": "season=2015", "ds": 3, "ct": 3, "st": 0, "ck": 0, "cf": 3, "mds": "2 (2ct 0st)", "dspi": 1.5}, {"tt": "season 2015/16", "sp": null, "mt": 5, "in": 5, "pr": "season=2015/16", "ds": 0, "ct": 0, "st": 0, "ck": 0, "cf": 0, "mds": "0", "dspi": 0}, {"tt": "season 2016/17", "sp": null, "mt": 16, "in": 16, "pr": "season=2016/17", "ds": 5, "ct": 5, "st": 0, "ck": 0, "cf": 5, "mds": "1 (1ct 0st)", "dspi": 0.312}, {"tt": "season 2017", "sp": null, "mt": 3, "in": 3, "pr": "season=2017", "ds": 2, "ct": 2, "st": 0, "ck": 0, "cf": 2, "mds": "2 (2ct 0st)", "dspi": 0.666}, {"tt": "season 2017/18", "sp": null, "mt": 15, "in": 15, "pr": "season=2017/18", "ds": 3, "ct": 3, "st": 0, "ck": 0, "cf": 3, "mds": "1 (1ct 0st)", "dspi": 0.2}, {"tt": "season 2018/19", "sp": null, "mt": 13, "in": 13, "pr": "season=2018/19", "ds": 8, "ct": 8, "st": 0, "ck": 0, "cf": 8, "mds": "2 (2ct 0st)", "dspi": 0.615}, {"tt": "season 2019", "sp": null, "mt": 10, "in": 10, "pr": "season=2019", "ds": 7, "ct": 7, "st": 0, "ck": 0, "cf": 7, "mds": "2 (2ct 0st)", "dspi": 0.7}, {"tt": "season 2019/20", "sp": null, "mt": 1, "in": 1, "pr": "season=2019/20", "ds": 1, "ct": 1, "st": 0, "ck": 0, "cf": 1, "mds": "1 (1ct 0st)", "dspi": 1}, {"tt": "season 2020/21", "sp": null, "mt": 3, "in": 3, "pr": "season=2020/21", "ds": 3, "ct": 3, "st": 0, "ck": 0, "cf": 3, "mds": "2 (2ct 0st)", "dspi": 1}]}, {"type": "CAPTAINS_INVOLVED", "stats": [{"tt": "*TWM Latham", "sp": "2017-2021", "mt": 7, "in": 7, "pr": "captain_involve=59148", "ds": 4, "ct": 4, "st": 0, "ck": 0, "cf": 4, "mds": "2 (2ct 0st)", "dspi": 0.571}, {"tt": "*BB McCullum", "sp": "2013-2016", "mt": 23, "in": 23, "pr": "captain_involve=10384", "ds": 4, "ct": 4, "st": 0, "ck": 0, "cf": 4, "mds": "2 (2ct 0st)", "dspi": 0.173}, {"tt": "*TG Southee", "sp": "2018-2018", "mt": 1, "in": 1, "pr": "captain_involve=49108", "ds": 0, "ct": 0, "st": 0, "ck": 0, "cf": 0, "mds": "0", "dspi": 0}, {"tt": "*LRPL Taylor", "sp": "2012-2012", "mt": 6, "in": 6, "pr": "captain_involve=44930", "ds": 1, "ct": 1, "st": 0, "ck": 0, "cf": 1, "mds": "1 (1ct 0st)", "dspi": 0.166}, {"tt": "*KS Williamson", "sp": "2012-2020", "mt": 56, "in": 56, "pr": "captain_involve=51088", "ds": 25, "ct": 25, "st": 0, "ck": 0, "cf": 25, "mds": "2 (2ct 0st)", "dspi": 0.446}]}, {"type": "CAPTAIN", "stats": [{"tt": "is not captain", "sp": "2012-2021", "mt": 93, "in": 93, "pr": "captain=0", "ds": 34, "ct": 34, "st": 0, "ck": 0, "cf": 34, "mds": "2 (2ct 0st)", "dspi": 0.365}]}, {"type": "KEEPER", "stats": [{"tt": "is not keeper", "sp": "2012-2021", "mt": 93, "in": 93, "pr": "keeper=0", "ds": 34, "ct": 34, "st": 0, "ck": 0, "cf": 34, "mds": "2 (2ct 0st)", "dspi": 0.365}]}, {"type": "TOSS", "stats": [{"tt": "won the toss", "sp": "2012-2021", "mt": 47, "in": 47, "pr": "toss=1", "ds": 24, "ct": 24, "st": 0, "ck": 0, "cf": 24, "mds": "2 (2ct 0st)", "dspi": 0.51}, {"tt": "lost the toss", "sp": "2012-2020", "mt": 46, "in": 46, "pr": "toss=2", "ds": 10, "ct": 10, "st": 0, "ck": 0, "cf": 10, "mds": "2 (2ct 0st)", "dspi": 0.217}]}, {"type": "BATTING_FIELDING_SEQUENCE_AND_TOSS", "stats": [{"tt": "won toss &amp; batted", "sp": "2012-2021", "mt": 26, "in": 26, "pr": "batting_fielding_first=1;toss=1", "ds": 11, "ct": 11, "st": 0, "ck": 0, "cf": 11, "mds": "2 (2ct 0st)", "dspi": 0.423}, {"tt": "won toss &amp; fielded", "sp": "2012-2021", "mt": 21, "in": 21, "pr": "batting_fielding_first=2;toss=1", "ds": 13, "ct": 13, "st": 0, "ck": 0, "cf": 13, "mds": "2 (2ct 0st)", "dspi": 0.619}, {"tt": "lost toss &amp; sent in", "sp": "2012-2019", "mt": 23, "in": 23, "pr": "batting_fielding_first=1;toss=2", "ds": 4, "ct": 4, "st": 0, "ck": 0, "cf": 4, "mds": "2 (2ct 0st)", "dspi": 0.173}, {"tt": "lost toss &amp; fielded", "sp": "2012-2020", "mt": 23, "in": 23, "pr": "batting_fielding_first=2;toss=2", "ds": 6, "ct": 6, "st": 0, "ck": 0, "cf": 6, "mds": "1 (1ct 0st)", "dspi": 0.26}]}, {"type": "BATTING_FIELDING_SEQUENCE", "stats": [{"tt": "matches batting first", "sp": "2012-2021", "mt": 49, "in": 49, "pr": "batting_fielding_first=1", "ds": 15, "ct": 15, "st": 0, "ck": 0, "cf": 15, "mds": "2 (2ct 0st)", "dspi": 0.306}, {"tt": "matches fielding first", "sp": "2012-2021", "mt": 44, "in": 44, "pr": "batting_fielding_first=2", "ds": 19, "ct": 19, "st": 0, "ck": 0, "cf": 19, "mds": "2 (2ct 0st)", "dspi": 0.431}]}, {"type": "TEAM_INNINGS", "stats": [{"tt": "1st team innings", "sp": "2012-2021", "mt": 93, "in": 93, "pr": "innings_number=2;innings_number=1", "ds": 34, "ct": 34, "st": 0, "ck": 0, "cf": 34, "mds": "2 (2ct 0st)", "dspi": 0.365}]}, {"type": "MATCH_INNINGS", "stats": [{"tt": "1st match innings", "sp": "2012-2021", "mt": 44, "in": 44, "pr": "innings_number=1", "ds": 19, "ct": 19, "st": 0, "ck": 0, "cf": 19, "mds": "2 (2ct 0st)", "dspi": 0.431}, {"tt": "2nd match innings", "sp": "2012-2021", "mt": 49, "in": 49, "pr": "innings_number=2", "ds": 15, "ct": 15, "st": 0, "ck": 0, "cf": 15, "mds": "2 (2ct 0st)", "dspi": 0.306}]}, {"type": "FLOODLIT", "stats": [{"tt": "day match", "sp": "2012-2021", "mt": 40, "in": 40, "pr": "floodlit=1", "ds": 14, "ct": 14, "st": 0, "ck": 0, "cf": 14, "mds": "2 (2ct 0st)", "dspi": 0.35}, {"tt": "day/night match", "sp": "2012-2021", "mt": 53, "in": 53, "pr": "floodlit=2", "ds": 20, "ct": 20, "st": 0, "ck": 0, "cf": 20, "mds": "2 (2ct 0st)", "dspi": 0.377}]}, {"type": "RESULT", "stats": [{"tt": "won match", "sp": "2012-2021", "mt": 53, "in": 53, "pr": "result=1", "ds": 23, "ct": 23, "st": 0, "ck": 0, "cf": 23, "mds": "2 (2ct 0st)", "dspi": 0.433}, {"tt": "lost match", "sp": "2012-2020", "mt": 36, "in": 36, "pr": "result=2", "ds": 10, "ct": 10, "st": 0, "ck": 0, "cf": 10, "mds": "2 (2ct 0st)", "dspi": 0.277}, {"tt": "tied match", "sp": "2019-2019", "mt": 1, "in": 1, "pr": "result=3", "ds": 1, "ct": 1, "st": 0, "ck": 0, "cf": 1, "mds": "1 (1ct 0st)", "dspi": 1}, {"tt": "no result", "sp": "2012-2018", "mt": 3, "in": 3, "pr": "result=5", "ds": 0, "ct": 0, "st": 0, "ck": 0, "cf": 0, "mds": "0", "dspi": 0}]}, {"type": "BATTING_FIELDING_SEQUENCE_AND_RESULT", "stats": [{"tt": "won batting first", "sp": "2012-2021", "mt": 28, "in": 28, "pr": "batting_fielding_first=1;result=1", "ds": 12, "ct": 12, "st": 0, "ck": 0, "cf": 12, "mds": "2 (2ct 0st)", "dspi": 0.428}, {"tt": "won fielding first", "sp": "2015-2021", "mt": 25, "in": 25, "pr": "batting_fielding_first=2;result=1", "ds": 11, "ct": 11, "st": 0, "ck": 0, "cf": 11, "mds": "2 (2ct 0st)", "dspi": 0.44}, {"tt": "lost batting first", "sp": "2012-2019", "mt": 19, "in": 19, "pr": "batting_fielding_first=1;result=2", "ds": 2, "ct": 2, "st": 0, "ck": 0, "cf": 2, "mds": "1 (1ct 0st)", "dspi": 0.105}, {"tt": "lost fielding first", "sp": "2012-2020", "mt": 17, "in": 17, "pr": "batting_fielding_first=2;result=2", "ds": 8, "ct": 8, "st": 0, "ck": 0, "cf": 8, "mds": "2 (2ct 0st)", "dspi": 0.47}, {"tt": "tied batting first", "sp": "2019-2019", "mt": 1, "in": 1, "pr": "batting_fielding_first=1;result=3", "ds": 1, "ct": 1, "st": 0, "ck": 0, "cf": 1, "mds": "1 (1ct 0st)", "dspi": 1}, {"tt": "no result batting first", "sp": "2017-2017", "mt": 1, "in": 1, "pr": "batting_fielding_first=1;result=5", "ds": 0, "ct": 0, "st": 0, "ck": 0, "cf": 0, "mds": "0", "dspi": 0}, {"tt": "no result fielding first", "sp": "2012-2018", "mt": 2, "in": 2, "pr": "batting_fielding_first=2;result=5", "ds": 0, "ct": 0, "st": 0, "ck": 0, "cf": 0, "mds": "0", "dspi": 0}]}, {"type": "TOURNAMENT_TYPE", "stats": [{"tt": "2 team series", "sp": "2012-2021", "mt": 72, "in": 72, "pr": "tournament_type=2", "ds": 24, "ct": 24, "st": 0, "ck": 0, "cf": 24, "mds": "2 (2ct 0st)", "dspi": 0.333}, {"tt": "5+ team tournaments", "sp": "2015-2021", "mt": 25, "in": 25, "pr": "tournament_type=5", "ds": 13, "ct": 13, "st": 0, "ck": 0, "cf": 13, "mds": "2 (2ct 0st)", "dspi": 0.52}]}, {"type": "MATCH_NUMBER", "stats": [{"tt": "only match in series", "sp": "2015-2015", "mt": 1, "in": 1, "pr": "match_number=0", "ds": 0, "ct": 0, "st": 0, "ck": 0, "cf": 0, "mds": "0", "dspi": 0}, {"tt": "1st match in series", "sp": "2014-2021", "mt": 20, "in": 20, "pr": "match_number=1", "ds": 9, "ct": 9, "st": 0, "ck": 0, "cf": 9, "mds": "1 (1ct 0st)", "dspi": 0.45}, {"tt": "2nd match in series", "sp": "2012-2021", "mt": 20, "in": 20, "pr": "match_number=2", "ds": 5, "ct": 5, "st": 0, "ck": 0, "cf": 5, "mds": "2 (2ct 0st)", "dspi": 0.25}, {"tt": "3rd match in series", "sp": "2012-2021", "mt": 15, "in": 15, "pr": "match_number=3", "ds": 4, "ct": 4, "st": 0, "ck": 0, "cf": 4, "mds": "2 (2ct 0st)", "dspi": 0.266}, {"tt": "4th match in series", "sp": "2012-2019", "mt": 7, "in": 7, "pr": "match_number=4", "ds": 4, "ct": 4, "st": 0, "ck": 0, "cf": 4, "mds": "2 (2ct 0st)", "dspi": 0.571}, {"tt": "5th match in series", "sp": "2012-2019", "mt": 8, "in": 8, "pr": "match_number=5", "ds": 2, "ct": 2, "st": 0, "ck": 0, "cf": 2, "mds": "1 (1ct 0st)", "dspi": 0.25}, {"tt": "6th match in series", "sp": "2015-2015", "mt": 1, "in": 1, "pr": "match_number=6", "ds": 0, "ct": 0, "st": 0, "ck": 0, "cf": 0, "mds": "0", "dspi": 0}]}, {"type": "MAJOR_TROPHY", "stats": [{"tt": "World Cup", "sp": "2015-2019", "mt": 19, "in": 19, "pr": "trophy=12", "ds": 8, "ct": 8, "st": 0, "ck": 0, "cf": 8, "mds": "2 (2ct 0st)", "dspi": 0.421}, {"tt": "Chappell-Hadlee", "sp": "2015-2020", "mt": 9, "in": 9, "pr": "trophy=65", "ds": 3, "ct": 3, "st": 0, "ck": 0, "cf": 3, "mds": "1 (1ct 0st)", "dspi": 0.333}, {"tt": "ICC Champions Trophy", "sp": "2017-2017", "mt": 3, "in": 3, "pr": "trophy=44", "ds": 2, "ct": 2, "st": 0, "ck": 0, "cf": 2, "mds": "2 (2ct 0st)", "dspi": 0.666}]}, {"type": "FINAL_TYPE", "stats": [{"tt": "tournament finals", "sp": "2015-2019", "mt": 2, "in": 2, "pr": "final_type=1", "ds": 2, "ct": 2, "st": 0, "ck": 0, "cf": 2, "mds": "1 (1ct 0st)", "dspi": 1}, {"tt": "tournament semi-finals", "sp": "2015-2019", "mt": 2, "in": 2, "pr": "final_type=3", "ds": 0, "ct": 0, "st": 0, "ck": 0, "cf": 0, "mds": "0", "dspi": 0}, {"tt": "tournament quarter-finals", "sp": "2015-2015", "mt": 1, "in": 1, "pr": "final_type=4", "ds": 0, "ct": 0, "st": 0, "ck": 0, "cf": 0, "mds": "0", "dspi": 0}, {"tt": "preliminary matches", "sp": "2015-2021", "mt": 20, "in": 20, "pr": "final_type=0", "ds": 11, "ct": 11, "st": 0, "ck": 0, "cf": 11, "mds": "2 (2ct 0st)", "dspi": 0.55}]}]}}