{"summary": {"recordClassId": 2, "type": "BATTING", "groups": [{"type": "CAREER_AVERAGES", "stats": [{"tt": "overview", "sp": "2012-2021", "mt": 93, "in": 40, "pr": null, "rn": 159, "fo": 15, "si": 6, "ft": 0, "hn": 0, "bf": 213, "dk": 1, "no": 23, "hs": "21*", "bta": 9.35, "btsr": 74.64}]}, {"type": "OPPOSITION_TEAM", "stats": [{"tt": "vs Afghanistan", "sp": "2015-2019", "mt": 2, "in": null, "pr": "opposition=40", "rn": null, "fo": null, "si": null, "ft": null, "hn": null, "bf": null, "dk": null, "no": null, "hs": null, "bta": null, "btsr": null}, {"tt": "vs Australia", "sp": "2015-2020", "mt": 12, "in": 11, "pr": "opposition=2", "rn": 30, "fo": 3, "si": 1, "ft": 0, "hn": 0, "bf": 40, "dk": 1, "no": 8, "hs": "16*", "bta": 10, "btsr": 75}, {"tt": "vs Bangladesh", "sp": "2015-2021", "mt": 11, "in": 1, "pr": "opposition=25", "rn": 12, "fo": 2, "si": 0, "ft": 0, "hn": 0, "bf": 12, "dk": 0, "no": 0, "hs": "12", "bta": 12, "btsr": 100}, {"tt": "vs England", "sp": "2013-2019", "mt": 12, "in": 7, "pr": "opposition=1", "rn": 10, "fo": 1, "si": 0, "ft": 0, "hn": 0, "bf": 16, "dk": 0, "no": 4, "hs": "4", "bta": 3.33, "btsr": 62.5}, {"tt": "vs India", "sp": "2016-2019", "mt": 13, "in": 9, "pr": "opposition=6", "rn": 26, "fo": 2, "si": 1, "ft": 0, "hn": 0, "bf": 38, "dk": 0, "no": 5, "hs": "10*", "bta": 6.5, "btsr": 68.42}, {"tt": "vs Pakistan", "sp": "2015-2019", "mt": 12, "in": 4, "pr": "opposition=7", "rn": 26, "fo": 3, "si": 1, "ft": 0, "hn": 0, "bf": 16, "dk": 0, "no": 2, "hs": "13", "bta": 13, "btsr": 162.5}, {"tt": "vs Scotland", "sp": "2015-2015", "mt": 1, "in": null, "pr": "opposition=30", "rn": null, "fo": null, "si": null, "ft": null, "hn": null, "bf": null, "dk": null, "no": null, "hs": null, "bta": null, "btsr": null}, {"tt": "vs South Africa", "sp": "2014-2019", "mt": 9, "in": 4, "pr": "opposition=3", "rn": 35, "fo": 4, "si": 1, "ft": 0, "hn": 0, "bf": 73, "dk": 0, "no": 2, "hs": "21*", "bta": 17.5, "btsr": 47.94}, {"tt": "vs Sri Lanka", "sp": "2012-2019", "mt": 13, "in": 1, "pr": "opposition=8", "rn": 13, "fo": 0, "si": 2, "ft": 0, "hn": 0, "bf": 6, "dk": 0, "no": 0, "hs": "13", "bta": 13, "btsr": 216.66}, {"tt": "vs West Indies", "sp": "2012-2019", "mt": 8, "in": 3, "pr": "opposition=4", "rn": 7, "fo": 0, "si": 0, "ft": 0, "hn": 0, "bf": 12, "dk": 0, "no": 2, "hs": "5", "bta": 7, "btsr": 58.33}]}, {"type": "HOST_COUNTRY", "stats": [{"tt": "in Australia", "sp": "2015-2020", "mt": 5, "in": 5, "pr": "host=2", "rn": 9, "fo": 1, "si": 0, "ft": 0, "hn": 0, "bf": 19, "dk": 0, "no": 3, "hs": "5", "bta": 4.5, "btsr": 47.36}, {"tt": "in England", "sp": "2015-2019", "mt": 15, "in": 7, "pr": "host=1", "rn": 10, "fo": 1, "si": 0, "ft": 0, "hn": 0, "bf": 21, "dk": 1, "no": 5, "hs": "4", "bta": 5, "btsr": 47.61}, {"tt": "in India", "sp": "2016-2017", "mt": 7, "in": 4, "pr": "host=6", "rn": 9, "fo": 1, "si": 0, "ft": 0, "hn": 0, "bf": 14, "dk": 0, "no": 3, "hs": "5*", "bta": 9, "btsr": 64.28}, {"tt": "in New Zealand", "sp": "2013-2021", "mt": 56, "in": 19, "pr": "host=5", "rn": 115, "fo": 12, "si": 5, "ft": 0, "hn": 0, "bf": 141, "dk": 0, "no": 9, "hs": "21*", "bta": 11.5, "btsr": 81.56}, {"tt": "in Sri Lanka", "sp": "2012-2012", "mt": 4, "in": null, "pr": "host=8", "rn": null, "fo": null, "si": null, "ft": null, "hn": null, "bf": null, "dk": null, "no": null, "hs": null, "bta": null, "btsr": null}, {"tt": "in U.A.E.", "sp": "2018-2018", "mt": 3, "in": 2, "pr": "host=27", "rn": 9, "fo": 0, "si": 1, "ft": 0, "hn": 0, "bf": 6, "dk": 0, "no": 1, "hs": "8*", "bta": 9, "btsr": 150}, {"tt": "in West Indies", "sp": "2012-2012", "mt": 3, "in": 3, "pr": "host=4", "rn": 7, "fo": 0, "si": 0, "ft": 0, "hn": 0, "bf": 12, "dk": 0, "no": 2, "hs": "5", "bta": 7, "btsr": 58.33}]}, {"type": "CONTINENT", "stats": [{"tt": "in Americas", "sp": "2012-2012", "mt": 3, "in": 3, "pr": "continent=3", "rn": 7, "fo": 0, "si": 0, "ft": 0, "hn": 0, "bf": 12, "dk": 0, "no": 2, "hs": "5", "bta": 7, "btsr": 58.33}, {"tt": "in Asia", "sp": "2012-2018", "mt": 14, "in": 6, "pr": "continent=2", "rn": 18, "fo": 1, "si": 1, "ft": 0, "hn": 0, "bf": 20, "dk": 0, "no": 4, "hs": "8*", "bta": 9, "btsr": 90}, {"tt": "in Europe", "sp": "2015-2019", "mt": 15, "in": 7, "pr": "continent=4", "rn": 10, "fo": 1, "si": 0, "ft": 0, "hn": 0, "bf": 21, "dk": 1, "no": 5, "hs": "4", "bta": 5, "btsr": 47.61}, {"tt": "in Oceania", "sp": "2013-2021", "mt": 61, "in": 24, "pr": "continent=5", "rn": 124, "fo": 13, "si": 5, "ft": 0, "hn": 0, "bf": 160, "dk": 0, "no": 12, "hs": "21*", "bta": 10.33, "btsr": 77.5}]}, {"type": "HOME_OR_AWAY", "stats": [{"tt": "home", "sp": "2013-2021", "mt": 56, "in": 19, "pr": "home_or_away=1", "rn": 115, "fo": 12, "si": 5, "ft": 0, "hn": 0, "bf": 141, "dk": 0, "no": 9, "hs": "21*", "bta": 11.5, "btsr": 81.56}, {"tt": "away", "sp": "2012-2020", "mt": 24, "in": 16, "pr": "home_or_away=2", "rn": 30, "fo": 3, "si": 0, "ft": 0, "hn": 0, "bf": 54, "dk": 0, "no": 11, "hs": "5*", "bta": 6, "btsr": 55.55}, {"tt": "neutral", "sp": "2017-2019", "mt": 13, "in": 5, "pr": "home_or_away=3", "rn": 14, "fo": 0, "si": 1, "ft": 0, "hn": 0, "bf": 18, "dk": 1, "no": 3, "hs": "8*", "bta": 7, "btsr": 77.77}]}, {"type": "YEAR", "stats": [{"tt": "year 2012", "sp": null, "mt": 7, "in": 3, "pr": "year=2012", "rn": 7, "fo": 0, "si": 0, "ft": 0, "hn": 0, "bf": 12, "dk": 0, "no": 2, "hs": "5", "bta": 7, "btsr": 58.33}, {"tt": "year 2013", "sp": null, "mt": 1, "in": 1, "pr": "year=2013", "rn": 1, "fo": 0, "si": 0, "ft": 0, "hn": 0, "bf": 2, "dk": 0, "no": 0, "hs": "1", "bta": 1, "btsr": 50}, {"tt": "year 2014", "sp": null, "mt": 2, "in": 2, "pr": "year=2014", "rn": 31, "fo": 4, "si": 1, "ft": 0, "hn": 0, "bf": 46, "dk": 0, "no": 1, "hs": "21*", "bta": 31, "btsr": 67.39}, {"tt": "year 2015", "sp": null, "mt": 17, "in": 4, "pr": "year=2015", "rn": 13, "fo": 0, "si": 2, "ft": 0, "hn": 0, "bf": 9, "dk": 0, "no": 3, "hs": "13", "bta": 13, "btsr": 144.44}, {"tt": "year 2016", "sp": null, "mt": 14, "in": 9, "pr": "year=2016", "rn": 29, "fo": 4, "si": 0, "ft": 0, "hn": 0, "bf": 41, "dk": 0, "no": 6, "hs": "12", "bta": 9.66, "btsr": 70.73}, {"tt": "year 2017", "sp": null, "mt": 16, "in": 7, "pr": "year=2017", "rn": 23, "fo": 2, "si": 1, "ft": 0, "hn": 0, "bf": 39, "dk": 1, "no": 5, "hs": "16*", "bta": 11.5, "btsr": 58.97}, {"tt": "year 2018", "sp": null, "mt": 12, "in": 5, "pr": "year=2018", "rn": 26, "fo": 2, "si": 1, "ft": 0, "hn": 0, "bf": 20, "dk": 0, "no": 2, "hs": "13", "bta": 8.66, "btsr": 130}, {"tt": "year 2019", "sp": null, "mt": 20, "in": 8, "pr": "year=2019", "rn": 24, "fo": 2, "si": 1, "ft": 0, "hn": 0, "bf": 40, "dk": 0, "no": 4, "hs": "10*", "bta": 6, "btsr": 60}, {"tt": "year 2020", "sp": null, "mt": 1, "in": 1, "pr": "year=2020", "rn": 5, "fo": 1, "si": 0, "ft": 0, "hn": 0, "bf": 4, "dk": 0, "no": 0, "hs": "5", "bta": 5, "btsr": 125}, {"tt": "year 2021", "sp": null, "mt": 3, "in": null, "pr": "year=2021", "rn": null, "fo": null, "si": null, "ft": null, "hn": null, "bf": null, "dk": null, "no": null, "hs": null, "bta": null, "btsr": null}]}, {"type": "SEASON", "stats": [{"tt": "season 2012", "sp": null, "mt": 3, "in": 3, "pr": "season=2012", "rn": 7, "fo": 0, "si": 0, "ft": 0, "hn": 0, "bf": 12, "dk": 0, "no": 2, "hs": "5", "bta": 7, "btsr": 58.33}, {"tt": "season 2012/13", "sp": null, "mt": 5, "in": 1, "pr": "season=NaN", "rn": 1, "fo": 0, "si": 0, "ft": 0, "hn": 0, "bf": 2, "dk": 0, "no": 0, "hs": "1", "bta": 1, "btsr": 50}, {"tt": "season 2014/15", "sp": null, "mt": 17, "in": 5, "pr": "season=NaN", "rn": 44, "fo": 4, "si": 3, "ft": 0, "hn": 0, "bf": 55, "dk": 0, "no": 3, "hs": "21*", "bta": 22, "btsr": 80}, {"tt": "season 2015", "sp": null, "mt": 2, "in": 1, "pr": "season=2015", "rn": 0, "fo": 0, "si": 0, "ft": 0, "hn": 0, "bf": 0, "dk": 0, "no": 1, "hs": "0*", "bta": null, "btsr": null}, {"tt": "season 2015/16", "sp": null, "mt": 5, "in": 2, "pr": "season=NaN", "rn": 6, "fo": 1, "si": 0, "ft": 0, "hn": 0, "bf": 3, "dk": 0, "no": 2, "hs": "4*", "bta": null, "btsr": 200}, {"tt": "season 2016/17", "sp": null, "mt": 16, "in": 11, "pr": "season=NaN", "rn": 44, "fo": 5, "si": 1, "ft": 0, "hn": 0, "bf": 73, "dk": 0, "no": 7, "hs": "16*", "bta": 11, "btsr": 60.27}, {"tt": "season 2017", "sp": null, "mt": 3, "in": 2, "pr": "season=2017", "rn": 0, "fo": 0, "si": 0, "ft": 0, "hn": 0, "bf": 2, "dk": 1, "no": 1, "hs": "0*", "bta": 0, "btsr": 0}, {"tt": "season 2017/18", "sp": null, "mt": 15, "in": 4, "pr": "season=NaN", "rn": 19, "fo": 2, "si": 0, "ft": 0, "hn": 0, "bf": 16, "dk": 0, "no": 2, "hs": "13", "bta": 9.5, "btsr": 118.75}, {"tt": "season 2018/19", "sp": null, "mt": 13, "in": 6, "pr": "season=NaN", "rn": 23, "fo": 1, "si": 2, "ft": 0, "hn": 0, "bf": 27, "dk": 0, "no": 2, "hs": "10*", "bta": 5.75, "btsr": 85.18}, {"tt": "season 2019", "sp": null, "mt": 10, "in": 4, "pr": "season=2019", "rn": 10, "fo": 1, "si": 0, "ft": 0, "hn": 0, "bf": 19, "dk": 0, "no": 3, "hs": "4", "bta": 10, "btsr": 52.63}, {"tt": "season 2019/20", "sp": null, "mt": 1, "in": 1, "pr": "season=NaN", "rn": 5, "fo": 1, "si": 0, "ft": 0, "hn": 0, "bf": 4, "dk": 0, "no": 0, "hs": "5", "bta": 5, "btsr": 125}, {"tt": "season 2020/21", "sp": null, "mt": 3, "in": null, "pr": "season=NaN", "rn": null, "fo": null, "si": null, "ft": null, "hn": null, "bf": null, "dk": null, "no": null, "hs": null, "bta": null, "btsr": null}]}, {"type": "CAPTAINS_INVOLVED", "stats": [{"tt": "*TWM Latham", "sp": "2017-2021", "mt": 7, "in": null, "pr": "captain_involve=59148", "rn": null, "fo": null, "si": null, "ft": null, "hn": null, "bf": null, "dk": null, "no": null, "hs": null, "bta": null, "btsr": null}, {"tt": "*BB McCullum", "sp": "2013-2016", "mt": 23, "in": 8, "pr": "captain_involve=10384", "rn": 47, "fo": 4, "si": 3, "ft": 0, "hn": 0, "bf": 59, "dk": 0, "no": 5, "hs": "21*", "bta": 15.66, "btsr": 79.66}, {"tt": "*TG Southee", "sp": "2018-2018", "mt": 1, "in": 1, "pr": "captain_involve=49108", "rn": 2, "fo": 0, "si": 0, "ft": 0, "hn": 0, "bf": 3, "dk": 0, "no": 0, "hs": "2", "bta": 2, "btsr": 66.66}, {"tt": "*LRPL Taylor", "sp": "2012-2012", "mt": 6, "in": 2, "pr": "captain_involve=44930", "rn": 6, "fo": 0, "si": 0, "ft": 0, "hn": 0, "bf": 10, "dk": 0, "no": 1, "hs": "5", "bta": 6, "btsr": 60}, {"tt": "*KS Williamson", "sp": "2012-2020", "mt": 56, "in": 29, "pr": "captain_involve=51088", "rn": 104, "fo": 11, "si": 3, "ft": 0, "hn": 0, "bf": 141, "dk": 1, "no": 17, "hs": "16*", "bta": 8.66, "btsr": 73.75}]}, {"type": "CAPTAIN", "stats": [{"tt": "is not captain", "sp": "2012-2021", "mt": 93, "in": 40, "pr": "captain=0", "rn": 159, "fo": 15, "si": 6, "ft": 0, "hn": 0, "bf": 213, "dk": 1, "no": 23, "hs": "21*", "bta": 9.35, "btsr": 74.64}]}, {"type": "KEEPER", "stats": [{"tt": "is not keeper", "sp": "2012-2021", "mt": 93, "in": 40, "pr": "keeper=0", "rn": 159, "fo": 15, "si": 6, "ft": 0, "hn": 0, "bf": 213, "dk": 1, "no": 23, "hs": "21*", "bta": 9.35, "btsr": 74.64}]}, {"type": "TOSS", "stats": [{"tt": "won the toss", "sp": "2012-2021", "mt": 47, "in": 17, "pr": "toss=1", "rn": 59, "fo": 4, "si": 3, "ft": 0, "hn": 0, "bf": 67, "dk": 1, "no": 10, "hs": "13", "bta": 8.42, "btsr": 88.05}, {"tt": "lost the toss", "sp": "2012-2020", "mt": 46, "in": 23, "pr": "toss=2", "rn": 100, "fo": 11, "si": 3, "ft": 0, "hn": 0, "bf": 146, "dk": 0, "no": 13, "hs": "21*", "bta": 10, "btsr": 68.49}]}, {"type": "BATTING_FIELDING_SEQUENCE_AND_TOSS", "stats": [{"tt": "won toss &amp; batted", "sp": "2012-2021", "mt": 26, "in": 13, "pr": "batting_fielding_first=1;toss=1", "rn": 47, "fo": 2, "si": 3, "ft": 0, "hn": 0, "bf": 48, "dk": 1, "no": 7, "hs": "13", "bta": 7.83, "btsr": 97.91}, {"tt": "won toss &amp; fielded", "sp": "2012-2021", "mt": 21, "in": 4, "pr": "batting_fielding_first=2;toss=1", "rn": 12, "fo": 2, "si": 0, "ft": 0, "hn": 0, "bf": 19, "dk": 0, "no": 3, "hs": "10", "bta": 12, "btsr": 63.15}, {"tt": "lost toss &amp; sent in", "sp": "2012-2019", "mt": 23, "in": 11, "pr": "batting_fielding_first=1;toss=2", "rn": 65, "fo": 8, "si": 2, "ft": 0, "hn": 0, "bf": 81, "dk": 0, "no": 7, "hs": "21*", "bta": 16.25, "btsr": 80.24}, {"tt": "lost toss &amp; fielded", "sp": "2012-2020", "mt": 23, "in": 12, "pr": "batting_fielding_first=2;toss=2", "rn": 35, "fo": 3, "si": 1, "ft": 0, "hn": 0, "bf": 65, "dk": 0, "no": 6, "hs": "10*", "bta": 5.83, "btsr": 53.84}]}, {"type": "BATTING_FIELDING_SEQUENCE", "stats": [{"tt": "matches batting first", "sp": "2012-2021", "mt": 49, "in": 24, "pr": "batting_fielding_first=1", "rn": 112, "fo": 10, "si": 5, "ft": 0, "hn": 0, "bf": 129, "dk": 1, "no": 14, "hs": "21*", "bta": 11.2, "btsr": 86.82}, {"tt": "matches fielding first", "sp": "2012-2021", "mt": 44, "in": 16, "pr": "batting_fielding_first=2", "rn": 47, "fo": 5, "si": 1, "ft": 0, "hn": 0, "bf": 84, "dk": 0, "no": 9, "hs": "10*", "bta": 6.71, "btsr": 55.95}]}, {"type": "TEAM_INNINGS", "stats": [{"tt": "1st team innings", "sp": "2012-2021", "mt": 92, "in": 40, "pr": null, "rn": 159, "fo": 15, "si": 6, "ft": 0, "hn": 0, "bf": 213, "dk": 1, "no": 23, "hs": "21*", "bta": 9.35, "btsr": 74.64}]}, {"type": "MATCH_INNINGS", "stats": [{"tt": "1st match innings", "sp": "2012-2021", "mt": 49, "in": 24, "pr": "innings_number=1", "rn": 112, "fo": 10, "si": 5, "ft": 0, "hn": 0, "bf": 129, "dk": 1, "no": 14, "hs": "21*", "bta": 11.2, "btsr": 86.82}, {"tt": "2nd match innings", "sp": "2012-2021", "mt": 43, "in": 16, "pr": "innings_number=2", "rn": 47, "fo": 5, "si": 1, "ft": 0, "hn": 0, "bf": 84, "dk": 0, "no": 9, "hs": "10*", "bta": 6.71, "btsr": 55.95}]}, {"type": "FLOODLIT", "stats": [{"tt": "day match", "sp": "2012-2021", "mt": 40, "in": 16, "pr": "floodlit=1", "rn": 94, "fo": 12, "si": 2, "ft": 0, "hn": 0, "bf": 104, "dk": 1, "no": 10, "hs": "21*", "bta": 15.66, "btsr": 90.38}, {"tt": "day/night match", "sp": "2012-2021", "mt": 53, "in": 24, "pr": "floodlit=2", "rn": 65, "fo": 3, "si": 4, "ft": 0, "hn": 0, "bf": 109, "dk": 0, "no": 13, "hs": "13", "bta": 5.9, "btsr": 59.63}]}, {"type": "RESULT", "stats": [{"tt": "won match", "sp": "2012-2021", "mt": 53, "in": 10, "pr": "result=1", "rn": 63, "fo": 8, "si": 2, "ft": 0, "hn": 0, "bf": 44, "dk": 0, "no": 8, "hs": "16*", "bta": 31.5, "btsr": 143.18}, {"tt": "lost match", "sp": "2012-2020", "mt": 36, "in": 28, "pr": "result=2", "rn": 95, "fo": 7, "si": 4, "ft": 0, "hn": 0, "bf": 165, "dk": 0, "no": 14, "hs": "21*", "bta": 6.78, "btsr": 57.57}, {"tt": "tied match", "sp": "2019-2019", "mt": 1, "in": 1, "pr": "result=3", "rn": 1, "fo": 0, "si": 0, "ft": 0, "hn": 0, "bf": 2, "dk": 0, "no": 1, "hs": "1*", "bta": null, "btsr": 50}, {"tt": "no result", "sp": "2012-2018", "mt": 3, "in": 1, "pr": "result=5", "rn": 0, "fo": 0, "si": 0, "ft": 0, "hn": 0, "bf": 2, "dk": 1, "no": 0, "hs": "0", "bta": 0, "btsr": 0}]}, {"type": "BATTING_FIELDING_SEQUENCE_AND_RESULT", "stats": [{"tt": "won batting first", "sp": "2012-2021", "mt": 28, "in": 9, "pr": "batting_fielding_first=1;result=1", "rn": 63, "fo": 8, "si": 2, "ft": 0, "hn": 0, "bf": 42, "dk": 0, "no": 7, "hs": "16*", "bta": 31.5, "btsr": 150}, {"tt": "won fielding first", "sp": "2015-2021", "mt": 25, "in": 1, "pr": "batting_fielding_first=2;result=1", "rn": 0, "fo": 0, "si": 0, "ft": 0, "hn": 0, "bf": 2, "dk": 0, "no": 1, "hs": "0*", "bta": null, "btsr": 0}, {"tt": "lost batting first", "sp": "2012-2019", "mt": 19, "in": 13, "pr": "batting_fielding_first=1;result=2", "rn": 48, "fo": 2, "si": 3, "ft": 0, "hn": 0, "bf": 83, "dk": 0, "no": 6, "hs": "21*", "bta": 6.85, "btsr": 57.83}, {"tt": "lost fielding first", "sp": "2012-2020", "mt": 17, "in": 15, "pr": "batting_fielding_first=2;result=2", "rn": 47, "fo": 5, "si": 1, "ft": 0, "hn": 0, "bf": 82, "dk": 0, "no": 8, "hs": "10*", "bta": 6.71, "btsr": 57.31}, {"tt": "tied batting first", "sp": "2019-2019", "mt": 1, "in": 1, "pr": "batting_fielding_first=1;result=3", "rn": 1, "fo": 0, "si": 0, "ft": 0, "hn": 0, "bf": 2, "dk": 0, "no": 1, "hs": "1*", "bta": null, "btsr": 50}, {"tt": "no result batting first", "sp": "2017-2017", "mt": 1, "in": 1, "pr": "batting_fielding_first=1;result=5", "rn": 0, "fo": 0, "si": 0, "ft": 0, "hn": 0, "bf": 2, "dk": 1, "no": 0, "hs": "0", "bta": 0, "btsr": 0}, {"tt": "no result fielding first", "sp": "2012-2018", "mt": 2, "in": null, "pr": "batting_fielding_first=2;result=5", "rn": null, "fo": null, "si": null, "ft": null, "hn": null, "bf": null, "dk": null, "no": null, "hs": null, "bta": null, "btsr": null}]}, {"type": "TOURNAMENT_TYPE", "stats": [{"tt": "2 team series", "sp": "2012-2021", "mt": 72, "in": 33, "pr": "tournament_type=2", "rn": 149, "fo": 14, "si": 6, "ft": 0, "hn": 0, "bf": 191, "dk": 0, "no": 18, "hs": "21*", "bta": 9.93, "btsr": 78.01}, {"tt": "5+ team tournaments", "sp": "2015-2021", "mt": 25, "in": 8, "pr": "tournament_type=5", "rn": 10, "fo": 1, "si": 0, "ft": 0, "hn": 0, "bf": 24, "dk": 1, "no": 6, "hs": "4", "bta": 5, "btsr": 41.66}]}, {"type": "MATCH_NUMBER", "stats": [{"tt": "only match in series", "sp": "2015-2015", "mt": 1, "in": 1, "pr": "match_number=0", "rn": 0, "fo": 0, "si": 0, "ft": 0, "hn": 0, "bf": 2, "dk": 0, "no": 1, "hs": "0*", "bta": null, "btsr": 0}, {"tt": "1st match in series", "sp": "2014-2021", "mt": 20, "in": 8, "pr": "match_number=1", "rn": 56, "fo": 6, "si": 3, "ft": 0, "hn": 0, "bf": 59, "dk": 0, "no": 6, "hs": "21*", "bta": 28, "btsr": 94.91}, {"tt": "2nd match in series", "sp": "2012-2021", "mt": 20, "in": 11, "pr": "match_number=2", "rn": 60, "fo": 6, "si": 3, "ft": 0, "hn": 0, "bf": 57, "dk": 0, "no": 5, "hs": "13", "bta": 10, "btsr": 105.26}, {"tt": "3rd match in series", "sp": "2012-2021", "mt": 15, "in": 7, "pr": "match_number=3", "rn": 23, "fo": 2, "si": 0, "ft": 0, "hn": 0, "bf": 41, "dk": 0, "no": 2, "hs": "13", "bta": 4.6, "btsr": 56.09}, {"tt": "4th match in series", "sp": "2012-2019", "mt": 7, "in": 1, "pr": "match_number=4", "rn": 1, "fo": 0, "si": 0, "ft": 0, "hn": 0, "bf": 2, "dk": 0, "no": 1, "hs": "1*", "bta": null, "btsr": 50}, {"tt": "5th match in series", "sp": "2012-2019", "mt": 8, "in": 5, "pr": "match_number=5", "rn": 9, "fo": 0, "si": 0, "ft": 0, "hn": 0, "bf": 30, "dk": 0, "no": 3, "hs": "5", "bta": 4.5, "btsr": 30}, {"tt": "6th match in series", "sp": "2015-2015", "mt": 1, "in": null, "pr": "match_number=6", "rn": null, "fo": null, "si": null, "ft": null, "hn": null, "bf": null, "dk": null, "no": null, "hs": null, "bta": null, "btsr": null}]}, {"type": "MAJOR_TROPHY", "stats": [{"tt": "World Cup", "sp": "2015-2019", "mt": 19, "in": 6, "pr": "trophy=12", "rn": 10, "fo": 1, "si": 0, "ft": 0, "hn": 0, "bf": 22, "dk": 0, "no": 5, "hs": "4", "bta": 10, "btsr": 45.45}, {"tt": "Chappell-Hadlee", "sp": "2015-2020", "mt": 9, "in": 8, "pr": "trophy=65", "rn": 28, "fo": 3, "si": 1, "ft": 0, "hn": 0, "bf": 30, "dk": 0, "no": 6, "hs": "16*", "bta": 14, "btsr": 93.33}, {"tt": "ICC Champions Trophy", "sp": "2017-2017", "mt": 3, "in": 2, "pr": "trophy=44", "rn": 0, "fo": 0, "si": 0, "ft": 0, "hn": 0, "bf": 2, "dk": 1, "no": 1, "hs": "0*", "bta": 0, "btsr": 0}]}, {"type": "FINAL_TYPE", "stats": [{"tt": "tournament finals", "sp": "2015-2019", "mt": 2, "in": 2, "pr": "final_type=1", "rn": 1, "fo": 0, "si": 0, "ft": 0, "hn": 0, "bf": 3, "dk": 0, "no": 2, "hs": "1*", "bta": null, "btsr": 33.33}, {"tt": "tournament semi-finals", "sp": "2015-2019", "mt": 2, "in": 1, "pr": "final_type=3", "rn": 3, "fo": 0, "si": 0, "ft": 0, "hn": 0, "bf": 3, "dk": 0, "no": 1, "hs": "3*", "bta": null, "btsr": 100}, {"tt": "tournament quarter-finals", "sp": "2015-2015", "mt": 1, "in": null, "pr": "final_type=4", "rn": null, "fo": null, "si": null, "ft": null, "hn": null, "bf": null, "dk": null, "no": null, "hs": null, "bta": null, "btsr": null}, {"tt": "preliminary matches", "sp": "2015-2021", "mt": 20, "in": 5, "pr": "final_type=0", "rn": 6, "fo": 1, "si": 0, "ft": 0, "hn": 0, "bf": 18, "dk": 1, "no": 3, "hs": "4", "bta": 3, "btsr": 33.33}]}, {"type": "BATTING_POSITION", "stats": [{"tt": "10th position", "sp": "2014-2019", "mt": 5, "in": 5, "pr": "batting_positionval1=batting_position;batting_positionmin1=10;batting_positionmax1=10", "rn": 17, "fo": 2, "si": 0, "ft": 0, "hn": 0, "bf": 25, "dk": 0, "no": 2, "hs": "10", "bta": 5.66, "btsr": 68}, {"tt": "11th position", "sp": "2012-2020", "mt": 35, "in": 35, "pr": "batting_positionval1=batting_position;batting_positionmin1=11;batting_positionmax1=11", "rn": 142, "fo": 13, "si": 6, "ft": 0, "hn": 0, "bf": 188, "dk": 1, "no": 21, "hs": "21*", "bta": 10.14, "btsr": 75.53}]}]}}