{"player": {"id": 51092, "objectId": 277912, "name": "TA Boult", "longName": "Trent Boult", "mobileName": "Boult", "indexName": "Boult, TA", "battingName": "TA Boult", "fieldingName": "Boult", "slug": "trent-boult", "gender": "M", "playingRole": "bowler", "battingStyles": ["rhb"], "bowlingStyles": ["lfm"], "longBattingStyles": ["right-hand bat"], "longBowlingStyles": ["left-arm fast-medium"], "image": {"id": 303673, "objectId": 1222471, "slug": "trent-boult-portrait", "url": "/db/PICTURES/CMS/303600/303673.jpg", "width": 160, "height": 200, "caption": "Trent Boult portrait", "longCaption": "Trent Boult, Brisbane, November 4, 2015", "credit": "Getty Images", "photographer": null, "peerUrls": null}, "countryTeamId": 5, "playingRoleType": "P", "playingRoles": ["bowler"], "dateOfBirth": {"year": 1989, "month": 7, "date": 22}, "dateOfDeath": null, "fullName": "Trent Alexander Boult", "nickNames": "", "alsoKnownAs": "", "height": 0, "heightUnit": null, "education": "", "country": {"id": 5, "objectId": 5, "name": "New Zealand", "shortName": "New Zealand", "image": {"id": 313127, "objectId": 1241586, "slug": "new-zealand-logo", "url": "/db/PICTURES/CMS/313100/313127.logo.png", "width": 500, "height": 500, "caption": "New Zealand logo", "longCaption": "New Zealand logo", "credit": null, "photographer": null, "peerUrls": null}}, "altCountryTeamId": null, "placeOfBirth": "Rotorua", "dobText": null, "dodText": null, "placeOfDeath": "", "intlCareerSpan": "2011 - 2021", "headshotImage": {"id": 316619, "objectId": 1251251, "slug": "ta-boult-headshot", "url": "/db/PICTURES/CMS/316600/316619.png", "width": 600, "height": 436, "caption": "TA Boult headshot", "longCaption": "TA Boult headshot", "credit": null, "photographer": null, "peerUrls": {"FILM": null, "WIDE": null, "SQUARE": null}}, "backgroundImage": {"id": 208447, "objectId": 848633, "slug": "trent-boult-troubled-the-bangladesh-batsmen-with-his-pace-and-swing", "url": "/db/PICTURES/CMS/208400/208447.jpg", "width": 900, "height": 600, "caption": "Trent Boult troubled the Bangladesh batsmen with his pace and swing", "longCaption": "Trent Boult troubled the Bangladesh batsmen with his pace and swing, New Zealand v Bangladesh, World Cup 2015, Group A, Hamilton, March 13, 2015", "credit": "Getty Images", "photographer": null, "peerUrls": {"FILM": "/db/PICTURES/CMS/208400/208447.jpg", "WIDE": "/db/PICTURES/CMS/208400/208447.3.jpg", "SQUARE": "/db/PICTURES/CMS/208400/208447.square.jpg"}}, "externalLinks": [], "fieldingStyles": [], "otherStyles": [], "matchPlayerTypes": [1], "hasRecords": true, "hasStats": true, "hasMatches": true, "totalStories": 278, "totalVideos": 31, "totalImages": 482}, "teams": [{"team": {"id": 5, "objectId": 5, "scribeId": 5, "slug": "new-zealand", "name": "New Zealand", "longName": "New Zealand", "abbreviation": "NZ", "isCountry": true, "primaryColor": "#000000", "image": {"id": 313127, "objectId": 1241586, "slug": "new-zealand-logo", "url": "/db/PICTURES/CMS/313100/313127.logo.png", "width": 500, "height": 500, "caption": "New Zealand logo", "longCaption": "New Zealand logo", "credit": null, "photographer": null, "peerUrls": null}}, "current": false}, {"team": {"id": 4344, "objectId": 335975, "scribeId": 335975, "slug": "delhi-capitals", "name": "Capitals", "longName": "Delhi Capitals", "abbreviation": "DC", "isCountry": false, "primaryColor": "#004c93", "image": {"id": 313422, "objectId": 1241881, "slug": "delhi-capitals-logo", "url": "/db/PICTURES/CMS/313400/313422.logo.png", "width": 500, "height": 500, "caption": "Delhi Capitals logo", "longCaption": "Delhi Capitals logo", "credit": null, "photographer": null, "peerUrls": null}}, "current": false}, {"team": {"id": 4341, "objectId": 335971, "scribeId": 335971, "slug": "kolkata-knight-riders", "name": "KKR", "longName": "Kolkata Knight Riders", "abbreviation": "KKR", "isCountry": false, "primaryColor": "#3d2256", "image": {"id": 313419, "objectId": 1241878, "slug": "kolkata-knight-riders-logo", "url": "/db/PICTURES/CMS/313400/313419.logo.png", "width": 500, "height": 500, "caption": "Kolkata Knight Riders logo", "longCaption": "Kolkata Knight Riders logo", "credit": null, "photographer": null, "peerUrls": null}}, "current": false}, {"team": {"id": 4346, "objectId": 335978, "scribeId": 335978, "slug": "mumbai-indians", "name": "Mum Indians", "longName": "Mumbai Indians", "abbreviation": "MI", "isCountry": false, "primaryColor": "#005ea0", "image": {"id": 317995, "objectId": 1254984, "slug": "mumbai-indians-team-logo", "url": "/db/PICTURES/CMS/317900/317995.png", "width": 500, "height": 500, "caption": "Mumbai Indians team logo", "longCaption": "Mumbai Indians team logo", "credit": "Unknown", "photographer": null, "peerUrls": null}}, "current": false}, {"team": {"id": 2591, "objectId": 2540, "scribeId": 2540, "slug": "new-zealand-a", "name": "NZ A", "longName": "New Zealand A", "abbreviation": "NZ-A", "isCountry": false, "primaryColor": null, "image": {"id": 313333, "objectId": 1241792, "slug": "new-zealand-a-logo", "url": "/db/PICTURES/CMS/313300/313333.logo.png", "width": 500, "height": 500, "caption": "New Zealand A logo", "longCaption": "New Zealand A logo", "credit": null, "photographer": null, "peerUrls": null}}, "current": false}, {"team": {"id": 4334, "objectId": 326695, "scribeId": 326695, "slug": "new-zealand-cricket-xi", "name": "NZ XI", "longName": "New Zealand Cricket XI", "abbreviation": "NZCSI", "isCountry": false, "primaryColor": null, "image": null}, "current": false}, {"team": {"id": 2603, "objectId": 2552, "scribeId": 2552, "slug": "new-zealand-emerging-players", "name": "NZ Emerging", "longName": "New Zealand Emerging Players", "abbreviation": "", "isCountry": false, "primaryColor": null, "image": null}, "current": false}, {"team": {"id": 2611, "objectId": 2560, "scribeId": 2560, "slug": "new-zealand-under-19s-young-cricketers", "name": "NZ U19", "longName": "New Zealand Under-19s", "abbreviation": "NZ19", "isCountry": false, "primaryColor": null, "image": {"id": 313334, "objectId": 1241793, "slug": "new-zealand-under-19s-young-cricketers-logo", "url": "/db/PICTURES/CMS/313300/313334.logo.png", "width": 500, "height": 500, "caption": "New Zealand Under-19s (Young Cricketers) logo", "longCaption": "New Zealand Under-19s (Young Cricketers) logo", "credit": null, "photographer": null, "peerUrls": null}}, "current": false}, {"team": {"id": 2616, "objectId": 2565, "scribeId": 2565, "slug": "new-zealand-xi", "name": "NZ XI", "longName": "New Zealand XI", "abbreviation": "NZ-XI", "isCountry": false, "primaryColor": null, "image": {"id": 313336, "objectId": 1241795, "slug": "new-zealand-xi-logo", "url": "/db/PICTURES/CMS/313300/313336.logo.png", "width": 500, "height": 500, "caption": "New Zealand XI logo", "longCaption": "New Zealand XI logo", "credit": null, "photographer": null, "peerUrls": null}}, "current": false}, {"team": {"id": 2567, "objectId": 2516, "scribeId": 2516, "slug": "northern-districts", "name": "Northern Dis", "longName": "Northern Districts", "abbreviation": "ND", "isCountry": false, "primaryColor": null, "image": {"id": 313332, "objectId": 1241791, "slug": "northern-districts-logo", "url": "/db/PICTURES/CMS/313300/313332.logo.png", "width": 500, "height": 500, "caption": "Northern Districts logo", "longCaption": "Northern Districts logo", "credit": null, "photographer": null, "peerUrls": null}}, "current": false}, {"team": {"id": 5143, "objectId": 628333, "scribeId": 628333, "slug": "sunrisers-hyderabad", "name": "Sunrisers", "longName": "Sunrisers Hyderabad", "abbreviation": "SRH", "isCountry": false, "primaryColor": "#fb653f", "image": {"id": 313480, "objectId": 1241939, "slug": "sunrisers-hyderabad-logo", "url": "/db/PICTURES/CMS/313400/313480.logo.png", "width": 500, "height": 500, "caption": "Sunrisers Hyderabad logo", "longCaption": "Sunrisers Hyderabad logo", "credit": null, "photographer": null, "peerUrls": null}}, "current": false}]}