{"summary": {"recordClassId": 3, "type": "BOWLING", "groups": [{"type": "CAREER_AVERAGES", "stats": [{"bl": null, "tt": "overview", "sp": "2013-2021", "mt": 34, "in": 34, "pr": null, "ov": 125.5, "cd": 1074, "md": 1, "wk": 46, "fwk": 1, "fw": 0, "tw": 0, "bbi": "4/34", "bbm": "4/34", "bwa": 23.34, "bwe": 8.53, "bwsr": 16.4}]}, {"type": "OPPOSITION_TEAM", "stats": [{"bl": null, "tt": "vs Australia", "sp": "2018-2021", "mt": 8, "in": 8, "pr": "opposition=2", "ov": 28.5, "cd": 227, "md": 0, "wk": 10, "fwk": 0, "fw": 0, "tw": 0, "bbi": "2/14", "bbm": "2/14", "bwa": 22.7, "bwe": 7.87, "bwsr": 17.3}, {"bl": null, "tt": "vs Bangladesh", "sp": "2017-2017", "mt": 2, "in": 2, "pr": "opposition=25", "ov": 7, "cd": 76, "md": 0, "wk": 3, "fwk": 0, "fw": 0, "tw": 0, "bbi": "2/48", "bbm": "2/48", "bwa": 25.33, "bwe": 10.85, "bwsr": 14}, {"bl": null, "tt": "vs England", "sp": "2013-2019", "mt": 7, "in": 7, "pr": "opposition=1", "ov": 25, "cd": 266, "md": 0, "wk": 9, "fwk": 0, "fw": 0, "tw": 0, "bbi": "3/50", "bbm": "3/50", "bwa": 29.55, "bwe": 10.64, "bwsr": 16.6}, {"bl": null, "tt": "vs India", "sp": "2017-2017", "mt": 3, "in": 3, "pr": "opposition=6", "ov": 10, "cd": 96, "md": 0, "wk": 6, "fwk": 1, "fw": 0, "tw": 0, "bbi": "4/34", "bbm": "4/34", "bwa": 16, "bwe": 9.6, "bwsr": 10}, {"bl": null, "tt": "vs Netherlands", "sp": "2014-2014", "mt": 1, "in": 1, "pr": "opposition=15", "ov": 4, "cd": 25, "md": 0, "wk": 1, "fwk": 0, "fw": 0, "tw": 0, "bbi": "1/25", "bbm": "1/25", "bwa": 25, "bwe": 6.25, "bwsr": 24}, {"bl": null, "tt": "vs Pakistan", "sp": "2016-2020", "mt": 6, "in": 6, "pr": "opposition=7", "ov": 23, "cd": 220, "md": 0, "wk": 3, "fwk": 0, "fw": 0, "tw": 0, "bbi": "1/32", "bbm": "1/32", "bwa": 73.33, "bwe": 9.56, "bwsr": 46}, {"bl": null, "tt": "vs South Africa", "sp": "2017-2017", "mt": 1, "in": 1, "pr": "opposition=3", "ov": 4, "cd": 8, "md": 0, "wk": 2, "fwk": 0, "fw": 0, "tw": 0, "bbi": "2/8", "bbm": "2/8", "bwa": 4, "bwe": 2, "bwsr": 12}, {"bl": null, "tt": "vs Sri Lanka", "sp": "2014-2016", "mt": 3, "in": 3, "pr": "opposition=8", "ov": 12, "cd": 77, "md": 0, "wk": 6, "fwk": 0, "fw": 0, "tw": 0, "bbi": "3/20", "bbm": "3/20", "bwa": 12.83, "bwe": 6.41, "bwsr": 12}, {"bl": null, "tt": "vs West Indies", "sp": "2014-2018", "mt": 3, "in": 3, "pr": "opposition=4", "ov": 12, "cd": 79, "md": 1, "wk": 6, "fwk": 0, "fw": 0, "tw": 0, "bbi": "2/22", "bbm": "2/22", "bwa": 13.16, "bwe": 6.58, "bwsr": 12}]}, {"type": "HOST_COUNTRY", "stats": [{"bl": null, "tt": "in Australia", "sp": "2018-2018", "mt": 1, "in": 1, "pr": "host=2", "ov": 3, "cd": 14, "md": 0, "wk": 2, "fwk": 0, "fw": 0, "tw": 0, "bbi": "2/14", "bbm": "2/14", "bwa": 7, "bwe": 4.66, "bwsr": 9}, {"bl": null, "tt": "in Bangladesh", "sp": "2014-2014", "mt": 2, "in": 2, "pr": "host=25", "ov": 8, "cd": 45, "md": 0, "wk": 4, "fwk": 0, "fw": 0, "tw": 0, "bbi": "3/20", "bbm": "3/20", "bwa": 11.25, "bwe": 5.62, "bwsr": 12}, {"bl": null, "tt": "in India", "sp": "2017-2017", "mt": 3, "in": 3, "pr": "host=6", "ov": 10, "cd": 96, "md": 0, "wk": 6, "fwk": 1, "fw": 0, "tw": 0, "bbi": "4/34", "bbm": "4/34", "bwa": 16, "bwe": 9.6, "bwsr": 10}, {"bl": null, "tt": "in New Zealand", "sp": "2013-2021", "mt": 26, "in": 26, "pr": "host=5", "ov": 96.5, "cd": 869, "md": 0, "wk": 30, "fwk": 0, "fw": 0, "tw": 0, "bbi": "3/21", "bbm": "3/21", "bwa": 28.96, "bwe": 8.97, "bwsr": 19.3}, {"bl": null, "tt": "in West Indies", "sp": "2014-2014", "mt": 2, "in": 2, "pr": "host=4", "ov": 8, "cd": 50, "md": 1, "wk": 4, "fwk": 0, "fw": 0, "tw": 0, "bbi": "2/22", "bbm": "2/22", "bwa": 12.5, "bwe": 6.25, "bwsr": 12}]}, {"type": "CONTINENT", "stats": [{"bl": null, "tt": "in Americas", "sp": "2014-2014", "mt": 2, "in": 2, "pr": "continent=3", "ov": 8, "cd": 50, "md": 1, "wk": 4, "fwk": 0, "fw": 0, "tw": 0, "bbi": "2/22", "bbm": "2/22", "bwa": 12.5, "bwe": 6.25, "bwsr": 12}, {"bl": null, "tt": "in Asia", "sp": "2014-2017", "mt": 5, "in": 5, "pr": "continent=2", "ov": 18, "cd": 141, "md": 0, "wk": 10, "fwk": 1, "fw": 0, "tw": 0, "bbi": "4/34", "bbm": "4/34", "bwa": 14.1, "bwe": 7.83, "bwsr": 10.8}, {"bl": null, "tt": "in Oceania", "sp": "2013-2021", "mt": 27, "in": 27, "pr": "continent=5", "ov": 99.5, "cd": 883, "md": 0, "wk": 32, "fwk": 0, "fw": 0, "tw": 0, "bbi": "3/21", "bbm": "3/21", "bwa": 27.59, "bwe": 8.84, "bwsr": 18.7}]}, {"type": "HOME_OR_AWAY", "stats": [{"bl": null, "tt": "home", "sp": "2013-2021", "mt": 26, "in": 26, "pr": "home_or_away=1", "ov": 96.5, "cd": 869, "md": 0, "wk": 30, "fwk": 0, "fw": 0, "tw": 0, "bbi": "3/21", "bbm": "3/21", "bwa": 28.96, "bwe": 8.97, "bwsr": 19.3}, {"bl": null, "tt": "away", "sp": "2014-2018", "mt": 6, "in": 6, "pr": "home_or_away=2", "ov": 21, "cd": 160, "md": 1, "wk": 12, "fwk": 1, "fw": 0, "tw": 0, "bbi": "4/34", "bbm": "4/34", "bwa": 13.33, "bwe": 7.61, "bwsr": 10.5}, {"bl": null, "tt": "neutral", "sp": "2014-2014", "mt": 2, "in": 2, "pr": "home_or_away=3", "ov": 8, "cd": 45, "md": 0, "wk": 4, "fwk": 0, "fw": 0, "tw": 0, "bbi": "3/20", "bbm": "3/20", "bwa": 11.25, "bwe": 5.62, "bwsr": 12}]}, {"type": "YEAR", "stats": [{"bl": null, "tt": "year 2013", "sp": null, "mt": 3, "in": 3, "pr": "year=2013", "ov": 10, "cd": 100, "md": 0, "wk": 2, "fwk": 0, "fw": 0, "tw": 0, "bbi": "2/40", "bbm": "2/40", "bwa": 50, "bwe": 10, "bwsr": 30}, {"bl": null, "tt": "year 2014", "sp": null, "mt": 4, "in": 4, "pr": "year=2014", "ov": 16, "cd": 95, "md": 1, "wk": 8, "fwk": 0, "fw": 0, "tw": 0, "bbi": "3/20", "bbm": "3/20", "bwa": 11.87, "bwe": 5.93, "bwsr": 12}, {"bl": null, "tt": "year 2016", "sp": null, "mt": 4, "in": 4, "pr": "year=2016", "ov": 15, "cd": 131, "md": 0, "wk": 5, "fwk": 0, "fw": 0, "tw": 0, "bbi": "3/21", "bbm": "3/21", "bwa": 26.2, "bwe": 8.73, "bwsr": 18}, {"bl": null, "tt": "year 2017", "sp": null, "mt": 6, "in": 6, "pr": "year=2017", "ov": 21, "cd": 180, "md": 0, "wk": 11, "fwk": 1, "fw": 0, "tw": 0, "bbi": "4/34", "bbm": "4/34", "bwa": 16.36, "bwe": 8.57, "bwsr": 11.4}, {"bl": null, "tt": "year 2018", "sp": null, "mt": 8, "in": 8, "pr": "year=2018", "ov": 29.5, "cd": 278, "md": 0, "wk": 11, "fwk": 0, "fw": 0, "tw": 0, "bbi": "3/50", "bbm": "3/50", "bwa": 25.27, "bwe": 9.31, "bwsr": 16.2}, {"bl": null, "tt": "year 2019", "sp": null, "mt": 2, "in": 2, "pr": "year=2019", "ov": 7, "cd": 70, "md": 0, "wk": 2, "fwk": 0, "fw": 0, "tw": 0, "bbi": "2/35", "bbm": "2/35", "bwa": 35, "bwe": 10, "bwsr": 21}, {"bl": null, "tt": "year 2020", "sp": null, "mt": 2, "in": 2, "pr": "year=2020", "ov": 8, "cd": 76, "md": 0, "wk": 0, "fwk": 0, "fw": 0, "tw": 0, "bbi": null, "bbm": null, "bwa": null, "bwe": 9.5, "bwsr": null}, {"bl": null, "tt": "year 2021", "sp": null, "mt": 5, "in": 5, "pr": "year=2021", "ov": 19, "cd": 144, "md": 0, "wk": 7, "fwk": 0, "fw": 0, "tw": 0, "bbi": "2/22", "bbm": "2/22", "bwa": 20.57, "bwe": 7.57, "bwsr": 16.2}]}, {"type": "SEASON", "stats": [{"bl": null, "tt": "season 2012/13", "sp": null, "mt": 3, "in": 3, "pr": "season=2012/13", "ov": 10, "cd": 100, "md": 0, "wk": 2, "fwk": 0, "fw": 0, "tw": 0, "bbi": "2/40", "bbm": "2/40", "bwa": 50, "bwe": 10, "bwsr": 30}, {"bl": null, "tt": "season 2013/14", "sp": null, "mt": 2, "in": 2, "pr": "season=2013/14", "ov": 8, "cd": 45, "md": 0, "wk": 4, "fwk": 0, "fw": 0, "tw": 0, "bbi": "3/20", "bbm": "3/20", "bwa": 11.25, "bwe": 5.62, "bwsr": 12}, {"bl": null, "tt": "season 2014", "sp": null, "mt": 2, "in": 2, "pr": "season=2014", "ov": 8, "cd": 50, "md": 1, "wk": 4, "fwk": 0, "fw": 0, "tw": 0, "bbi": "2/22", "bbm": "2/22", "bwa": 12.5, "bwe": 6.25, "bwsr": 12}, {"bl": null, "tt": "season 2015/16", "sp": null, "mt": 4, "in": 4, "pr": "season=2015/16", "ov": 15, "cd": 131, "md": 0, "wk": 5, "fwk": 0, "fw": 0, "tw": 0, "bbi": "3/21", "bbm": "3/21", "bwa": 26.2, "bwe": 8.73, "bwsr": 18}, {"bl": null, "tt": "season 2016/17", "sp": null, "mt": 3, "in": 3, "pr": "season=2016/17", "ov": 11, "cd": 84, "md": 0, "wk": 5, "fwk": 0, "fw": 0, "tw": 0, "bbi": "2/8", "bbm": "2/8", "bwa": 16.8, "bwe": 7.63, "bwsr": 13.2}, {"bl": null, "tt": "season 2017/18", "sp": null, "mt": 11, "in": 11, "pr": "season=2017/18", "ov": 39.5, "cd": 374, "md": 0, "wk": 17, "fwk": 1, "fw": 0, "tw": 0, "bbi": "4/34", "bbm": "4/34", "bwa": 22, "bwe": 9.38, "bwsr": 14}, {"bl": null, "tt": "season 2019/20", "sp": null, "mt": 2, "in": 2, "pr": "season=2019/20", "ov": 7, "cd": 70, "md": 0, "wk": 2, "fwk": 0, "fw": 0, "tw": 0, "bbi": "2/35", "bbm": "2/35", "bwa": 35, "bwe": 10, "bwsr": 21}, {"bl": null, "tt": "season 2020/21", "sp": null, "mt": 7, "in": 7, "pr": "season=2020/21", "ov": 27, "cd": 220, "md": 0, "wk": 7, "fwk": 0, "fw": 0, "tw": 0, "bbi": "2/22", "bbm": "2/22", "bwa": 31.42, "bwe": 8.14, "bwsr": 23.1}]}, {"type": "CAPTAINS_INVOLVED", "stats": [{"bl": null, "tt": "*BB McCullum", "sp": "2013-2014", "mt": 6, "in": 6, "pr": "captain_involve=10384", "ov": 22, "cd": 173, "md": 0, "wk": 8, "fwk": 0, "fw": 0, "tw": 0, "bbi": "3/20", "bbm": "3/20", "bwa": 21.62, "bwe": 7.86, "bwsr": 16.5}, {"bl": null, "tt": "*TG Southee", "sp": "2019-2019", "mt": 2, "in": 2, "pr": "captain_involve=49108", "ov": 7, "cd": 70, "md": 0, "wk": 2, "fwk": 0, "fw": 0, "tw": 0, "bbi": "2/35", "bbm": "2/35", "bwa": 35, "bwe": 10, "bwsr": 21}, {"bl": null, "tt": "*KS Williamson", "sp": "2014-2021", "mt": 26, "in": 26, "pr": "captain_involve=51088", "ov": 96.5, "cd": 831, "md": 1, "wk": 36, "fwk": 1, "fw": 0, "tw": 0, "bbi": "4/34", "bbm": "4/34", "bwa": 23.08, "bwe": 8.58, "bwsr": 16.1}]}, {"type": "CAPTAIN", "stats": [{"bl": null, "tt": "is not captain", "sp": "2013-2021", "mt": 34, "in": 34, "pr": "captain=0", "ov": 125.5, "cd": 1074, "md": 1, "wk": 46, "fwk": 1, "fw": 0, "tw": 0, "bbi": "4/34", "bbm": "4/34", "bwa": 23.34, "bwe": 8.53, "bwsr": 16.4}]}, {"type": "KEEPER", "stats": [{"bl": null, "tt": "is not keeper", "sp": "2013-2021", "mt": 34, "in": 34, "pr": "keeper=0", "ov": 125.5, "cd": 1074, "md": 1, "wk": 46, "fwk": 1, "fw": 0, "tw": 0, "bbi": "4/34", "bbm": "4/34", "bwa": 23.34, "bwe": 8.53, "bwsr": 16.4}]}, {"type": "TOSS", "stats": [{"bl": null, "tt": "won the toss", "sp": "2013-2021", "mt": 17, "in": 17, "pr": "toss=1", "ov": 64.5, "cd": 539, "md": 1, "wk": 26, "fwk": 1, "fw": 0, "tw": 0, "bbi": "4/34", "bbm": "4/34", "bwa": 20.73, "bwe": 8.31, "bwsr": 14.9}, {"bl": null, "tt": "lost the toss", "sp": "2013-2021", "mt": 17, "in": 17, "pr": "toss=2", "ov": 61, "cd": 535, "md": 0, "wk": 20, "fwk": 0, "fw": 0, "tw": 0, "bbi": "3/21", "bbm": "3/21", "bwa": 26.75, "bwe": 8.77, "bwsr": 18.3}]}, {"type": "BATTING_FIELDING_SEQUENCE_AND_TOSS", "stats": [{"bl": null, "tt": "won toss &amp; batted", "sp": "2017-2018", "mt": 4, "in": 4, "pr": "batting_fielding_first=1;toss=1", "ov": 14.5, "cd": 132, "md": 0, "wk": 7, "fwk": 1, "fw": 0, "tw": 0, "bbi": "4/34", "bbm": "4/34", "bwa": 18.85, "bwe": 8.89, "bwsr": 12.7}, {"bl": null, "tt": "won toss &amp; fielded", "sp": "2013-2021", "mt": 13, "in": 13, "pr": "batting_fielding_first=2;toss=1", "ov": 50, "cd": 407, "md": 1, "wk": 19, "fwk": 0, "fw": 0, "tw": 0, "bbi": "3/20", "bbm": "3/20", "bwa": 21.42, "bwe": 8.14, "bwsr": 15.7}, {"bl": null, "tt": "lost toss &amp; sent in", "sp": "2013-2021", "mt": 12, "in": 12, "pr": "batting_fielding_first=1;toss=2", "ov": 41, "cd": 379, "md": 0, "wk": 15, "fwk": 0, "fw": 0, "tw": 0, "bbi": "3/21", "bbm": "3/21", "bwa": 25.26, "bwe": 9.24, "bwsr": 16.4}, {"bl": null, "tt": "lost toss &amp; fielded", "sp": "2018-2021", "mt": 5, "in": 5, "pr": "batting_fielding_first=2;toss=2", "ov": 20, "cd": 156, "md": 0, "wk": 5, "fwk": 0, "fw": 0, "tw": 0, "bbi": "2/26", "bbm": "2/26", "bwa": 31.2, "bwe": 7.8, "bwsr": 24}]}, {"type": "BATTING_FIELDING_SEQUENCE", "stats": [{"bl": null, "tt": "matches batting first", "sp": "2013-2021", "mt": 16, "in": 16, "pr": "batting_fielding_first=1", "ov": 55.5, "cd": 511, "md": 0, "wk": 22, "fwk": 1, "fw": 0, "tw": 0, "bbi": "4/34", "bbm": "4/34", "bwa": 23.22, "bwe": 9.15, "bwsr": 15.2}, {"bl": null, "tt": "matches fielding first", "sp": "2013-2021", "mt": 18, "in": 18, "pr": "batting_fielding_first=2", "ov": 70, "cd": 563, "md": 1, "wk": 24, "fwk": 0, "fw": 0, "tw": 0, "bbi": "3/20", "bbm": "3/20", "bwa": 23.45, "bwe": 8.04, "bwsr": 17.5}]}, {"type": "TEAM_INNINGS", "stats": [{"bl": null, "tt": "1st team innings", "sp": "2013-2021", "mt": 34, "in": 34, "pr": "innings_number=1;innings_number=2", "ov": 125.5, "cd": 1074, "md": 1, "wk": 46, "fwk": 1, "fw": 0, "tw": 0, "bbi": "4/34", "bbm": "4/34", "bwa": 23.34, "bwe": 8.53, "bwsr": 16.4}]}, {"type": "MATCH_INNINGS", "stats": [{"bl": null, "tt": "1st match innings", "sp": "2013-2021", "mt": 18, "in": 18, "pr": "innings_number=1", "ov": 70, "cd": 563, "md": 1, "wk": 24, "fwk": 0, "fw": 0, "tw": 0, "bbi": "3/20", "bbm": "3/20", "bwa": 23.45, "bwe": 8.04, "bwsr": 17.5}, {"bl": null, "tt": "2nd match innings", "sp": "2013-2021", "mt": 16, "in": 16, "pr": "innings_number=2", "ov": 55.5, "cd": 511, "md": 0, "wk": 22, "fwk": 1, "fw": 0, "tw": 0, "bbi": "4/34", "bbm": "4/34", "bwa": 23.22, "bwe": 9.15, "bwsr": 15.2}]}, {"type": "FLOODLIT", "stats": [{"bl": null, "tt": "day match", "sp": "2014-2021", "mt": 9, "in": 9, "pr": "floodlit=1", "ov": 34, "cd": 274, "md": 1, "wk": 14, "fwk": 0, "fw": 0, "tw": 0, "bbi": "3/21", "bbm": "3/21", "bwa": 19.57, "bwe": 8.05, "bwsr": 14.5}, {"bl": null, "tt": "day/night match", "sp": "2013-2016", "mt": 6, "in": 6, "pr": "floodlit=2", "ov": 21, "cd": 199, "md": 0, "wk": 5, "fwk": 0, "fw": 0, "tw": 0, "bbi": "2/40", "bbm": "2/40", "bwa": 39.8, "bwe": 9.47, "bwsr": 25.2}, {"bl": null, "tt": "night match", "sp": "2014-2021", "mt": 19, "in": 19, "pr": "floodlit=3", "ov": 70.5, "cd": 601, "md": 0, "wk": 27, "fwk": 1, "fw": 0, "tw": 0, "bbi": "4/34", "bbm": "4/34", "bwa": 22.25, "bwe": 8.48, "bwsr": 15.7}]}, {"type": "RESULT", "stats": [{"bl": null, "tt": "won match", "sp": "2013-2021", "mt": 15, "in": 15, "pr": "result=1", "ov": 57, "cd": 478, "md": 0, "wk": 22, "fwk": 1, "fw": 0, "tw": 0, "bbi": "4/34", "bbm": "4/34", "bwa": 21.72, "bwe": 8.38, "bwsr": 15.5}, {"bl": null, "tt": "lost match", "sp": "2013-2021", "mt": 18, "in": 18, "pr": "result=2", "ov": 65.5, "cd": 561, "md": 1, "wk": 22, "fwk": 0, "fw": 0, "tw": 0, "bbi": "3/20", "bbm": "3/20", "bwa": 25.5, "bwe": 8.52, "bwsr": 17.9}, {"bl": null, "tt": "tied match", "sp": "2019-2019", "mt": 1, "in": 1, "pr": "result=3", "ov": 3, "cd": 35, "md": 0, "wk": 2, "fwk": 0, "fw": 0, "tw": 0, "bbi": "2/35", "bbm": "2/35", "bwa": 17.5, "bwe": 11.66, "bwsr": 9}]}, {"type": "BATTING_FIELDING_SEQUENCE_AND_RESULT", "stats": [{"bl": null, "tt": "won batting first", "sp": "2013-2021", "mt": 10, "in": 10, "pr": "batting_fielding_first=1;result=1", "ov": 37, "cd": 330, "md": 0, "wk": 17, "fwk": 1, "fw": 0, "tw": 0, "bbi": "4/34", "bbm": "4/34", "bwa": 19.41, "bwe": 8.91, "bwsr": 13}, {"bl": null, "tt": "won fielding first", "sp": "2014-2021", "mt": 5, "in": 5, "pr": "batting_fielding_first=2;result=1", "ov": 20, "cd": 148, "md": 0, "wk": 5, "fwk": 0, "fw": 0, "tw": 0, "bbi": "2/26", "bbm": "2/26", "bwa": 29.6, "bwe": 7.4, "bwsr": 24}, {"bl": null, "tt": "lost batting first", "sp": "2013-2020", "mt": 5, "in": 5, "pr": "batting_fielding_first=1;result=2", "ov": 15.5, "cd": 146, "md": 0, "wk": 3, "fwk": 0, "fw": 0, "tw": 0, "bbi": "2/14", "bbm": "2/14", "bwa": 48.66, "bwe": 9.22, "bwsr": 31.6}, {"bl": null, "tt": "lost fielding first", "sp": "2013-2021", "mt": 13, "in": 13, "pr": "batting_fielding_first=2;result=2", "ov": 50, "cd": 415, "md": 1, "wk": 19, "fwk": 0, "fw": 0, "tw": 0, "bbi": "3/20", "bbm": "3/20", "bwa": 21.84, "bwe": 8.3, "bwsr": 15.7}, {"bl": null, "tt": "tied batting first", "sp": "2019-2019", "mt": 1, "in": 1, "pr": "batting_fielding_first=1;result=3", "ov": 3, "cd": 35, "md": 0, "wk": 2, "fwk": 0, "fw": 0, "tw": 0, "bbi": "2/35", "bbm": "2/35", "bwa": 17.5, "bwe": 11.66, "bwsr": 9}]}, {"type": "TOURNAMENT_TYPE", "stats": [{"bl": null, "tt": "2 team series", "sp": "2013-2021", "mt": 27, "in": 27, "pr": "tournament_type=2", "ov": 100, "cd": 850, "md": 1, "wk": 34, "fwk": 1, "fw": 0, "tw": 0, "bbi": "4/34", "bbm": "4/34", "bwa": 25, "bwe": 8.5, "bwsr": 17.6}, {"bl": null, "tt": "3-4 team tournaments", "sp": "2018-2018", "mt": 5, "in": 5, "pr": "tournament_type=3", "ov": 17.5, "cd": 179, "md": 0, "wk": 8, "fwk": 0, "fw": 0, "tw": 0, "bbi": "3/50", "bbm": "3/50", "bwa": 22.37, "bwe": 10.03, "bwsr": 13.3}, {"bl": null, "tt": "5+ team tournaments", "sp": "2014-2014", "mt": 2, "in": 2, "pr": "tournament_type=5", "ov": 8, "cd": 45, "md": 0, "wk": 4, "fwk": 0, "fw": 0, "tw": 0, "bbi": "3/20", "bbm": "3/20", "bwa": 11.25, "bwe": 5.62, "bwsr": 12}]}, {"type": "MATCH_NUMBER", "stats": [{"bl": null, "tt": "only match in series", "sp": "2017-2017", "mt": 1, "in": 1, "pr": "match_number=0", "ov": 4, "cd": 8, "md": 0, "wk": 2, "fwk": 0, "fw": 0, "tw": 0, "bbi": "2/8", "bbm": "2/8", "bwa": 4, "bwe": 2, "bwsr": 12}, {"bl": null, "tt": "1st match in series", "sp": "2013-2021", "mt": 6, "in": 6, "pr": "match_number=1", "ov": 23, "cd": 202, "md": 0, "wk": 11, "fwk": 0, "fw": 0, "tw": 0, "bbi": "3/21", "bbm": "3/21", "bwa": 18.36, "bwe": 8.78, "bwsr": 12.5}, {"bl": null, "tt": "2nd match in series", "sp": "2013-2021", "mt": 8, "in": 8, "pr": "match_number=2", "ov": 31, "cd": 260, "md": 1, "wk": 7, "fwk": 1, "fw": 0, "tw": 0, "bbi": "4/34", "bbm": "4/34", "bwa": 37.14, "bwe": 8.38, "bwsr": 26.5}, {"bl": null, "tt": "3rd match in series", "sp": "2013-2021", "mt": 8, "in": 8, "pr": "match_number=3", "ov": 27, "cd": 257, "md": 0, "wk": 8, "fwk": 0, "fw": 0, "tw": 0, "bbi": "2/29", "bbm": "2/29", "bwa": 32.12, "bwe": 9.51, "bwsr": 20.2}, {"bl": null, "tt": "4th match in series", "sp": "2019-2021", "mt": 2, "in": 2, "pr": "match_number=4", "ov": 8, "cd": 62, "md": 0, "wk": 2, "fwk": 0, "fw": 0, "tw": 0, "bbi": "2/27", "bbm": "2/27", "bwa": 31, "bwe": 7.75, "bwsr": 24}, {"bl": null, "tt": "5th match in series", "sp": "2019-2021", "mt": 2, "in": 2, "pr": "match_number=5", "ov": 7, "cd": 61, "md": 0, "wk": 4, "fwk": 0, "fw": 0, "tw": 0, "bbi": "2/26", "bbm": "2/26", "bwa": 15.25, "bwe": 8.71, "bwsr": 10.5}]}, {"type": "MAJOR_TROPHY", "stats": [{"bl": null, "tt": "Men's T20 World Cup", "sp": "2014-2014", "mt": 2, "in": 2, "pr": "trophy=89", "ov": 8, "cd": 45, "md": 0, "wk": 4, "fwk": 0, "fw": 0, "tw": 0, "bbi": "3/20", "bbm": "3/20", "bwa": 11.25, "bwe": 5.62, "bwsr": 12}]}, {"type": "FINAL_TYPE", "stats": [{"bl": null, "tt": "tournament finals", "sp": "2018-2018", "mt": 1, "in": 1, "pr": "final_type=1", "ov": 3, "cd": 27, "md": 0, "wk": 0, "fwk": 0, "fw": 0, "tw": 0, "bbi": null, "bbm": null, "bwa": null, "bwe": 9, "bwsr": null}, {"bl": null, "tt": "preliminary matches", "sp": "2014-2018", "mt": 6, "in": 6, "pr": "final_type=0", "ov": 22.5, "cd": 197, "md": 0, "wk": 12, "fwk": 0, "fw": 0, "tw": 0, "bbi": "3/20", "bbm": "3/20", "bwa": 16.41, "bwe": 8.62, "bwsr": 11.4}]}, {"type": "BOWLING_POSITION", "stats": [{"bl": null, "tt": "1st position", "sp": "2013-2020", "mt": 15, "in": 15, "pr": "bowling_positionval1=bowling_position;bowling_positionmin1=1;bowling_positionmax1=1", "ov": 52.5, "cd": 479, "md": 0, "wk": 13, "fwk": 0, "fw": 0, "tw": 0, "bbi": "3/50", "bbm": "3/50", "bwa": 36.84, "bwe": 9.06, "bwsr": 24.3}, {"bl": null, "tt": "2nd position", "sp": "2013-2021", "mt": 17, "in": 17, "pr": "bowling_positionval1=bowling_position;bowling_positionmin1=2;bowling_positionmax1=2", "ov": 65, "cd": 521, "md": 1, "wk": 29, "fwk": 1, "fw": 0, "tw": 0, "bbi": "4/34", "bbm": "4/34", "bwa": 17.96, "bwe": 8.01, "bwsr": 13.4}, {"bl": null, "tt": "3rd position", "sp": "2017-2021", "mt": 2, "in": 2, "pr": "bowling_positionval1=bowling_position;bowling_positionmin1=3;bowling_positionmax1=3", "ov": 8, "cd": 74, "md": 0, "wk": 4, "fwk": 0, "fw": 0, "tw": 0, "bbi": "2/26", "bbm": "2/26", "bwa": 18.5, "bwe": 9.25, "bwsr": 12}]}]}}