{"player": {"id": 50887, "objectId": 274958, "name": "KT Perkins", "longName": "Katie Perkins", "mobileName": "Perkins", "indexName": "Perkins, KT", "battingName": "KT Perkins", "fieldingName": "Perkins", "slug": "katie-perkins", "gender": "F", "playingRole": "middle-order batter", "battingStyles": ["rhb"], "bowlingStyles": ["rm"], "longBattingStyles": ["right-hand bat"], "longBowlingStyles": ["right-arm medium"], "image": {"id": 305779, "objectId": 1225736, "slug": "katie-perkins-portrait", "url": "/db/PICTURES/CMS/305700/305779.png", "width": 160, "height": 201, "caption": "Katie Perkins portrait", "longCaption": "Katie Perkins portrait,June 2020", "credit": "Getty Images", "photographer": null, "peerUrls": null}, "countryTeamId": 5, "playingRoleType": "P", "playingRoles": ["middle-order batter"], "dateOfBirth": {"year": 1988, "month": 7, "date": 7}, "dateOfDeath": null, "fullName": "Katie Teresa Perkins", "nickNames": "", "alsoKnownAs": "", "height": 0, "heightUnit": null, "education": "", "country": {"id": 5, "objectId": 5, "name": "New Zealand", "shortName": "New Zealand", "image": {"id": 313127, "objectId": 1241586, "slug": "new-zealand-logo", "url": "/db/PICTURES/CMS/313100/313127.logo.png", "width": 500, "height": 500, "caption": "New Zealand logo", "longCaption": "New Zealand logo", "credit": null, "photographer": null, "peerUrls": null}}, "altCountryTeamId": null, "placeOfBirth": "Auckland", "dobText": null, "dodText": null, "placeOfDeath": "", "intlCareerSpan": "2012 - 2020", "headshotImage": {"id": 320542, "objectId": 1261425, "slug": "katie-perkins-player-page-headshot-cutout-2021", "url": "/db/PICTURES/CMS/320500/320542.png", "width": 600, "height": 436, "caption": "Katie Perkins player page headshot cutout, 2021", "longCaption": "Katie Perkins player page headshot cutout, 2021", "credit": null, "photographer": null, "peerUrls": {"FILM": null, "WIDE": null, "SQUARE": "/db/PICTURES/CMS/320500/320542.square.png"}}, "backgroundImage": {"id": 309879, "objectId": 1234293, "slug": "katie-perkins-and-maddy-green-stemmed-the-top-order-damage", "url": "/db/PICTURES/CMS/309800/309879.jpg", "width": 1200, "height": 800, "caption": "Katie Perkins and Maddy Green stemmed the top order damage", "longCaption": "Katie Perkins and Maddy Green stemmed the top order damage, Australia v New Zealand, 1st women's ODI, Brisbane, October 3, 2020", "credit": "Getty Images", "photographer": null, "peerUrls": {"FILM": "/db/PICTURES/CMS/309800/309879.14.jpg", "WIDE": "/db/PICTURES/CMS/309800/309879.6.jpg", "SQUARE": "/db/PICTURES/CMS/309800/309879.10.jpg"}}, "externalLinks": [], "fieldingStyles": [], "otherStyles": [], "matchPlayerTypes": [1], "hasRecords": true, "hasStats": true, "hasMatches": true, "totalStories": 7, "totalVideos": 0, "totalImages": 10}, "teams": [{"team": {"id": 2518, "objectId": 2467, "scribeId": 2467, "slug": "auckland-women", "name": "AK Women", "longName": "Auckland Women", "abbreviation": "AK-W", "isCountry": false, "primaryColor": null, "image": null}, "current": false}, {"team": {"id": 2614, "objectId": 2563, "scribeId": 2563, "slug": "new-zealand-women", "name": "NZ Women", "longName": "New Zealand Women", "abbreviation": "NZ-W", "isCountry": false, "primaryColor": null, "image": {"id": 313335, "objectId": 1241794, "slug": "new-zealand-women-logo", "url": "/db/PICTURES/CMS/313300/313335.logo.png", "width": 500, "height": 500, "caption": "New Zealand Women logo", "longCaption": "New Zealand Women logo", "credit": null, "photographer": null, "peerUrls": null}}, "current": false}]}