{"player": {"id": 53358, "objectId": 312174, "name": "FL Mackay", "longName": "Frances Mackay", "mobileName": "Mackay", "indexName": "Mackay, FL", "battingName": "FL Mackay", "fieldingName": "Mackay", "slug": "frances-mackay", "gender": "F", "playingRole": "opening batter", "battingStyles": ["rhb"], "bowlingStyles": ["ob"], "longBattingStyles": ["right-hand bat"], "longBowlingStyles": ["right-arm offbreak"], "image": {"id": 305731, "objectId": 1225649, "slug": "frances-mackay-portrait", "url": "/db/PICTURES/CMS/305700/305731.png", "width": 160, "height": 199, "caption": "Frances Mackay portrait", "longCaption": "Frances Mackay portrait, June 2020", "credit": "Getty Images", "photographer": null, "peerUrls": null}, "countryTeamId": 5, "playingRoleType": "P", "playingRoles": ["opening batter"], "dateOfBirth": {"year": 1990, "month": 6, "date": 1}, "dateOfDeath": null, "fullName": "Frances Louise Mackay", "nickNames": "", "alsoKnownAs": "", "height": 0, "heightUnit": null, "education": "", "country": {"id": 5, "objectId": 5, "name": "New Zealand", "shortName": "New Zealand", "image": {"id": 313127, "objectId": 1241586, "slug": "new-zealand-logo", "url": "/db/PICTURES/CMS/313100/313127.logo.png", "width": 500, "height": 500, "caption": "New Zealand logo", "longCaption": "New Zealand logo", "credit": null, "photographer": null, "peerUrls": null}}, "altCountryTeamId": null, "placeOfBirth": "Christchurch, Canterbury", "dobText": null, "dodText": null, "placeOfDeath": "", "intlCareerSpan": "2011 - 2021", "headshotImage": null, "backgroundImage": {"id": 318697, "objectId": 1257228, "slug": "frankie-mackay-gave-new-zealand-s-chase-impetus", "url": "/db/PICTURES/CMS/318600/318697.jpg", "width": 1400, "height": 1091, "caption": "Frankie Mackay gave New Zealand's chase impetus", "longCaption": "Frankie Mackay gave New Zealand's chase impetus, New Zealand vs Australia, 2nd T20I, Napier, March 30, 2021", "credit": "Getty Images", "photographer": null, "peerUrls": {"FILM": "/db/PICTURES/CMS/318600/318697.14.jpg", "WIDE": "/db/PICTURES/CMS/318600/318697.6.jpg", "SQUARE": "/db/PICTURES/CMS/318600/318697.10.jpg"}}, "externalLinks": [], "fieldingStyles": [], "otherStyles": [], "matchPlayerTypes": [1], "hasRecords": true, "hasStats": true, "hasMatches": true, "totalStories": 8, "totalVideos": 0, "totalImages": 5}, "teams": [{"team": {"id": 2531, "objectId": 2480, "scribeId": 2480, "slug": "canterbury-women", "name": "Cant Women", "longName": "Canterbury Women", "abbreviation": "CAN-W", "isCountry": false, "primaryColor": null, "image": null}, "current": false}, {"team": {"id": 2614, "objectId": 2563, "scribeId": 2563, "slug": "new-zealand-women", "name": "NZ Women", "longName": "New Zealand Women", "abbreviation": "NZ-W", "isCountry": false, "primaryColor": null, "image": {"id": 313335, "objectId": 1241794, "slug": "new-zealand-women-logo", "url": "/db/PICTURES/CMS/313300/313335.logo.png", "width": 500, "height": 500, "caption": "New Zealand Women logo", "longCaption": "New Zealand Women logo", "credit": null, "photographer": null, "peerUrls": null}}, "current": false}]}