{"summary": {"recordClassId": 3, "type": "BATTING", "groups": [{"type": "CAREER_AVERAGES", "stats": [{"tt": "overview", "sp": "2011-2021", "mt": 67, "in": 65, "pr": null, "rn": 1805, "fo": 182, "si": 41, "ft": 13, "hn": 0, "bf": 1443, "dk": 3, "no": 8, "hs": "95", "bta": 31.66, "btsr": 125.08}]}, {"type": "OPPOSITION_TEAM", "stats": [{"tt": "vs Australia", "sp": "2016-2021", "mt": 9, "in": 9, "pr": "opposition=2", "rn": 124, "fo": 9, "si": 4, "ft": 1, "hn": 0, "bf": 119, "dk": 1, "no": 0, "hs": "53", "bta": 13.77, "btsr": 104.2}, {"tt": "vs Bangladesh", "sp": "2012-2017", "mt": 5, "in": 4, "pr": "opposition=25", "rn": 187, "fo": 18, "si": 4, "ft": 2, "hn": 0, "bf": 157, "dk": 0, "no": 1, "hs": "73*", "bta": 62.33, "btsr": 119.1}, {"tt": "vs England", "sp": "2012-2018", "mt": 6, "in": 6, "pr": "opposition=1", "rn": 210, "fo": 20, "si": 5, "ft": 2, "hn": 0, "bf": 164, "dk": 0, "no": 1, "hs": "72", "bta": 42, "btsr": 128.04}, {"tt": "vs India", "sp": "2012-2020", "mt": 11, "in": 11, "pr": "opposition=6", "rn": 325, "fo": 25, "si": 14, "ft": 2, "hn": 0, "bf": 239, "dk": 0, "no": 0, "hs": "95", "bta": 29.54, "btsr": 135.98}, {"tt": "vs Netherlands", "sp": "2014-2014", "mt": 1, "in": 1, "pr": "opposition=15", "rn": 29, "fo": 5, "si": 0, "ft": 0, "hn": 0, "bf": 22, "dk": 0, "no": 0, "hs": "29", "bta": 29, "btsr": 131.81}, {"tt": "vs Pakistan", "sp": "2012-2020", "mt": 14, "in": 14, "pr": "opposition=7", "rn": 414, "fo": 45, "si": 6, "ft": 4, "hn": 0, "bf": 357, "dk": 2, "no": 2, "hs": "72*", "bta": 34.5, "btsr": 115.96}, {"tt": "vs South Africa", "sp": "2012-2017", "mt": 7, "in": 7, "pr": "opposition=3", "rn": 189, "fo": 23, "si": 5, "ft": 1, "hn": 0, "bf": 136, "dk": 0, "no": 1, "hs": "51", "bta": 31.5, "btsr": 138.97}, {"tt": "vs Sri Lanka", "sp": "2012-2016", "mt": 4, "in": 4, "pr": "opposition=8", "rn": 131, "fo": 14, "si": 1, "ft": 1, "hn": 0, "bf": 110, "dk": 0, "no": 1, "hs": "53", "bta": 43.66, "btsr": 119.09}, {"tt": "vs West Indies", "sp": "2012-2018", "mt": 6, "in": 6, "pr": "opposition=4", "rn": 108, "fo": 11, "si": 1, "ft": 0, "hn": 0, "bf": 84, "dk": 0, "no": 1, "hs": "37", "bta": 21.6, "btsr": 128.57}, {"tt": "vs Zimbabwe", "sp": "2011-2015", "mt": 4, "in": 3, "pr": "opposition=9", "rn": 88, "fo": 12, "si": 1, "ft": 0, "hn": 0, "bf": 55, "dk": 0, "no": 1, "hs": "48", "bta": 44, "btsr": 160}]}, {"type": "HOST_COUNTRY", "stats": [{"tt": "in Australia", "sp": "2018-2018", "mt": 1, "in": 1, "pr": "host=2", "rn": 8, "fo": 0, "si": 0, "ft": 0, "hn": 0, "bf": 21, "dk": 0, "no": 0, "hs": "8", "bta": 8, "btsr": 38.09}, {"tt": "in Bangladesh", "sp": "2014-2014", "mt": 4, "in": 4, "pr": "host=25", "rn": 146, "fo": 20, "si": 2, "ft": 1, "hn": 0, "bf": 117, "dk": 0, "no": 1, "hs": "51", "bta": 48.66, "btsr": 124.78}, {"tt": "in England", "sp": "2015-2015", "mt": 1, "in": 1, "pr": "host=1", "rn": 57, "fo": 8, "si": 0, "ft": 1, "hn": 0, "bf": 37, "dk": 0, "no": 0, "hs": "57", "bta": 57, "btsr": 154.05}, {"tt": "in India", "sp": "2012-2017", "mt": 9, "in": 9, "pr": "host=6", "rn": 199, "fo": 20, "si": 3, "ft": 0, "hn": 0, "bf": 186, "dk": 0, "no": 0, "hs": "42", "bta": 22.11, "btsr": 106.98}, {"tt": "in New Zealand", "sp": "2012-2021", "mt": 35, "in": 35, "pr": "host=5", "rn": 1060, "fo": 94, "si": 32, "ft": 10, "hn": 0, "bf": 811, "dk": 2, "no": 7, "hs": "95", "bta": 37.85, "btsr": 130.7}, {"tt": "in South Africa", "sp": "2015-2015", "mt": 2, "in": 2, "pr": "host=3", "rn": 67, "fo": 12, "si": 1, "ft": 0, "hn": 0, "bf": 38, "dk": 0, "no": 0, "hs": "42", "bta": 33.5, "btsr": 176.31}, {"tt": "in Sri Lanka", "sp": "2012-2012", "mt": 4, "in": 3, "pr": "host=8", "rn": 36, "fo": 3, "si": 0, "ft": 0, "hn": 0, "bf": 40, "dk": 0, "no": 0, "hs": "17", "bta": 12, "btsr": 90}, {"tt": "in U.A.E.", "sp": "2014-2018", "mt": 5, "in": 5, "pr": "host=27", "rn": 140, "fo": 13, "si": 3, "ft": 1, "hn": 0, "bf": 120, "dk": 1, "no": 0, "hs": "60", "bta": 28, "btsr": 116.66}, {"tt": "in U.S.A.", "sp": "2012-2012", "mt": 2, "in": 2, "pr": "host=11", "rn": 16, "fo": 1, "si": 0, "ft": 0, "hn": 0, "bf": 15, "dk": 0, "no": 0, "hs": "10", "bta": 8, "btsr": 106.66}, {"tt": "in West Indies", "sp": "2014-2014", "mt": 2, "in": 2, "pr": "host=4", "rn": 56, "fo": 7, "si": 0, "ft": 0, "hn": 0, "bf": 46, "dk": 0, "no": 0, "hs": "37", "bta": 28, "btsr": 121.73}, {"tt": "in Zimbabwe", "sp": "2011-2015", "mt": 2, "in": 1, "pr": "host=9", "rn": 20, "fo": 4, "si": 0, "ft": 0, "hn": 0, "bf": 12, "dk": 0, "no": 0, "hs": "20", "bta": 20, "btsr": 166.66}]}, {"type": "CONTINENT", "stats": [{"tt": "in Africa", "sp": "2011-2015", "mt": 4, "in": 3, "pr": "continent=1", "rn": 87, "fo": 16, "si": 1, "ft": 0, "hn": 0, "bf": 50, "dk": 0, "no": 0, "hs": "42", "bta": 29, "btsr": 174}, {"tt": "in Americas", "sp": "2012-2014", "mt": 4, "in": 4, "pr": "continent=3", "rn": 72, "fo": 8, "si": 0, "ft": 0, "hn": 0, "bf": 61, "dk": 0, "no": 0, "hs": "37", "bta": 18, "btsr": 118.03}, {"tt": "in Asia", "sp": "2012-2018", "mt": 22, "in": 21, "pr": "continent=2", "rn": 521, "fo": 56, "si": 8, "ft": 2, "hn": 0, "bf": 463, "dk": 1, "no": 1, "hs": "60", "bta": 26.05, "btsr": 112.52}, {"tt": "in Europe", "sp": "2015-2015", "mt": 1, "in": 1, "pr": "continent=4", "rn": 57, "fo": 8, "si": 0, "ft": 1, "hn": 0, "bf": 37, "dk": 0, "no": 0, "hs": "57", "bta": 57, "btsr": 154.05}, {"tt": "in Oceania", "sp": "2012-2021", "mt": 36, "in": 36, "pr": "continent=5", "rn": 1068, "fo": 94, "si": 32, "ft": 10, "hn": 0, "bf": 832, "dk": 2, "no": 7, "hs": "95", "bta": 36.82, "btsr": 128.36}]}, {"type": "HOME_OR_AWAY", "stats": [{"tt": "home", "sp": "2012-2021", "mt": 35, "in": 35, "pr": "home_or_away=1", "rn": 1060, "fo": 94, "si": 32, "ft": 10, "hn": 0, "bf": 811, "dk": 2, "no": 7, "hs": "95", "bta": 37.85, "btsr": 130.7}, {"tt": "away", "sp": "2011-2018", "mt": 14, "in": 13, "pr": "home_or_away=2", "rn": 296, "fo": 38, "si": 2, "ft": 1, "hn": 0, "bf": 243, "dk": 0, "no": 0, "hs": "57", "bta": 22.76, "btsr": 121.81}, {"tt": "neutral", "sp": "2012-2018", "mt": 18, "in": 17, "pr": "home_or_away=3", "rn": 449, "fo": 50, "si": 7, "ft": 2, "hn": 0, "bf": 389, "dk": 1, "no": 1, "hs": "60", "bta": 28.06, "btsr": 115.42}]}, {"type": "YEAR", "stats": [{"tt": "year 2011", "sp": null, "mt": 1, "in": null, "pr": "year=2011", "rn": null, "fo": null, "si": null, "ft": null, "hn": null, "bf": null, "dk": null, "no": null, "hs": null, "bta": null, "btsr": null}, {"tt": "year 2012", "sp": null, "mt": 12, "in": 11, "pr": "year=2012", "rn": 206, "fo": 19, "si": 3, "ft": 0, "hn": 0, "bf": 174, "dk": 0, "no": 2, "hs": "48", "bta": 22.88, "btsr": 118.39}, {"tt": "year 2014", "sp": null, "mt": 8, "in": 8, "pr": "year=2014", "rn": 234, "fo": 30, "si": 3, "ft": 1, "hn": 0, "bf": 195, "dk": 1, "no": 1, "hs": "51", "bta": 33.42, "btsr": 120}, {"tt": "year 2015", "sp": null, "mt": 4, "in": 4, "pr": "year=2015", "rn": 144, "fo": 24, "si": 1, "ft": 1, "hn": 0, "bf": 87, "dk": 0, "no": 0, "hs": "57", "bta": 36, "btsr": 165.51}, {"tt": "year 2016", "sp": null, "mt": 10, "in": 10, "pr": "year=2016", "rn": 383, "fo": 42, "si": 5, "ft": 3, "hn": 0, "bf": 322, "dk": 0, "no": 2, "hs": "72*", "bta": 47.87, "btsr": 118.94}, {"tt": "year 2017", "sp": null, "mt": 7, "in": 7, "pr": "year=2017", "rn": 206, "fo": 18, "si": 4, "ft": 2, "hn": 0, "bf": 181, "dk": 0, "no": 1, "hs": "73*", "bta": 34.33, "btsr": 113.81}, {"tt": "year 2018", "sp": null, "mt": 12, "in": 12, "pr": "year=2018", "rn": 251, "fo": 19, "si": 7, "ft": 2, "hn": 0, "bf": 217, "dk": 1, "no": 1, "hs": "72", "bta": 22.81, "btsr": 115.66}, {"tt": "year 2019", "sp": null, "mt": 3, "in": 3, "pr": "year=2019", "rn": 81, "fo": 6, "si": 3, "ft": 0, "hn": 0, "bf": 60, "dk": 0, "no": 0, "hs": "34", "bta": 27, "btsr": 135}, {"tt": "year 2020", "sp": null, "mt": 5, "in": 5, "pr": "year=2020", "rn": 218, "fo": 20, "si": 11, "ft": 3, "hn": 0, "bf": 140, "dk": 0, "no": 1, "hs": "95", "bta": 54.5, "btsr": 155.71}, {"tt": "year 2021", "sp": null, "mt": 5, "in": 5, "pr": "year=2021", "rn": 82, "fo": 4, "si": 4, "ft": 1, "hn": 0, "bf": 67, "dk": 1, "no": 0, "hs": "53", "bta": 16.4, "btsr": 122.38}]}, {"type": "SEASON", "stats": [{"tt": "season 2011/12", "sp": null, "mt": 6, "in": 5, "pr": "season=NaN", "rn": 126, "fo": 12, "si": 3, "ft": 0, "hn": 0, "bf": 93, "dk": 0, "no": 2, "hs": "48", "bta": 42, "btsr": 135.48}, {"tt": "season 2012", "sp": null, "mt": 3, "in": 3, "pr": "season=2012", "rn": 44, "fo": 4, "si": 0, "ft": 0, "hn": 0, "bf": 41, "dk": 0, "no": 0, "hs": "28", "bta": 14.66, "btsr": 107.31}, {"tt": "season 2012/13", "sp": null, "mt": 4, "in": 3, "pr": "season=NaN", "rn": 36, "fo": 3, "si": 0, "ft": 0, "hn": 0, "bf": 40, "dk": 0, "no": 0, "hs": "17", "bta": 12, "btsr": 90}, {"tt": "season 2013/14", "sp": null, "mt": 4, "in": 4, "pr": "season=NaN", "rn": 146, "fo": 20, "si": 2, "ft": 1, "hn": 0, "bf": 117, "dk": 0, "no": 1, "hs": "51", "bta": 48.66, "btsr": 124.78}, {"tt": "season 2014", "sp": null, "mt": 2, "in": 2, "pr": "season=2014", "rn": 56, "fo": 7, "si": 0, "ft": 0, "hn": 0, "bf": 46, "dk": 0, "no": 0, "hs": "37", "bta": 28, "btsr": 121.73}, {"tt": "season 2014/15", "sp": null, "mt": 2, "in": 2, "pr": "season=NaN", "rn": 32, "fo": 3, "si": 1, "ft": 0, "hn": 0, "bf": 32, "dk": 1, "no": 0, "hs": "32", "bta": 16, "btsr": 100}, {"tt": "season 2015", "sp": null, "mt": 4, "in": 4, "pr": "season=2015", "rn": 144, "fo": 24, "si": 1, "ft": 1, "hn": 0, "bf": 87, "dk": 0, "no": 0, "hs": "57", "bta": 36, "btsr": 165.51}, {"tt": "season 2015/16", "sp": null, "mt": 10, "in": 10, "pr": "season=NaN", "rn": 383, "fo": 42, "si": 5, "ft": 3, "hn": 0, "bf": 322, "dk": 0, "no": 2, "hs": "72*", "bta": 47.87, "btsr": 118.94}, {"tt": "season 2016/17", "sp": null, "mt": 4, "in": 4, "pr": "season=NaN", "rn": 158, "fo": 15, "si": 3, "ft": 2, "hn": 0, "bf": 138, "dk": 0, "no": 1, "hs": "73*", "bta": 52.66, "btsr": 114.49}, {"tt": "season 2017/18", "sp": null, "mt": 12, "in": 12, "pr": "season=NaN", "rn": 191, "fo": 12, "si": 6, "ft": 1, "hn": 0, "bf": 172, "dk": 1, "no": 1, "hs": "72", "bta": 17.36, "btsr": 111.04}, {"tt": "season 2018/19", "sp": null, "mt": 6, "in": 6, "pr": "season=NaN", "rn": 189, "fo": 16, "si": 5, "ft": 1, "hn": 0, "bf": 148, "dk": 0, "no": 0, "hs": "60", "bta": 31.5, "btsr": 127.7}, {"tt": "season 2019/20", "sp": null, "mt": 3, "in": 3, "pr": "season=NaN", "rn": 160, "fo": 12, "si": 10, "ft": 2, "hn": 0, "bf": 94, "dk": 0, "no": 0, "hs": "95", "bta": 53.33, "btsr": 170.21}, {"tt": "season 2020/21", "sp": null, "mt": 7, "in": 7, "pr": "season=NaN", "rn": 140, "fo": 12, "si": 5, "ft": 2, "hn": 0, "bf": 113, "dk": 1, "no": 1, "hs": "57*", "bta": 23.33, "btsr": 123.89}]}, {"type": "CAPTAINS_INVOLVED", "stats": [{"tt": "*BB McCullum", "sp": "2012-2015", "mt": 11, "in": 11, "pr": "captain_involve=10384", "rn": 348, "fo": 42, "si": 5, "ft": 2, "hn": 0, "bf": 265, "dk": 0, "no": 3, "hs": "57", "bta": 43.5, "btsr": 131.32}, {"tt": "*LRPL Taylor", "sp": "2011-2012", "mt": 7, "in": 5, "pr": "captain_involve=44930", "rn": 74, "fo": 6, "si": 0, "ft": 0, "hn": 0, "bf": 76, "dk": 0, "no": 0, "hs": "28", "bta": 14.8, "btsr": 97.36}, {"tt": "*KS Williamson", "sp": "2012-2021", "mt": 49, "in": 49, "pr": "captain_involve=51088", "rn": 1383, "fo": 134, "si": 36, "ft": 11, "hn": 0, "bf": 1102, "dk": 3, "no": 5, "hs": "95", "bta": 31.43, "btsr": 125.49}]}, {"type": "CAPTAIN", "stats": [{"tt": "is captain", "sp": "2012-2021", "mt": 49, "in": 49, "pr": "captain=1", "rn": 1383, "fo": 134, "si": 36, "ft": 11, "hn": 0, "bf": 1102, "dk": 3, "no": 5, "hs": "95", "bta": 31.43, "btsr": 125.49}, {"tt": "is not captain", "sp": "2011-2015", "mt": 18, "in": 16, "pr": "captain=0", "rn": 422, "fo": 48, "si": 5, "ft": 2, "hn": 0, "bf": 341, "dk": 0, "no": 3, "hs": "57", "bta": 32.46, "btsr": 123.75}]}, {"type": "KEEPER", "stats": [{"tt": "is not keeper", "sp": "2011-2021", "mt": 67, "in": 65, "pr": "keeper=0", "rn": 1805, "fo": 182, "si": 41, "ft": 13, "hn": 0, "bf": 1443, "dk": 3, "no": 8, "hs": "95", "bta": 31.66, "btsr": 125.08}]}, {"type": "TOSS", "stats": [{"tt": "won the toss", "sp": "2011-2021", "mt": 32, "in": 31, "pr": "toss=1", "rn": 754, "fo": 76, "si": 14, "ft": 3, "hn": 0, "bf": 630, "dk": 0, "no": 2, "hs": "95", "bta": 26, "btsr": 119.68}, {"tt": "lost the toss", "sp": "2012-2021", "mt": 35, "in": 34, "pr": "toss=2", "rn": 1051, "fo": 106, "si": 27, "ft": 10, "hn": 0, "bf": 813, "dk": 3, "no": 6, "hs": "73*", "bta": 37.53, "btsr": 129.27}]}, {"type": "BATTING_FIELDING_SEQUENCE_AND_TOSS", "stats": [{"tt": "won toss &amp; batted", "sp": "2012-2020", "mt": 14, "in": 14, "pr": "batting_fielding_first=1;toss=1", "rn": 249, "fo": 26, "si": 3, "ft": 0, "hn": 0, "bf": 232, "dk": 0, "no": 0, "hs": "42", "bta": 17.78, "btsr": 107.32}, {"tt": "won toss &amp; fielded", "sp": "2011-2021", "mt": 18, "in": 17, "pr": "batting_fielding_first=2;toss=1", "rn": 505, "fo": 50, "si": 11, "ft": 3, "hn": 0, "bf": 398, "dk": 0, "no": 2, "hs": "95", "bta": 33.66, "btsr": 126.88}, {"tt": "lost toss &amp; sent in", "sp": "2012-2021", "mt": 21, "in": 20, "pr": "batting_fielding_first=1;toss=2", "rn": 615, "fo": 54, "si": 21, "ft": 5, "hn": 0, "bf": 488, "dk": 1, "no": 2, "hs": "72", "bta": 34.16, "btsr": 126.02}, {"tt": "lost toss &amp; fielded", "sp": "2012-2021", "mt": 14, "in": 14, "pr": "batting_fielding_first=2;toss=2", "rn": 436, "fo": 52, "si": 6, "ft": 5, "hn": 0, "bf": 325, "dk": 2, "no": 4, "hs": "73*", "bta": 43.6, "btsr": 134.15}]}, {"type": "BATTING_FIELDING_SEQUENCE", "stats": [{"tt": "matches batting first", "sp": "2012-2021", "mt": 35, "in": 34, "pr": "batting_fielding_first=1", "rn": 864, "fo": 80, "si": 24, "ft": 5, "hn": 0, "bf": 720, "dk": 1, "no": 2, "hs": "72", "bta": 27, "btsr": 120}, {"tt": "matches fielding first", "sp": "2011-2021", "mt": 32, "in": 31, "pr": "batting_fielding_first=2", "rn": 941, "fo": 102, "si": 17, "ft": 8, "hn": 0, "bf": 723, "dk": 2, "no": 6, "hs": "95", "bta": 37.64, "btsr": 130.15}]}, {"type": "TEAM_INNINGS", "stats": [{"tt": "1st team innings", "sp": "2011-2021", "mt": 67, "in": 65, "pr": null, "rn": 1805, "fo": 182, "si": 41, "ft": 13, "hn": 0, "bf": 1443, "dk": 3, "no": 8, "hs": "95", "bta": 31.66, "btsr": 125.08}]}, {"type": "MATCH_INNINGS", "stats": [{"tt": "1st match innings", "sp": "2012-2021", "mt": 35, "in": 34, "pr": "innings_number=1", "rn": 864, "fo": 80, "si": 24, "ft": 5, "hn": 0, "bf": 720, "dk": 1, "no": 2, "hs": "72", "bta": 27, "btsr": 120}, {"tt": "2nd match innings", "sp": "2011-2021", "mt": 32, "in": 31, "pr": "innings_number=2", "rn": 941, "fo": 102, "si": 17, "ft": 8, "hn": 0, "bf": 723, "dk": 2, "no": 6, "hs": "95", "bta": 37.64, "btsr": 130.15}]}, {"type": "FLOODLIT", "stats": [{"tt": "day match", "sp": "2011-2021", "mt": 13, "in": 12, "pr": "floodlit=1", "rn": 327, "fo": 34, "si": 6, "ft": 3, "hn": 0, "bf": 259, "dk": 1, "no": 1, "hs": "60", "bta": 29.72, "btsr": 126.25}, {"tt": "day/night match", "sp": "2012-2016", "mt": 18, "in": 17, "pr": "floodlit=2", "rn": 568, "fo": 65, "si": 8, "ft": 4, "hn": 0, "bf": 447, "dk": 0, "no": 3, "hs": "72*", "bta": 40.57, "btsr": 127.06}, {"tt": "night match", "sp": "2014-2021", "mt": 36, "in": 36, "pr": "floodlit=3", "rn": 910, "fo": 83, "si": 27, "ft": 6, "hn": 0, "bf": 737, "dk": 2, "no": 4, "hs": "95", "bta": 28.43, "btsr": 123.47}]}, {"type": "RESULT", "stats": [{"tt": "won match", "sp": "2011-2021", "mt": 32, "in": 30, "pr": "result=1", "rn": 981, "fo": 105, "si": 21, "ft": 7, "hn": 0, "bf": 763, "dk": 1, "no": 6, "hs": "73*", "bta": 40.87, "btsr": 128.57}, {"tt": "lost match", "sp": "2012-2021", "mt": 32, "in": 32, "pr": "result=2", "rn": 708, "fo": 68, "si": 14, "ft": 5, "hn": 0, "bf": 613, "dk": 2, "no": 1, "hs": "70", "bta": 22.83, "btsr": 115.49}, {"tt": "tied match", "sp": "2012-2020", "mt": 2, "in": 2, "pr": "result=3", "rn": 99, "fo": 8, "si": 6, "ft": 1, "hn": 0, "bf": 52, "dk": 0, "no": 0, "hs": "95", "bta": 49.5, "btsr": 190.38}, {"tt": "no result", "sp": "2018-2018", "mt": 1, "in": 1, "pr": "result=5", "rn": 17, "fo": 1, "si": 0, "ft": 0, "hn": 0, "bf": 15, "dk": 0, "no": 1, "hs": "17*", "bta": null, "btsr": 113.33}]}, {"type": "BATTING_FIELDING_SEQUENCE_AND_RESULT", "stats": [{"tt": "won batting first", "sp": "2012-2021", "mt": 20, "in": 19, "pr": "batting_fielding_first=1;result=1", "rn": 583, "fo": 56, "si": 17, "ft": 4, "hn": 0, "bf": 475, "dk": 0, "no": 0, "hs": "72", "bta": 30.68, "btsr": 122.73}, {"tt": "won fielding first", "sp": "2011-2021", "mt": 12, "in": 11, "pr": "batting_fielding_first=2;result=1", "rn": 398, "fo": 49, "si": 4, "ft": 3, "hn": 0, "bf": 288, "dk": 1, "no": 6, "hs": "73*", "bta": 79.6, "btsr": 138.19}, {"tt": "lost batting first", "sp": "2012-2020", "mt": 13, "in": 13, "pr": "batting_fielding_first=1;result=2", "rn": 260, "fo": 23, "si": 7, "ft": 1, "hn": 0, "bf": 226, "dk": 1, "no": 1, "hs": "51", "bta": 21.66, "btsr": 115.04}, {"tt": "lost fielding first", "sp": "2012-2021", "mt": 19, "in": 19, "pr": "batting_fielding_first=2;result=2", "rn": 448, "fo": 45, "si": 7, "ft": 4, "hn": 0, "bf": 387, "dk": 1, "no": 0, "hs": "70", "bta": 23.57, "btsr": 115.76}, {"tt": "tied batting first", "sp": "2012-2012", "mt": 1, "in": 1, "pr": "batting_fielding_first=1;result=3", "rn": 4, "fo": 0, "si": 0, "ft": 0, "hn": 0, "bf": 4, "dk": 0, "no": 0, "hs": "4", "bta": 4, "btsr": 100}, {"tt": "tied fielding first", "sp": "2020-2020", "mt": 1, "in": 1, "pr": "batting_fielding_first=2;result=3", "rn": 95, "fo": 8, "si": 6, "ft": 1, "hn": 0, "bf": 48, "dk": 0, "no": 0, "hs": "95", "bta": 95, "btsr": 197.91}, {"tt": "no result batting first", "sp": "2018-2018", "mt": 1, "in": 1, "pr": "batting_fielding_first=1;result=5", "rn": 17, "fo": 1, "si": 0, "ft": 0, "hn": 0, "bf": 15, "dk": 0, "no": 1, "hs": "17*", "bta": null, "btsr": 113.33}]}, {"type": "TOURNAMENT_TYPE", "stats": [{"tt": "2 team series", "sp": "2011-2021", "mt": 49, "in": 48, "pr": "tournament_type=2", "rn": 1402, "fo": 140, "si": 33, "ft": 11, "hn": 0, "bf": 1078, "dk": 3, "no": 7, "hs": "95", "bta": 34.19, "btsr": 130.05}, {"tt": "3-4 team tournaments", "sp": "2018-2018", "mt": 5, "in": 5, "pr": "tournament_type=3", "rn": 98, "fo": 5, "si": 4, "ft": 1, "hn": 0, "bf": 91, "dk": 0, "no": 0, "hs": "72", "bta": 19.6, "btsr": 107.69}, {"tt": "5+ team tournaments", "sp": "2012-2016", "mt": 13, "in": 12, "pr": "tournament_type=5", "rn": 305, "fo": 37, "si": 4, "ft": 1, "hn": 0, "bf": 274, "dk": 0, "no": 1, "hs": "51", "bta": 27.72, "btsr": 111.31}]}, {"type": "MATCH_NUMBER", "stats": [{"tt": "only match in series", "sp": "2015-2017", "mt": 3, "in": 3, "pr": "match_number=0", "rn": 90, "fo": 14, "si": 0, "ft": 1, "hn": 0, "bf": 62, "dk": 0, "no": 0, "hs": "57", "bta": 30, "btsr": 145.16}, {"tt": "1st match in series", "sp": "2011-2021", "mt": 15, "in": 14, "pr": "match_number=1", "rn": 475, "fo": 41, "si": 12, "ft": 4, "hn": 0, "bf": 367, "dk": 1, "no": 1, "hs": "73*", "bta": 36.53, "btsr": 129.42}, {"tt": "2nd match in series", "sp": "2012-2021", "mt": 18, "in": 18, "pr": "match_number=2", "rn": 502, "fo": 54, "si": 9, "ft": 3, "hn": 0, "bf": 387, "dk": 1, "no": 6, "hs": "72*", "bta": 41.83, "btsr": 129.71}, {"tt": "3rd match in series", "sp": "2012-2021", "mt": 11, "in": 11, "pr": "match_number=3", "rn": 327, "fo": 31, "si": 12, "ft": 3, "hn": 0, "bf": 249, "dk": 0, "no": 0, "hs": "95", "bta": 29.72, "btsr": 131.32}, {"tt": "4th match in series", "sp": "2021-2021", "mt": 1, "in": 1, "pr": "match_number=4", "rn": 8, "fo": 0, "si": 0, "ft": 0, "hn": 0, "bf": 12, "dk": 0, "no": 0, "hs": "8", "bta": 8, "btsr": 66.66}, {"tt": "5th match in series", "sp": "2021-2021", "mt": 1, "in": 1, "pr": "match_number=5", "rn": 0, "fo": 0, "si": 0, "ft": 0, "hn": 0, "bf": 1, "dk": 1, "no": 0, "hs": "0", "bta": 0, "btsr": 0}]}, {"type": "MAJOR_TROPHY", "stats": [{"tt": "Men's T20 World Cup", "sp": "2012-2016", "mt": 13, "in": 12, "pr": "trophy=89", "rn": 305, "fo": 37, "si": 4, "ft": 1, "hn": 0, "bf": 274, "dk": 0, "no": 1, "hs": "51", "bta": 27.72, "btsr": 111.31}]}, {"type": "FINAL_TYPE", "stats": [{"tt": "tournament finals", "sp": "2018-2018", "mt": 1, "in": 1, "pr": "final_type=1", "rn": 9, "fo": 1, "si": 0, "ft": 0, "hn": 0, "bf": 9, "dk": 0, "no": 0, "hs": "9", "bta": 9, "btsr": 100}, {"tt": "tournament semi-finals", "sp": "2016-2016", "mt": 1, "in": 1, "pr": "final_type=3", "rn": 32, "fo": 3, "si": 1, "ft": 0, "hn": 0, "bf": 28, "dk": 0, "no": 0, "hs": "32", "bta": 32, "btsr": 114.28}, {"tt": "preliminary matches", "sp": "2012-2018", "mt": 16, "in": 15, "pr": "final_type=0", "rn": 362, "fo": 38, "si": 7, "ft": 2, "hn": 0, "bf": 328, "dk": 0, "no": 1, "hs": "72", "bta": 25.85, "btsr": 110.36}]}, {"type": "BATTING_POSITION", "stats": [{"tt": "1st position", "sp": "2014-2017", "mt": 3, "in": 3, "pr": "batting_positionval1=batting_position;batting_positionmin1=1;batting_positionmax1=1", "rn": 116, "fo": 13, "si": 1, "ft": 1, "hn": 0, "bf": 103, "dk": 0, "no": 0, "hs": "60", "bta": 38.66, "btsr": 112.62}, {"tt": "2nd position", "sp": "2012-2018", "mt": 24, "in": 24, "pr": "batting_positionval1=batting_position;batting_positionmin1=2;batting_positionmax1=2", "rn": 770, "fo": 93, "si": 11, "ft": 5, "hn": 0, "bf": 629, "dk": 1, "no": 4, "hs": "73*", "bta": 38.5, "btsr": 122.41}, {"tt": "3rd position", "sp": "2015-2021", "mt": 25, "in": 25, "pr": "batting_positionval1=batting_position;batting_positionmin1=3;batting_positionmax1=3", "rn": 648, "fo": 49, "si": 23, "ft": 6, "hn": 0, "bf": 502, "dk": 2, "no": 2, "hs": "95", "bta": 28.17, "btsr": 129.08}, {"tt": "4th position", "sp": "2012-2018", "mt": 8, "in": 8, "pr": "batting_positionval1=batting_position;batting_positionmin1=4;batting_positionmax1=4", "rn": 221, "fo": 22, "si": 4, "ft": 1, "hn": 0, "bf": 181, "dk": 0, "no": 1, "hs": "60", "bta": 31.57, "btsr": 122.09}, {"tt": "5th position", "sp": "2012-2018", "mt": 2, "in": 2, "pr": "batting_positionval1=batting_position;batting_positionmin1=5;batting_positionmax1=5", "rn": 25, "fo": 2, "si": 1, "ft": 0, "hn": 0, "bf": 17, "dk": 0, "no": 0, "hs": "19", "bta": 12.5, "btsr": 147.05}, {"tt": "7th position", "sp": "2012-2018", "mt": 2, "in": 2, "pr": "batting_positionval1=batting_position;batting_positionmin1=7;batting_positionmax1=7", "rn": 21, "fo": 3, "si": 1, "ft": 0, "hn": 0, "bf": 7, "dk": 0, "no": 1, "hs": "20*", "bta": 21, "btsr": 300}, {"tt": "8th position", "sp": "2012-2012", "mt": 1, "in": 1, "pr": "batting_positionval1=batting_position;batting_positionmin1=8;batting_positionmax1=8", "rn": 4, "fo": 0, "si": 0, "ft": 0, "hn": 0, "bf": 4, "dk": 0, "no": 0, "hs": "4", "bta": 4, "btsr": 100}]}]}}