{"summary": {"recordClassId": 3, "type": "BOWLING", "groups": [{"type": "CAREER_AVERAGES", "stats": [{"bl": null, "tt": "overview", "sp": "2011-2021", "mt": 67, "in": 12, "pr": null, "ov": 19.4, "cd": 164, "md": 0, "wk": 6, "fwk": 0, "fw": 0, "tw": 0, "bbi": "2/16", "bbm": "2/16", "bwa": 27.33, "bwe": 8.33, "bwsr": 19.6}]}, {"type": "OPPOSITION_TEAM", "stats": [{"bl": null, "tt": "vs Australia", "sp": "2016-2021", "mt": 9, "in": 1, "pr": "opposition=2", "ov": 1, "cd": 3, "md": 0, "wk": 0, "fwk": 0, "fw": 0, "tw": 0, "bbi": null, "bbm": null, "bwa": null, "bwe": 3, "bwsr": null}, {"bl": null, "tt": "vs Bangladesh", "sp": "2012-2017", "mt": 5, "in": 2, "pr": "opposition=25", "ov": 6, "cd": 25, "md": 0, "wk": 3, "fwk": 0, "fw": 0, "tw": 0, "bbi": "2/16", "bbm": "2/16", "bwa": 8.33, "bwe": 4.16, "bwsr": 12}, {"bl": null, "tt": "vs England", "sp": "2012-2018", "mt": 6, "in": 1, "pr": "opposition=1", "ov": 1, "cd": 16, "md": 0, "wk": 0, "fwk": 0, "fw": 0, "tw": 0, "bbi": null, "bbm": null, "bwa": null, "bwe": 16, "bwsr": null}, {"bl": null, "tt": "vs India", "sp": "2012-2020", "mt": 11, "in": null, "pr": "opposition=6", "ov": null, "cd": null, "md": null, "wk": null, "fwk": null, "fw": null, "tw": null, "bbi": null, "bbm": null, "bwa": null, "bwe": null, "bwsr": null}, {"bl": null, "tt": "vs Netherlands", "sp": "2014-2014", "mt": 1, "in": 1, "pr": "opposition=15", "ov": 1, "cd": 17, "md": 0, "wk": 0, "fwk": 0, "fw": 0, "tw": 0, "bbi": null, "bbm": null, "bwa": null, "bwe": 17, "bwsr": null}, {"bl": null, "tt": "vs Pakistan", "sp": "2012-2020", "mt": 14, "in": null, "pr": "opposition=7", "ov": null, "cd": null, "md": null, "wk": null, "fwk": null, "fw": null, "tw": null, "bbi": null, "bbm": null, "bwa": null, "bwe": null, "bwsr": null}, {"bl": null, "tt": "vs South Africa", "sp": "2012-2017", "mt": 7, "in": 3, "pr": "opposition=3", "ov": 4, "cd": 49, "md": 0, "wk": 0, "fwk": 0, "fw": 0, "tw": 0, "bbi": null, "bbm": null, "bwa": null, "bwe": 12.25, "bwsr": null}, {"bl": null, "tt": "vs Sri Lanka", "sp": "2012-2016", "mt": 4, "in": null, "pr": "opposition=8", "ov": null, "cd": null, "md": null, "wk": null, "fwk": null, "fw": null, "tw": null, "bbi": null, "bbm": null, "bwa": null, "bwe": null, "bwsr": null}, {"bl": null, "tt": "vs West Indies", "sp": "2012-2018", "mt": 6, "in": 2, "pr": "opposition=4", "ov": 3.4, "cd": 32, "md": 0, "wk": 2, "fwk": 0, "fw": 0, "tw": 0, "bbi": "1/11", "bbm": "1/11", "bwa": 16, "bwe": 8.72, "bwsr": 11}, {"bl": null, "tt": "vs Zimbabwe", "sp": "2011-2015", "mt": 4, "in": 2, "pr": "opposition=9", "ov": 3, "cd": 22, "md": 0, "wk": 1, "fwk": 0, "fw": 0, "tw": 0, "bbi": "1/6", "bbm": "1/6", "bwa": 22, "bwe": 7.33, "bwsr": 18}]}, {"type": "HOST_COUNTRY", "stats": [{"bl": null, "tt": "in Australia", "sp": "2018-2018", "mt": 1, "in": null, "pr": "host=2", "ov": null, "cd": null, "md": null, "wk": null, "fwk": null, "fw": null, "tw": null, "bbi": null, "bbm": null, "bwa": null, "bwe": null, "bwsr": null}, {"bl": null, "tt": "in Bangladesh", "sp": "2014-2014", "mt": 4, "in": 2, "pr": "host=25", "ov": 2, "cd": 30, "md": 0, "wk": 0, "fwk": 0, "fw": 0, "tw": 0, "bbi": null, "bbm": null, "bwa": null, "bwe": 15, "bwsr": null}, {"bl": null, "tt": "in England", "sp": "2015-2015", "mt": 1, "in": null, "pr": "host=1", "ov": null, "cd": null, "md": null, "wk": null, "fwk": null, "fw": null, "tw": null, "bbi": null, "bbm": null, "bwa": null, "bwe": null, "bwsr": null}, {"bl": null, "tt": "in India", "sp": "2012-2017", "mt": 9, "in": 1, "pr": "host=6", "ov": 1, "cd": 3, "md": 0, "wk": 0, "fwk": 0, "fw": 0, "tw": 0, "bbi": null, "bbm": null, "bwa": null, "bwe": 3, "bwsr": null}, {"bl": null, "tt": "in New Zealand", "sp": "2012-2021", "mt": 35, "in": 6, "pr": "host=5", "ov": 12, "cd": 90, "md": 0, "wk": 4, "fwk": 0, "fw": 0, "tw": 0, "bbi": "2/16", "bbm": "2/16", "bwa": 22.5, "bwe": 7.5, "bwsr": 18}, {"bl": null, "tt": "in South Africa", "sp": "2015-2015", "mt": 2, "in": 1, "pr": "host=3", "ov": 1, "cd": 9, "md": 0, "wk": 0, "fwk": 0, "fw": 0, "tw": 0, "bbi": null, "bbm": null, "bwa": null, "bwe": 9, "bwsr": null}, {"bl": null, "tt": "in Sri Lanka", "sp": "2012-2012", "mt": 4, "in": null, "pr": "host=8", "ov": null, "cd": null, "md": null, "wk": null, "fwk": null, "fw": null, "tw": null, "bbi": null, "bbm": null, "bwa": null, "bwe": null, "bwsr": null}, {"bl": null, "tt": "in U.A.E.", "sp": "2014-2018", "mt": 5, "in": null, "pr": "host=27", "ov": null, "cd": null, "md": null, "wk": null, "fwk": null, "fw": null, "tw": null, "bbi": null, "bbm": null, "bwa": null, "bwe": null, "bwsr": null}, {"bl": null, "tt": "in U.S.A.", "sp": "2012-2012", "mt": 2, "in": 1, "pr": "host=11", "ov": 1.4, "cd": 21, "md": 0, "wk": 1, "fwk": 0, "fw": 0, "tw": 0, "bbi": "1/21", "bbm": "1/21", "bwa": 21, "bwe": 12.6, "bwsr": 10}, {"bl": null, "tt": "in West Indies", "sp": "2014-2014", "mt": 2, "in": 1, "pr": "host=4", "ov": 2, "cd": 11, "md": 0, "wk": 1, "fwk": 0, "fw": 0, "tw": 0, "bbi": "1/11", "bbm": "1/11", "bwa": 11, "bwe": 5.5, "bwsr": 12}, {"bl": null, "tt": "in Zimbabwe", "sp": "2011-2015", "mt": 2, "in": null, "pr": "host=9", "ov": null, "cd": null, "md": null, "wk": null, "fwk": null, "fw": null, "tw": null, "bbi": null, "bbm": null, "bwa": null, "bwe": null, "bwsr": null}]}, {"type": "CONTINENT", "stats": [{"bl": null, "tt": "in Africa", "sp": "2011-2015", "mt": 4, "in": 1, "pr": "continent=1", "ov": 1, "cd": 9, "md": 0, "wk": 0, "fwk": 0, "fw": 0, "tw": 0, "bbi": null, "bbm": null, "bwa": null, "bwe": 9, "bwsr": null}, {"bl": null, "tt": "in Americas", "sp": "2012-2014", "mt": 4, "in": 2, "pr": "continent=3", "ov": 3.4, "cd": 32, "md": 0, "wk": 2, "fwk": 0, "fw": 0, "tw": 0, "bbi": "1/11", "bbm": "1/11", "bwa": 16, "bwe": 8.72, "bwsr": 11}, {"bl": null, "tt": "in Asia", "sp": "2012-2018", "mt": 22, "in": 3, "pr": "continent=2", "ov": 3, "cd": 33, "md": 0, "wk": 0, "fwk": 0, "fw": 0, "tw": 0, "bbi": null, "bbm": null, "bwa": null, "bwe": 11, "bwsr": null}, {"bl": null, "tt": "in Europe", "sp": "2015-2015", "mt": 1, "in": null, "pr": "continent=4", "ov": null, "cd": null, "md": null, "wk": null, "fwk": null, "fw": null, "tw": null, "bbi": null, "bbm": null, "bwa": null, "bwe": null, "bwsr": null}, {"bl": null, "tt": "in Oceania", "sp": "2012-2021", "mt": 36, "in": 6, "pr": "continent=5", "ov": 12, "cd": 90, "md": 0, "wk": 4, "fwk": 0, "fw": 0, "tw": 0, "bbi": "2/16", "bbm": "2/16", "bwa": 22.5, "bwe": 7.5, "bwsr": 18}]}, {"type": "HOME_OR_AWAY", "stats": [{"bl": null, "tt": "home", "sp": "2012-2021", "mt": 35, "in": 6, "pr": "home_or_away=1", "ov": 12, "cd": 90, "md": 0, "wk": 4, "fwk": 0, "fw": 0, "tw": 0, "bbi": "2/16", "bbm": "2/16", "bwa": 22.5, "bwe": 7.5, "bwsr": 18}, {"bl": null, "tt": "away", "sp": "2011-2018", "mt": 14, "in": 2, "pr": "home_or_away=2", "ov": 3, "cd": 20, "md": 0, "wk": 1, "fwk": 0, "fw": 0, "tw": 0, "bbi": "1/11", "bbm": "1/11", "bwa": 20, "bwe": 6.66, "bwsr": 18}, {"bl": null, "tt": "neutral", "sp": "2012-2018", "mt": 18, "in": 4, "pr": "home_or_away=3", "ov": 4.4, "cd": 54, "md": 0, "wk": 1, "fwk": 0, "fw": 0, "tw": 0, "bbi": "1/21", "bbm": "1/21", "bwa": 54, "bwe": 11.57, "bwsr": 28}]}, {"type": "YEAR", "stats": [{"bl": null, "tt": "year 2011", "sp": null, "mt": 1, "in": null, "pr": "year=2011", "ov": null, "cd": null, "md": null, "wk": null, "fwk": null, "fw": null, "tw": null, "bbi": null, "bbm": null, "bwa": null, "bwe": null, "bwsr": null}, {"bl": null, "tt": "year 2012", "sp": null, "mt": 12, "in": 4, "pr": "year=2012", "ov": 6.4, "cd": 70, "md": 0, "wk": 2, "fwk": 0, "fw": 0, "tw": 0, "bbi": "1/6", "bbm": "1/6", "bwa": 35, "bwe": 10.5, "bwsr": 20}, {"bl": null, "tt": "year 2014", "sp": null, "mt": 8, "in": 3, "pr": "year=2014", "ov": 4, "cd": 41, "md": 0, "wk": 1, "fwk": 0, "fw": 0, "tw": 0, "bbi": "1/11", "bbm": "1/11", "bwa": 41, "bwe": 10.25, "bwsr": 24}, {"bl": null, "tt": "year 2015", "sp": null, "mt": 4, "in": 1, "pr": "year=2015", "ov": 1, "cd": 9, "md": 0, "wk": 0, "fwk": 0, "fw": 0, "tw": 0, "bbi": null, "bbm": null, "bwa": null, "bwe": 9, "bwsr": null}, {"bl": null, "tt": "year 2016", "sp": null, "mt": 10, "in": 1, "pr": "year=2016", "ov": 1, "cd": 3, "md": 0, "wk": 0, "fwk": 0, "fw": 0, "tw": 0, "bbi": null, "bbm": null, "bwa": null, "bwe": 3, "bwsr": null}, {"bl": null, "tt": "year 2017", "sp": null, "mt": 7, "in": 2, "pr": "year=2017", "ov": 6, "cd": 25, "md": 0, "wk": 3, "fwk": 0, "fw": 0, "tw": 0, "bbi": "2/16", "bbm": "2/16", "bwa": 8.33, "bwe": 4.16, "bwsr": 12}, {"bl": null, "tt": "year 2018", "sp": null, "mt": 12, "in": 1, "pr": "year=2018", "ov": 1, "cd": 16, "md": 0, "wk": 0, "fwk": 0, "fw": 0, "tw": 0, "bbi": null, "bbm": null, "bwa": null, "bwe": 16, "bwsr": null}, {"bl": null, "tt": "year 2019", "sp": null, "mt": 3, "in": null, "pr": "year=2019", "ov": null, "cd": null, "md": null, "wk": null, "fwk": null, "fw": null, "tw": null, "bbi": null, "bbm": null, "bwa": null, "bwe": null, "bwsr": null}, {"bl": null, "tt": "year 2020", "sp": null, "mt": 5, "in": null, "pr": "year=2020", "ov": null, "cd": null, "md": null, "wk": null, "fwk": null, "fw": null, "tw": null, "bbi": null, "bbm": null, "bwa": null, "bwe": null, "bwsr": null}, {"bl": null, "tt": "year 2021", "sp": null, "mt": 5, "in": null, "pr": "year=2021", "ov": null, "cd": null, "md": null, "wk": null, "fwk": null, "fw": null, "tw": null, "bbi": null, "bbm": null, "bwa": null, "bwe": null, "bwsr": null}]}, {"type": "SEASON", "stats": [{"bl": null, "tt": "season 2011/12", "sp": null, "mt": 6, "in": 3, "pr": "season=2011/12", "ov": 5, "cd": 49, "md": 0, "wk": 1, "fwk": 0, "fw": 0, "tw": 0, "bbi": "1/6", "bbm": "1/6", "bwa": 49, "bwe": 9.8, "bwsr": 30}, {"bl": null, "tt": "season 2012", "sp": null, "mt": 3, "in": 1, "pr": "season=2012", "ov": 1.4, "cd": 21, "md": 0, "wk": 1, "fwk": 0, "fw": 0, "tw": 0, "bbi": "1/21", "bbm": "1/21", "bwa": 21, "bwe": 12.6, "bwsr": 10}, {"bl": null, "tt": "season 2012/13", "sp": null, "mt": 4, "in": null, "pr": "season=2012/13", "ov": null, "cd": null, "md": null, "wk": null, "fwk": null, "fw": null, "tw": null, "bbi": null, "bbm": null, "bwa": null, "bwe": null, "bwsr": null}, {"bl": null, "tt": "season 2013/14", "sp": null, "mt": 4, "in": 2, "pr": "season=2013/14", "ov": 2, "cd": 30, "md": 0, "wk": 0, "fwk": 0, "fw": 0, "tw": 0, "bbi": null, "bbm": null, "bwa": null, "bwe": 15, "bwsr": null}, {"bl": null, "tt": "season 2014", "sp": null, "mt": 2, "in": 1, "pr": "season=2014", "ov": 2, "cd": 11, "md": 0, "wk": 1, "fwk": 0, "fw": 0, "tw": 0, "bbi": "1/11", "bbm": "1/11", "bwa": 11, "bwe": 5.5, "bwsr": 12}, {"bl": null, "tt": "season 2014/15", "sp": null, "mt": 2, "in": null, "pr": "season=2014/15", "ov": null, "cd": null, "md": null, "wk": null, "fwk": null, "fw": null, "tw": null, "bbi": null, "bbm": null, "bwa": null, "bwe": null, "bwsr": null}, {"bl": null, "tt": "season 2015", "sp": null, "mt": 4, "in": 1, "pr": "season=2015", "ov": 1, "cd": 9, "md": 0, "wk": 0, "fwk": 0, "fw": 0, "tw": 0, "bbi": null, "bbm": null, "bwa": null, "bwe": 9, "bwsr": null}, {"bl": null, "tt": "season 2015/16", "sp": null, "mt": 10, "in": 1, "pr": "season=2015/16", "ov": 1, "cd": 3, "md": 0, "wk": 0, "fwk": 0, "fw": 0, "tw": 0, "bbi": null, "bbm": null, "bwa": null, "bwe": 3, "bwsr": null}, {"bl": null, "tt": "season 2016/17", "sp": null, "mt": 4, "in": 2, "pr": "season=2016/17", "ov": 6, "cd": 25, "md": 0, "wk": 3, "fwk": 0, "fw": 0, "tw": 0, "bbi": "2/16", "bbm": "2/16", "bwa": 8.33, "bwe": 4.16, "bwsr": 12}, {"bl": null, "tt": "season 2017/18", "sp": null, "mt": 12, "in": 1, "pr": "season=2017/18", "ov": 1, "cd": 16, "md": 0, "wk": 0, "fwk": 0, "fw": 0, "tw": 0, "bbi": null, "bbm": null, "bwa": null, "bwe": 16, "bwsr": null}, {"bl": null, "tt": "season 2018/19", "sp": null, "mt": 6, "in": null, "pr": "season=2018/19", "ov": null, "cd": null, "md": null, "wk": null, "fwk": null, "fw": null, "tw": null, "bbi": null, "bbm": null, "bwa": null, "bwe": null, "bwsr": null}, {"bl": null, "tt": "season 2019/20", "sp": null, "mt": 3, "in": null, "pr": "season=2019/20", "ov": null, "cd": null, "md": null, "wk": null, "fwk": null, "fw": null, "tw": null, "bbi": null, "bbm": null, "bwa": null, "bwe": null, "bwsr": null}, {"bl": null, "tt": "season 2020/21", "sp": null, "mt": 7, "in": null, "pr": "season=2020/21", "ov": null, "cd": null, "md": null, "wk": null, "fwk": null, "fw": null, "tw": null, "bbi": null, "bbm": null, "bwa": null, "bwe": null, "bwsr": null}]}, {"type": "CAPTAINS_INVOLVED", "stats": [{"bl": null, "tt": "*BB McCullum", "sp": "2012-2015", "mt": 11, "in": 5, "pr": "captain_involve=10384", "ov": 7, "cd": 79, "md": 0, "wk": 1, "fwk": 0, "fw": 0, "tw": 0, "bbi": "1/6", "bbm": "1/6", "bwa": 79, "bwe": 11.28, "bwsr": 42}, {"bl": null, "tt": "*LRPL Taylor", "sp": "2011-2012", "mt": 7, "in": 1, "pr": "captain_involve=44930", "ov": 1.4, "cd": 21, "md": 0, "wk": 1, "fwk": 0, "fw": 0, "tw": 0, "bbi": "1/21", "bbm": "1/21", "bwa": 21, "bwe": 12.6, "bwsr": 10}, {"bl": null, "tt": "*KS Williamson", "sp": "2012-2021", "mt": 49, "in": 6, "pr": "captain_involve=51088", "ov": 11, "cd": 64, "md": 0, "wk": 4, "fwk": 0, "fw": 0, "tw": 0, "bbi": "2/16", "bbm": "2/16", "bwa": 16, "bwe": 5.81, "bwsr": 16.5}]}, {"type": "CAPTAIN", "stats": [{"bl": null, "tt": "is captain", "sp": "2012-2021", "mt": 49, "in": 6, "pr": "captain=1", "ov": 11, "cd": 64, "md": 0, "wk": 4, "fwk": 0, "fw": 0, "tw": 0, "bbi": "2/16", "bbm": "2/16", "bwa": 16, "bwe": 5.81, "bwsr": 16.5}, {"bl": null, "tt": "is not captain", "sp": "2011-2015", "mt": 18, "in": 6, "pr": "captain=0", "ov": 8.4, "cd": 100, "md": 0, "wk": 2, "fwk": 0, "fw": 0, "tw": 0, "bbi": "1/6", "bbm": "1/6", "bwa": 50, "bwe": 11.53, "bwsr": 26}]}, {"type": "KEEPER", "stats": [{"bl": null, "tt": "is not keeper", "sp": "2011-2021", "mt": 67, "in": 12, "pr": "keeper=0", "ov": 19.4, "cd": 164, "md": 0, "wk": 6, "fwk": 0, "fw": 0, "tw": 0, "bbi": "2/16", "bbm": "2/16", "bwa": 27.33, "bwe": 8.33, "bwsr": 19.6}]}, {"type": "TOSS", "stats": [{"bl": null, "tt": "won the toss", "sp": "2011-2021", "mt": 32, "in": 7, "pr": "toss=1", "ov": 9.4, "cd": 108, "md": 0, "wk": 2, "fwk": 0, "fw": 0, "tw": 0, "bbi": "1/11", "bbm": "1/11", "bwa": 54, "bwe": 11.17, "bwsr": 29}, {"bl": null, "tt": "lost the toss", "sp": "2012-2021", "mt": 35, "in": 5, "pr": "toss=2", "ov": 10, "cd": 56, "md": 0, "wk": 4, "fwk": 0, "fw": 0, "tw": 0, "bbi": "2/16", "bbm": "2/16", "bwa": 14, "bwe": 5.6, "bwsr": 15}]}, {"type": "BATTING_FIELDING_SEQUENCE_AND_TOSS", "stats": [{"bl": null, "tt": "won toss &amp; batted", "sp": "2012-2020", "mt": 14, "in": 1, "pr": "batting_fielding_first=1;toss=1", "ov": 1, "cd": 3, "md": 0, "wk": 0, "fwk": 0, "fw": 0, "tw": 0, "bbi": null, "bbm": null, "bwa": null, "bwe": 3, "bwsr": null}, {"bl": null, "tt": "won toss &amp; fielded", "sp": "2011-2021", "mt": 18, "in": 6, "pr": "batting_fielding_first=2;toss=1", "ov": 8.4, "cd": 105, "md": 0, "wk": 2, "fwk": 0, "fw": 0, "tw": 0, "bbi": "1/11", "bbm": "1/11", "bwa": 52.5, "bwe": 12.11, "bwsr": 26}, {"bl": null, "tt": "lost toss &amp; sent in", "sp": "2012-2021", "mt": 21, "in": 3, "pr": "batting_fielding_first=1;toss=2", "ov": 7, "cd": 34, "md": 0, "wk": 3, "fwk": 0, "fw": 0, "tw": 0, "bbi": "2/16", "bbm": "2/16", "bwa": 11.33, "bwe": 4.85, "bwsr": 14}, {"bl": null, "tt": "lost toss &amp; fielded", "sp": "2012-2021", "mt": 14, "in": 2, "pr": "batting_fielding_first=2;toss=2", "ov": 3, "cd": 22, "md": 0, "wk": 1, "fwk": 0, "fw": 0, "tw": 0, "bbi": "1/6", "bbm": "1/6", "bwa": 22, "bwe": 7.33, "bwsr": 18}]}, {"type": "BATTING_FIELDING_SEQUENCE", "stats": [{"bl": null, "tt": "matches batting first", "sp": "2012-2021", "mt": 35, "in": 4, "pr": "batting_fielding_first=1", "ov": 8, "cd": 37, "md": 0, "wk": 3, "fwk": 0, "fw": 0, "tw": 0, "bbi": "2/16", "bbm": "2/16", "bwa": 12.33, "bwe": 4.62, "bwsr": 16}, {"bl": null, "tt": "matches fielding first", "sp": "2011-2021", "mt": 32, "in": 8, "pr": "batting_fielding_first=2", "ov": 11.4, "cd": 127, "md": 0, "wk": 3, "fwk": 0, "fw": 0, "tw": 0, "bbi": "1/6", "bbm": "1/6", "bwa": 42.33, "bwe": 10.88, "bwsr": 23.3}]}, {"type": "TEAM_INNINGS", "stats": [{"bl": null, "tt": "1st team innings", "sp": "2011-2021", "mt": 66, "in": 12, "pr": "innings_number=1;innings_number=2", "ov": 19.4, "cd": 164, "md": 0, "wk": 6, "fwk": 0, "fw": 0, "tw": 0, "bbi": "2/16", "bbm": "2/16", "bwa": 27.33, "bwe": 8.33, "bwsr": 19.6}]}, {"type": "MATCH_INNINGS", "stats": [{"bl": null, "tt": "1st match innings", "sp": "2011-2021", "mt": 32, "in": 8, "pr": "innings_number=1", "ov": 11.4, "cd": 127, "md": 0, "wk": 3, "fwk": 0, "fw": 0, "tw": 0, "bbi": "1/6", "bbm": "1/6", "bwa": 42.33, "bwe": 10.88, "bwsr": 23.3}, {"bl": null, "tt": "2nd match innings", "sp": "2012-2021", "mt": 34, "in": 4, "pr": "innings_number=2", "ov": 8, "cd": 37, "md": 0, "wk": 3, "fwk": 0, "fw": 0, "tw": 0, "bbi": "2/16", "bbm": "2/16", "bwa": 12.33, "bwe": 4.62, "bwsr": 16}]}, {"type": "FLOODLIT", "stats": [{"bl": null, "tt": "day match", "sp": "2011-2021", "mt": 13, "in": 4, "pr": "floodlit=1", "ov": 9.4, "cd": 57, "md": 0, "wk": 5, "fwk": 0, "fw": 0, "tw": 0, "bbi": "2/16", "bbm": "2/16", "bwa": 11.4, "bwe": 5.89, "bwsr": 11.6}, {"bl": null, "tt": "day/night match", "sp": "2012-2016", "mt": 18, "in": 6, "pr": "floodlit=2", "ov": 8, "cd": 82, "md": 0, "wk": 1, "fwk": 0, "fw": 0, "tw": 0, "bbi": "1/6", "bbm": "1/6", "bwa": 82, "bwe": 10.25, "bwsr": 48}, {"bl": null, "tt": "night match", "sp": "2014-2021", "mt": 36, "in": 2, "pr": "floodlit=3", "ov": 2, "cd": 25, "md": 0, "wk": 0, "fwk": 0, "fw": 0, "tw": 0, "bbi": null, "bbm": null, "bwa": null, "bwe": 12.5, "bwsr": null}]}, {"type": "RESULT", "stats": [{"bl": null, "tt": "won match", "sp": "2011-2021", "mt": 32, "in": 7, "pr": "result=1", "ov": 13, "cd": 94, "md": 0, "wk": 4, "fwk": 0, "fw": 0, "tw": 0, "bbi": "2/16", "bbm": "2/16", "bwa": 23.5, "bwe": 7.23, "bwsr": 19.5}, {"bl": null, "tt": "lost match", "sp": "2012-2021", "mt": 32, "in": 5, "pr": "result=2", "ov": 6.4, "cd": 70, "md": 0, "wk": 2, "fwk": 0, "fw": 0, "tw": 0, "bbi": "1/11", "bbm": "1/11", "bwa": 35, "bwe": 10.5, "bwsr": 20}, {"bl": null, "tt": "tied match", "sp": "2012-2020", "mt": 2, "in": null, "pr": "result=3", "ov": null, "cd": null, "md": null, "wk": null, "fwk": null, "fw": null, "tw": null, "bbi": null, "bbm": null, "bwa": null, "bwe": null, "bwsr": null}, {"bl": null, "tt": "no result", "sp": "2018-2018", "mt": 1, "in": null, "pr": "result=5", "ov": null, "cd": null, "md": null, "wk": null, "fwk": null, "fw": null, "tw": null, "bbi": null, "bbm": null, "bwa": null, "bwe": null, "bwsr": null}]}, {"type": "BATTING_FIELDING_SEQUENCE_AND_RESULT", "stats": [{"bl": null, "tt": "won batting first", "sp": "2012-2021", "mt": 20, "in": 3, "pr": "batting_fielding_first=1;result=1", "ov": 7, "cd": 28, "md": 0, "wk": 3, "fwk": 0, "fw": 0, "tw": 0, "bbi": "2/16", "bbm": "2/16", "bwa": 9.33, "bwe": 4, "bwsr": 14}, {"bl": null, "tt": "won fielding first", "sp": "2011-2021", "mt": 12, "in": 4, "pr": "batting_fielding_first=2;result=1", "ov": 6, "cd": 66, "md": 0, "wk": 1, "fwk": 0, "fw": 0, "tw": 0, "bbi": "1/6", "bbm": "1/6", "bwa": 66, "bwe": 11, "bwsr": 36}, {"bl": null, "tt": "lost batting first", "sp": "2012-2020", "mt": 13, "in": 1, "pr": "batting_fielding_first=1;result=2", "ov": 1, "cd": 9, "md": 0, "wk": 0, "fwk": 0, "fw": 0, "tw": 0, "bbi": null, "bbm": null, "bwa": null, "bwe": 9, "bwsr": null}, {"bl": null, "tt": "lost fielding first", "sp": "2012-2021", "mt": 19, "in": 4, "pr": "batting_fielding_first=2;result=2", "ov": 5.4, "cd": 61, "md": 0, "wk": 2, "fwk": 0, "fw": 0, "tw": 0, "bbi": "1/11", "bbm": "1/11", "bwa": 30.5, "bwe": 10.76, "bwsr": 17}, {"bl": null, "tt": "tied batting first", "sp": "2012-2012", "mt": 1, "in": null, "pr": "batting_fielding_first=1;result=3", "ov": null, "cd": null, "md": null, "wk": null, "fwk": null, "fw": null, "tw": null, "bbi": null, "bbm": null, "bwa": null, "bwe": null, "bwsr": null}, {"bl": null, "tt": "tied fielding first", "sp": "2020-2020", "mt": 1, "in": null, "pr": "batting_fielding_first=2;result=3", "ov": null, "cd": null, "md": null, "wk": null, "fwk": null, "fw": null, "tw": null, "bbi": null, "bbm": null, "bwa": null, "bwe": null, "bwsr": null}, {"bl": null, "tt": "no result batting first", "sp": "2018-2018", "mt": 1, "in": null, "pr": "batting_fielding_first=1;result=5", "ov": null, "cd": null, "md": null, "wk": null, "fwk": null, "fw": null, "tw": null, "bbi": null, "bbm": null, "bwa": null, "bwe": null, "bwsr": null}]}, {"type": "TOURNAMENT_TYPE", "stats": [{"bl": null, "tt": "2 team series", "sp": "2011-2021", "mt": 49, "in": 8, "pr": "tournament_type=2", "ov": 15.4, "cd": 115, "md": 0, "wk": 6, "fwk": 0, "fw": 0, "tw": 0, "bbi": "2/16", "bbm": "2/16", "bwa": 19.16, "bwe": 7.34, "bwsr": 15.6}, {"bl": null, "tt": "3-4 team tournaments", "sp": "2018-2018", "mt": 5, "in": 1, "pr": "tournament_type=3", "ov": 1, "cd": 16, "md": 0, "wk": 0, "fwk": 0, "fw": 0, "tw": 0, "bbi": null, "bbm": null, "bwa": null, "bwe": 16, "bwsr": null}, {"bl": null, "tt": "5+ team tournaments", "sp": "2012-2016", "mt": 13, "in": 3, "pr": "tournament_type=5", "ov": 3, "cd": 33, "md": 0, "wk": 0, "fwk": 0, "fw": 0, "tw": 0, "bbi": null, "bbm": null, "bwa": null, "bwe": 11, "bwsr": null}]}, {"type": "MATCH_NUMBER", "stats": [{"bl": null, "tt": "only match in series", "sp": "2015-2017", "mt": 3, "in": null, "pr": "match_number=0", "ov": null, "cd": null, "md": null, "wk": null, "fwk": null, "fw": null, "tw": null, "bbi": null, "bbm": null, "bwa": null, "bwe": null, "bwsr": null}, {"bl": null, "tt": "1st match in series", "sp": "2011-2021", "mt": 15, "in": 4, "pr": "match_number=1", "ov": 5.4, "cd": 63, "md": 0, "wk": 2, "fwk": 0, "fw": 0, "tw": 0, "bbi": "1/6", "bbm": "1/6", "bwa": 31.5, "bwe": 11.11, "bwsr": 17}, {"bl": null, "tt": "2nd match in series", "sp": "2012-2021", "mt": 18, "in": 3, "pr": "match_number=2", "ov": 8, "cd": 43, "md": 0, "wk": 3, "fwk": 0, "fw": 0, "tw": 0, "bbi": "2/16", "bbm": "2/16", "bwa": 14.33, "bwe": 5.37, "bwsr": 16}, {"bl": null, "tt": "3rd match in series", "sp": "2012-2021", "mt": 11, "in": 1, "pr": "match_number=3", "ov": 2, "cd": 9, "md": 0, "wk": 1, "fwk": 0, "fw": 0, "tw": 0, "bbi": "1/9", "bbm": "1/9", "bwa": 9, "bwe": 4.5, "bwsr": 12}, {"bl": null, "tt": "4th match in series", "sp": "2021-2021", "mt": 1, "in": null, "pr": "match_number=4", "ov": null, "cd": null, "md": null, "wk": null, "fwk": null, "fw": null, "tw": null, "bbi": null, "bbm": null, "bwa": null, "bwe": null, "bwsr": null}, {"bl": null, "tt": "5th match in series", "sp": "2021-2021", "mt": 1, "in": null, "pr": "match_number=5", "ov": null, "cd": null, "md": null, "wk": null, "fwk": null, "fw": null, "tw": null, "bbi": null, "bbm": null, "bwa": null, "bwe": null, "bwsr": null}]}, {"type": "MAJOR_TROPHY", "stats": [{"bl": null, "tt": "Men's T20 World Cup", "sp": "2012-2016", "mt": 13, "in": 3, "pr": "trophy=89", "ov": 3, "cd": 33, "md": 0, "wk": 0, "fwk": 0, "fw": 0, "tw": 0, "bbi": null, "bbm": null, "bwa": null, "bwe": 11, "bwsr": null}]}, {"type": "FINAL_TYPE", "stats": [{"bl": null, "tt": "tournament finals", "sp": "2018-2018", "mt": 1, "in": null, "pr": "final_type=1", "ov": null, "cd": null, "md": null, "wk": null, "fwk": null, "fw": null, "tw": null, "bbi": null, "bbm": null, "bwa": null, "bwe": null, "bwsr": null}, {"bl": null, "tt": "tournament semi-finals", "sp": "2016-2016", "mt": 1, "in": null, "pr": "final_type=3", "ov": null, "cd": null, "md": null, "wk": null, "fwk": null, "fw": null, "tw": null, "bbi": null, "bbm": null, "bwa": null, "bwe": null, "bwsr": null}, {"bl": null, "tt": "preliminary matches", "sp": "2012-2018", "mt": 16, "in": 4, "pr": "final_type=0", "ov": 4, "cd": 49, "md": 0, "wk": 0, "fwk": 0, "fw": 0, "tw": 0, "bbi": null, "bbm": null, "bwa": null, "bwe": 12.25, "bwsr": null}]}, {"type": "BOWLING_POSITION", "stats": [{"bl": null, "tt": "5th position", "sp": "2018-2018", "mt": 1, "in": 1, "pr": "bowling_positionval1=bowling_position;bowling_positionmin1=5;bowling_positionmax1=5", "ov": 1, "cd": 16, "md": 0, "wk": 0, "fwk": 0, "fw": 0, "tw": 0, "bbi": null, "bbm": null, "bwa": null, "bwe": 16, "bwsr": null}, {"bl": null, "tt": "6th position", "sp": "2012-2017", "mt": 7, "in": 7, "pr": "bowling_positionval1=bowling_position;bowling_positionmin1=6;bowling_positionmax1=6", "ov": 12.4, "cd": 108, "md": 0, "wk": 4, "fwk": 0, "fw": 0, "tw": 0, "bbi": "2/16", "bbm": "2/16", "bwa": 27, "bwe": 8.52, "bwsr": 19}, {"bl": null, "tt": "7th position", "sp": "2012-2017", "mt": 4, "in": 4, "pr": "bowling_positionval1=bowling_position;bowling_positionmin1=7;bowling_positionmax1=7", "ov": 6, "cd": 40, "md": 0, "wk": 2, "fwk": 0, "fw": 0, "tw": 0, "bbi": "1/6", "bbm": "1/6", "bwa": 20, "bwe": 6.66, "bwsr": 18}]}]}}