{"summary": {"recordClassId": 2, "type": "BATTING", "groups": [{"type": "CAREER_AVERAGES", "stats": [{"tt": "overview", "sp": "2010-2020", "mt": 151, "in": 144, "pr": null, "rn": 6173, "fo": 563, "si": 49, "ft": 39, "hn": 13, "bf": 7551, "dk": 5, "no": 14, "hs": "148", "bta": 47.48, "btsr": 81.75}]}, {"type": "OPPOSITION_TEAM", "stats": [{"tt": "vs Afghanistan", "sp": "2015-2019", "mt": 2, "in": 2, "pr": "opposition=40", "rn": 112, "fo": 13, "si": 0, "ft": 1, "hn": 0, "bf": 144, "dk": 0, "no": 1, "hs": "79*", "bta": 112, "btsr": 77.77}, {"tt": "vs Australia", "sp": "2013-2020", "mt": 14, "in": 14, "pr": "opposition=2", "rn": 475, "fo": 41, "si": 8, "ft": 2, "hn": 1, "bf": 580, "dk": 1, "no": 2, "hs": "100", "bta": 39.58, "btsr": 81.89}, {"tt": "vs Bangladesh", "sp": "2010-2019", "mt": 11, "in": 10, "pr": "opposition=25", "rn": 422, "fo": 32, "si": 3, "ft": 3, "hn": 1, "bf": 576, "dk": 1, "no": 2, "hs": "108", "bta": 52.75, "btsr": 73.26}, {"tt": "vs Canada", "sp": "2011-2011", "mt": 1, "in": 1, "pr": "opposition=17", "rn": 34, "fo": 4, "si": 0, "ft": 0, "hn": 0, "bf": 27, "dk": 0, "no": 1, "hs": "34*", "bta": null, "btsr": 125.92}, {"tt": "vs England", "sp": "2013-2019", "mt": 20, "in": 20, "pr": "opposition=1", "rn": 983, "fo": 96, "si": 7, "ft": 7, "hn": 2, "bf": 1136, "dk": 1, "no": 2, "hs": "118", "bta": 54.61, "btsr": 86.53}, {"tt": "vs India", "sp": "2010-2020", "mt": 25, "in": 25, "pr": "opposition=6", "rn": 984, "fo": 90, "si": 8, "ft": 8, "hn": 1, "bf": 1331, "dk": 1, "no": 0, "hs": "118", "bta": 39.36, "btsr": 73.92}, {"tt": "vs Pakistan", "sp": "2011-2019", "mt": 18, "in": 18, "pr": "opposition=7", "rn": 939, "fo": 84, "si": 5, "ft": 4, "hn": 3, "bf": 1122, "dk": 0, "no": 1, "hs": "123", "bta": 55.23, "btsr": 83.68}, {"tt": "vs Scotland", "sp": "2015-2015", "mt": 1, "in": 1, "pr": "opposition=30", "rn": 38, "fo": 6, "si": 0, "ft": 0, "hn": 0, "bf": 45, "dk": 0, "no": 0, "hs": "38", "bta": 38, "btsr": 84.44}, {"tt": "vs South Africa", "sp": "2011-2019", "mt": 17, "in": 17, "pr": "opposition=3", "rn": 670, "fo": 58, "si": 7, "ft": 3, "hn": 2, "bf": 837, "dk": 0, "no": 3, "hs": "145*", "bta": 47.85, "btsr": 80.04}, {"tt": "vs Sri Lanka", "sp": "2010-2019", "mt": 22, "in": 18, "pr": "opposition=8", "rn": 685, "fo": 61, "si": 5, "ft": 7, "hn": 1, "bf": 792, "dk": 1, "no": 0, "hs": "103", "bta": 38.05, "btsr": 86.48}, {"tt": "vs West Indies", "sp": "2012-2019", "mt": 11, "in": 11, "pr": "opposition=4", "rn": 453, "fo": 40, "si": 3, "ft": 2, "hn": 1, "bf": 562, "dk": 0, "no": 0, "hs": "148", "bta": 41.18, "btsr": 80.6}, {"tt": "vs Zimbabwe", "sp": "2011-2015", "mt": 9, "in": 7, "pr": "opposition=9", "rn": 378, "fo": 38, "si": 3, "ft": 2, "hn": 1, "bf": 399, "dk": 0, "no": 2, "hs": "100*", "bta": 75.6, "btsr": 94.73}]}, {"type": "HOST_COUNTRY", "stats": [{"tt": "in Australia", "sp": "2015-2020", "mt": 5, "in": 5, "pr": "host=2", "rn": 134, "fo": 12, "si": 2, "ft": 1, "hn": 0, "bf": 167, "dk": 0, "no": 0, "hs": "81", "bta": 26.8, "btsr": 80.23}, {"tt": "in Bangladesh", "sp": "2010-2013", "mt": 4, "in": 3, "pr": "host=25", "rn": 146, "fo": 7, "si": 3, "ft": 0, "hn": 1, "bf": 179, "dk": 1, "no": 1, "hs": "108", "bta": 73, "btsr": 81.56}, {"tt": "in England", "sp": "2013-2019", "mt": 24, "in": 23, "pr": "host=1", "rn": 1393, "fo": 134, "si": 10, "ft": 9, "hn": 4, "bf": 1620, "dk": 1, "no": 3, "hs": "148", "bta": 69.65, "btsr": 85.98}, {"tt": "in India", "sp": "2010-2017", "mt": 13, "in": 13, "pr": "host=6", "rn": 398, "fo": 42, "si": 1, "ft": 1, "hn": 1, "bf": 551, "dk": 0, "no": 1, "hs": "118", "bta": 33.16, "btsr": 72.23}, {"tt": "in New Zealand", "sp": "2011-2020", "mt": 72, "in": 72, "pr": "host=5", "rn": 2954, "fo": 255, "si": 26, "ft": 22, "hn": 4, "bf": 3681, "dk": 1, "no": 5, "hs": "115", "bta": 44.08, "btsr": 80.24}, {"tt": "in South Africa", "sp": "2013-2015", "mt": 6, "in": 6, "pr": "host=3", "rn": 249, "fo": 28, "si": 2, "ft": 0, "hn": 1, "bf": 309, "dk": 0, "no": 1, "hs": "145*", "bta": 49.8, "btsr": 80.58}, {"tt": "in Sri Lanka", "sp": "2010-2012", "mt": 9, "in": 6, "pr": "host=8", "rn": 61, "fo": 6, "si": 0, "ft": 0, "hn": 0, "bf": 89, "dk": 2, "no": 0, "hs": "22", "bta": 10.16, "btsr": 68.53}, {"tt": "in U.A.E.", "sp": "2014-2018", "mt": 7, "in": 7, "pr": "host=27", "rn": 374, "fo": 37, "si": 0, "ft": 2, "hn": 1, "bf": 427, "dk": 0, "no": 1, "hs": "123", "bta": 62.33, "btsr": 87.58}, {"tt": "in West Indies", "sp": "2012-2012", "mt": 5, "in": 5, "pr": "host=4", "rn": 163, "fo": 11, "si": 2, "ft": 2, "hn": 0, "bf": 230, "dk": 0, "no": 0, "hs": "69", "bta": 32.6, "btsr": 70.86}, {"tt": "in Zimbabwe", "sp": "2011-2015", "mt": 6, "in": 4, "pr": "host=9", "rn": 301, "fo": 31, "si": 3, "ft": 2, "hn": 1, "bf": 298, "dk": 0, "no": 2, "hs": "100*", "bta": 150.5, "btsr": 101}]}, {"type": "CONTINENT", "stats": [{"tt": "in Africa", "sp": "2011-2015", "mt": 12, "in": 10, "pr": "continent=1", "rn": 550, "fo": 59, "si": 5, "ft": 2, "hn": 2, "bf": 607, "dk": 0, "no": 3, "hs": "145*", "bta": 78.57, "btsr": 90.6}, {"tt": "in Americas", "sp": "2012-2012", "mt": 5, "in": 5, "pr": "continent=3", "rn": 163, "fo": 11, "si": 2, "ft": 2, "hn": 0, "bf": 230, "dk": 0, "no": 0, "hs": "69", "bta": 32.6, "btsr": 70.86}, {"tt": "in Asia", "sp": "2010-2018", "mt": 33, "in": 29, "pr": "continent=2", "rn": 979, "fo": 92, "si": 4, "ft": 3, "hn": 3, "bf": 1246, "dk": 3, "no": 3, "hs": "123", "bta": 37.65, "btsr": 78.57}, {"tt": "in Europe", "sp": "2013-2019", "mt": 24, "in": 23, "pr": "continent=4", "rn": 1393, "fo": 134, "si": 10, "ft": 9, "hn": 4, "bf": 1620, "dk": 1, "no": 3, "hs": "148", "bta": 69.65, "btsr": 85.98}, {"tt": "in Oceania", "sp": "2011-2020", "mt": 77, "in": 77, "pr": "continent=5", "rn": 3088, "fo": 267, "si": 28, "ft": 23, "hn": 4, "bf": 3848, "dk": 1, "no": 5, "hs": "115", "bta": 42.88, "btsr": 80.24}]}, {"type": "HOME_OR_AWAY", "stats": [{"tt": "home", "sp": "2011-2020", "mt": 72, "in": 72, "pr": "home_or_away=1", "rn": 2954, "fo": 255, "si": 26, "ft": 22, "hn": 4, "bf": 3681, "dk": 1, "no": 5, "hs": "115", "bta": 44.08, "btsr": 80.24}, {"tt": "away", "sp": "2010-2020", "mt": 55, "in": 49, "pr": "home_or_away=2", "rn": 2043, "fo": 205, "si": 16, "ft": 12, "hn": 5, "bf": 2428, "dk": 3, "no": 3, "hs": "145*", "bta": 44.41, "btsr": 84.14}, {"tt": "neutral", "sp": "2010-2019", "mt": 24, "in": 23, "pr": "home_or_away=3", "rn": 1176, "fo": 103, "si": 7, "ft": 5, "hn": 4, "bf": 1442, "dk": 1, "no": 6, "hs": "148", "bta": 69.17, "btsr": 81.55}]}, {"type": "YEAR", "stats": [{"tt": "year 2010", "sp": null, "mt": 9, "in": 8, "pr": "year=2010", "rn": 196, "fo": 12, "si": 2, "ft": 0, "hn": 1, "bf": 323, "dk": 3, "no": 0, "hs": "108", "bta": 24.5, "btsr": 60.68}, {"tt": "year 2011", "sp": null, "mt": 9, "in": 8, "pr": "year=2011", "rn": 270, "fo": 22, "si": 2, "ft": 0, "hn": 1, "bf": 278, "dk": 0, "no": 4, "hs": "100*", "bta": 67.5, "btsr": 97.12}, {"tt": "year 2012", "sp": null, "mt": 15, "in": 13, "pr": "year=2012", "rn": 356, "fo": 25, "si": 2, "ft": 3, "hn": 0, "bf": 496, "dk": 0, "no": 0, "hs": "69", "bta": 27.38, "btsr": 71.77}, {"tt": "year 2013", "sp": null, "mt": 14, "in": 13, "pr": "year=2013", "rn": 453, "fo": 43, "si": 2, "ft": 3, "hn": 1, "bf": 554, "dk": 1, "no": 2, "hs": "145*", "bta": 41.18, "btsr": 81.76}, {"tt": "year 2014", "sp": null, "mt": 12, "in": 12, "pr": "year=2014", "rn": 770, "fo": 66, "si": 5, "ft": 7, "hn": 1, "bf": 884, "dk": 0, "no": 1, "hs": "123", "bta": 70, "btsr": 87.1}, {"tt": "year 2015", "sp": null, "mt": 27, "in": 26, "pr": "year=2015", "rn": 1376, "fo": 149, "si": 12, "ft": 9, "hn": 3, "bf": 1531, "dk": 0, "no": 2, "hs": "118", "bta": 57.33, "btsr": 89.87}, {"tt": "year 2016", "sp": null, "mt": 18, "in": 18, "pr": "year=2016", "rn": 699, "fo": 73, "si": 8, "ft": 5, "hn": 1, "bf": 855, "dk": 1, "no": 1, "hs": "118", "bta": 41.11, "btsr": 81.75}, {"tt": "year 2017", "sp": null, "mt": 14, "in": 14, "pr": "year=2017", "rn": 596, "fo": 55, "si": 6, "ft": 5, "hn": 1, "bf": 699, "dk": 0, "no": 0, "hs": "100", "bta": 42.57, "btsr": 85.26}, {"tt": "year 2018", "sp": null, "mt": 11, "in": 11, "pr": "year=2018", "rn": 468, "fo": 31, "si": 4, "ft": 1, "hn": 2, "bf": 616, "dk": 0, "no": 1, "hs": "115", "bta": 46.8, "btsr": 75.97}, {"tt": "year 2019", "sp": null, "mt": 20, "in": 19, "pr": "year=2019", "rn": 948, "fo": 83, "si": 6, "ft": 6, "hn": 2, "bf": 1258, "dk": 0, "no": 3, "hs": "148", "bta": 59.25, "btsr": 75.35}, {"tt": "year 2020", "sp": null, "mt": 2, "in": 2, "pr": "year=2020", "rn": 41, "fo": 4, "si": 0, "ft": 0, "hn": 0, "bf": 57, "dk": 0, "no": 0, "hs": "22", "bta": 20.5, "btsr": 71.92}]}, {"type": "SEASON", "stats": [{"tt": "season 2010", "sp": null, "mt": 4, "in": 3, "pr": "season=2010", "rn": 13, "fo": 1, "si": 0, "ft": 0, "hn": 0, "bf": 38, "dk": 2, "no": 0, "hs": "13", "bta": 4.33, "btsr": 34.21}, {"tt": "season 2010/11", "sp": null, "mt": 11, "in": 11, "pr": "season=NaN", "rn": 339, "fo": 21, "si": 3, "ft": 0, "hn": 1, "bf": 476, "dk": 1, "no": 2, "hs": "108", "bta": 37.66, "btsr": 71.21}, {"tt": "season 2011/12", "sp": null, "mt": 9, "in": 8, "pr": "season=NaN", "rn": 281, "fo": 24, "si": 1, "ft": 1, "hn": 1, "bf": 318, "dk": 0, "no": 2, "hs": "100*", "bta": 46.83, "btsr": 88.36}, {"tt": "season 2012", "sp": null, "mt": 5, "in": 5, "pr": "season=2012", "rn": 163, "fo": 11, "si": 2, "ft": 2, "hn": 0, "bf": 230, "dk": 0, "no": 0, "hs": "69", "bta": 32.6, "btsr": 70.86}, {"tt": "season 2012/13", "sp": null, "mt": 10, "in": 8, "pr": "season=NaN", "rn": 296, "fo": 31, "si": 1, "ft": 1, "hn": 1, "bf": 361, "dk": 0, "no": 1, "hs": "145*", "bta": 42.28, "btsr": 81.99}, {"tt": "season 2013", "sp": null, "mt": 6, "in": 6, "pr": "season=2013", "rn": 175, "fo": 14, "si": 1, "ft": 2, "hn": 0, "bf": 206, "dk": 1, "no": 1, "hs": "67", "bta": 35, "btsr": 84.95}, {"tt": "season 2013/14", "sp": null, "mt": 9, "in": 8, "pr": "season=NaN", "rn": 432, "fo": 31, "si": 5, "ft": 5, "hn": 0, "bf": 520, "dk": 0, "no": 0, "hs": "88", "bta": 54, "btsr": 83.07}, {"tt": "season 2014/15", "sp": null, "mt": 20, "in": 20, "pr": "season=NaN", "rn": 987, "fo": 100, "si": 6, "ft": 5, "hn": 3, "bf": 1113, "dk": 0, "no": 3, "hs": "123", "bta": 58.05, "btsr": 88.67}, {"tt": "season 2015", "sp": null, "mt": 11, "in": 10, "pr": "season=2015", "rn": 676, "fo": 77, "si": 6, "ft": 5, "hn": 1, "bf": 731, "dk": 0, "no": 0, "hs": "118", "bta": 67.6, "btsr": 92.47}, {"tt": "season 2015/16", "sp": null, "mt": 8, "in": 8, "pr": "season=NaN", "rn": 304, "fo": 30, "si": 4, "ft": 4, "hn": 0, "bf": 370, "dk": 1, "no": 0, "hs": "84", "bta": 38, "btsr": 82.16}, {"tt": "season 2016/17", "sp": null, "mt": 18, "in": 18, "pr": "season=NaN", "rn": 695, "fo": 71, "si": 7, "ft": 4, "hn": 1, "bf": 842, "dk": 0, "no": 1, "hs": "118", "bta": 40.88, "btsr": 82.54}, {"tt": "season 2017", "sp": null, "mt": 3, "in": 3, "pr": "season=2017", "rn": 244, "fo": 21, "si": 3, "ft": 2, "hn": 1, "bf": 264, "dk": 0, "no": 0, "hs": "100", "bta": 81.33, "btsr": 92.42}, {"tt": "season 2017/18", "sp": null, "mt": 13, "in": 13, "pr": "season=NaN", "rn": 551, "fo": 42, "si": 4, "ft": 2, "hn": 2, "bf": 726, "dk": 0, "no": 1, "hs": "115", "bta": 45.91, "btsr": 75.89}, {"tt": "season 2018/19", "sp": null, "mt": 12, "in": 12, "pr": "season=NaN", "rn": 398, "fo": 35, "si": 3, "ft": 4, "hn": 0, "bf": 528, "dk": 0, "no": 1, "hs": "76", "bta": 36.18, "btsr": 75.37}, {"tt": "season 2019", "sp": null, "mt": 10, "in": 9, "pr": "season=2019", "rn": 578, "fo": 50, "si": 3, "ft": 2, "hn": 2, "bf": 771, "dk": 0, "no": 2, "hs": "148", "bta": 82.57, "btsr": 74.96}, {"tt": "season 2019/20", "sp": null, "mt": 2, "in": 2, "pr": "season=NaN", "rn": 41, "fo": 4, "si": 0, "ft": 0, "hn": 0, "bf": 57, "dk": 0, "no": 0, "hs": "22", "bta": 20.5, "btsr": 71.92}]}, {"type": "CAPTAINS_INVOLVED", "stats": [{"tt": "*BB McCullum", "sp": "2012-2016", "mt": 50, "in": 49, "pr": "captain_involve=10384", "rn": 2189, "fo": 211, "si": 20, "ft": 16, "hn": 4, "bf": 2502, "dk": 2, "no": 4, "hs": "145*", "bta": 48.64, "btsr": 87.49}, {"tt": "*LRPL Taylor", "sp": "2010-2012", "mt": 17, "in": 13, "pr": "captain_involve=44930", "rn": 331, "fo": 25, "si": 2, "ft": 1, "hn": 1, "bf": 405, "dk": 2, "no": 3, "hs": "100*", "bta": 33.1, "btsr": 81.72}, {"tt": "*DL Vettori", "sp": "2010-2011", "mt": 7, "in": 7, "pr": "captain_involve=4380", "rn": 233, "fo": 16, "si": 3, "ft": 0, "hn": 1, "bf": 327, "dk": 1, "no": 1, "hs": "108", "bta": 38.83, "btsr": 71.25}, {"tt": "*KS Williamson", "sp": "2012-2020", "mt": 77, "in": 75, "pr": "captain_involve=51088", "rn": 3420, "fo": 311, "si": 24, "ft": 22, "hn": 7, "bf": 4317, "dk": 0, "no": 6, "hs": "148", "bta": 49.56, "btsr": 79.22}]}, {"type": "CAPTAIN", "stats": [{"tt": "is captain", "sp": "2012-2020", "mt": 77, "in": 75, "pr": "captain=1", "rn": 3420, "fo": 311, "si": 24, "ft": 22, "hn": 7, "bf": 4317, "dk": 0, "no": 6, "hs": "148", "bta": 49.56, "btsr": 79.22}, {"tt": "is not captain", "sp": "2010-2016", "mt": 74, "in": 69, "pr": "captain=0", "rn": 2753, "fo": 252, "si": 25, "ft": 17, "hn": 6, "bf": 3234, "dk": 5, "no": 8, "hs": "145*", "bta": 45.13, "btsr": 85.12}]}, {"type": "KEEPER", "stats": [{"tt": "is not keeper", "sp": "2010-2020", "mt": 151, "in": 144, "pr": "keeper=0", "rn": 6173, "fo": 563, "si": 49, "ft": 39, "hn": 13, "bf": 7551, "dk": 5, "no": 14, "hs": "148", "bta": 47.48, "btsr": 81.75}]}, {"type": "TOSS", "stats": [{"tt": "won the toss", "sp": "2010-2020", "mt": 71, "in": 66, "pr": "toss=1", "rn": 3167, "fo": 289, "si": 22, "ft": 21, "hn": 7, "bf": 3793, "dk": 3, "no": 7, "hs": "123", "bta": 53.67, "btsr": 83.49}, {"tt": "lost the toss", "sp": "2010-2020", "mt": 80, "in": 78, "pr": "toss=2", "rn": 3006, "fo": 274, "si": 27, "ft": 18, "hn": 6, "bf": 3758, "dk": 2, "no": 7, "hs": "148", "bta": 42.33, "btsr": 79.98}]}, {"type": "BATTING_FIELDING_SEQUENCE_AND_TOSS", "stats": [{"tt": "won toss &amp; batted", "sp": "2010-2019", "mt": 39, "in": 38, "pr": "batting_fielding_first=1;toss=1", "rn": 1850, "fo": 179, "si": 11, "ft": 13, "hn": 4, "bf": 2121, "dk": 2, "no": 2, "hs": "123", "bta": 51.38, "btsr": 87.22}, {"tt": "won toss &amp; fielded", "sp": "2010-2020", "mt": 32, "in": 28, "pr": "batting_fielding_first=2;toss=1", "rn": 1317, "fo": 110, "si": 11, "ft": 8, "hn": 3, "bf": 1672, "dk": 1, "no": 5, "hs": "112*", "bta": 57.26, "btsr": 78.76}, {"tt": "lost toss &amp; sent in", "sp": "2010-2019", "mt": 42, "in": 42, "pr": "batting_fielding_first=1;toss=2", "rn": 1792, "fo": 168, "si": 13, "ft": 12, "hn": 4, "bf": 2173, "dk": 1, "no": 2, "hs": "148", "bta": 44.8, "btsr": 82.46}, {"tt": "lost toss &amp; fielded", "sp": "2010-2020", "mt": 38, "in": 36, "pr": "batting_fielding_first=2;toss=2", "rn": 1214, "fo": 106, "si": 14, "ft": 6, "hn": 2, "bf": 1585, "dk": 1, "no": 5, "hs": "118", "bta": 39.16, "btsr": 76.59}]}, {"type": "BATTING_FIELDING_SEQUENCE", "stats": [{"tt": "matches batting first", "sp": "2010-2019", "mt": 81, "in": 80, "pr": "batting_fielding_first=1", "rn": 3642, "fo": 347, "si": 24, "ft": 25, "hn": 8, "bf": 4294, "dk": 3, "no": 4, "hs": "148", "bta": 47.92, "btsr": 84.81}, {"tt": "matches fielding first", "sp": "2010-2020", "mt": 70, "in": 64, "pr": "batting_fielding_first=2", "rn": 2531, "fo": 216, "si": 25, "ft": 14, "hn": 5, "bf": 3257, "dk": 2, "no": 10, "hs": "118", "bta": 46.87, "btsr": 77.7}]}, {"type": "TEAM_INNINGS", "stats": [{"tt": "1st team innings", "sp": "2010-2020", "mt": 149, "in": 144, "pr": null, "rn": 6173, "fo": 563, "si": 49, "ft": 39, "hn": 13, "bf": 7551, "dk": 5, "no": 14, "hs": "148", "bta": 47.48, "btsr": 81.75}]}, {"type": "MATCH_INNINGS", "stats": [{"tt": "1st match innings", "sp": "2010-2019", "mt": 81, "in": 80, "pr": "innings_number=1", "rn": 3642, "fo": 347, "si": 24, "ft": 25, "hn": 8, "bf": 4294, "dk": 3, "no": 4, "hs": "148", "bta": 47.92, "btsr": 84.81}, {"tt": "2nd match innings", "sp": "2010-2020", "mt": 68, "in": 64, "pr": "innings_number=2", "rn": 2531, "fo": 216, "si": 25, "ft": 14, "hn": 5, "bf": 3257, "dk": 2, "no": 10, "hs": "118", "bta": 46.87, "btsr": 77.7}]}, {"type": "FLOODLIT", "stats": [{"tt": "day match", "sp": "2010-2019", "mt": 64, "in": 61, "pr": "floodlit=1", "rn": 2899, "fo": 259, "si": 24, "ft": 20, "hn": 7, "bf": 3513, "dk": 2, "no": 7, "hs": "118", "bta": 53.68, "btsr": 82.52}, {"tt": "day/night match", "sp": "2010-2020", "mt": 87, "in": 83, "pr": "floodlit=2", "rn": 3274, "fo": 304, "si": 25, "ft": 19, "hn": 6, "bf": 4038, "dk": 3, "no": 7, "hs": "148", "bta": 43.07, "btsr": 81.07}]}, {"type": "RESULT", "stats": [{"tt": "won match", "sp": "2010-2020", "mt": 78, "in": 75, "pr": "result=1", "rn": 3671, "fo": 342, "si": 25, "ft": 22, "hn": 9, "bf": 4323, "dk": 3, "no": 11, "hs": "148", "bta": 57.35, "btsr": 84.91}, {"tt": "lost match", "sp": "2010-2020", "mt": 66, "in": 64, "pr": "result=2", "rn": 2277, "fo": 205, "si": 20, "ft": 16, "hn": 3, "bf": 2955, "dk": 2, "no": 2, "hs": "112*", "bta": 36.72, "btsr": 77.05}, {"tt": "tied match", "sp": "2014-2019", "mt": 2, "in": 2, "pr": "result=3", "rn": 95, "fo": 6, "si": 1, "ft": 1, "hn": 0, "bf": 127, "dk": 0, "no": 0, "hs": "65", "bta": 47.5, "btsr": 74.8}, {"tt": "no result", "sp": "2010-2017", "mt": 5, "in": 3, "pr": "result=5", "rn": 130, "fo": 10, "si": 3, "ft": 0, "hn": 1, "bf": 146, "dk": 0, "no": 1, "hs": "100", "bta": 65, "btsr": 89.04}]}, {"type": "BATTING_FIELDING_SEQUENCE_AND_RESULT", "stats": [{"tt": "won batting first", "sp": "2010-2019", "mt": 42, "in": 42, "pr": "batting_fielding_first=1;result=1", "rn": 2375, "fo": 227, "si": 14, "ft": 15, "hn": 6, "bf": 2674, "dk": 2, "no": 3, "hs": "148", "bta": 60.89, "btsr": 88.81}, {"tt": "won fielding first", "sp": "2011-2020", "mt": 36, "in": 33, "pr": "batting_fielding_first=2;result=1", "rn": 1296, "fo": 115, "si": 11, "ft": 7, "hn": 3, "bf": 1649, "dk": 1, "no": 8, "hs": "118", "bta": 51.84, "btsr": 78.59}, {"tt": "lost batting first", "sp": "2010-2019", "mt": 35, "in": 34, "pr": "batting_fielding_first=1;result=2", "rn": 1060, "fo": 105, "si": 6, "ft": 9, "hn": 1, "bf": 1384, "dk": 1, "no": 1, "hs": "100*", "bta": 32.12, "btsr": 76.58}, {"tt": "lost fielding first", "sp": "2010-2020", "mt": 31, "in": 30, "pr": "batting_fielding_first=2;result=2", "rn": 1217, "fo": 100, "si": 14, "ft": 7, "hn": 2, "bf": 1571, "dk": 1, "no": 1, "hs": "112*", "bta": 41.96, "btsr": 77.46}, {"tt": "tied batting first", "sp": "2014-2019", "mt": 2, "in": 2, "pr": "batting_fielding_first=1;result=3", "rn": 95, "fo": 6, "si": 1, "ft": 1, "hn": 0, "bf": 127, "dk": 0, "no": 0, "hs": "65", "bta": 47.5, "btsr": 74.8}, {"tt": "no result batting first", "sp": "2016-2017", "mt": 2, "in": 2, "pr": "batting_fielding_first=1;result=5", "rn": 112, "fo": 9, "si": 3, "ft": 0, "hn": 1, "bf": 109, "dk": 0, "no": 0, "hs": "100", "bta": 56, "btsr": 102.75}, {"tt": "no result fielding first", "sp": "2010-2013", "mt": 3, "in": 1, "pr": "batting_fielding_first=2;result=5", "rn": 18, "fo": 1, "si": 0, "ft": 0, "hn": 0, "bf": 37, "dk": 0, "no": 1, "hs": "18*", "bta": null, "btsr": 48.64}]}, {"type": "TOURNAMENT_TYPE", "stats": [{"tt": "2 team series", "sp": "2010-2020", "mt": 119, "in": 114, "pr": "tournament_type=2", "rn": 4949, "fo": 450, "si": 40, "ft": 33, "hn": 10, "bf": 6015, "dk": 3, "no": 8, "hs": "145*", "bta": 46.68, "btsr": 82.27}, {"tt": "3-4 team tournaments", "sp": "2010-2010", "mt": 4, "in": 3, "pr": "tournament_type=3", "rn": 13, "fo": 1, "si": 0, "ft": 0, "hn": 0, "bf": 38, "dk": 2, "no": 0, "hs": "13", "bta": 4.33, "btsr": 34.21}, {"tt": "5+ team tournaments", "sp": "2011-2019", "mt": 29, "in": 28, "pr": "tournament_type=5", "rn": 1256, "fo": 117, "si": 10, "ft": 6, "hn": 3, "bf": 1540, "dk": 0, "no": 7, "hs": "148", "bta": 59.8, "btsr": 81.55}]}, {"type": "MATCH_NUMBER", "stats": [{"tt": "only match in series", "sp": "2015-2015", "mt": 1, "in": 1, "pr": "match_number=0", "rn": 45, "fo": 5, "si": 1, "ft": 0, "hn": 0, "bf": 42, "dk": 0, "no": 1, "hs": "45*", "bta": null, "btsr": 107.14}, {"tt": "1st match in series", "sp": "2010-2020", "mt": 32, "in": 30, "pr": "match_number=1", "rn": 1011, "fo": 94, "si": 5, "ft": 7, "hn": 1, "bf": 1313, "dk": 2, "no": 0, "hs": "115", "bta": 33.7, "btsr": 76.99}, {"tt": "2nd match in series", "sp": "2010-2019", "mt": 26, "in": 24, "pr": "match_number=2", "rn": 1161, "fo": 109, "si": 11, "ft": 9, "hn": 3, "bf": 1311, "dk": 0, "no": 4, "hs": "145*", "bta": 58.05, "btsr": 88.55}, {"tt": "3rd match in series", "sp": "2010-2020", "mt": 29, "in": 29, "pr": "match_number=3", "rn": 1331, "fo": 124, "si": 12, "ft": 8, "hn": 3, "bf": 1648, "dk": 0, "no": 3, "hs": "118", "bta": 51.19, "btsr": 80.76}, {"tt": "4th match in series", "sp": "2010-2019", "mt": 15, "in": 15, "pr": "match_number=4", "rn": 732, "fo": 58, "si": 7, "ft": 2, "hn": 3, "bf": 843, "dk": 0, "no": 0, "hs": "123", "bta": 48.8, "btsr": 86.83}, {"tt": "5th match in series", "sp": "2010-2019", "mt": 14, "in": 13, "pr": "match_number=5", "rn": 518, "fo": 48, "si": 2, "ft": 5, "hn": 0, "bf": 680, "dk": 1, "no": 0, "hs": "97", "bta": 39.84, "btsr": 76.17}, {"tt": "6th match in series", "sp": "2015-2015", "mt": 1, "in": 1, "pr": "match_number=6", "rn": 97, "fo": 8, "si": 2, "ft": 1, "hn": 0, "bf": 95, "dk": 0, "no": 0, "hs": "97", "bta": 97, "btsr": 102.1}, {"tt": "7th match in series", "sp": "2015-2015", "mt": 1, "in": 1, "pr": "match_number=7", "rn": 54, "fo": 4, "si": 0, "ft": 1, "hn": 0, "bf": 83, "dk": 0, "no": 0, "hs": "54", "bta": 54, "btsr": 65.06}]}, {"type": "MAJOR_TROPHY", "stats": [{"tt": "World Cup", "sp": "2011-2019", "mt": 23, "in": 22, "pr": "trophy=12", "rn": 911, "fo": 86, "si": 6, "ft": 3, "hn": 2, "bf": 1163, "dk": 0, "no": 6, "hs": "148", "bta": 56.93, "btsr": 78.33}, {"tt": "Chappell-Hadlee", "sp": "2015-2020", "mt": 10, "in": 10, "pr": "trophy=65", "rn": 305, "fo": 29, "si": 4, "ft": 2, "hn": 0, "bf": 362, "dk": 1, "no": 1, "hs": "81", "bta": 33.88, "btsr": 84.25}, {"tt": "ICC Champions Trophy", "sp": "2013-2017", "mt": 6, "in": 6, "pr": "trophy=44", "rn": 345, "fo": 31, "si": 4, "ft": 3, "hn": 1, "bf": 377, "dk": 0, "no": 1, "hs": "100", "bta": 69, "btsr": 91.51}]}, {"type": "FINAL_TYPE", "stats": [{"tt": "tournament finals", "sp": "2015-2019", "mt": 2, "in": 2, "pr": "final_type=1", "rn": 42, "fo": 3, "si": 0, "ft": 0, "hn": 0, "bf": 86, "dk": 0, "no": 0, "hs": "30", "bta": 21, "btsr": 48.83}, {"tt": "tournament semi-finals", "sp": "2011-2019", "mt": 3, "in": 3, "pr": "final_type=3", "rn": 95, "fo": 10, "si": 0, "ft": 1, "hn": 0, "bf": 122, "dk": 0, "no": 0, "hs": "67", "bta": 31.66, "btsr": 77.86}, {"tt": "tournament quarter-finals", "sp": "2011-2015", "mt": 2, "in": 2, "pr": "final_type=4", "rn": 71, "fo": 6, "si": 1, "ft": 0, "hn": 0, "bf": 76, "dk": 0, "no": 1, "hs": "38*", "bta": 71, "btsr": 93.42}, {"tt": "preliminary matches", "sp": "2010-2019", "mt": 26, "in": 24, "pr": "final_type=0", "rn": 1061, "fo": 99, "si": 9, "ft": 5, "hn": 3, "bf": 1294, "dk": 2, "no": 6, "hs": "148", "bta": 58.94, "btsr": 81.99}]}, {"type": "BATTING_POSITION", "stats": [{"tt": "3rd position", "sp": "2010-2020", "mt": 117, "in": 117, "pr": "batting_positionval1=batting_position;batting_positionmin1=3;batting_positionmax1=3", "rn": 5421, "fo": 508, "si": 43, "ft": 36, "hn": 11, "bf": 6586, "dk": 2, "no": 10, "hs": "148", "bta": 50.66, "btsr": 82.31}, {"tt": "4th position", "sp": "2010-2013", "mt": 10, "in": 10, "pr": "batting_positionval1=batting_position;batting_positionmin1=4;batting_positionmax1=4", "rn": 221, "fo": 16, "si": 1, "ft": 2, "hn": 0, "bf": 343, "dk": 2, "no": 0, "hs": "58", "bta": 22.1, "btsr": 64.43}, {"tt": "5th position", "sp": "2010-2012", "mt": 11, "in": 11, "pr": "batting_positionval1=batting_position;batting_positionmin1=5;batting_positionmax1=5", "rn": 319, "fo": 19, "si": 3, "ft": 1, "hn": 1, "bf": 436, "dk": 1, "no": 1, "hs": "108", "bta": 31.9, "btsr": 73.16}, {"tt": "6th position", "sp": "2010-2011", "mt": 5, "in": 5, "pr": "batting_positionval1=batting_position;batting_positionmin1=6;batting_positionmax1=6", "rn": 207, "fo": 20, "si": 2, "ft": 0, "hn": 1, "bf": 180, "dk": 0, "no": 3, "hs": "100*", "bta": 103.5, "btsr": 115}, {"tt": "7th position", "sp": "2012-2012", "mt": 1, "in": 1, "pr": "batting_positionval1=batting_position;batting_positionmin1=7;batting_positionmax1=7", "rn": 5, "fo": 0, "si": 0, "ft": 0, "hn": 0, "bf": 6, "dk": 0, "no": 0, "hs": "5", "bta": 5, "btsr": 83.33}]}]}}