{"player": {"id": 51088, "objectId": 277906, "name": "KS Williamson", "longName": "Kane Williamson", "mobileName": "Williamson", "indexName": "Williamson, KS", "battingName": "KS Williamson", "fieldingName": "Williamson", "slug": "kane-williamson", "gender": "M", "playingRole": "top-order batter", "battingStyles": ["rhb"], "bowlingStyles": ["ob"], "longBattingStyles": ["right-hand bat"], "longBowlingStyles": ["right-arm offbreak"], "image": {"id": 303652, "objectId": 1222450, "slug": "kane-williamson-portrait", "url": "/db/PICTURES/CMS/303600/303652.png", "width": 160, "height": 200, "caption": "Kane Williamson portrait", "longCaption": "Kane Williamson, May 2020", "credit": "Getty Images", "photographer": null, "peerUrls": null}, "countryTeamId": 5, "playingRoleType": "P", "playingRoles": ["top-order batter"], "dateOfBirth": {"year": 1990, "month": 8, "date": 8}, "dateOfDeath": null, "fullName": "Kane Stuart Williamson", "nickNames": "", "alsoKnownAs": "", "height": 0, "heightUnit": null, "education": "", "country": {"id": 5, "objectId": 5, "name": "New Zealand", "shortName": "New Zealand", "image": {"id": 313127, "objectId": 1241586, "slug": "new-zealand-logo", "url": "/db/PICTURES/CMS/313100/313127.logo.png", "width": 500, "height": 500, "caption": "New Zealand logo", "longCaption": "New Zealand logo", "credit": null, "photographer": null, "peerUrls": null}}, "altCountryTeamId": null, "placeOfBirth": "Tauranga", "dobText": null, "dodText": null, "placeOfDeath": "", "intlCareerSpan": "2010 - 2021", "headshotImage": {"id": 316618, "objectId": 1251250, "slug": "ks-williamson-headshot", "url": "/db/PICTURES/CMS/316600/316618.png", "width": 600, "height": 436, "caption": "KS Williamson headshot", "longCaption": "KS Williamson headshot", "credit": null, "photographer": null, "peerUrls": {"FILM": null, "WIDE": null, "SQUARE": null}}, "backgroundImage": {"id": 214285, "objectId": 881525, "slug": "kane-williamson-gets-forward-during-net-practice", "url": "/db/PICTURES/CMS/214200/214285.jpg", "width": 900, "height": 590, "caption": "Kane Williamson gets forward during net practice", "longCaption": "Kane Williamson gets forward during net practice, Headingley, May 27, 2015", "credit": "Getty Images", "photographer": null, "peerUrls": {"FILM": "/db/PICTURES/CMS/214200/214285.jpg", "WIDE": "/db/PICTURES/CMS/214200/214285.3.jpg", "SQUARE": "/db/PICTURES/CMS/214200/214285.square.jpg"}}, "externalLinks": [], "fieldingStyles": [], "otherStyles": [], "matchPlayerTypes": [1], "hasRecords": true, "hasStats": true, "hasMatches": true, "totalStories": 609, "totalVideos": 93, "totalImages": 1038}, "teams": [{"team": {"id": 5, "objectId": 5, "scribeId": 5, "slug": "new-zealand", "name": "New Zealand", "longName": "New Zealand", "abbreviation": "NZ", "isCountry": true, "primaryColor": "#000000", "image": {"id": 313127, "objectId": 1241586, "slug": "new-zealand-logo", "url": "/db/PICTURES/CMS/313100/313127.logo.png", "width": 500, "height": 500, "caption": "New Zealand logo", "longCaption": "New Zealand logo", "credit": null, "photographer": null, "peerUrls": null}}, "current": false}, {"team": {"id": 5151, "objectId": 642411, "scribeId": 642411, "slug": "barbados-tridents", "name": "Tridents", "longName": "Barbados Tridents", "abbreviation": "BT", "isCountry": false, "primaryColor": null, "image": {"id": 313481, "objectId": 1241940, "slug": "barbados-tridents-logo", "url": "/db/PICTURES/CMS/313400/313481.logo.png", "width": 500, "height": 500, "caption": "Barbados Tridents logo", "longCaption": "Barbados Tridents logo", "credit": null, "photographer": null, "peerUrls": null}}, "current": false}, {"team": {"id": 6541, "objectId": 1150154, "scribeId": 1150154, "slug": "edmonton-royals", "name": "Royals", "longName": "Edmonton Royals", "abbreviation": "ER", "isCountry": false, "primaryColor": null, "image": {"id": 313565, "objectId": 1242024, "slug": "edmonton-royals-logo", "url": "/db/PICTURES/CMS/313500/313565.logo.png", "width": 500, "height": 500, "caption": "Edmonton Royals logo", "longCaption": "Edmonton Royals logo", "credit": null, "photographer": null, "peerUrls": null}}, "current": false}, {"team": {"id": 1085, "objectId": 1034, "scribeId": 1034, "slug": "gloucestershire", "name": "Gloucs", "longName": "Gloucestershire", "abbreviation": "GLOUC", "isCountry": false, "primaryColor": null, "image": {"id": 313265, "objectId": 1241724, "slug": "gloucestershire-logo", "url": "/db/PICTURES/CMS/313200/313265.logo.png", "width": 500, "height": 500, "caption": "Gloucestershire logo", "longCaption": "Gloucestershire logo", "credit": null, "photographer": null, "peerUrls": null}}, "current": false}, {"team": {"id": 1086, "objectId": 1035, "scribeId": 1035, "slug": "gloucestershire-2nd-xi", "name": "Glouc 2nd XI", "longName": "Gloucestershire 2nd XI", "abbreviation": "GL2XI", "isCountry": false, "primaryColor": null, "image": {"id": 163833, "objectId": 657761, "slug": "gloucestershire", "url": "/db/PICTURES/CMS/163800/163833.jpg", "width": 120, "height": 80, "caption": "Gloucestershire", "longCaption": "Gloucestershire", "credit": "ESPNcricinfo Ltd", "photographer": null, "peerUrls": null}}, "current": false}, {"team": {"id": 2591, "objectId": 2540, "scribeId": 2540, "slug": "new-zealand-a", "name": "NZ A", "longName": "New Zealand A", "abbreviation": "NZ-A", "isCountry": false, "primaryColor": null, "image": {"id": 313333, "objectId": 1241792, "slug": "new-zealand-a-logo", "url": "/db/PICTURES/CMS/313300/313333.logo.png", "width": 500, "height": 500, "caption": "New Zealand A logo", "longCaption": "New Zealand A logo", "credit": null, "photographer": null, "peerUrls": null}}, "current": false}, {"team": {"id": 4334, "objectId": 326695, "scribeId": 326695, "slug": "new-zealand-cricket-xi", "name": "NZ XI", "longName": "New Zealand Cricket XI", "abbreviation": "NZCSI", "isCountry": false, "primaryColor": null, "image": null}, "current": false}, {"team": {"id": 2603, "objectId": 2552, "scribeId": 2552, "slug": "new-zealand-emerging-players", "name": "NZ Emerging", "longName": "New Zealand Emerging Players", "abbreviation": "", "isCountry": false, "primaryColor": null, "image": null}, "current": false}, {"team": {"id": 2611, "objectId": 2560, "scribeId": 2560, "slug": "new-zealand-under-19s-young-cricketers", "name": "NZ U19", "longName": "New Zealand Under-19s", "abbreviation": "NZ19", "isCountry": false, "primaryColor": null, "image": {"id": 313334, "objectId": 1241793, "slug": "new-zealand-under-19s-young-cricketers-logo", "url": "/db/PICTURES/CMS/313300/313334.logo.png", "width": 500, "height": 500, "caption": "New Zealand Under-19s (Young Cricketers) logo", "longCaption": "New Zealand Under-19s (Young Cricketers) logo", "credit": null, "photographer": null, "peerUrls": null}}, "current": false}, {"team": {"id": 2616, "objectId": 2565, "scribeId": 2565, "slug": "new-zealand-xi", "name": "NZ XI", "longName": "New Zealand XI", "abbreviation": "NZ-XI", "isCountry": false, "primaryColor": null, "image": {"id": 313336, "objectId": 1241795, "slug": "new-zealand-xi-logo", "url": "/db/PICTURES/CMS/313300/313336.logo.png", "width": 500, "height": 500, "caption": "New Zealand XI logo", "longCaption": "New Zealand XI logo", "credit": null, "photographer": null, "peerUrls": null}}, "current": false}, {"team": {"id": 2567, "objectId": 2516, "scribeId": 2516, "slug": "northern-districts", "name": "Northern Dis", "longName": "Northern Districts", "abbreviation": "ND", "isCountry": false, "primaryColor": null, "image": {"id": 313332, "objectId": 1241791, "slug": "northern-districts-logo", "url": "/db/PICTURES/CMS/313300/313332.logo.png", "width": 500, "height": 500, "caption": "Northern Districts logo", "longCaption": "Northern Districts logo", "credit": null, "photographer": null, "peerUrls": null}}, "current": false}, {"team": {"id": 5143, "objectId": 628333, "scribeId": 628333, "slug": "sunrisers-hyderabad", "name": "Sunrisers", "longName": "Sunrisers Hyderabad", "abbreviation": "SRH", "isCountry": false, "primaryColor": "#fb653f", "image": {"id": 313480, "objectId": 1241939, "slug": "sunrisers-hyderabad-logo", "url": "/db/PICTURES/CMS/313400/313480.logo.png", "width": 500, "height": 500, "caption": "Sunrisers Hyderabad logo", "longCaption": "Sunrisers Hyderabad logo", "credit": null, "photographer": null, "peerUrls": null}}, "current": false}, {"team": {"id": 1515, "objectId": 1464, "scribeId": 1464, "slug": "yorkshire", "name": "Yorkshire", "longName": "Yorkshire", "abbreviation": "YORKS", "isCountry": false, "primaryColor": null, "image": {"id": 313281, "objectId": 1241740, "slug": "yorkshire-logo", "url": "/db/PICTURES/CMS/313200/313281.logo.png", "width": 500, "height": 500, "caption": "Yorkshire logo", "longCaption": "Yorkshire logo", "credit": null, "photographer": null, "peerUrls": null}}, "current": false}]}