{"summary": {"recordClassId": 2, "type": "FIELDING", "groups": [{"type": "CAREER_AVERAGES", "stats": [{"tt": "overview", "sp": "2010-2020", "mt": 151, "in": 150, "pr": null, "ds": 60, "ct": 60, "st": 0, "ck": 0, "cf": 60, "mds": "3 (3ct 0st)", "dspi": 0.4}]}, {"type": "OPPOSITION_TEAM", "stats": [{"tt": "vs Afghanistan", "sp": "2015-2019", "mt": 2, "in": 2, "pr": "opposition=40", "ds": 0, "ct": 0, "st": 0, "ck": 0, "cf": 0, "mds": "0", "dspi": 0}, {"tt": "vs Australia", "sp": "2013-2020", "mt": 14, "in": 14, "pr": "opposition=2", "ds": 5, "ct": 5, "st": 0, "ck": 0, "cf": 5, "mds": "2 (2ct 0st)", "dspi": 0.357}, {"tt": "vs Bangladesh", "sp": "2010-2019", "mt": 11, "in": 11, "pr": "opposition=25", "ds": 5, "ct": 5, "st": 0, "ck": 0, "cf": 5, "mds": "1 (1ct 0st)", "dspi": 0.454}, {"tt": "vs Canada", "sp": "2011-2011", "mt": 1, "in": 1, "pr": "opposition=17", "ds": 0, "ct": 0, "st": 0, "ck": 0, "cf": 0, "mds": "0", "dspi": 0}, {"tt": "vs England", "sp": "2013-2019", "mt": 20, "in": 20, "pr": "opposition=1", "ds": 8, "ct": 8, "st": 0, "ck": 0, "cf": 8, "mds": "2 (2ct 0st)", "dspi": 0.4}, {"tt": "vs India", "sp": "2010-2020", "mt": 25, "in": 25, "pr": "opposition=6", "ds": 10, "ct": 10, "st": 0, "ck": 0, "cf": 10, "mds": "2 (2ct 0st)", "dspi": 0.4}, {"tt": "vs Pakistan", "sp": "2011-2019", "mt": 18, "in": 18, "pr": "opposition=7", "ds": 8, "ct": 8, "st": 0, "ck": 0, "cf": 8, "mds": "3 (3ct 0st)", "dspi": 0.444}, {"tt": "vs Scotland", "sp": "2015-2015", "mt": 1, "in": 1, "pr": "opposition=30", "ds": 0, "ct": 0, "st": 0, "ck": 0, "cf": 0, "mds": "0", "dspi": 0}, {"tt": "vs South Africa", "sp": "2011-2019", "mt": 17, "in": 17, "pr": "opposition=3", "ds": 9, "ct": 9, "st": 0, "ck": 0, "cf": 9, "mds": "2 (2ct 0st)", "dspi": 0.529}, {"tt": "vs Sri Lanka", "sp": "2010-2019", "mt": 22, "in": 21, "pr": "opposition=8", "ds": 7, "ct": 7, "st": 0, "ck": 0, "cf": 7, "mds": "2 (2ct 0st)", "dspi": 0.333}, {"tt": "vs West Indies", "sp": "2012-2019", "mt": 11, "in": 11, "pr": "opposition=4", "ds": 4, "ct": 4, "st": 0, "ck": 0, "cf": 4, "mds": "1 (1ct 0st)", "dspi": 0.363}, {"tt": "vs Zimbabwe", "sp": "2011-2015", "mt": 9, "in": 9, "pr": "opposition=9", "ds": 4, "ct": 4, "st": 0, "ck": 0, "cf": 4, "mds": "1 (1ct 0st)", "dspi": 0.444}]}, {"type": "HOST_COUNTRY", "stats": [{"tt": "in Australia", "sp": "2015-2020", "mt": 5, "in": 5, "pr": "host=2", "ds": 1, "ct": 1, "st": 0, "ck": 0, "cf": 1, "mds": "1 (1ct 0st)", "dspi": 0.2}, {"tt": "in Bangladesh", "sp": "2010-2013", "mt": 4, "in": 4, "pr": "host=25", "ds": 2, "ct": 2, "st": 0, "ck": 0, "cf": 2, "mds": "1 (1ct 0st)", "dspi": 0.5}, {"tt": "in England", "sp": "2013-2019", "mt": 24, "in": 24, "pr": "host=1", "ds": 10, "ct": 10, "st": 0, "ck": 0, "cf": 10, "mds": "2 (2ct 0st)", "dspi": 0.416}, {"tt": "in India", "sp": "2010-2017", "mt": 13, "in": 13, "pr": "host=6", "ds": 4, "ct": 4, "st": 0, "ck": 0, "cf": 4, "mds": "2 (2ct 0st)", "dspi": 0.307}, {"tt": "in New Zealand", "sp": "2011-2020", "mt": 72, "in": 71, "pr": "host=5", "ds": 29, "ct": 29, "st": 0, "ck": 0, "cf": 29, "mds": "2 (2ct 0st)", "dspi": 0.408}, {"tt": "in South Africa", "sp": "2013-2015", "mt": 6, "in": 6, "pr": "host=3", "ds": 4, "ct": 4, "st": 0, "ck": 0, "cf": 4, "mds": "2 (2ct 0st)", "dspi": 0.666}, {"tt": "in Sri Lanka", "sp": "2010-2012", "mt": 9, "in": 9, "pr": "host=8", "ds": 2, "ct": 2, "st": 0, "ck": 0, "cf": 2, "mds": "1 (1ct 0st)", "dspi": 0.222}, {"tt": "in U.A.E.", "sp": "2014-2018", "mt": 7, "in": 7, "pr": "host=27", "ds": 5, "ct": 5, "st": 0, "ck": 0, "cf": 5, "mds": "3 (3ct 0st)", "dspi": 0.714}, {"tt": "in West Indies", "sp": "2012-2012", "mt": 5, "in": 5, "pr": "host=4", "ds": 1, "ct": 1, "st": 0, "ck": 0, "cf": 1, "mds": "1 (1ct 0st)", "dspi": 0.2}, {"tt": "in Zimbabwe", "sp": "2011-2015", "mt": 6, "in": 6, "pr": "host=9", "ds": 2, "ct": 2, "st": 0, "ck": 0, "cf": 2, "mds": "1 (1ct 0st)", "dspi": 0.333}]}, {"type": "CONTINENT", "stats": [{"tt": "in Africa", "sp": "2011-2015", "mt": 12, "in": 12, "pr": "continent=1", "ds": 6, "ct": 6, "st": 0, "ck": 0, "cf": 6, "mds": "2 (2ct 0st)", "dspi": 0.5}, {"tt": "in Americas", "sp": "2012-2012", "mt": 5, "in": 5, "pr": "continent=3", "ds": 1, "ct": 1, "st": 0, "ck": 0, "cf": 1, "mds": "1 (1ct 0st)", "dspi": 0.2}, {"tt": "in Asia", "sp": "2010-2018", "mt": 33, "in": 33, "pr": "continent=2", "ds": 13, "ct": 13, "st": 0, "ck": 0, "cf": 13, "mds": "3 (3ct 0st)", "dspi": 0.393}, {"tt": "in Europe", "sp": "2013-2019", "mt": 24, "in": 24, "pr": "continent=4", "ds": 10, "ct": 10, "st": 0, "ck": 0, "cf": 10, "mds": "2 (2ct 0st)", "dspi": 0.416}, {"tt": "in Oceania", "sp": "2011-2020", "mt": 77, "in": 76, "pr": "continent=5", "ds": 30, "ct": 30, "st": 0, "ck": 0, "cf": 30, "mds": "2 (2ct 0st)", "dspi": 0.394}]}, {"type": "HOME_OR_AWAY", "stats": [{"tt": "home", "sp": "2011-2020", "mt": 72, "in": 71, "pr": "home_or_away=1", "ds": 29, "ct": 29, "st": 0, "ck": 0, "cf": 29, "mds": "2 (2ct 0st)", "dspi": 0.408}, {"tt": "away", "sp": "2010-2020", "mt": 55, "in": 55, "pr": "home_or_away=2", "ds": 20, "ct": 20, "st": 0, "ck": 0, "cf": 20, "mds": "2 (2ct 0st)", "dspi": 0.363}, {"tt": "neutral", "sp": "2010-2019", "mt": 24, "in": 24, "pr": "home_or_away=3", "ds": 11, "ct": 11, "st": 0, "ck": 0, "cf": 11, "mds": "3 (3ct 0st)", "dspi": 0.458}]}, {"type": "YEAR", "stats": [{"tt": "year 2010", "sp": null, "mt": 9, "in": 9, "pr": "year=2010", "ds": 3, "ct": 3, "st": 0, "ck": 0, "cf": 3, "mds": "1 (1ct 0st)", "dspi": 0.333}, {"tt": "year 2011", "sp": null, "mt": 9, "in": 9, "pr": "year=2011", "ds": 2, "ct": 2, "st": 0, "ck": 0, "cf": 2, "mds": "1 (1ct 0st)", "dspi": 0.222}, {"tt": "year 2012", "sp": null, "mt": 15, "in": 15, "pr": "year=2012", "ds": 5, "ct": 5, "st": 0, "ck": 0, "cf": 5, "mds": "1 (1ct 0st)", "dspi": 0.333}, {"tt": "year 2013", "sp": null, "mt": 14, "in": 14, "pr": "year=2013", "ds": 4, "ct": 4, "st": 0, "ck": 0, "cf": 4, "mds": "1 (1ct 0st)", "dspi": 0.285}, {"tt": "year 2014", "sp": null, "mt": 12, "in": 12, "pr": "year=2014", "ds": 8, "ct": 8, "st": 0, "ck": 0, "cf": 8, "mds": "3 (3ct 0st)", "dspi": 0.666}, {"tt": "year 2015", "sp": null, "mt": 27, "in": 27, "pr": "year=2015", "ds": 12, "ct": 12, "st": 0, "ck": 0, "cf": 12, "mds": "2 (2ct 0st)", "dspi": 0.444}, {"tt": "year 2016", "sp": null, "mt": 18, "in": 17, "pr": "year=2016", "ds": 8, "ct": 8, "st": 0, "ck": 0, "cf": 8, "mds": "2 (2ct 0st)", "dspi": 0.47}, {"tt": "year 2017", "sp": null, "mt": 14, "in": 14, "pr": "year=2017", "ds": 7, "ct": 7, "st": 0, "ck": 0, "cf": 7, "mds": "2 (2ct 0st)", "dspi": 0.5}, {"tt": "year 2018", "sp": null, "mt": 11, "in": 11, "pr": "year=2018", "ds": 5, "ct": 5, "st": 0, "ck": 0, "cf": 5, "mds": "1 (1ct 0st)", "dspi": 0.454}, {"tt": "year 2019", "sp": null, "mt": 20, "in": 20, "pr": "year=2019", "ds": 6, "ct": 6, "st": 0, "ck": 0, "cf": 6, "mds": "2 (2ct 0st)", "dspi": 0.3}, {"tt": "year 2020", "sp": null, "mt": 2, "in": 2, "pr": "year=2020", "ds": 0, "ct": 0, "st": 0, "ck": 0, "cf": 0, "mds": "0", "dspi": 0}]}, {"type": "SEASON", "stats": [{"tt": "season 2010", "sp": null, "mt": 4, "in": 4, "pr": "season=2010", "ds": 1, "ct": 1, "st": 0, "ck": 0, "cf": 1, "mds": "1 (1ct 0st)", "dspi": 0.25}, {"tt": "season 2010/11", "sp": null, "mt": 11, "in": 11, "pr": "season=2010/11", "ds": 2, "ct": 2, "st": 0, "ck": 0, "cf": 2, "mds": "1 (1ct 0st)", "dspi": 0.181}, {"tt": "season 2011/12", "sp": null, "mt": 9, "in": 9, "pr": "season=2011/12", "ds": 5, "ct": 5, "st": 0, "ck": 0, "cf": 5, "mds": "1 (1ct 0st)", "dspi": 0.555}, {"tt": "season 2012", "sp": null, "mt": 5, "in": 5, "pr": "season=2012", "ds": 1, "ct": 1, "st": 0, "ck": 0, "cf": 1, "mds": "1 (1ct 0st)", "dspi": 0.2}, {"tt": "season 2012/13", "sp": null, "mt": 10, "in": 10, "pr": "season=2012/13", "ds": 2, "ct": 2, "st": 0, "ck": 0, "cf": 2, "mds": "1 (1ct 0st)", "dspi": 0.2}, {"tt": "season 2013", "sp": null, "mt": 6, "in": 6, "pr": "season=2013", "ds": 2, "ct": 2, "st": 0, "ck": 0, "cf": 2, "mds": "1 (1ct 0st)", "dspi": 0.333}, {"tt": "season 2013/14", "sp": null, "mt": 9, "in": 9, "pr": "season=2013/14", "ds": 5, "ct": 5, "st": 0, "ck": 0, "cf": 5, "mds": "1 (1ct 0st)", "dspi": 0.555}, {"tt": "season 2014/15", "sp": null, "mt": 20, "in": 20, "pr": "season=2014/15", "ds": 11, "ct": 11, "st": 0, "ck": 0, "cf": 11, "mds": "3 (3ct 0st)", "dspi": 0.55}, {"tt": "season 2015", "sp": null, "mt": 11, "in": 11, "pr": "season=2015", "ds": 5, "ct": 5, "st": 0, "ck": 0, "cf": 5, "mds": "2 (2ct 0st)", "dspi": 0.454}, {"tt": "season 2015/16", "sp": null, "mt": 8, "in": 7, "pr": "season=2015/16", "ds": 4, "ct": 4, "st": 0, "ck": 0, "cf": 4, "mds": "2 (2ct 0st)", "dspi": 0.571}, {"tt": "season 2016/17", "sp": null, "mt": 18, "in": 18, "pr": "season=2016/17", "ds": 7, "ct": 7, "st": 0, "ck": 0, "cf": 7, "mds": "1 (1ct 0st)", "dspi": 0.388}, {"tt": "season 2017", "sp": null, "mt": 3, "in": 3, "pr": "season=2017", "ds": 0, "ct": 0, "st": 0, "ck": 0, "cf": 0, "mds": "0", "dspi": 0}, {"tt": "season 2017/18", "sp": null, "mt": 13, "in": 13, "pr": "season=2017/18", "ds": 8, "ct": 8, "st": 0, "ck": 0, "cf": 8, "mds": "2 (2ct 0st)", "dspi": 0.615}, {"tt": "season 2018/19", "sp": null, "mt": 12, "in": 12, "pr": "season=2018/19", "ds": 1, "ct": 1, "st": 0, "ck": 0, "cf": 1, "mds": "1 (1ct 0st)", "dspi": 0.083}, {"tt": "season 2019", "sp": null, "mt": 10, "in": 10, "pr": "season=2019", "ds": 6, "ct": 6, "st": 0, "ck": 0, "cf": 6, "mds": "2 (2ct 0st)", "dspi": 0.6}, {"tt": "season 2019/20", "sp": null, "mt": 2, "in": 2, "pr": "season=2019/20", "ds": 0, "ct": 0, "st": 0, "ck": 0, "cf": 0, "mds": "0", "dspi": 0}]}, {"type": "CAPTAINS_INVOLVED", "stats": [{"tt": "*BB McCullum", "sp": "2012-2016", "mt": 50, "in": 50, "pr": "captain_involve=10384", "ds": 22, "ct": 22, "st": 0, "ck": 0, "cf": 22, "mds": "2 (2ct 0st)", "dspi": 0.44}, {"tt": "*LRPL Taylor", "sp": "2010-2012", "mt": 17, "in": 17, "pr": "captain_involve=44930", "ds": 5, "ct": 5, "st": 0, "ck": 0, "cf": 5, "mds": "1 (1ct 0st)", "dspi": 0.294}, {"tt": "*DL Vettori", "sp": "2010-2011", "mt": 7, "in": 7, "pr": "captain_involve=4380", "ds": 2, "ct": 2, "st": 0, "ck": 0, "cf": 2, "mds": "1 (1ct 0st)", "dspi": 0.285}, {"tt": "*KS Williamson", "sp": "2012-2020", "mt": 77, "in": 76, "pr": "captain_involve=51088", "ds": 31, "ct": 31, "st": 0, "ck": 0, "cf": 31, "mds": "3 (3ct 0st)", "dspi": 0.407}]}, {"type": "CAPTAIN", "stats": [{"tt": "is captain", "sp": "2012-2020", "mt": 77, "in": 76, "pr": "captain=1", "ds": 31, "ct": 31, "st": 0, "ck": 0, "cf": 31, "mds": "3 (3ct 0st)", "dspi": 0.407}, {"tt": "is not captain", "sp": "2010-2016", "mt": 74, "in": 74, "pr": "captain=0", "ds": 29, "ct": 29, "st": 0, "ck": 0, "cf": 29, "mds": "2 (2ct 0st)", "dspi": 0.391}]}, {"type": "KEEPER", "stats": [{"tt": "is not keeper", "sp": "2010-2020", "mt": 151, "in": 150, "pr": "keeper=0", "ds": 60, "ct": 60, "st": 0, "ck": 0, "cf": 60, "mds": "3 (3ct 0st)", "dspi": 0.4}]}, {"type": "TOSS", "stats": [{"tt": "won the toss", "sp": "2010-2020", "mt": 71, "in": 71, "pr": "toss=1", "ds": 23, "ct": 23, "st": 0, "ck": 0, "cf": 23, "mds": "2 (2ct 0st)", "dspi": 0.323}, {"tt": "lost the toss", "sp": "2010-2020", "mt": 80, "in": 79, "pr": "toss=2", "ds": 37, "ct": 37, "st": 0, "ck": 0, "cf": 37, "mds": "3 (3ct 0st)", "dspi": 0.468}]}, {"type": "BATTING_FIELDING_SEQUENCE_AND_TOSS", "stats": [{"tt": "won toss &amp; batted", "sp": "2010-2019", "mt": 39, "in": 39, "pr": "batting_fielding_first=1;toss=1", "ds": 12, "ct": 12, "st": 0, "ck": 0, "cf": 12, "mds": "2 (2ct 0st)", "dspi": 0.307}, {"tt": "won toss &amp; fielded", "sp": "2010-2020", "mt": 32, "in": 32, "pr": "batting_fielding_first=2;toss=1", "ds": 11, "ct": 11, "st": 0, "ck": 0, "cf": 11, "mds": "2 (2ct 0st)", "dspi": 0.343}, {"tt": "lost toss &amp; sent in", "sp": "2010-2019", "mt": 42, "in": 41, "pr": "batting_fielding_first=1;toss=2", "ds": 16, "ct": 16, "st": 0, "ck": 0, "cf": 16, "mds": "2 (2ct 0st)", "dspi": 0.39}, {"tt": "lost toss &amp; fielded", "sp": "2010-2020", "mt": 38, "in": 38, "pr": "batting_fielding_first=2;toss=2", "ds": 21, "ct": 21, "st": 0, "ck": 0, "cf": 21, "mds": "3 (3ct 0st)", "dspi": 0.552}]}, {"type": "BATTING_FIELDING_SEQUENCE", "stats": [{"tt": "matches batting first", "sp": "2010-2019", "mt": 81, "in": 80, "pr": "batting_fielding_first=1", "ds": 28, "ct": 28, "st": 0, "ck": 0, "cf": 28, "mds": "2 (2ct 0st)", "dspi": 0.35}, {"tt": "matches fielding first", "sp": "2010-2020", "mt": 70, "in": 70, "pr": "batting_fielding_first=2", "ds": 32, "ct": 32, "st": 0, "ck": 0, "cf": 32, "mds": "3 (3ct 0st)", "dspi": 0.457}]}, {"type": "TEAM_INNINGS", "stats": [{"tt": "1st team innings", "sp": "2010-2020", "mt": 150, "in": 150, "pr": "innings_number=1;innings_number=2", "ds": 60, "ct": 60, "st": 0, "ck": 0, "cf": 60, "mds": "3 (3ct 0st)", "dspi": 0.4}]}, {"type": "MATCH_INNINGS", "stats": [{"tt": "1st match innings", "sp": "2010-2020", "mt": 70, "in": 70, "pr": "innings_number=1", "ds": 32, "ct": 32, "st": 0, "ck": 0, "cf": 32, "mds": "3 (3ct 0st)", "dspi": 0.457}, {"tt": "2nd match innings", "sp": "2010-2019", "mt": 80, "in": 80, "pr": "innings_number=2", "ds": 28, "ct": 28, "st": 0, "ck": 0, "cf": 28, "mds": "2 (2ct 0st)", "dspi": 0.35}]}, {"type": "FLOODLIT", "stats": [{"tt": "day match", "sp": "2010-2019", "mt": 64, "in": 63, "pr": "floodlit=1", "ds": 28, "ct": 28, "st": 0, "ck": 0, "cf": 28, "mds": "2 (2ct 0st)", "dspi": 0.444}, {"tt": "day/night match", "sp": "2010-2020", "mt": 87, "in": 87, "pr": "floodlit=2", "ds": 32, "ct": 32, "st": 0, "ck": 0, "cf": 32, "mds": "3 (3ct 0st)", "dspi": 0.367}]}, {"type": "RESULT", "stats": [{"tt": "won match", "sp": "2010-2020", "mt": 78, "in": 78, "pr": "result=1", "ds": 32, "ct": 32, "st": 0, "ck": 0, "cf": 32, "mds": "2 (2ct 0st)", "dspi": 0.41}, {"tt": "lost match", "sp": "2010-2020", "mt": 66, "in": 66, "pr": "result=2", "ds": 27, "ct": 27, "st": 0, "ck": 0, "cf": 27, "mds": "3 (3ct 0st)", "dspi": 0.409}, {"tt": "tied match", "sp": "2014-2019", "mt": 2, "in": 2, "pr": "result=3", "ds": 1, "ct": 1, "st": 0, "ck": 0, "cf": 1, "mds": "1 (1ct 0st)", "dspi": 0.5}, {"tt": "no result", "sp": "2010-2017", "mt": 5, "in": 4, "pr": "result=5", "ds": 0, "ct": 0, "st": 0, "ck": 0, "cf": 0, "mds": "0", "dspi": 0}]}, {"type": "BATTING_FIELDING_SEQUENCE_AND_RESULT", "stats": [{"tt": "won batting first", "sp": "2010-2019", "mt": 42, "in": 42, "pr": "batting_fielding_first=1;result=1", "ds": 17, "ct": 17, "st": 0, "ck": 0, "cf": 17, "mds": "2 (2ct 0st)", "dspi": 0.404}, {"tt": "won fielding first", "sp": "2011-2020", "mt": 36, "in": 36, "pr": "batting_fielding_first=2;result=1", "ds": 15, "ct": 15, "st": 0, "ck": 0, "cf": 15, "mds": "2 (2ct 0st)", "dspi": 0.416}, {"tt": "lost batting first", "sp": "2010-2019", "mt": 35, "in": 35, "pr": "batting_fielding_first=1;result=2", "ds": 10, "ct": 10, "st": 0, "ck": 0, "cf": 10, "mds": "1 (1ct 0st)", "dspi": 0.285}, {"tt": "lost fielding first", "sp": "2010-2020", "mt": 31, "in": 31, "pr": "batting_fielding_first=2;result=2", "ds": 17, "ct": 17, "st": 0, "ck": 0, "cf": 17, "mds": "3 (3ct 0st)", "dspi": 0.548}, {"tt": "tied batting first", "sp": "2014-2019", "mt": 2, "in": 2, "pr": "batting_fielding_first=1;result=3", "ds": 1, "ct": 1, "st": 0, "ck": 0, "cf": 1, "mds": "1 (1ct 0st)", "dspi": 0.5}, {"tt": "no result batting first", "sp": "2016-2017", "mt": 2, "in": 1, "pr": "batting_fielding_first=1;result=5", "ds": 0, "ct": 0, "st": 0, "ck": 0, "cf": 0, "mds": "0", "dspi": 0}, {"tt": "no result fielding first", "sp": "2010-2013", "mt": 3, "in": 3, "pr": "batting_fielding_first=2;result=5", "ds": 0, "ct": 0, "st": 0, "ck": 0, "cf": 0, "mds": "0", "dspi": 0}]}, {"type": "TOURNAMENT_TYPE", "stats": [{"tt": "2 team series", "sp": "2010-2020", "mt": 119, "in": 118, "pr": "tournament_type=2", "ds": 50, "ct": 50, "st": 0, "ck": 0, "cf": 50, "mds": "3 (3ct 0st)", "dspi": 0.423}, {"tt": "3-4 team tournaments", "sp": "2010-2010", "mt": 4, "in": 4, "pr": "tournament_type=3", "ds": 1, "ct": 1, "st": 0, "ck": 0, "cf": 1, "mds": "1 (1ct 0st)", "dspi": 0.25}, {"tt": "5+ team tournaments", "sp": "2011-2019", "mt": 29, "in": 29, "pr": "tournament_type=5", "ds": 11, "ct": 11, "st": 0, "ck": 0, "cf": 11, "mds": "2 (2ct 0st)", "dspi": 0.379}]}, {"type": "MATCH_NUMBER", "stats": [{"tt": "only match in series", "sp": "2015-2015", "mt": 1, "in": 1, "pr": "match_number=0", "ds": 2, "ct": 2, "st": 0, "ck": 0, "cf": 2, "mds": "2 (2ct 0st)", "dspi": 2}, {"tt": "1st match in series", "sp": "2010-2020", "mt": 32, "in": 32, "pr": "match_number=1", "ds": 15, "ct": 15, "st": 0, "ck": 0, "cf": 15, "mds": "2 (2ct 0st)", "dspi": 0.468}, {"tt": "2nd match in series", "sp": "2010-2019", "mt": 26, "in": 26, "pr": "match_number=2", "ds": 7, "ct": 7, "st": 0, "ck": 0, "cf": 7, "mds": "2 (2ct 0st)", "dspi": 0.269}, {"tt": "3rd match in series", "sp": "2010-2020", "mt": 29, "in": 29, "pr": "match_number=3", "ds": 12, "ct": 12, "st": 0, "ck": 0, "cf": 12, "mds": "3 (3ct 0st)", "dspi": 0.413}, {"tt": "4th match in series", "sp": "2010-2019", "mt": 15, "in": 14, "pr": "match_number=4", "ds": 4, "ct": 4, "st": 0, "ck": 0, "cf": 4, "mds": "1 (1ct 0st)", "dspi": 0.285}, {"tt": "5th match in series", "sp": "2010-2019", "mt": 14, "in": 14, "pr": "match_number=5", "ds": 10, "ct": 10, "st": 0, "ck": 0, "cf": 10, "mds": "1 (1ct 0st)", "dspi": 0.714}, {"tt": "6th match in series", "sp": "2015-2015", "mt": 1, "in": 1, "pr": "match_number=6", "ds": 0, "ct": 0, "st": 0, "ck": 0, "cf": 0, "mds": "0", "dspi": 0}, {"tt": "7th match in series", "sp": "2015-2015", "mt": 1, "in": 1, "pr": "match_number=7", "ds": 0, "ct": 0, "st": 0, "ck": 0, "cf": 0, "mds": "0", "dspi": 0}]}, {"type": "MAJOR_TROPHY", "stats": [{"tt": "World Cup", "sp": "2011-2019", "mt": 23, "in": 23, "pr": "trophy=12", "ds": 9, "ct": 9, "st": 0, "ck": 0, "cf": 9, "mds": "2 (2ct 0st)", "dspi": 0.391}, {"tt": "Chappell-Hadlee", "sp": "2015-2020", "mt": 10, "in": 10, "pr": "trophy=65", "ds": 5, "ct": 5, "st": 0, "ck": 0, "cf": 5, "mds": "2 (2ct 0st)", "dspi": 0.5}, {"tt": "ICC Champions Trophy", "sp": "2013-2017", "mt": 6, "in": 6, "pr": "trophy=44", "ds": 2, "ct": 2, "st": 0, "ck": 0, "cf": 2, "mds": "1 (1ct 0st)", "dspi": 0.333}]}, {"type": "FINAL_TYPE", "stats": [{"tt": "tournament finals", "sp": "2015-2019", "mt": 2, "in": 2, "pr": "final_type=1", "ds": 0, "ct": 0, "st": 0, "ck": 0, "cf": 0, "mds": "0", "dspi": 0}, {"tt": "tournament semi-finals", "sp": "2011-2019", "mt": 3, "in": 3, "pr": "final_type=3", "ds": 2, "ct": 2, "st": 0, "ck": 0, "cf": 2, "mds": "2 (2ct 0st)", "dspi": 0.666}, {"tt": "tournament quarter-finals", "sp": "2011-2015", "mt": 2, "in": 2, "pr": "final_type=4", "ds": 0, "ct": 0, "st": 0, "ck": 0, "cf": 0, "mds": "0", "dspi": 0}, {"tt": "preliminary matches", "sp": "2010-2019", "mt": 26, "in": 26, "pr": "final_type=0", "ds": 10, "ct": 10, "st": 0, "ck": 0, "cf": 10, "mds": "2 (2ct 0st)", "dspi": 0.384}]}]}}