{"summary": {"recordClassId": 3, "type": "FIELDING", "groups": [{"type": "CAREER_AVERAGES", "stats": [{"tt": "overview", "sp": "2011-2021", "mt": 67, "in": 66, "pr": null, "ds": 32, "ct": 32, "st": 0, "ck": 0, "cf": 32, "mds": "3 (3ct 0st)", "dspi": 0.484}]}, {"type": "OPPOSITION_TEAM", "stats": [{"tt": "vs Australia", "sp": "2016-2021", "mt": 9, "in": 9, "pr": "opposition=2", "ds": 5, "ct": 5, "st": 0, "ck": 0, "cf": 5, "mds": "2 (2ct 0st)", "dspi": 0.555}, {"tt": "vs Bangladesh", "sp": "2012-2017", "mt": 5, "in": 5, "pr": "opposition=25", "ds": 3, "ct": 3, "st": 0, "ck": 0, "cf": 3, "mds": "3 (3ct 0st)", "dspi": 0.6}, {"tt": "vs England", "sp": "2012-2018", "mt": 6, "in": 6, "pr": "opposition=1", "ds": 2, "ct": 2, "st": 0, "ck": 0, "cf": 2, "mds": "2 (2ct 0st)", "dspi": 0.333}, {"tt": "vs India", "sp": "2012-2020", "mt": 11, "in": 11, "pr": "opposition=6", "ds": 3, "ct": 3, "st": 0, "ck": 0, "cf": 3, "mds": "2 (2ct 0st)", "dspi": 0.272}, {"tt": "vs Netherlands", "sp": "2014-2014", "mt": 1, "in": 1, "pr": "opposition=15", "ds": 1, "ct": 1, "st": 0, "ck": 0, "cf": 1, "mds": "1 (1ct 0st)", "dspi": 1}, {"tt": "vs Pakistan", "sp": "2012-2020", "mt": 14, "in": 14, "pr": "opposition=7", "ds": 10, "ct": 10, "st": 0, "ck": 0, "cf": 10, "mds": "2 (2ct 0st)", "dspi": 0.714}, {"tt": "vs South Africa", "sp": "2012-2017", "mt": 7, "in": 7, "pr": "opposition=3", "ds": 2, "ct": 2, "st": 0, "ck": 0, "cf": 2, "mds": "2 (2ct 0st)", "dspi": 0.285}, {"tt": "vs Sri Lanka", "sp": "2012-2016", "mt": 4, "in": 4, "pr": "opposition=8", "ds": 4, "ct": 4, "st": 0, "ck": 0, "cf": 4, "mds": "2 (2ct 0st)", "dspi": 1}, {"tt": "vs West Indies", "sp": "2012-2018", "mt": 6, "in": 5, "pr": "opposition=4", "ds": 2, "ct": 2, "st": 0, "ck": 0, "cf": 2, "mds": "1 (1ct 0st)", "dspi": 0.4}, {"tt": "vs Zimbabwe", "sp": "2011-2015", "mt": 4, "in": 4, "pr": "opposition=9", "ds": 0, "ct": 0, "st": 0, "ck": 0, "cf": 0, "mds": "0", "dspi": 0}]}, {"type": "HOST_COUNTRY", "stats": [{"tt": "in Australia", "sp": "2018-2018", "mt": 1, "in": 1, "pr": "host=2", "ds": 0, "ct": 0, "st": 0, "ck": 0, "cf": 0, "mds": "0", "dspi": 0}, {"tt": "in Bangladesh", "sp": "2014-2014", "mt": 4, "in": 4, "pr": "host=25", "ds": 3, "ct": 3, "st": 0, "ck": 0, "cf": 3, "mds": "2 (2ct 0st)", "dspi": 0.75}, {"tt": "in England", "sp": "2015-2015", "mt": 1, "in": 1, "pr": "host=1", "ds": 0, "ct": 0, "st": 0, "ck": 0, "cf": 0, "mds": "0", "dspi": 0}, {"tt": "in India", "sp": "2012-2017", "mt": 9, "in": 9, "pr": "host=6", "ds": 3, "ct": 3, "st": 0, "ck": 0, "cf": 3, "mds": "2 (2ct 0st)", "dspi": 0.333}, {"tt": "in New Zealand", "sp": "2012-2021", "mt": 35, "in": 34, "pr": "host=5", "ds": 17, "ct": 17, "st": 0, "ck": 0, "cf": 17, "mds": "2 (2ct 0st)", "dspi": 0.5}, {"tt": "in South Africa", "sp": "2015-2015", "mt": 2, "in": 2, "pr": "host=3", "ds": 2, "ct": 2, "st": 0, "ck": 0, "cf": 2, "mds": "2 (2ct 0st)", "dspi": 1}, {"tt": "in Sri Lanka", "sp": "2012-2012", "mt": 4, "in": 4, "pr": "host=8", "ds": 4, "ct": 4, "st": 0, "ck": 0, "cf": 4, "mds": "3 (3ct 0st)", "dspi": 1}, {"tt": "in U.A.E.", "sp": "2014-2018", "mt": 5, "in": 5, "pr": "host=27", "ds": 2, "ct": 2, "st": 0, "ck": 0, "cf": 2, "mds": "1 (1ct 0st)", "dspi": 0.4}, {"tt": "in U.S.A.", "sp": "2012-2012", "mt": 2, "in": 2, "pr": "host=11", "ds": 1, "ct": 1, "st": 0, "ck": 0, "cf": 1, "mds": "1 (1ct 0st)", "dspi": 0.5}, {"tt": "in West Indies", "sp": "2014-2014", "mt": 2, "in": 2, "pr": "host=4", "ds": 0, "ct": 0, "st": 0, "ck": 0, "cf": 0, "mds": "0", "dspi": 0}, {"tt": "in Zimbabwe", "sp": "2011-2015", "mt": 2, "in": 2, "pr": "host=9", "ds": 0, "ct": 0, "st": 0, "ck": 0, "cf": 0, "mds": "0", "dspi": 0}]}, {"type": "CONTINENT", "stats": [{"tt": "in Africa", "sp": "2011-2015", "mt": 4, "in": 4, "pr": "continent=1", "ds": 2, "ct": 2, "st": 0, "ck": 0, "cf": 2, "mds": "2 (2ct 0st)", "dspi": 0.5}, {"tt": "in Americas", "sp": "2012-2014", "mt": 4, "in": 4, "pr": "continent=3", "ds": 1, "ct": 1, "st": 0, "ck": 0, "cf": 1, "mds": "1 (1ct 0st)", "dspi": 0.25}, {"tt": "in Asia", "sp": "2012-2018", "mt": 22, "in": 22, "pr": "continent=2", "ds": 12, "ct": 12, "st": 0, "ck": 0, "cf": 12, "mds": "3 (3ct 0st)", "dspi": 0.545}, {"tt": "in Europe", "sp": "2015-2015", "mt": 1, "in": 1, "pr": "continent=4", "ds": 0, "ct": 0, "st": 0, "ck": 0, "cf": 0, "mds": "0", "dspi": 0}, {"tt": "in Oceania", "sp": "2012-2021", "mt": 36, "in": 35, "pr": "continent=5", "ds": 17, "ct": 17, "st": 0, "ck": 0, "cf": 17, "mds": "2 (2ct 0st)", "dspi": 0.485}]}, {"type": "HOME_OR_AWAY", "stats": [{"tt": "home", "sp": "2012-2021", "mt": 35, "in": 34, "pr": "home_or_away=1", "ds": 17, "ct": 17, "st": 0, "ck": 0, "cf": 17, "mds": "2 (2ct 0st)", "dspi": 0.5}, {"tt": "away", "sp": "2011-2018", "mt": 14, "in": 14, "pr": "home_or_away=2", "ds": 3, "ct": 3, "st": 0, "ck": 0, "cf": 3, "mds": "2 (2ct 0st)", "dspi": 0.214}, {"tt": "neutral", "sp": "2012-2018", "mt": 18, "in": 18, "pr": "home_or_away=3", "ds": 12, "ct": 12, "st": 0, "ck": 0, "cf": 12, "mds": "3 (3ct 0st)", "dspi": 0.666}]}, {"type": "YEAR", "stats": [{"tt": "year 2011", "sp": null, "mt": 1, "in": 1, "pr": "year=2011", "ds": 0, "ct": 0, "st": 0, "ck": 0, "cf": 0, "mds": "0", "dspi": 0}, {"tt": "year 2012", "sp": null, "mt": 12, "in": 12, "pr": "year=2012", "ds": 5, "ct": 5, "st": 0, "ck": 0, "cf": 5, "mds": "3 (3ct 0st)", "dspi": 0.416}, {"tt": "year 2014", "sp": null, "mt": 8, "in": 8, "pr": "year=2014", "ds": 4, "ct": 4, "st": 0, "ck": 0, "cf": 4, "mds": "2 (2ct 0st)", "dspi": 0.5}, {"tt": "year 2015", "sp": null, "mt": 4, "in": 4, "pr": "year=2015", "ds": 2, "ct": 2, "st": 0, "ck": 0, "cf": 2, "mds": "2 (2ct 0st)", "dspi": 0.5}, {"tt": "year 2016", "sp": null, "mt": 10, "in": 10, "pr": "year=2016", "ds": 8, "ct": 8, "st": 0, "ck": 0, "cf": 8, "mds": "2 (2ct 0st)", "dspi": 0.8}, {"tt": "year 2017", "sp": null, "mt": 7, "in": 7, "pr": "year=2017", "ds": 1, "ct": 1, "st": 0, "ck": 0, "cf": 1, "mds": "1 (1ct 0st)", "dspi": 0.142}, {"tt": "year 2018", "sp": null, "mt": 12, "in": 11, "pr": "year=2018", "ds": 5, "ct": 5, "st": 0, "ck": 0, "cf": 5, "mds": "2 (2ct 0st)", "dspi": 0.454}, {"tt": "year 2019", "sp": null, "mt": 3, "in": 3, "pr": "year=2019", "ds": 2, "ct": 2, "st": 0, "ck": 0, "cf": 2, "mds": "2 (2ct 0st)", "dspi": 0.666}, {"tt": "year 2020", "sp": null, "mt": 5, "in": 5, "pr": "year=2020", "ds": 2, "ct": 2, "st": 0, "ck": 0, "cf": 2, "mds": "2 (2ct 0st)", "dspi": 0.4}, {"tt": "year 2021", "sp": null, "mt": 5, "in": 5, "pr": "year=2021", "ds": 3, "ct": 3, "st": 0, "ck": 0, "cf": 3, "mds": "1 (1ct 0st)", "dspi": 0.6}]}, {"type": "SEASON", "stats": [{"tt": "season 2011/12", "sp": null, "mt": 6, "in": 6, "pr": "season=2011/12", "ds": 0, "ct": 0, "st": 0, "ck": 0, "cf": 0, "mds": "0", "dspi": 0}, {"tt": "season 2012", "sp": null, "mt": 3, "in": 3, "pr": "season=2012", "ds": 1, "ct": 1, "st": 0, "ck": 0, "cf": 1, "mds": "1 (1ct 0st)", "dspi": 0.333}, {"tt": "season 2012/13", "sp": null, "mt": 4, "in": 4, "pr": "season=2012/13", "ds": 4, "ct": 4, "st": 0, "ck": 0, "cf": 4, "mds": "3 (3ct 0st)", "dspi": 1}, {"tt": "season 2013/14", "sp": null, "mt": 4, "in": 4, "pr": "season=2013/14", "ds": 3, "ct": 3, "st": 0, "ck": 0, "cf": 3, "mds": "2 (2ct 0st)", "dspi": 0.75}, {"tt": "season 2014", "sp": null, "mt": 2, "in": 2, "pr": "season=2014", "ds": 0, "ct": 0, "st": 0, "ck": 0, "cf": 0, "mds": "0", "dspi": 0}, {"tt": "season 2014/15", "sp": null, "mt": 2, "in": 2, "pr": "season=2014/15", "ds": 1, "ct": 1, "st": 0, "ck": 0, "cf": 1, "mds": "1 (1ct 0st)", "dspi": 0.5}, {"tt": "season 2015", "sp": null, "mt": 4, "in": 4, "pr": "season=2015", "ds": 2, "ct": 2, "st": 0, "ck": 0, "cf": 2, "mds": "2 (2ct 0st)", "dspi": 0.5}, {"tt": "season 2015/16", "sp": null, "mt": 10, "in": 10, "pr": "season=2015/16", "ds": 8, "ct": 8, "st": 0, "ck": 0, "cf": 8, "mds": "2 (2ct 0st)", "dspi": 0.8}, {"tt": "season 2016/17", "sp": null, "mt": 4, "in": 4, "pr": "season=2016/17", "ds": 0, "ct": 0, "st": 0, "ck": 0, "cf": 0, "mds": "0", "dspi": 0}, {"tt": "season 2017/18", "sp": null, "mt": 12, "in": 11, "pr": "season=2017/18", "ds": 5, "ct": 5, "st": 0, "ck": 0, "cf": 5, "mds": "2 (2ct 0st)", "dspi": 0.454}, {"tt": "season 2018/19", "sp": null, "mt": 6, "in": 6, "pr": "season=2018/19", "ds": 3, "ct": 3, "st": 0, "ck": 0, "cf": 3, "mds": "2 (2ct 0st)", "dspi": 0.5}, {"tt": "season 2019/20", "sp": null, "mt": 3, "in": 3, "pr": "season=2019/20", "ds": 0, "ct": 0, "st": 0, "ck": 0, "cf": 0, "mds": "0", "dspi": 0}, {"tt": "season 2020/21", "sp": null, "mt": 7, "in": 7, "pr": "season=2020/21", "ds": 5, "ct": 5, "st": 0, "ck": 0, "cf": 5, "mds": "2 (2ct 0st)", "dspi": 0.714}]}, {"type": "CAPTAINS_INVOLVED", "stats": [{"tt": "*BB McCullum", "sp": "2012-2015", "mt": 11, "in": 11, "pr": "captain_involve=10384", "ds": 3, "ct": 3, "st": 0, "ck": 0, "cf": 3, "mds": "2 (2ct 0st)", "dspi": 0.272}, {"tt": "*LRPL Taylor", "sp": "2011-2012", "mt": 7, "in": 7, "pr": "captain_involve=44930", "ds": 4, "ct": 4, "st": 0, "ck": 0, "cf": 4, "mds": "3 (3ct 0st)", "dspi": 0.571}, {"tt": "*KS Williamson", "sp": "2012-2021", "mt": 49, "in": 48, "pr": "captain_involve=51088", "ds": 25, "ct": 25, "st": 0, "ck": 0, "cf": 25, "mds": "2 (2ct 0st)", "dspi": 0.52}]}, {"type": "CAPTAIN", "stats": [{"tt": "is captain", "sp": "2012-2021", "mt": 49, "in": 48, "pr": "captain=1", "ds": 25, "ct": 25, "st": 0, "ck": 0, "cf": 25, "mds": "2 (2ct 0st)", "dspi": 0.52}, {"tt": "is not captain", "sp": "2011-2015", "mt": 18, "in": 18, "pr": "captain=0", "ds": 7, "ct": 7, "st": 0, "ck": 0, "cf": 7, "mds": "3 (3ct 0st)", "dspi": 0.388}]}, {"type": "KEEPER", "stats": [{"tt": "is not keeper", "sp": "2011-2021", "mt": 67, "in": 66, "pr": "keeper=0", "ds": 32, "ct": 32, "st": 0, "ck": 0, "cf": 32, "mds": "3 (3ct 0st)", "dspi": 0.484}]}, {"type": "TOSS", "stats": [{"tt": "won the toss", "sp": "2011-2021", "mt": 32, "in": 32, "pr": "toss=1", "ds": 16, "ct": 16, "st": 0, "ck": 0, "cf": 16, "mds": "2 (2ct 0st)", "dspi": 0.5}, {"tt": "lost the toss", "sp": "2012-2021", "mt": 35, "in": 34, "pr": "toss=2", "ds": 16, "ct": 16, "st": 0, "ck": 0, "cf": 16, "mds": "3 (3ct 0st)", "dspi": 0.47}]}, {"type": "BATTING_FIELDING_SEQUENCE_AND_TOSS", "stats": [{"tt": "won toss &amp; batted", "sp": "2012-2020", "mt": 14, "in": 14, "pr": "batting_fielding_first=1;toss=1", "ds": 7, "ct": 7, "st": 0, "ck": 0, "cf": 7, "mds": "2 (2ct 0st)", "dspi": 0.5}, {"tt": "won toss &amp; fielded", "sp": "2011-2021", "mt": 18, "in": 18, "pr": "batting_fielding_first=2;toss=1", "ds": 9, "ct": 9, "st": 0, "ck": 0, "cf": 9, "mds": "2 (2ct 0st)", "dspi": 0.5}, {"tt": "lost toss &amp; sent in", "sp": "2012-2021", "mt": 21, "in": 20, "pr": "batting_fielding_first=1;toss=2", "ds": 8, "ct": 8, "st": 0, "ck": 0, "cf": 8, "mds": "3 (3ct 0st)", "dspi": 0.4}, {"tt": "lost toss &amp; fielded", "sp": "2012-2021", "mt": 14, "in": 14, "pr": "batting_fielding_first=2;toss=2", "ds": 8, "ct": 8, "st": 0, "ck": 0, "cf": 8, "mds": "2 (2ct 0st)", "dspi": 0.571}]}, {"type": "BATTING_FIELDING_SEQUENCE", "stats": [{"tt": "matches batting first", "sp": "2012-2021", "mt": 35, "in": 34, "pr": "batting_fielding_first=1", "ds": 15, "ct": 15, "st": 0, "ck": 0, "cf": 15, "mds": "3 (3ct 0st)", "dspi": 0.441}, {"tt": "matches fielding first", "sp": "2011-2021", "mt": 32, "in": 32, "pr": "batting_fielding_first=2", "ds": 17, "ct": 17, "st": 0, "ck": 0, "cf": 17, "mds": "2 (2ct 0st)", "dspi": 0.531}]}, {"type": "TEAM_INNINGS", "stats": [{"tt": "1st team innings", "sp": "2011-2021", "mt": 66, "in": 66, "pr": "innings_number=1;innings_number=2", "ds": 32, "ct": 32, "st": 0, "ck": 0, "cf": 32, "mds": "3 (3ct 0st)", "dspi": 0.484}]}, {"type": "MATCH_INNINGS", "stats": [{"tt": "1st match innings", "sp": "2011-2021", "mt": 32, "in": 32, "pr": "innings_number=1", "ds": 17, "ct": 17, "st": 0, "ck": 0, "cf": 17, "mds": "2 (2ct 0st)", "dspi": 0.531}, {"tt": "2nd match innings", "sp": "2012-2021", "mt": 34, "in": 34, "pr": "innings_number=2", "ds": 15, "ct": 15, "st": 0, "ck": 0, "cf": 15, "mds": "3 (3ct 0st)", "dspi": 0.441}]}, {"type": "FLOODLIT", "stats": [{"tt": "day match", "sp": "2011-2021", "mt": 13, "in": 13, "pr": "floodlit=1", "ds": 6, "ct": 6, "st": 0, "ck": 0, "cf": 6, "mds": "2 (2ct 0st)", "dspi": 0.461}, {"tt": "day/night match", "sp": "2012-2016", "mt": 18, "in": 18, "pr": "floodlit=2", "ds": 11, "ct": 11, "st": 0, "ck": 0, "cf": 11, "mds": "3 (3ct 0st)", "dspi": 0.611}, {"tt": "night match", "sp": "2014-2021", "mt": 36, "in": 35, "pr": "floodlit=3", "ds": 15, "ct": 15, "st": 0, "ck": 0, "cf": 15, "mds": "2 (2ct 0st)", "dspi": 0.428}]}, {"type": "RESULT", "stats": [{"tt": "won match", "sp": "2011-2021", "mt": 32, "in": 32, "pr": "result=1", "ds": 21, "ct": 21, "st": 0, "ck": 0, "cf": 21, "mds": "3 (3ct 0st)", "dspi": 0.656}, {"tt": "lost match", "sp": "2012-2021", "mt": 32, "in": 32, "pr": "result=2", "ds": 11, "ct": 11, "st": 0, "ck": 0, "cf": 11, "mds": "2 (2ct 0st)", "dspi": 0.343}, {"tt": "tied match", "sp": "2012-2020", "mt": 2, "in": 2, "pr": "result=3", "ds": 0, "ct": 0, "st": 0, "ck": 0, "cf": 0, "mds": "0", "dspi": 0}, {"tt": "no result", "sp": "2018-2018", "mt": 1, "in": null, "pr": "result=5", "ds": null, "ct": null, "st": null, "ck": null, "cf": null, "mds": null, "dspi": null}]}, {"type": "BATTING_FIELDING_SEQUENCE_AND_RESULT", "stats": [{"tt": "won batting first", "sp": "2012-2021", "mt": 20, "in": 20, "pr": "batting_fielding_first=1;result=1", "ds": 14, "ct": 14, "st": 0, "ck": 0, "cf": 14, "mds": "3 (3ct 0st)", "dspi": 0.7}, {"tt": "won fielding first", "sp": "2011-2021", "mt": 12, "in": 12, "pr": "batting_fielding_first=2;result=1", "ds": 7, "ct": 7, "st": 0, "ck": 0, "cf": 7, "mds": "2 (2ct 0st)", "dspi": 0.583}, {"tt": "lost batting first", "sp": "2012-2020", "mt": 13, "in": 13, "pr": "batting_fielding_first=1;result=2", "ds": 1, "ct": 1, "st": 0, "ck": 0, "cf": 1, "mds": "1 (1ct 0st)", "dspi": 0.076}, {"tt": "lost fielding first", "sp": "2012-2021", "mt": 19, "in": 19, "pr": "batting_fielding_first=2;result=2", "ds": 10, "ct": 10, "st": 0, "ck": 0, "cf": 10, "mds": "2 (2ct 0st)", "dspi": 0.526}, {"tt": "tied batting first", "sp": "2012-2012", "mt": 1, "in": 1, "pr": "batting_fielding_first=1;result=3", "ds": 0, "ct": 0, "st": 0, "ck": 0, "cf": 0, "mds": "0", "dspi": 0}, {"tt": "tied fielding first", "sp": "2020-2020", "mt": 1, "in": 1, "pr": "batting_fielding_first=2;result=3", "ds": 0, "ct": 0, "st": 0, "ck": 0, "cf": 0, "mds": "0", "dspi": 0}, {"tt": "no result batting first", "sp": "2018-2018", "mt": 1, "in": null, "pr": "batting_fielding_first=1;result=5", "ds": null, "ct": null, "st": null, "ck": null, "cf": null, "mds": null, "dspi": null}]}, {"type": "TOURNAMENT_TYPE", "stats": [{"tt": "2 team series", "sp": "2011-2021", "mt": 49, "in": 48, "pr": "tournament_type=2", "ds": 21, "ct": 21, "st": 0, "ck": 0, "cf": 21, "mds": "2 (2ct 0st)", "dspi": 0.437}, {"tt": "3-4 team tournaments", "sp": "2018-2018", "mt": 5, "in": 5, "pr": "tournament_type=3", "ds": 2, "ct": 2, "st": 0, "ck": 0, "cf": 2, "mds": "2 (2ct 0st)", "dspi": 0.4}, {"tt": "5+ team tournaments", "sp": "2012-2016", "mt": 13, "in": 13, "pr": "tournament_type=5", "ds": 9, "ct": 9, "st": 0, "ck": 0, "cf": 9, "mds": "3 (3ct 0st)", "dspi": 0.692}]}, {"type": "MATCH_NUMBER", "stats": [{"tt": "only match in series", "sp": "2015-2017", "mt": 3, "in": 3, "pr": "match_number=0", "ds": 0, "ct": 0, "st": 0, "ck": 0, "cf": 0, "mds": "0", "dspi": 0}, {"tt": "1st match in series", "sp": "2011-2021", "mt": 15, "in": 15, "pr": "match_number=1", "ds": 3, "ct": 3, "st": 0, "ck": 0, "cf": 3, "mds": "2 (2ct 0st)", "dspi": 0.2}, {"tt": "2nd match in series", "sp": "2012-2021", "mt": 18, "in": 17, "pr": "match_number=2", "ds": 13, "ct": 13, "st": 0, "ck": 0, "cf": 13, "mds": "2 (2ct 0st)", "dspi": 0.764}, {"tt": "3rd match in series", "sp": "2012-2021", "mt": 11, "in": 11, "pr": "match_number=3", "ds": 4, "ct": 4, "st": 0, "ck": 0, "cf": 4, "mds": "2 (2ct 0st)", "dspi": 0.363}, {"tt": "4th match in series", "sp": "2021-2021", "mt": 1, "in": 1, "pr": "match_number=4", "ds": 1, "ct": 1, "st": 0, "ck": 0, "cf": 1, "mds": "1 (1ct 0st)", "dspi": 1}, {"tt": "5th match in series", "sp": "2021-2021", "mt": 1, "in": 1, "pr": "match_number=5", "ds": 0, "ct": 0, "st": 0, "ck": 0, "cf": 0, "mds": "0", "dspi": 0}]}, {"type": "MAJOR_TROPHY", "stats": [{"tt": "Men's T20 World Cup", "sp": "2012-2016", "mt": 13, "in": 13, "pr": "trophy=89", "ds": 9, "ct": 9, "st": 0, "ck": 0, "cf": 9, "mds": "3 (3ct 0st)", "dspi": 0.692}]}, {"type": "FINAL_TYPE", "stats": [{"tt": "tournament finals", "sp": "2018-2018", "mt": 1, "in": 1, "pr": "final_type=1", "ds": 0, "ct": 0, "st": 0, "ck": 0, "cf": 0, "mds": "0", "dspi": 0}, {"tt": "tournament semi-finals", "sp": "2016-2016", "mt": 1, "in": 1, "pr": "final_type=3", "ds": 0, "ct": 0, "st": 0, "ck": 0, "cf": 0, "mds": "0", "dspi": 0}, {"tt": "preliminary matches", "sp": "2012-2018", "mt": 16, "in": 16, "pr": "final_type=0", "ds": 11, "ct": 11, "st": 0, "ck": 0, "cf": 11, "mds": "3 (3ct 0st)", "dspi": 0.687}]}]}}