{"summary": {"recordClassId": 2, "type": "BOWLING", "groups": [{"type": "CAREER_AVERAGES", "stats": [{"bl": null, "tt": "overview", "sp": "2010-2020", "mt": 151, "in": 65, "pr": null, "ov": 244.3, "cd": 1310, "md": 2, "wk": 37, "fwk": 1, "fw": 0, "tw": 0, "bbi": "4/22", "bbm": "4/22", "bwa": 35.4, "bwe": 5.35, "bwsr": 39.6}]}, {"type": "OPPOSITION_TEAM", "stats": [{"bl": null, "tt": "vs Afghanistan", "sp": "2015-2019", "mt": 2, "in": null, "pr": "opposition=40", "ov": null, "cd": null, "md": null, "wk": null, "fwk": null, "fw": null, "tw": null, "bbi": null, "bbm": null, "bwa": null, "bwe": null, "bwsr": null}, {"bl": null, "tt": "vs Australia", "sp": "2013-2020", "mt": 14, "in": 5, "pr": "opposition=2", "ov": 27, "cd": 144, "md": 0, "wk": 3, "fwk": 0, "fw": 0, "tw": 0, "bbi": "1/25", "bbm": "1/25", "bwa": 48, "bwe": 5.33, "bwsr": 54}, {"bl": null, "tt": "vs Bangladesh", "sp": "2010-2019", "mt": 11, "in": 5, "pr": "opposition=25", "ov": 21, "cd": 100, "md": 1, "wk": 4, "fwk": 0, "fw": 0, "tw": 0, "bbi": "3/22", "bbm": "3/22", "bwa": 25, "bwe": 4.76, "bwsr": 31.5}, {"bl": null, "tt": "vs Canada", "sp": "2011-2011", "mt": 1, "in": 1, "pr": "opposition=17", "ov": 4, "cd": 26, "md": 0, "wk": 0, "fwk": 0, "fw": 0, "tw": 0, "bbi": null, "bbm": null, "bwa": null, "bwe": 6.5, "bwsr": null}, {"bl": null, "tt": "vs England", "sp": "2013-2019", "mt": 20, "in": 9, "pr": "opposition=1", "ov": 38.2, "cd": 225, "md": 0, "wk": 6, "fwk": 0, "fw": 0, "tw": 0, "bbi": "2/25", "bbm": "2/25", "bwa": 37.5, "bwe": 5.86, "bwsr": 38.3}, {"bl": null, "tt": "vs India", "sp": "2010-2020", "mt": 25, "in": 8, "pr": "opposition=6", "ov": 22.3, "cd": 136, "md": 1, "wk": 5, "fwk": 0, "fw": 0, "tw": 0, "bbi": "2/19", "bbm": "2/19", "bwa": 27.2, "bwe": 6.04, "bwsr": 27}, {"bl": null, "tt": "vs Pakistan", "sp": "2011-2019", "mt": 18, "in": 6, "pr": "opposition=7", "ov": 28, "cd": 120, "md": 0, "wk": 4, "fwk": 0, "fw": 0, "tw": 0, "bbi": "2/32", "bbm": "2/32", "bwa": 30, "bwe": 4.28, "bwsr": 42}, {"bl": null, "tt": "vs Scotland", "sp": "2015-2015", "mt": 1, "in": null, "pr": "opposition=30", "ov": null, "cd": null, "md": null, "wk": null, "fwk": null, "fw": null, "tw": null, "bbi": null, "bbm": null, "bwa": null, "bwe": null, "bwsr": null}, {"bl": null, "tt": "vs South Africa", "sp": "2011-2019", "mt": 17, "in": 9, "pr": "opposition=3", "ov": 28.4, "cd": 145, "md": 0, "wk": 7, "fwk": 1, "fw": 0, "tw": 0, "bbi": "4/22", "bbm": "4/22", "bwa": 20.71, "bwe": 5.05, "bwsr": 24.5}, {"bl": null, "tt": "vs Sri Lanka", "sp": "2010-2019", "mt": 22, "in": 12, "pr": "opposition=8", "ov": 39, "cd": 210, "md": 0, "wk": 1, "fwk": 0, "fw": 0, "tw": 0, "bbi": "1/50", "bbm": "1/50", "bwa": 210, "bwe": 5.38, "bwsr": 234}, {"bl": null, "tt": "vs West Indies", "sp": "2012-2019", "mt": 11, "in": 4, "pr": "opposition=4", "ov": 18, "cd": 104, "md": 0, "wk": 3, "fwk": 0, "fw": 0, "tw": 0, "bbi": "1/30", "bbm": "1/30", "bwa": 34.66, "bwe": 5.77, "bwsr": 36}, {"bl": null, "tt": "vs Zimbabwe", "sp": "2011-2015", "mt": 9, "in": 6, "pr": "opposition=9", "ov": 18, "cd": 100, "md": 0, "wk": 4, "fwk": 0, "fw": 0, "tw": 0, "bbi": "2/13", "bbm": "2/13", "bwa": 25, "bwe": 5.55, "bwsr": 27}]}, {"type": "HOST_COUNTRY", "stats": [{"bl": null, "tt": "in Australia", "sp": "2015-2020", "mt": 5, "in": 1, "pr": "host=2", "ov": 1, "cd": 3, "md": 0, "wk": 0, "fwk": 0, "fw": 0, "tw": 0, "bbi": null, "bbm": null, "bwa": null, "bwe": 3, "bwsr": null}, {"bl": null, "tt": "in Bangladesh", "sp": "2010-2013", "mt": 4, "in": 2, "pr": "host=25", "ov": 6, "cd": 35, "md": 0, "wk": 0, "fwk": 0, "fw": 0, "tw": 0, "bbi": null, "bbm": null, "bwa": null, "bwe": 5.83, "bwsr": null}, {"bl": null, "tt": "in England", "sp": "2013-2019", "mt": 24, "in": 11, "pr": "host=1", "ov": 56, "cd": 320, "md": 0, "wk": 8, "fwk": 0, "fw": 0, "tw": 0, "bbi": "2/25", "bbm": "2/25", "bwa": 40, "bwe": 5.71, "bwsr": 42}, {"bl": null, "tt": "in India", "sp": "2010-2017", "mt": 13, "in": 4, "pr": "host=6", "ov": 10, "cd": 70, "md": 0, "wk": 0, "fwk": 0, "fw": 0, "tw": 0, "bbi": null, "bbm": null, "bwa": null, "bwe": 7, "bwsr": null}, {"bl": null, "tt": "in New Zealand", "sp": "2011-2020", "mt": 72, "in": 31, "pr": "host=5", "ov": 113.1, "cd": 597, "md": 1, "wk": 20, "fwk": 0, "fw": 0, "tw": 0, "bbi": "3/22", "bbm": "3/22", "bwa": 29.85, "bwe": 5.27, "bwsr": 33.9}, {"bl": null, "tt": "in South Africa", "sp": "2013-2015", "mt": 6, "in": 3, "pr": "host=3", "ov": 18.2, "cd": 84, "md": 0, "wk": 6, "fwk": 1, "fw": 0, "tw": 0, "bbi": "4/22", "bbm": "4/22", "bwa": 14, "bwe": 4.58, "bwsr": 18.3}, {"bl": null, "tt": "in Sri Lanka", "sp": "2010-2012", "mt": 9, "in": 4, "pr": "host=8", "ov": 14, "cd": 48, "md": 1, "wk": 1, "fwk": 0, "fw": 0, "tw": 0, "bbi": "1/2", "bbm": "1/2", "bwa": 48, "bwe": 3.42, "bwsr": 84}, {"bl": null, "tt": "in U.A.E.", "sp": "2014-2018", "mt": 7, "in": 3, "pr": "host=27", "ov": 8, "cd": 38, "md": 0, "wk": 0, "fwk": 0, "fw": 0, "tw": 0, "bbi": null, "bbm": null, "bwa": null, "bwe": 4.75, "bwsr": null}, {"bl": null, "tt": "in West Indies", "sp": "2012-2012", "mt": 5, "in": 2, "pr": "host=4", "ov": 6, "cd": 44, "md": 0, "wk": 1, "fwk": 0, "fw": 0, "tw": 0, "bbi": "1/36", "bbm": "1/36", "bwa": 44, "bwe": 7.33, "bwsr": 36}, {"bl": null, "tt": "in Zimbabwe", "sp": "2011-2015", "mt": 6, "in": 4, "pr": "host=9", "ov": 12, "cd": 71, "md": 0, "wk": 1, "fwk": 0, "fw": 0, "tw": 0, "bbi": "1/23", "bbm": "1/23", "bwa": 71, "bwe": 5.91, "bwsr": 72}]}, {"type": "CONTINENT", "stats": [{"bl": null, "tt": "in Africa", "sp": "2011-2015", "mt": 12, "in": 7, "pr": "continent=1", "ov": 30.2, "cd": 155, "md": 0, "wk": 7, "fwk": 1, "fw": 0, "tw": 0, "bbi": "4/22", "bbm": "4/22", "bwa": 22.14, "bwe": 5.1, "bwsr": 26}, {"bl": null, "tt": "in Americas", "sp": "2012-2012", "mt": 5, "in": 2, "pr": "continent=3", "ov": 6, "cd": 44, "md": 0, "wk": 1, "fwk": 0, "fw": 0, "tw": 0, "bbi": "1/36", "bbm": "1/36", "bwa": 44, "bwe": 7.33, "bwsr": 36}, {"bl": null, "tt": "in Asia", "sp": "2010-2018", "mt": 33, "in": 13, "pr": "continent=2", "ov": 38, "cd": 191, "md": 1, "wk": 1, "fwk": 0, "fw": 0, "tw": 0, "bbi": "1/2", "bbm": "1/2", "bwa": 191, "bwe": 5.02, "bwsr": 228}, {"bl": null, "tt": "in Europe", "sp": "2013-2019", "mt": 24, "in": 11, "pr": "continent=4", "ov": 56, "cd": 320, "md": 0, "wk": 8, "fwk": 0, "fw": 0, "tw": 0, "bbi": "2/25", "bbm": "2/25", "bwa": 40, "bwe": 5.71, "bwsr": 42}, {"bl": null, "tt": "in Oceania", "sp": "2011-2020", "mt": 77, "in": 32, "pr": "continent=5", "ov": 114.1, "cd": 600, "md": 1, "wk": 20, "fwk": 0, "fw": 0, "tw": 0, "bbi": "3/22", "bbm": "3/22", "bwa": 30, "bwe": 5.25, "bwsr": 34.2}]}, {"type": "HOME_OR_AWAY", "stats": [{"bl": null, "tt": "home", "sp": "2011-2020", "mt": 72, "in": 31, "pr": "home_or_away=1", "ov": 113.1, "cd": 597, "md": 1, "wk": 20, "fwk": 0, "fw": 0, "tw": 0, "bbi": "3/22", "bbm": "3/22", "bwa": 29.85, "bwe": 5.27, "bwsr": 33.9}, {"bl": null, "tt": "away", "sp": "2010-2020", "mt": 55, "in": 22, "pr": "home_or_away=2", "ov": 82.2, "cd": 465, "md": 0, "wk": 13, "fwk": 1, "fw": 0, "tw": 0, "bbi": "4/22", "bbm": "4/22", "bwa": 35.76, "bwe": 5.64, "bwsr": 38}, {"bl": null, "tt": "neutral", "sp": "2010-2019", "mt": 24, "in": 12, "pr": "home_or_away=3", "ov": 49, "cd": 248, "md": 1, "wk": 4, "fwk": 0, "fw": 0, "tw": 0, "bbi": "1/2", "bbm": "1/2", "bwa": 62, "bwe": 5.06, "bwsr": 73.5}]}, {"type": "YEAR", "stats": [{"bl": null, "tt": "year 2010", "sp": null, "mt": 9, "in": 7, "pr": "year=2010", "ov": 21, "cd": 103, "md": 1, "wk": 1, "fwk": 0, "fw": 0, "tw": 0, "bbi": "1/2", "bbm": "1/2", "bwa": 103, "bwe": 4.9, "bwsr": 126}, {"bl": null, "tt": "year 2011", "sp": null, "mt": 9, "in": 3, "pr": "year=2011", "ov": 6, "cd": 37, "md": 0, "wk": 0, "fwk": 0, "fw": 0, "tw": 0, "bbi": null, "bbm": null, "bwa": null, "bwe": 6.16, "bwsr": null}, {"bl": null, "tt": "year 2012", "sp": null, "mt": 15, "in": 6, "pr": "year=2012", "ov": 13.2, "cd": 79, "md": 0, "wk": 4, "fwk": 0, "fw": 0, "tw": 0, "bbi": "2/13", "bbm": "2/13", "bwa": 19.75, "bwe": 5.92, "bwsr": 20}, {"bl": null, "tt": "year 2013", "sp": null, "mt": 14, "in": 13, "pr": "year=2013", "ov": 66.4, "cd": 361, "md": 0, "wk": 12, "fwk": 1, "fw": 0, "tw": 0, "bbi": "4/22", "bbm": "4/22", "bwa": 30.08, "bwe": 5.41, "bwsr": 33.3}, {"bl": null, "tt": "year 2014", "sp": null, "mt": 12, "in": 8, "pr": "year=2014", "ov": 29.3, "cd": 162, "md": 0, "wk": 6, "fwk": 0, "fw": 0, "tw": 0, "bbi": "2/19", "bbm": "2/19", "bwa": 27, "bwe": 5.49, "bwsr": 29.5}, {"bl": null, "tt": "year 2015", "sp": null, "mt": 27, "in": 11, "pr": "year=2015", "ov": 38, "cd": 233, "md": 0, "wk": 3, "fwk": 0, "fw": 0, "tw": 0, "bbi": "1/12", "bbm": "1/12", "bwa": 77.66, "bwe": 6.13, "bwsr": 76}, {"bl": null, "tt": "year 2016", "sp": null, "mt": 18, "in": 6, "pr": "year=2016", "ov": 20, "cd": 87, "md": 1, "wk": 5, "fwk": 0, "fw": 0, "tw": 0, "bbi": "3/22", "bbm": "3/22", "bwa": 17.4, "bwe": 4.35, "bwsr": 24}, {"bl": null, "tt": "year 2017", "sp": null, "mt": 14, "in": 5, "pr": "year=2017", "ov": 17, "cd": 113, "md": 0, "wk": 2, "fwk": 0, "fw": 0, "tw": 0, "bbi": "1/17", "bbm": "1/17", "bwa": 56.5, "bwe": 6.64, "bwsr": 51}, {"bl": null, "tt": "year 2018", "sp": null, "mt": 11, "in": 2, "pr": "year=2018", "ov": 11, "cd": 39, "md": 0, "wk": 2, "fwk": 0, "fw": 0, "tw": 0, "bbi": "2/32", "bbm": "2/32", "bwa": 19.5, "bwe": 3.54, "bwsr": 33}, {"bl": null, "tt": "year 2019", "sp": null, "mt": 20, "in": 4, "pr": "year=2019", "ov": 22, "cd": 96, "md": 0, "wk": 2, "fwk": 0, "fw": 0, "tw": 0, "bbi": "1/25", "bbm": "1/25", "bwa": 48, "bwe": 4.36, "bwsr": 66}, {"bl": null, "tt": "year 2020", "sp": null, "mt": 2, "in": null, "pr": "year=2020", "ov": null, "cd": null, "md": null, "wk": null, "fwk": null, "fw": null, "tw": null, "bbi": null, "bbm": null, "bwa": null, "bwe": null, "bwsr": null}]}, {"type": "SEASON", "stats": [{"bl": null, "tt": "season 2010", "sp": null, "mt": 4, "in": 4, "pr": "season=2010", "ov": 14, "cd": 48, "md": 1, "wk": 1, "fwk": 0, "fw": 0, "tw": 0, "bbi": "1/2", "bbm": "1/2", "bwa": 48, "bwe": 3.42, "bwsr": 84}, {"bl": null, "tt": "season 2010/11", "sp": null, "mt": 11, "in": 5, "pr": "season=2010/11", "ov": 12, "cd": 85, "md": 0, "wk": 0, "fwk": 0, "fw": 0, "tw": 0, "bbi": null, "bbm": null, "bwa": null, "bwe": 7.08, "bwsr": null}, {"bl": null, "tt": "season 2011/12", "sp": null, "mt": 9, "in": 5, "pr": "season=2011/12", "ov": 8.2, "cd": 42, "md": 0, "wk": 3, "fwk": 0, "fw": 0, "tw": 0, "bbi": "2/13", "bbm": "2/13", "bwa": 14, "bwe": 5.04, "bwsr": 16.6}, {"bl": null, "tt": "season 2012", "sp": null, "mt": 5, "in": 2, "pr": "season=2012", "ov": 6, "cd": 44, "md": 0, "wk": 1, "fwk": 0, "fw": 0, "tw": 0, "bbi": "1/36", "bbm": "1/36", "bwa": 44, "bwe": 7.33, "bwsr": 36}, {"bl": null, "tt": "season 2012/13", "sp": null, "mt": 10, "in": 6, "pr": "season=2012/13", "ov": 29.4, "cd": 144, "md": 0, "wk": 7, "fwk": 1, "fw": 0, "tw": 0, "bbi": "4/22", "bbm": "4/22", "bwa": 20.57, "bwe": 4.85, "bwsr": 25.4}, {"bl": null, "tt": "season 2013", "sp": null, "mt": 6, "in": 6, "pr": "season=2013", "ov": 33, "cd": 197, "md": 0, "wk": 5, "fwk": 0, "fw": 0, "tw": 0, "bbi": "2/25", "bbm": "2/25", "bwa": 39.4, "bwe": 5.96, "bwsr": 39.6}, {"bl": null, "tt": "season 2013/14", "sp": null, "mt": 9, "in": 7, "pr": "season=2013/14", "ov": 26.3, "cd": 151, "md": 0, "wk": 6, "fwk": 0, "fw": 0, "tw": 0, "bbi": "2/19", "bbm": "2/19", "bwa": 25.16, "bwe": 5.69, "bwsr": 26.5}, {"bl": null, "tt": "season 2014/15", "sp": null, "mt": 20, "in": 7, "pr": "season=2014/15", "ov": 20, "cd": 122, "md": 0, "wk": 1, "fwk": 0, "fw": 0, "tw": 0, "bbi": "1/50", "bbm": "1/50", "bwa": 122, "bwe": 6.1, "bwsr": 120}, {"bl": null, "tt": "season 2015", "sp": null, "mt": 11, "in": 5, "pr": "season=2015", "ov": 17, "cd": 104, "md": 0, "wk": 2, "fwk": 0, "fw": 0, "tw": 0, "bbi": "1/12", "bbm": "1/12", "bwa": 52, "bwe": 6.11, "bwsr": 51}, {"bl": null, "tt": "season 2015/16", "sp": null, "mt": 8, "in": 4, "pr": "season=2015/16", "ov": 14, "cd": 76, "md": 0, "wk": 1, "fwk": 0, "fw": 0, "tw": 0, "bbi": "1/11", "bbm": "1/11", "bwa": 76, "bwe": 5.42, "bwsr": 84}, {"bl": null, "tt": "season 2016/17", "sp": null, "mt": 18, "in": 7, "pr": "season=2016/17", "ov": 29, "cd": 143, "md": 1, "wk": 6, "fwk": 0, "fw": 0, "tw": 0, "bbi": "3/22", "bbm": "3/22", "bwa": 23.83, "bwe": 4.93, "bwsr": 29}, {"bl": null, "tt": "season 2017", "sp": null, "mt": 3, "in": 1, "pr": "season=2017", "ov": 2, "cd": 19, "md": 0, "wk": 0, "fwk": 0, "fw": 0, "tw": 0, "bbi": null, "bbm": null, "bwa": null, "bwe": 9.5, "bwsr": null}, {"bl": null, "tt": "season 2017/18", "sp": null, "mt": 13, "in": 1, "pr": "season=2017/18", "ov": 10, "cd": 32, "md": 0, "wk": 2, "fwk": 0, "fw": 0, "tw": 0, "bbi": "2/32", "bbm": "2/32", "bwa": 16, "bwe": 3.2, "bwsr": 30}, {"bl": null, "tt": "season 2018/19", "sp": null, "mt": 12, "in": 3, "pr": "season=2018/19", "ov": 8, "cd": 39, "md": 0, "wk": 0, "fwk": 0, "fw": 0, "tw": 0, "bbi": null, "bbm": null, "bwa": null, "bwe": 4.87, "bwsr": null}, {"bl": null, "tt": "season 2019", "sp": null, "mt": 10, "in": 2, "pr": "season=2019", "ov": 15, "cd": 64, "md": 0, "wk": 2, "fwk": 0, "fw": 0, "tw": 0, "bbi": "1/25", "bbm": "1/25", "bwa": 32, "bwe": 4.26, "bwsr": 45}, {"bl": null, "tt": "season 2019/20", "sp": null, "mt": 2, "in": null, "pr": "season=2019/20", "ov": null, "cd": null, "md": null, "wk": null, "fwk": null, "fw": null, "tw": null, "bbi": null, "bbm": null, "bwa": null, "bwe": null, "bwsr": null}]}, {"type": "CAPTAINS_INVOLVED", "stats": [{"bl": null, "tt": "*BB McCullum", "sp": "2012-2016", "mt": 50, "in": 30, "pr": "captain_involve=10384", "ov": 115.3, "cd": 663, "md": 0, "wk": 23, "fwk": 1, "fw": 0, "tw": 0, "bbi": "4/22", "bbm": "4/22", "bwa": 28.82, "bwe": 5.74, "bwsr": 30.1}, {"bl": null, "tt": "*LRPL Taylor", "sp": "2010-2012", "mt": 17, "in": 9, "pr": "captain_involve=44930", "ov": 26, "cd": 132, "md": 1, "wk": 2, "fwk": 0, "fw": 0, "tw": 0, "bbi": "1/2", "bbm": "1/2", "bwa": 66, "bwe": 5.07, "bwsr": 78}, {"bl": null, "tt": "*DL Vettori", "sp": "2010-2011", "mt": 7, "in": 2, "pr": "captain_involve=4380", "ov": 6, "cd": 44, "md": 0, "wk": 0, "fwk": 0, "fw": 0, "tw": 0, "bbi": null, "bbm": null, "bwa": null, "bwe": 7.33, "bwsr": null}, {"bl": null, "tt": "*KS Williamson", "sp": "2012-2020", "mt": 77, "in": 24, "pr": "captain_involve=51088", "ov": 97, "cd": 471, "md": 1, "wk": 12, "fwk": 0, "fw": 0, "tw": 0, "bbi": "3/22", "bbm": "3/22", "bwa": 39.25, "bwe": 4.85, "bwsr": 48.5}]}, {"type": "CAPTAIN", "stats": [{"bl": null, "tt": "is captain", "sp": "2012-2020", "mt": 77, "in": 24, "pr": "captain=1", "ov": 97, "cd": 471, "md": 1, "wk": 12, "fwk": 0, "fw": 0, "tw": 0, "bbi": "3/22", "bbm": "3/22", "bwa": 39.25, "bwe": 4.85, "bwsr": 48.5}, {"bl": null, "tt": "is not captain", "sp": "2010-2016", "mt": 74, "in": 41, "pr": "captain=0", "ov": 147.3, "cd": 839, "md": 1, "wk": 25, "fwk": 1, "fw": 0, "tw": 0, "bbi": "4/22", "bbm": "4/22", "bwa": 33.56, "bwe": 5.68, "bwsr": 35.4}]}, {"type": "KEEPER", "stats": [{"bl": null, "tt": "is not keeper", "sp": "2010-2020", "mt": 151, "in": 65, "pr": "keeper=0", "ov": 244.3, "cd": 1310, "md": 2, "wk": 37, "fwk": 1, "fw": 0, "tw": 0, "bbi": "4/22", "bbm": "4/22", "bwa": 35.4, "bwe": 5.35, "bwsr": 39.6}]}, {"type": "TOSS", "stats": [{"bl": null, "tt": "won the toss", "sp": "2010-2020", "mt": 71, "in": 30, "pr": "toss=1", "ov": 116, "cd": 608, "md": 1, "wk": 17, "fwk": 1, "fw": 0, "tw": 0, "bbi": "4/22", "bbm": "4/22", "bwa": 35.76, "bwe": 5.24, "bwsr": 40.9}, {"bl": null, "tt": "lost the toss", "sp": "2010-2020", "mt": 80, "in": 35, "pr": "toss=2", "ov": 128.3, "cd": 702, "md": 1, "wk": 20, "fwk": 0, "fw": 0, "tw": 0, "bbi": "3/22", "bbm": "3/22", "bwa": 35.1, "bwe": 5.46, "bwsr": 38.5}]}, {"type": "BATTING_FIELDING_SEQUENCE_AND_TOSS", "stats": [{"bl": null, "tt": "won toss &amp; batted", "sp": "2010-2019", "mt": 39, "in": 18, "pr": "batting_fielding_first=1;toss=1", "ov": 70.2, "cd": 366, "md": 1, "wk": 10, "fwk": 0, "fw": 0, "tw": 0, "bbi": "2/13", "bbm": "2/13", "bwa": 36.6, "bwe": 5.2, "bwsr": 42.2}, {"bl": null, "tt": "won toss &amp; fielded", "sp": "2010-2020", "mt": 32, "in": 12, "pr": "batting_fielding_first=2;toss=1", "ov": 45.4, "cd": 242, "md": 0, "wk": 7, "fwk": 1, "fw": 0, "tw": 0, "bbi": "4/22", "bbm": "4/22", "bwa": 34.57, "bwe": 5.29, "bwsr": 39.1}, {"bl": null, "tt": "lost toss &amp; sent in", "sp": "2010-2019", "mt": 42, "in": 19, "pr": "batting_fielding_first=1;toss=2", "ov": 56.3, "cd": 331, "md": 0, "wk": 11, "fwk": 0, "fw": 0, "tw": 0, "bbi": "3/22", "bbm": "3/22", "bwa": 30.09, "bwe": 5.85, "bwsr": 30.8}, {"bl": null, "tt": "lost toss &amp; fielded", "sp": "2010-2020", "mt": 38, "in": 16, "pr": "batting_fielding_first=2;toss=2", "ov": 72, "cd": 371, "md": 1, "wk": 9, "fwk": 0, "fw": 0, "tw": 0, "bbi": "2/32", "bbm": "2/32", "bwa": 41.22, "bwe": 5.15, "bwsr": 48}]}, {"type": "BATTING_FIELDING_SEQUENCE", "stats": [{"bl": null, "tt": "matches batting first", "sp": "2010-2019", "mt": 81, "in": 37, "pr": "batting_fielding_first=1", "ov": 126.5, "cd": 697, "md": 1, "wk": 21, "fwk": 0, "fw": 0, "tw": 0, "bbi": "3/22", "bbm": "3/22", "bwa": 33.19, "bwe": 5.49, "bwsr": 36.2}, {"bl": null, "tt": "matches fielding first", "sp": "2010-2020", "mt": 70, "in": 28, "pr": "batting_fielding_first=2", "ov": 117.4, "cd": 613, "md": 1, "wk": 16, "fwk": 1, "fw": 0, "tw": 0, "bbi": "4/22", "bbm": "4/22", "bwa": 38.31, "bwe": 5.2, "bwsr": 44.1}]}, {"type": "TEAM_INNINGS", "stats": [{"bl": null, "tt": "1st team innings", "sp": "2010-2020", "mt": 150, "in": 65, "pr": "innings_number=2;innings_number=1", "ov": 244.3, "cd": 1310, "md": 2, "wk": 37, "fwk": 1, "fw": 0, "tw": 0, "bbi": "4/22", "bbm": "4/22", "bwa": 35.4, "bwe": 5.35, "bwsr": 39.6}]}, {"type": "MATCH_INNINGS", "stats": [{"bl": null, "tt": "1st match innings", "sp": "2010-2020", "mt": 70, "in": 28, "pr": "innings_number=1", "ov": 117.4, "cd": 613, "md": 1, "wk": 16, "fwk": 1, "fw": 0, "tw": 0, "bbi": "4/22", "bbm": "4/22", "bwa": 38.31, "bwe": 5.2, "bwsr": 44.1}, {"bl": null, "tt": "2nd match innings", "sp": "2010-2019", "mt": 80, "in": 37, "pr": "innings_number=2", "ov": 126.5, "cd": 697, "md": 1, "wk": 21, "fwk": 0, "fw": 0, "tw": 0, "bbi": "3/22", "bbm": "3/22", "bwa": 33.19, "bwe": 5.49, "bwsr": 36.2}]}, {"type": "FLOODLIT", "stats": [{"bl": null, "tt": "day match", "sp": "2010-2019", "mt": 64, "in": 31, "pr": "floodlit=1", "ov": 129.2, "cd": 725, "md": 1, "wk": 21, "fwk": 1, "fw": 0, "tw": 0, "bbi": "4/22", "bbm": "4/22", "bwa": 34.52, "bwe": 5.6, "bwsr": 36.9}, {"bl": null, "tt": "day/night match", "sp": "2010-2020", "mt": 87, "in": 34, "pr": "floodlit=2", "ov": 115.1, "cd": 585, "md": 1, "wk": 16, "fwk": 0, "fw": 0, "tw": 0, "bbi": "2/13", "bbm": "2/13", "bwa": 36.56, "bwe": 5.07, "bwsr": 43.1}]}, {"type": "RESULT", "stats": [{"bl": null, "tt": "won match", "sp": "2010-2020", "mt": 78, "in": 34, "pr": "result=1", "ov": 131.1, "cd": 669, "md": 2, "wk": 27, "fwk": 1, "fw": 0, "tw": 0, "bbi": "4/22", "bbm": "4/22", "bwa": 24.77, "bwe": 5.1, "bwsr": 29.1}, {"bl": null, "tt": "lost match", "sp": "2010-2020", "mt": 66, "in": 28, "pr": "result=2", "ov": 95.2, "cd": 551, "md": 0, "wk": 9, "fwk": 0, "fw": 0, "tw": 0, "bbi": "2/40", "bbm": "2/40", "bwa": 61.22, "bwe": 5.77, "bwsr": 63.5}, {"bl": null, "tt": "tied match", "sp": "2014-2019", "mt": 2, "in": 1, "pr": "result=3", "ov": 2, "cd": 17, "md": 0, "wk": 0, "fwk": 0, "fw": 0, "tw": 0, "bbi": null, "bbm": null, "bwa": null, "bwe": 8.5, "bwsr": null}, {"bl": null, "tt": "no result", "sp": "2010-2017", "mt": 5, "in": 2, "pr": "result=5", "ov": 16, "cd": 73, "md": 0, "wk": 1, "fwk": 0, "fw": 0, "tw": 0, "bbi": "1/56", "bbm": "1/56", "bwa": 73, "bwe": 4.56, "bwsr": 96}]}, {"type": "BATTING_FIELDING_SEQUENCE_AND_RESULT", "stats": [{"bl": null, "tt": "won batting first", "sp": "2010-2019", "mt": 42, "in": 21, "pr": "batting_fielding_first=1;result=1", "ov": 72.3, "cd": 377, "md": 1, "wk": 16, "fwk": 0, "fw": 0, "tw": 0, "bbi": "3/22", "bbm": "3/22", "bwa": 23.56, "bwe": 5.2, "bwsr": 27.1}, {"bl": null, "tt": "won fielding first", "sp": "2011-2020", "mt": 36, "in": 13, "pr": "batting_fielding_first=2;result=1", "ov": 58.4, "cd": 292, "md": 1, "wk": 11, "fwk": 1, "fw": 0, "tw": 0, "bbi": "4/22", "bbm": "4/22", "bwa": 26.54, "bwe": 4.97, "bwsr": 32}, {"bl": null, "tt": "lost batting first", "sp": "2010-2019", "mt": 35, "in": 15, "pr": "batting_fielding_first=1;result=2", "ov": 52.2, "cd": 303, "md": 0, "wk": 5, "fwk": 0, "fw": 0, "tw": 0, "bbi": "2/40", "bbm": "2/40", "bwa": 60.6, "bwe": 5.78, "bwsr": 62.8}, {"bl": null, "tt": "lost fielding first", "sp": "2010-2020", "mt": 31, "in": 13, "pr": "batting_fielding_first=2;result=2", "ov": 43, "cd": 248, "md": 0, "wk": 4, "fwk": 0, "fw": 0, "tw": 0, "bbi": "1/25", "bbm": "1/25", "bwa": 62, "bwe": 5.76, "bwsr": 64.5}, {"bl": null, "tt": "tied batting first", "sp": "2014-2019", "mt": 2, "in": 1, "pr": "batting_fielding_first=1;result=3", "ov": 2, "cd": 17, "md": 0, "wk": 0, "fwk": 0, "fw": 0, "tw": 0, "bbi": null, "bbm": null, "bwa": null, "bwe": 8.5, "bwsr": null}, {"bl": null, "tt": "no result batting first", "sp": "2016-2017", "mt": 2, "in": null, "pr": "batting_fielding_first=1;result=5", "ov": null, "cd": null, "md": null, "wk": null, "fwk": null, "fw": null, "tw": null, "bbi": null, "bbm": null, "bwa": null, "bwe": null, "bwsr": null}, {"bl": null, "tt": "no result fielding first", "sp": "2010-2013", "mt": 3, "in": 2, "pr": "batting_fielding_first=2;result=5", "ov": 16, "cd": 73, "md": 0, "wk": 1, "fwk": 0, "fw": 0, "tw": 0, "bbi": "1/56", "bbm": "1/56", "bwa": 73, "bwe": 4.56, "bwsr": 96}]}, {"type": "TOURNAMENT_TYPE", "stats": [{"bl": null, "tt": "2 team series", "sp": "2010-2020", "mt": 119, "in": 51, "pr": "tournament_type=2", "ov": 192.3, "cd": 1045, "md": 1, "wk": 33, "fwk": 1, "fw": 0, "tw": 0, "bbi": "4/22", "bbm": "4/22", "bwa": 31.66, "bwe": 5.42, "bwsr": 35}, {"bl": null, "tt": "3-4 team tournaments", "sp": "2010-2010", "mt": 4, "in": 4, "pr": "tournament_type=3", "ov": 14, "cd": 48, "md": 1, "wk": 1, "fwk": 0, "fw": 0, "tw": 0, "bbi": "1/2", "bbm": "1/2", "bwa": 48, "bwe": 3.42, "bwsr": 84}, {"bl": null, "tt": "5+ team tournaments", "sp": "2011-2019", "mt": 29, "in": 10, "pr": "tournament_type=5", "ov": 38, "cd": 217, "md": 0, "wk": 3, "fwk": 0, "fw": 0, "tw": 0, "bbi": "1/25", "bbm": "1/25", "bwa": 72.33, "bwe": 5.71, "bwsr": 76}]}, {"type": "MATCH_NUMBER", "stats": [{"bl": null, "tt": "only match in series", "sp": "2015-2015", "mt": 1, "in": null, "pr": "match_number=0", "ov": null, "cd": null, "md": null, "wk": null, "fwk": null, "fw": null, "tw": null, "bbi": null, "bbm": null, "bwa": null, "bwe": null, "bwsr": null}, {"bl": null, "tt": "1st match in series", "sp": "2010-2020", "mt": 32, "in": 10, "pr": "match_number=1", "ov": 28.3, "cd": 152, "md": 0, "wk": 8, "fwk": 1, "fw": 0, "tw": 0, "bbi": "4/22", "bbm": "4/22", "bwa": 19, "bwe": 5.33, "bwsr": 21.3}, {"bl": null, "tt": "2nd match in series", "sp": "2010-2019", "mt": 26, "in": 13, "pr": "match_number=2", "ov": 43, "cd": 246, "md": 0, "wk": 7, "fwk": 0, "fw": 0, "tw": 0, "bbi": "3/22", "bbm": "3/22", "bwa": 35.14, "bwe": 5.72, "bwsr": 36.8}, {"bl": null, "tt": "3rd match in series", "sp": "2010-2020", "mt": 29, "in": 13, "pr": "match_number=3", "ov": 58, "cd": 293, "md": 1, "wk": 9, "fwk": 0, "fw": 0, "tw": 0, "bbi": "2/13", "bbm": "2/13", "bwa": 32.55, "bwe": 5.05, "bwsr": 38.6}, {"bl": null, "tt": "4th match in series", "sp": "2010-2019", "mt": 15, "in": 8, "pr": "match_number=4", "ov": 39, "cd": 211, "md": 0, "wk": 5, "fwk": 0, "fw": 0, "tw": 0, "bbi": "2/32", "bbm": "2/32", "bwa": 42.2, "bwe": 5.41, "bwsr": 46.8}, {"bl": null, "tt": "5th match in series", "sp": "2010-2019", "mt": 14, "in": 5, "pr": "match_number=5", "ov": 20, "cd": 114, "md": 0, "wk": 4, "fwk": 0, "fw": 0, "tw": 0, "bbi": "2/19", "bbm": "2/19", "bwa": 28.5, "bwe": 5.7, "bwsr": 30}, {"bl": null, "tt": "6th match in series", "sp": "2015-2015", "mt": 1, "in": 1, "pr": "match_number=6", "ov": 2, "cd": 18, "md": 0, "wk": 0, "fwk": 0, "fw": 0, "tw": 0, "bbi": null, "bbm": null, "bwa": null, "bwe": 9, "bwsr": null}, {"bl": null, "tt": "7th match in series", "sp": "2015-2015", "mt": 1, "in": 1, "pr": "match_number=7", "ov": 2, "cd": 11, "md": 0, "wk": 0, "fwk": 0, "fw": 0, "tw": 0, "bbi": null, "bbm": null, "bwa": null, "bwe": 5.5, "bwsr": null}]}, {"type": "MAJOR_TROPHY", "stats": [{"bl": null, "tt": "World Cup", "sp": "2011-2019", "mt": 23, "in": 6, "pr": "trophy=12", "ov": 22, "cd": 106, "md": 0, "wk": 2, "fwk": 0, "fw": 0, "tw": 0, "bbi": "1/25", "bbm": "1/25", "bwa": 53, "bwe": 4.81, "bwsr": 66}, {"bl": null, "tt": "Chappell-Hadlee", "sp": "2015-2020", "mt": 10, "in": 3, "pr": "trophy=65", "ov": 10, "cd": 63, "md": 0, "wk": 1, "fwk": 0, "fw": 0, "tw": 0, "bbi": "1/44", "bbm": "1/44", "bwa": 63, "bwe": 6.3, "bwsr": 60}, {"bl": null, "tt": "ICC Champions Trophy", "sp": "2013-2017", "mt": 6, "in": 4, "pr": "trophy=44", "ov": 16, "cd": 111, "md": 0, "wk": 1, "fwk": 0, "fw": 0, "tw": 0, "bbi": "1/56", "bbm": "1/56", "bwa": 111, "bwe": 6.93, "bwsr": 96}]}, {"type": "FINAL_TYPE", "stats": [{"bl": null, "tt": "tournament finals", "sp": "2015-2019", "mt": 2, "in": null, "pr": "final_type=1", "ov": null, "cd": null, "md": null, "wk": null, "fwk": null, "fw": null, "tw": null, "bbi": null, "bbm": null, "bwa": null, "bwe": null, "bwsr": null}, {"bl": null, "tt": "tournament semi-finals", "sp": "2011-2019", "mt": 3, "in": 1, "pr": "final_type=3", "ov": 1, "cd": 5, "md": 0, "wk": 0, "fwk": 0, "fw": 0, "tw": 0, "bbi": null, "bbm": null, "bwa": null, "bwe": 5, "bwsr": null}, {"bl": null, "tt": "tournament quarter-finals", "sp": "2011-2015", "mt": 2, "in": null, "pr": "final_type=4", "ov": null, "cd": null, "md": null, "wk": null, "fwk": null, "fw": null, "tw": null, "bbi": null, "bbm": null, "bwa": null, "bwe": null, "bwsr": null}, {"bl": null, "tt": "preliminary matches", "sp": "2010-2019", "mt": 26, "in": 13, "pr": "final_type=0", "ov": 51, "cd": 260, "md": 1, "wk": 4, "fwk": 0, "fw": 0, "tw": 0, "bbi": "1/2", "bbm": "1/2", "bwa": 65, "bwe": 5.09, "bwsr": 76.5}]}, {"type": "BOWLING_POSITION", "stats": [{"bl": null, "tt": "3rd position", "sp": "2016-2016", "mt": 1, "in": 1, "pr": "bowling_positionval1=bowling_position;bowling_positionmin1=3;bowling_positionmax1=3", "ov": 2, "cd": 16, "md": 0, "wk": 0, "fwk": 0, "fw": 0, "tw": 0, "bbi": null, "bbm": null, "bwa": null, "bwe": 8, "bwsr": null}, {"bl": null, "tt": "4th position", "sp": "2013-2019", "mt": 3, "in": 3, "pr": "bowling_positionval1=bowling_position;bowling_positionmin1=4;bowling_positionmax1=4", "ov": 6, "cd": 37, "md": 0, "wk": 0, "fwk": 0, "fw": 0, "tw": 0, "bbi": null, "bbm": null, "bwa": null, "bwe": 6.16, "bwsr": null}, {"bl": null, "tt": "5th position", "sp": "2010-2019", "mt": 10, "in": 10, "pr": "bowling_positionval1=bowling_position;bowling_positionmin1=5;bowling_positionmax1=5", "ov": 41.2, "cd": 173, "md": 1, "wk": 7, "fwk": 1, "fw": 0, "tw": 0, "bbi": "4/22", "bbm": "4/22", "bwa": 24.71, "bwe": 4.18, "bwsr": 35.4}, {"bl": null, "tt": "6th position", "sp": "2010-2017", "mt": 27, "in": 27, "pr": "bowling_positionval1=bowling_position;bowling_positionmin1=6;bowling_positionmax1=6", "ov": 114.5, "cd": 612, "md": 1, "wk": 14, "fwk": 0, "fw": 0, "tw": 0, "bbi": "2/19", "bbm": "2/19", "bwa": 43.71, "bwe": 5.32, "bwsr": 49.2}, {"bl": null, "tt": "7th position", "sp": "2010-2019", "mt": 19, "in": 19, "pr": "bowling_positionval1=bowling_position;bowling_positionmin1=7;bowling_positionmax1=7", "ov": 73, "cd": 428, "md": 0, "wk": 16, "fwk": 0, "fw": 0, "tw": 0, "bbi": "3/22", "bbm": "3/22", "bwa": 26.75, "bwe": 5.86, "bwsr": 27.3}, {"bl": null, "tt": "8th position", "sp": "2011-2012", "mt": 5, "in": 5, "pr": "bowling_positionval1=bowling_position;bowling_positionmin1=8;bowling_positionmax1=8", "ov": 7.2, "cd": 44, "md": 0, "wk": 0, "fwk": 0, "fw": 0, "tw": 0, "bbi": null, "bbm": null, "bwa": null, "bwe": 6, "bwsr": null}]}]}}