{"summary": {"recordClassId": 3, "type": "ALLROUND", "groups": [{"type": "CAREER_AVERAGES", "stats": [{"tt": "overview", "sp": "2011-2021", "mt": 67, "pr": null, "rn": 1805, "wk": 6, "ct": 32, "st": 0, "hs": "95", "hn": 0, "bbi": "2/16", "bta": 31.66, "bwa": 27.33, "fw": 0, "bbad": 4.33}]}, {"type": "OPPOSITION_TEAM", "stats": [{"tt": "v Australia", "sp": "2016-2021", "mt": 9, "pr": "opposition=2", "rn": 124, "wk": 0, "ct": 5, "st": 0, "hs": "53", "hn": 0, "bbi": "-", "bta": 13.77, "bwa": null, "fw": 0, "bbad": null}, {"tt": "v Bangladesh", "sp": "2012-2017", "mt": 5, "pr": "opposition=25", "rn": 187, "wk": 3, "ct": 3, "st": 0, "hs": "73*", "hn": 0, "bbi": "2/16", "bta": 62.33, "bwa": 8.33, "fw": 0, "bbad": 54}, {"tt": "v England", "sp": "2012-2018", "mt": 6, "pr": "opposition=1", "rn": 210, "wk": 0, "ct": 2, "st": 0, "hs": "72", "hn": 0, "bbi": "-", "bta": 42, "bwa": null, "fw": 0, "bbad": null}, {"tt": "v India", "sp": "2012-2020", "mt": 11, "pr": "opposition=6", "rn": 325, "wk": null, "ct": 3, "st": 0, "hs": "95", "hn": 0, "bbi": null, "bta": 29.54, "bwa": null, "fw": null, "bbad": null}, {"tt": "v Netherlands", "sp": "2014-2014", "mt": 1, "pr": "opposition=15", "rn": 29, "wk": 0, "ct": 1, "st": 0, "hs": "29", "hn": 0, "bbi": "-", "bta": 29, "bwa": null, "fw": 0, "bbad": null}, {"tt": "v Pakistan", "sp": "2012-2020", "mt": 14, "pr": "opposition=7", "rn": 414, "wk": null, "ct": 10, "st": 0, "hs": "72*", "hn": 0, "bbi": null, "bta": 34.5, "bwa": null, "fw": null, "bbad": null}, {"tt": "v South Africa", "sp": "2012-2017", "mt": 7, "pr": "opposition=3", "rn": 189, "wk": 0, "ct": 2, "st": 0, "hs": "51", "hn": 0, "bbi": "-", "bta": 31.5, "bwa": null, "fw": 0, "bbad": null}, {"tt": "v Sri Lanka", "sp": "2012-2016", "mt": 4, "pr": "opposition=8", "rn": 131, "wk": null, "ct": 4, "st": 0, "hs": "53", "hn": 0, "bbi": null, "bta": 43.66, "bwa": null, "fw": null, "bbad": null}, {"tt": "v West Indies", "sp": "2012-2018", "mt": 6, "pr": "opposition=4", "rn": 108, "wk": 2, "ct": 2, "st": 0, "hs": "37", "hn": 0, "bbi": "1/11", "bta": 21.6, "bwa": 16, "fw": 0, "bbad": 5.6}, {"tt": "v Zimbabwe", "sp": "2011-2015", "mt": 4, "pr": "opposition=9", "rn": 88, "wk": 1, "ct": 0, "st": 0, "hs": "48", "hn": 0, "bbi": "1/6", "bta": 44, "bwa": 22, "fw": 0, "bbad": 22}]}, {"type": "HOST_COUNTRY", "stats": [{"tt": "in Australia", "sp": "2018-2018", "mt": 1, "pr": "host=2", "rn": 8, "wk": null, "ct": 0, "st": 0, "hs": "8", "hn": 0, "bbi": null, "bta": 8, "bwa": null, "fw": null, "bbad": null}, {"tt": "in Bangladesh", "sp": "2014-2014", "mt": 4, "pr": "host=25", "rn": 146, "wk": 0, "ct": 3, "st": 0, "hs": "51", "hn": 0, "bbi": "-", "bta": 48.66, "bwa": null, "fw": 0, "bbad": null}, {"tt": "in England", "sp": "2015-2015", "mt": 1, "pr": "host=1", "rn": 57, "wk": null, "ct": 0, "st": 0, "hs": "57", "hn": 0, "bbi": null, "bta": 57, "bwa": null, "fw": null, "bbad": null}, {"tt": "in India", "sp": "2012-2017", "mt": 9, "pr": "host=6", "rn": 199, "wk": 0, "ct": 3, "st": 0, "hs": "42", "hn": 0, "bbi": "-", "bta": 22.11, "bwa": null, "fw": 0, "bbad": null}, {"tt": "in New Zealand", "sp": "2012-2021", "mt": 35, "pr": "host=5", "rn": 1060, "wk": 4, "ct": 17, "st": 0, "hs": "95", "hn": 0, "bbi": "2/16", "bta": 37.85, "bwa": 22.5, "fw": 0, "bbad": 15.35}, {"tt": "in South Africa", "sp": "2015-2015", "mt": 2, "pr": "host=3", "rn": 67, "wk": 0, "ct": 2, "st": 0, "hs": "42", "hn": 0, "bbi": "-", "bta": 33.5, "bwa": null, "fw": 0, "bbad": null}, {"tt": "in Sri Lanka", "sp": "2012-2012", "mt": 4, "pr": "host=8", "rn": 36, "wk": null, "ct": 4, "st": 0, "hs": "17", "hn": 0, "bbi": null, "bta": 12, "bwa": null, "fw": null, "bbad": null}, {"tt": "in U.A.E.", "sp": "2014-2018", "mt": 5, "pr": "host=27", "rn": 140, "wk": null, "ct": 2, "st": 0, "hs": "60", "hn": 0, "bbi": null, "bta": 28, "bwa": null, "fw": null, "bbad": null}, {"tt": "in U.S.A.", "sp": "2012-2012", "mt": 2, "pr": "host=11", "rn": 16, "wk": 1, "ct": 1, "st": 0, "hs": "10", "hn": 0, "bbi": "1/21", "bta": 8, "bwa": 21, "fw": 0, "bbad": -13}, {"tt": "in West Indies", "sp": "2014-2014", "mt": 2, "pr": "host=4", "rn": 56, "wk": 1, "ct": 0, "st": 0, "hs": "37", "hn": 0, "bbi": "1/11", "bta": 28, "bwa": 11, "fw": 0, "bbad": 17}, {"tt": "in Zimbabwe", "sp": "2011-2015", "mt": 2, "pr": "host=9", "rn": 20, "wk": null, "ct": 0, "st": 0, "hs": "20", "hn": 0, "bbi": null, "bta": 20, "bwa": null, "fw": null, "bbad": null}]}, {"type": "CONTINENT", "stats": [{"tt": "in Africa", "sp": "2011-2015", "mt": 4, "pr": "continent=1", "rn": 87, "wk": 0, "ct": 2, "st": 0, "hs": "42", "hn": 0, "bbi": "-", "bta": 29, "bwa": null, "fw": 0, "bbad": null}, {"tt": "in Americas", "sp": "2012-2014", "mt": 4, "pr": "continent=3", "rn": 72, "wk": 2, "ct": 1, "st": 0, "hs": "37", "hn": 0, "bbi": "1/11", "bta": 18, "bwa": 16, "fw": 0, "bbad": 2}, {"tt": "in Asia", "sp": "2012-2018", "mt": 22, "pr": "continent=2", "rn": 521, "wk": 0, "ct": 12, "st": 0, "hs": "60", "hn": 0, "bbi": "-", "bta": 26.05, "bwa": null, "fw": 0, "bbad": null}, {"tt": "in Europe", "sp": "2015-2015", "mt": 1, "pr": "continent=4", "rn": 57, "wk": null, "ct": 0, "st": 0, "hs": "57", "hn": 0, "bbi": null, "bta": 57, "bwa": null, "fw": null, "bbad": null}, {"tt": "in Oceania", "sp": "2012-2021", "mt": 36, "pr": "continent=5", "rn": 1068, "wk": 4, "ct": 17, "st": 0, "hs": "95", "hn": 0, "bbi": "2/16", "bta": 36.82, "bwa": 22.5, "fw": 0, "bbad": 14.32}]}, {"type": "HOME_OR_AWAY", "stats": [{"tt": "home", "sp": "2012-2021", "mt": 35, "pr": "home_or_away=1", "rn": 1060, "wk": 4, "ct": 17, "st": 0, "hs": "95", "hn": 0, "bbi": "2/16", "bta": 37.85, "bwa": 22.5, "fw": 0, "bbad": 15.35}, {"tt": "away", "sp": "2011-2018", "mt": 14, "pr": "home_or_away=2", "rn": 296, "wk": 1, "ct": 3, "st": 0, "hs": "57", "hn": 0, "bbi": "1/11", "bta": 22.76, "bwa": 20, "fw": 0, "bbad": 2.76}, {"tt": "neutral", "sp": "2012-2018", "mt": 18, "pr": "home_or_away=3", "rn": 449, "wk": 1, "ct": 12, "st": 0, "hs": "60", "hn": 0, "bbi": "1/21", "bta": 28.06, "bwa": 54, "fw": 0, "bbad": -25.93}]}, {"type": "YEAR", "stats": [{"tt": "year 2011", "sp": null, "mt": 1, "pr": "year=2011", "rn": null, "wk": null, "ct": 0, "st": 0, "hs": null, "hn": null, "bbi": null, "bta": null, "bwa": null, "fw": null, "bbad": null}, {"tt": "year 2012", "sp": null, "mt": 12, "pr": "year=2012", "rn": 206, "wk": 2, "ct": 5, "st": 0, "hs": "48", "hn": 0, "bbi": "1/6", "bta": 22.88, "bwa": 35, "fw": 0, "bbad": -12.11}, {"tt": "year 2014", "sp": null, "mt": 8, "pr": "year=2014", "rn": 234, "wk": 1, "ct": 4, "st": 0, "hs": "51", "hn": 0, "bbi": "1/11", "bta": 33.42, "bwa": 41, "fw": 0, "bbad": -7.57}, {"tt": "year 2015", "sp": null, "mt": 4, "pr": "year=2015", "rn": 144, "wk": 0, "ct": 2, "st": 0, "hs": "57", "hn": 0, "bbi": "-", "bta": 36, "bwa": null, "fw": 0, "bbad": null}, {"tt": "year 2016", "sp": null, "mt": 10, "pr": "year=2016", "rn": 383, "wk": 0, "ct": 8, "st": 0, "hs": "72*", "hn": 0, "bbi": "-", "bta": 47.87, "bwa": null, "fw": 0, "bbad": null}, {"tt": "year 2017", "sp": null, "mt": 7, "pr": "year=2017", "rn": 206, "wk": 3, "ct": 1, "st": 0, "hs": "73*", "hn": 0, "bbi": "2/16", "bta": 34.33, "bwa": 8.33, "fw": 0, "bbad": 26}, {"tt": "year 2018", "sp": null, "mt": 12, "pr": "year=2018", "rn": 251, "wk": 0, "ct": 5, "st": 0, "hs": "72", "hn": 0, "bbi": "-", "bta": 22.81, "bwa": null, "fw": 0, "bbad": null}, {"tt": "year 2019", "sp": null, "mt": 3, "pr": "year=2019", "rn": 81, "wk": null, "ct": 2, "st": 0, "hs": "34", "hn": 0, "bbi": null, "bta": 27, "bwa": null, "fw": null, "bbad": null}, {"tt": "year 2020", "sp": null, "mt": 5, "pr": "year=2020", "rn": 218, "wk": null, "ct": 2, "st": 0, "hs": "95", "hn": 0, "bbi": null, "bta": 54.5, "bwa": null, "fw": null, "bbad": null}, {"tt": "year 2021", "sp": null, "mt": 5, "pr": "year=2021", "rn": 82, "wk": null, "ct": 3, "st": 0, "hs": "53", "hn": 0, "bbi": null, "bta": 16.4, "bwa": null, "fw": null, "bbad": null}]}, {"type": "SEASON", "stats": [{"tt": "season 2011/12", "sp": null, "mt": 6, "pr": "season=2011/12", "rn": 126, "wk": 1, "ct": 0, "st": 0, "hs": "48", "hn": 0, "bbi": "1/6", "bta": 42, "bwa": 49, "fw": 0, "bbad": -7}, {"tt": "season 2012", "sp": null, "mt": 3, "pr": "season=2012", "rn": 44, "wk": 1, "ct": 1, "st": 0, "hs": "28", "hn": 0, "bbi": "1/21", "bta": 14.66, "bwa": 21, "fw": 0, "bbad": -6.33}, {"tt": "season 2012/13", "sp": null, "mt": 4, "pr": "season=2012/13", "rn": 36, "wk": null, "ct": 4, "st": 0, "hs": "17", "hn": 0, "bbi": null, "bta": 12, "bwa": null, "fw": null, "bbad": null}, {"tt": "season 2013/14", "sp": null, "mt": 4, "pr": "season=2013/14", "rn": 146, "wk": 0, "ct": 3, "st": 0, "hs": "51", "hn": 0, "bbi": "-", "bta": 48.66, "bwa": null, "fw": 0, "bbad": null}, {"tt": "season 2014", "sp": null, "mt": 2, "pr": "season=2014", "rn": 56, "wk": 1, "ct": 0, "st": 0, "hs": "37", "hn": 0, "bbi": "1/11", "bta": 28, "bwa": 11, "fw": 0, "bbad": 17}, {"tt": "season 2014/15", "sp": null, "mt": 2, "pr": "season=2014/15", "rn": 32, "wk": null, "ct": 1, "st": 0, "hs": "32", "hn": 0, "bbi": null, "bta": 16, "bwa": null, "fw": null, "bbad": null}, {"tt": "season 2015", "sp": null, "mt": 4, "pr": "season=2015", "rn": 144, "wk": 0, "ct": 2, "st": 0, "hs": "57", "hn": 0, "bbi": "-", "bta": 36, "bwa": null, "fw": 0, "bbad": null}, {"tt": "season 2015/16", "sp": null, "mt": 10, "pr": "season=2015/16", "rn": 383, "wk": 0, "ct": 8, "st": 0, "hs": "72*", "hn": 0, "bbi": "-", "bta": 47.87, "bwa": null, "fw": 0, "bbad": null}, {"tt": "season 2016/17", "sp": null, "mt": 4, "pr": "season=2016/17", "rn": 158, "wk": 3, "ct": 0, "st": 0, "hs": "73*", "hn": 0, "bbi": "2/16", "bta": 52.66, "bwa": 8.33, "fw": 0, "bbad": 44.33}, {"tt": "season 2017/18", "sp": null, "mt": 12, "pr": "season=2017/18", "rn": 191, "wk": 0, "ct": 5, "st": 0, "hs": "72", "hn": 0, "bbi": "-", "bta": 17.36, "bwa": null, "fw": 0, "bbad": null}, {"tt": "season 2018/19", "sp": null, "mt": 6, "pr": "season=2018/19", "rn": 189, "wk": null, "ct": 3, "st": 0, "hs": "60", "hn": 0, "bbi": null, "bta": 31.5, "bwa": null, "fw": null, "bbad": null}, {"tt": "season 2019/20", "sp": null, "mt": 3, "pr": "season=2019/20", "rn": 160, "wk": null, "ct": 0, "st": 0, "hs": "95", "hn": 0, "bbi": null, "bta": 53.33, "bwa": null, "fw": null, "bbad": null}, {"tt": "season 2020/21", "sp": null, "mt": 7, "pr": "season=2020/21", "rn": 140, "wk": null, "ct": 5, "st": 0, "hs": "57*", "hn": 0, "bbi": null, "bta": 23.33, "bwa": null, "fw": null, "bbad": null}]}, {"type": "CAPTAINS_INVOLVED", "stats": [{"tt": "*BB McCullum", "sp": "2012-2015", "mt": 11, "pr": "captain_involve=10384", "rn": 348, "wk": 1, "ct": 3, "st": 0, "hs": "57", "hn": 0, "bbi": "1/6", "bta": 43.5, "bwa": 79, "fw": 0, "bbad": -35.5}, {"tt": "*LRPL Taylor", "sp": "2011-2012", "mt": 7, "pr": "captain_involve=44930", "rn": 74, "wk": 1, "ct": 4, "st": 0, "hs": "28", "hn": 0, "bbi": "1/21", "bta": 14.8, "bwa": 21, "fw": 0, "bbad": -6.2}, {"tt": "*KS Williamson", "sp": "2012-2021", "mt": 49, "pr": "captain_involve=51088", "rn": 1383, "wk": 4, "ct": 25, "st": 0, "hs": "95", "hn": 0, "bbi": "2/16", "bta": 31.43, "bwa": 16, "fw": 0, "bbad": 15.43}]}, {"type": "CAPTAIN", "stats": [{"tt": "is captain", "sp": "2012-2021", "mt": 49, "pr": "captain=1", "rn": 1383, "wk": 4, "ct": 25, "st": 0, "hs": "95", "hn": 0, "bbi": "2/16", "bta": 31.43, "bwa": 16, "fw": 0, "bbad": 15.43}, {"tt": "is not captain", "sp": "2011-2015", "mt": 18, "pr": "captain=0", "rn": 422, "wk": 2, "ct": 7, "st": 0, "hs": "57", "hn": 0, "bbi": "1/6", "bta": 32.46, "bwa": 50, "fw": 0, "bbad": -17.53}]}, {"type": "KEEPER", "stats": [{"tt": "is not keeper", "sp": "2011-2021", "mt": 67, "pr": "keeper=0", "rn": 1805, "wk": 6, "ct": 32, "st": 0, "hs": "95", "hn": 0, "bbi": "2/16", "bta": 31.66, "bwa": 27.33, "fw": 0, "bbad": 4.33}]}, {"type": "TOSS", "stats": [{"tt": "won the toss", "sp": "2011-2021", "mt": 32, "pr": "toss=1", "rn": 754, "wk": 2, "ct": 16, "st": 0, "hs": "95", "hn": 0, "bbi": "1/11", "bta": 26, "bwa": 54, "fw": 0, "bbad": -28}, {"tt": "lost the toss", "sp": "2012-2021", "mt": 35, "pr": "toss=2", "rn": 1051, "wk": 4, "ct": 16, "st": 0, "hs": "73*", "hn": 0, "bbi": "2/16", "bta": 37.53, "bwa": 14, "fw": 0, "bbad": 23.53}]}, {"type": "BATTING_FIELDING_SEQUENCE_AND_TOSS", "stats": [{"tt": "won toss &amp; batted", "sp": "2012-2020", "mt": 14, "pr": "batting_fielding_first=1;toss=1", "rn": 249, "wk": 0, "ct": 7, "st": 0, "hs": "42", "hn": 0, "bbi": "-", "bta": 17.78, "bwa": null, "fw": 0, "bbad": null}, {"tt": "won toss &amp; fielded", "sp": "2011-2021", "mt": 18, "pr": "batting_fielding_first=2;toss=1", "rn": 505, "wk": 2, "ct": 9, "st": 0, "hs": "95", "hn": 0, "bbi": "1/11", "bta": 33.66, "bwa": 52.5, "fw": 0, "bbad": -18.83}, {"tt": "lost toss &amp; sent in", "sp": "2012-2021", "mt": 21, "pr": "batting_fielding_first=1;toss=2", "rn": 615, "wk": 3, "ct": 8, "st": 0, "hs": "72", "hn": 0, "bbi": "2/16", "bta": 34.16, "bwa": 11.33, "fw": 0, "bbad": 22.83}, {"tt": "lost toss &amp; fielded", "sp": "2012-2021", "mt": 14, "pr": "batting_fielding_first=2;toss=2", "rn": 436, "wk": 1, "ct": 8, "st": 0, "hs": "73*", "hn": 0, "bbi": "1/6", "bta": 43.6, "bwa": 22, "fw": 0, "bbad": 21.6}]}, {"type": "BATTING_FIELDING_SEQUENCE", "stats": [{"tt": "matches batting first", "sp": "2012-2021", "mt": 35, "pr": "batting_fielding_first=1", "rn": 864, "wk": 3, "ct": 15, "st": 0, "hs": "72", "hn": 0, "bbi": "2/16", "bta": 27, "bwa": 12.33, "fw": 0, "bbad": 14.66}, {"tt": "matches fielding first", "sp": "2011-2021", "mt": 32, "pr": "batting_fielding_first=2", "rn": 941, "wk": 3, "ct": 17, "st": 0, "hs": "95", "hn": 0, "bbi": "1/6", "bta": 37.64, "bwa": 42.33, "fw": 0, "bbad": -4.69}]}, {"type": "TEAM_INNINGS", "stats": [{"tt": "1st team innings", "sp": "2011-2021", "mt": 67, "pr": "innings_number=1;innings_number=2", "rn": 1805, "wk": 6, "ct": 32, "st": 0, "hs": "95", "hn": 0, "bbi": "2/16", "bta": 31.66, "bwa": 27.33, "fw": 0, "bbad": 4.33}]}, {"type": "MATCH_INNINGS", "stats": [{"tt": "1st match innings", "sp": "2011-2021", "mt": 67, "pr": "innings_number=1", "rn": 864, "wk": 3, "ct": 17, "st": 0, "hs": "72", "hn": 0, "bbi": "1/6", "bta": 27, "bwa": 42.33, "fw": 0, "bbad": -15.33}, {"tt": "2nd match innings", "sp": "2011-2021", "mt": 66, "pr": "innings_number=2", "rn": 941, "wk": 3, "ct": 15, "st": 0, "hs": "95", "hn": 0, "bbi": "2/16", "bta": 37.64, "bwa": 12.33, "fw": 0, "bbad": 25.3}]}, {"type": "FLOODLIT", "stats": [{"tt": "day match", "sp": "2011-2021", "mt": 13, "pr": "floodlit=1", "rn": 327, "wk": 5, "ct": 6, "st": 0, "hs": "60", "hn": 0, "bbi": "2/16", "bta": 29.72, "bwa": 11.4, "fw": 0, "bbad": 18.32}, {"tt": "day/night match", "sp": "2012-2016", "mt": 18, "pr": "floodlit=2", "rn": 568, "wk": 1, "ct": 11, "st": 0, "hs": "72*", "hn": 0, "bbi": "1/6", "bta": 40.57, "bwa": 82, "fw": 0, "bbad": -41.42}, {"tt": "night match", "sp": "2014-2021", "mt": 36, "pr": "floodlit=3", "rn": 910, "wk": 0, "ct": 15, "st": 0, "hs": "95", "hn": 0, "bbi": "-", "bta": 28.43, "bwa": null, "fw": 0, "bbad": null}]}, {"type": "RESULT", "stats": [{"tt": "won match", "sp": "2011-2021", "mt": 32, "pr": "result=1", "rn": 981, "wk": 4, "ct": 21, "st": 0, "hs": "73*", "hn": 0, "bbi": "2/16", "bta": 40.87, "bwa": 23.5, "fw": 0, "bbad": 17.37}, {"tt": "lost match", "sp": "2012-2021", "mt": 32, "pr": "result=2", "rn": 708, "wk": 2, "ct": 11, "st": 0, "hs": "70", "hn": 0, "bbi": "1/11", "bta": 22.83, "bwa": 35, "fw": 0, "bbad": -12.16}, {"tt": "tied match", "sp": "2012-2020", "mt": 2, "pr": "result=3", "rn": 99, "wk": null, "ct": 0, "st": 0, "hs": "95", "hn": 0, "bbi": null, "bta": 49.5, "bwa": null, "fw": null, "bbad": null}, {"tt": "no result", "sp": "2018-2018", "mt": 1, "pr": "result=5", "rn": 17, "wk": null, "ct": null, "st": null, "hs": "17*", "hn": 0, "bbi": null, "bta": null, "bwa": null, "fw": null, "bbad": null}]}, {"type": "BATTING_FIELDING_SEQUENCE_AND_RESULT", "stats": [{"tt": "won batting first", "sp": "2012-2021", "mt": 20, "pr": "batting_fielding_first=1;result=1", "rn": 583, "wk": 3, "ct": 14, "st": 0, "hs": "72", "hn": 0, "bbi": "2/16", "bta": 30.68, "bwa": 9.33, "fw": 0, "bbad": 21.35}, {"tt": "won fielding first", "sp": "2011-2021", "mt": 12, "pr": "batting_fielding_first=2;result=1", "rn": 398, "wk": 1, "ct": 7, "st": 0, "hs": "73*", "hn": 0, "bbi": "1/6", "bta": 79.6, "bwa": 66, "fw": 0, "bbad": 13.6}, {"tt": "lost batting first", "sp": "2012-2020", "mt": 13, "pr": "batting_fielding_first=1;result=2", "rn": 260, "wk": 0, "ct": 1, "st": 0, "hs": "51", "hn": 0, "bbi": "-", "bta": 21.66, "bwa": null, "fw": 0, "bbad": null}, {"tt": "lost fielding first", "sp": "2012-2021", "mt": 19, "pr": "batting_fielding_first=2;result=2", "rn": 448, "wk": 2, "ct": 10, "st": 0, "hs": "70", "hn": 0, "bbi": "1/11", "bta": 23.57, "bwa": 30.5, "fw": 0, "bbad": -6.92}, {"tt": "tied batting first", "sp": "2012-2012", "mt": 1, "pr": "batting_fielding_first=1;result=3", "rn": 4, "wk": null, "ct": 0, "st": 0, "hs": "4", "hn": 0, "bbi": null, "bta": 4, "bwa": null, "fw": null, "bbad": null}, {"tt": "tied fielding first", "sp": "2020-2020", "mt": 1, "pr": "batting_fielding_first=2;result=3", "rn": 95, "wk": null, "ct": 0, "st": 0, "hs": "95", "hn": 0, "bbi": null, "bta": 95, "bwa": null, "fw": null, "bbad": null}, {"tt": "no result batting first", "sp": "2018-2018", "mt": 1, "pr": "batting_fielding_first=1;result=5", "rn": 17, "wk": null, "ct": null, "st": null, "hs": "17*", "hn": 0, "bbi": null, "bta": null, "bwa": null, "fw": null, "bbad": null}]}, {"type": "TOURNAMENT_TYPE", "stats": [{"tt": "2 team series", "sp": "2011-2021", "mt": 49, "pr": "tournament_type=2", "rn": 1402, "wk": 6, "ct": 21, "st": 0, "hs": "95", "hn": 0, "bbi": "2/16", "bta": 34.19, "bwa": 19.16, "fw": 0, "bbad": 15.02}, {"tt": "3-4 team tournaments", "sp": "2018-2018", "mt": 5, "pr": "tournament_type=3", "rn": 98, "wk": 0, "ct": 2, "st": 0, "hs": "72", "hn": 0, "bbi": "-", "bta": 19.6, "bwa": null, "fw": 0, "bbad": null}, {"tt": "5+ team tournaments", "sp": "2012-2016", "mt": 13, "pr": "tournament_type=5", "rn": 305, "wk": 0, "ct": 9, "st": 0, "hs": "51", "hn": 0, "bbi": "-", "bta": 27.72, "bwa": null, "fw": 0, "bbad": null}]}, {"type": "MATCH_NUMBER", "stats": [{"tt": "only match in series", "sp": "2015-2017", "mt": 3, "pr": "match_number=0", "rn": 90, "wk": null, "ct": 0, "st": 0, "hs": "57", "hn": 0, "bbi": null, "bta": 30, "bwa": null, "fw": null, "bbad": null}, {"tt": "1st match in series", "sp": "2011-2021", "mt": 15, "pr": "match_number=1", "rn": 475, "wk": 2, "ct": 3, "st": 0, "hs": "73*", "hn": 0, "bbi": "1/6", "bta": 36.53, "bwa": 31.5, "fw": 0, "bbad": 5.03}, {"tt": "2nd match in series", "sp": "2012-2021", "mt": 18, "pr": "match_number=2", "rn": 502, "wk": 3, "ct": 13, "st": 0, "hs": "72*", "hn": 0, "bbi": "2/16", "bta": 41.83, "bwa": 14.33, "fw": 0, "bbad": 27.5}, {"tt": "3rd match in series", "sp": "2012-2021", "mt": 11, "pr": "match_number=3", "rn": 327, "wk": 1, "ct": 4, "st": 0, "hs": "95", "hn": 0, "bbi": "1/9", "bta": 29.72, "bwa": 9, "fw": 0, "bbad": 20.72}, {"tt": "4th match in series", "sp": "2021-2021", "mt": 1, "pr": "match_number=4", "rn": 8, "wk": null, "ct": 1, "st": 0, "hs": "8", "hn": 0, "bbi": null, "bta": 8, "bwa": null, "fw": null, "bbad": null}, {"tt": "5th match in series", "sp": "2021-2021", "mt": 1, "pr": "match_number=5", "rn": 0, "wk": null, "ct": 0, "st": 0, "hs": "0", "hn": 0, "bbi": null, "bta": 0, "bwa": null, "fw": null, "bbad": null}]}, {"type": "MAJOR_TROPHY", "stats": [{"tt": "Men's T20 World Cup", "sp": "2012-2016", "mt": 13, "pr": "trophy=89", "rn": 305, "wk": 0, "ct": 9, "st": 0, "hs": "51", "hn": 0, "bbi": "-", "bta": 27.72, "bwa": null, "fw": 0, "bbad": null}]}, {"type": "FINAL_TYPE", "stats": [{"tt": "tournament finals", "sp": "2018-2018", "mt": 1, "pr": "final_type=1", "rn": 9, "wk": null, "ct": 0, "st": 0, "hs": "9", "hn": 0, "bbi": null, "bta": 9, "bwa": null, "fw": null, "bbad": null}, {"tt": "tournament semi-finals", "sp": "2016-2016", "mt": 1, "pr": "final_type=3", "rn": 32, "wk": null, "ct": 0, "st": 0, "hs": "32", "hn": 0, "bbi": null, "bta": 32, "bwa": null, "fw": null, "bbad": null}, {"tt": "preliminary matches", "sp": "2012-2018", "mt": 16, "pr": "final_type=0", "rn": 362, "wk": 0, "ct": 11, "st": 0, "hs": "72", "hn": 0, "bbi": "-", "bta": 25.85, "bwa": null, "fw": 0, "bbad": null}]}]}}