{"summary": {"recordClassId": 2, "type": "ALLROUND", "groups": [{"type": "CAREER_AVERAGES", "stats": [{"tt": "overview", "sp": "2010-2020", "mt": 151, "pr": null, "rn": 6173, "wk": 37, "ct": 60, "st": 0, "hs": "148", "hn": 13, "bbi": "4/22", "bta": 47.48, "bwa": 35.4, "fw": 0, "bbad": 12.07}]}, {"type": "OPPOSITION_TEAM", "stats": [{"tt": "v Afghanistan", "sp": "2015-2019", "mt": 2, "pr": "opposition=40", "rn": 112, "wk": null, "ct": 0, "st": 0, "hs": "79*", "hn": 0, "bbi": null, "bta": 112, "bwa": null, "fw": null, "bbad": null}, {"tt": "v Australia", "sp": "2013-2020", "mt": 14, "pr": "opposition=2", "rn": 475, "wk": 3, "ct": 5, "st": 0, "hs": "100", "hn": 1, "bbi": "1/25", "bta": 39.58, "bwa": 48, "fw": 0, "bbad": -8.41}, {"tt": "v Bangladesh", "sp": "2010-2019", "mt": 11, "pr": "opposition=25", "rn": 422, "wk": 4, "ct": 5, "st": 0, "hs": "108", "hn": 1, "bbi": "3/22", "bta": 52.75, "bwa": 25, "fw": 0, "bbad": 27.75}, {"tt": "v Canada", "sp": "2011-2011", "mt": 1, "pr": "opposition=17", "rn": 34, "wk": 0, "ct": 0, "st": 0, "hs": "34*", "hn": 0, "bbi": "-", "bta": null, "bwa": null, "fw": 0, "bbad": null}, {"tt": "v England", "sp": "2013-2019", "mt": 20, "pr": "opposition=1", "rn": 983, "wk": 6, "ct": 8, "st": 0, "hs": "118", "hn": 2, "bbi": "2/25", "bta": 54.61, "bwa": 37.5, "fw": 0, "bbad": 17.11}, {"tt": "v India", "sp": "2010-2020", "mt": 25, "pr": "opposition=6", "rn": 984, "wk": 5, "ct": 10, "st": 0, "hs": "118", "hn": 1, "bbi": "2/19", "bta": 39.36, "bwa": 27.2, "fw": 0, "bbad": 12.16}, {"tt": "v Pakistan", "sp": "2011-2019", "mt": 18, "pr": "opposition=7", "rn": 939, "wk": 4, "ct": 8, "st": 0, "hs": "123", "hn": 3, "bbi": "2/32", "bta": 55.23, "bwa": 30, "fw": 0, "bbad": 25.23}, {"tt": "v Scotland", "sp": "2015-2015", "mt": 1, "pr": "opposition=30", "rn": 38, "wk": null, "ct": 0, "st": 0, "hs": "38", "hn": 0, "bbi": null, "bta": 38, "bwa": null, "fw": null, "bbad": null}, {"tt": "v South Africa", "sp": "2011-2019", "mt": 17, "pr": "opposition=3", "rn": 670, "wk": 7, "ct": 9, "st": 0, "hs": "145*", "hn": 2, "bbi": "4/22", "bta": 47.85, "bwa": 20.71, "fw": 0, "bbad": 27.14}, {"tt": "v Sri Lanka", "sp": "2010-2019", "mt": 22, "pr": "opposition=8", "rn": 685, "wk": 1, "ct": 7, "st": 0, "hs": "103", "hn": 1, "bbi": "1/50", "bta": 38.05, "bwa": 210, "fw": 0, "bbad": -171.94}, {"tt": "v West Indies", "sp": "2012-2019", "mt": 11, "pr": "opposition=4", "rn": 453, "wk": 3, "ct": 4, "st": 0, "hs": "148", "hn": 1, "bbi": "1/30", "bta": 41.18, "bwa": 34.66, "fw": 0, "bbad": 6.51}, {"tt": "v Zimbabwe", "sp": "2011-2015", "mt": 9, "pr": "opposition=9", "rn": 378, "wk": 4, "ct": 4, "st": 0, "hs": "100*", "hn": 1, "bbi": "2/13", "bta": 75.6, "bwa": 25, "fw": 0, "bbad": 50.6}]}, {"type": "HOST_COUNTRY", "stats": [{"tt": "in Australia", "sp": "2015-2020", "mt": 5, "pr": "host=2", "rn": 134, "wk": 0, "ct": 1, "st": 0, "hs": "81", "hn": 0, "bbi": "-", "bta": 26.8, "bwa": null, "fw": 0, "bbad": null}, {"tt": "in Bangladesh", "sp": "2010-2013", "mt": 4, "pr": "host=25", "rn": 146, "wk": 0, "ct": 2, "st": 0, "hs": "108", "hn": 1, "bbi": "-", "bta": 73, "bwa": null, "fw": 0, "bbad": null}, {"tt": "in England", "sp": "2013-2019", "mt": 24, "pr": "host=1", "rn": 1393, "wk": 8, "ct": 10, "st": 0, "hs": "148", "hn": 4, "bbi": "2/25", "bta": 69.65, "bwa": 40, "fw": 0, "bbad": 29.65}, {"tt": "in India", "sp": "2010-2017", "mt": 13, "pr": "host=6", "rn": 398, "wk": 0, "ct": 4, "st": 0, "hs": "118", "hn": 1, "bbi": "-", "bta": 33.16, "bwa": null, "fw": 0, "bbad": null}, {"tt": "in New Zealand", "sp": "2011-2020", "mt": 72, "pr": "host=5", "rn": 2954, "wk": 20, "ct": 29, "st": 0, "hs": "115", "hn": 4, "bbi": "3/22", "bta": 44.08, "bwa": 29.85, "fw": 0, "bbad": 14.23}, {"tt": "in South Africa", "sp": "2013-2015", "mt": 6, "pr": "host=3", "rn": 249, "wk": 6, "ct": 4, "st": 0, "hs": "145*", "hn": 1, "bbi": "4/22", "bta": 49.8, "bwa": 14, "fw": 0, "bbad": 35.8}, {"tt": "in Sri Lanka", "sp": "2010-2012", "mt": 9, "pr": "host=8", "rn": 61, "wk": 1, "ct": 2, "st": 0, "hs": "22", "hn": 0, "bbi": "1/2", "bta": 10.16, "bwa": 48, "fw": 0, "bbad": -37.83}, {"tt": "in U.A.E.", "sp": "2014-2018", "mt": 7, "pr": "host=27", "rn": 374, "wk": 0, "ct": 5, "st": 0, "hs": "123", "hn": 1, "bbi": "-", "bta": 62.33, "bwa": null, "fw": 0, "bbad": null}, {"tt": "in West Indies", "sp": "2012-2012", "mt": 5, "pr": "host=4", "rn": 163, "wk": 1, "ct": 1, "st": 0, "hs": "69", "hn": 0, "bbi": "1/36", "bta": 32.6, "bwa": 44, "fw": 0, "bbad": -11.4}, {"tt": "in Zimbabwe", "sp": "2011-2015", "mt": 6, "pr": "host=9", "rn": 301, "wk": 1, "ct": 2, "st": 0, "hs": "100*", "hn": 1, "bbi": "1/23", "bta": 150.5, "bwa": 71, "fw": 0, "bbad": 79.5}]}, {"type": "CONTINENT", "stats": [{"tt": "in Africa", "sp": "2011-2015", "mt": 12, "pr": "continent=1", "rn": 550, "wk": 7, "ct": 6, "st": 0, "hs": "145*", "hn": 2, "bbi": "4/22", "bta": 78.57, "bwa": 22.14, "fw": 0, "bbad": 56.42}, {"tt": "in Americas", "sp": "2012-2012", "mt": 5, "pr": "continent=3", "rn": 163, "wk": 1, "ct": 1, "st": 0, "hs": "69", "hn": 0, "bbi": "1/36", "bta": 32.6, "bwa": 44, "fw": 0, "bbad": -11.4}, {"tt": "in Asia", "sp": "2010-2018", "mt": 33, "pr": "continent=2", "rn": 979, "wk": 1, "ct": 13, "st": 0, "hs": "123", "hn": 3, "bbi": "1/2", "bta": 37.65, "bwa": 191, "fw": 0, "bbad": -153.34}, {"tt": "in Europe", "sp": "2013-2019", "mt": 24, "pr": "continent=4", "rn": 1393, "wk": 8, "ct": 10, "st": 0, "hs": "148", "hn": 4, "bbi": "2/25", "bta": 69.65, "bwa": 40, "fw": 0, "bbad": 29.65}, {"tt": "in Oceania", "sp": "2011-2020", "mt": 77, "pr": "continent=5", "rn": 3088, "wk": 20, "ct": 30, "st": 0, "hs": "115", "hn": 4, "bbi": "3/22", "bta": 42.88, "bwa": 30, "fw": 0, "bbad": 12.88}]}, {"type": "HOME_OR_AWAY", "stats": [{"tt": "home", "sp": "2011-2020", "mt": 72, "pr": "home_or_away=1", "rn": 2954, "wk": 20, "ct": 29, "st": 0, "hs": "115", "hn": 4, "bbi": "3/22", "bta": 44.08, "bwa": 29.85, "fw": 0, "bbad": 14.23}, {"tt": "away", "sp": "2010-2020", "mt": 55, "pr": "home_or_away=2", "rn": 2043, "wk": 13, "ct": 20, "st": 0, "hs": "145*", "hn": 5, "bbi": "4/22", "bta": 44.41, "bwa": 35.76, "fw": 0, "bbad": 8.64}, {"tt": "neutral", "sp": "2010-2019", "mt": 24, "pr": "home_or_away=3", "rn": 1176, "wk": 4, "ct": 11, "st": 0, "hs": "148", "hn": 4, "bbi": "1/2", "bta": 69.17, "bwa": 62, "fw": 0, "bbad": 7.17}]}, {"type": "YEAR", "stats": [{"tt": "year 2010", "sp": null, "mt": 9, "pr": "year=2010", "rn": 196, "wk": 1, "ct": 3, "st": 0, "hs": "108", "hn": 1, "bbi": "1/2", "bta": 24.5, "bwa": 103, "fw": 0, "bbad": -78.5}, {"tt": "year 2011", "sp": null, "mt": 9, "pr": "year=2011", "rn": 270, "wk": 0, "ct": 2, "st": 0, "hs": "100*", "hn": 1, "bbi": "-", "bta": 67.5, "bwa": null, "fw": 0, "bbad": null}, {"tt": "year 2012", "sp": null, "mt": 15, "pr": "year=2012", "rn": 356, "wk": 4, "ct": 5, "st": 0, "hs": "69", "hn": 0, "bbi": "2/13", "bta": 27.38, "bwa": 19.75, "fw": 0, "bbad": 7.63}, {"tt": "year 2013", "sp": null, "mt": 14, "pr": "year=2013", "rn": 453, "wk": 12, "ct": 4, "st": 0, "hs": "145*", "hn": 1, "bbi": "4/22", "bta": 41.18, "bwa": 30.08, "fw": 0, "bbad": 11.09}, {"tt": "year 2014", "sp": null, "mt": 12, "pr": "year=2014", "rn": 770, "wk": 6, "ct": 8, "st": 0, "hs": "123", "hn": 1, "bbi": "2/19", "bta": 70, "bwa": 27, "fw": 0, "bbad": 43}, {"tt": "year 2015", "sp": null, "mt": 27, "pr": "year=2015", "rn": 1376, "wk": 3, "ct": 12, "st": 0, "hs": "118", "hn": 3, "bbi": "1/12", "bta": 57.33, "bwa": 77.66, "fw": 0, "bbad": -20.33}, {"tt": "year 2016", "sp": null, "mt": 18, "pr": "year=2016", "rn": 699, "wk": 5, "ct": 8, "st": 0, "hs": "118", "hn": 1, "bbi": "3/22", "bta": 41.11, "bwa": 17.4, "fw": 0, "bbad": 23.71}, {"tt": "year 2017", "sp": null, "mt": 14, "pr": "year=2017", "rn": 596, "wk": 2, "ct": 7, "st": 0, "hs": "100", "hn": 1, "bbi": "1/17", "bta": 42.57, "bwa": 56.5, "fw": 0, "bbad": -13.92}, {"tt": "year 2018", "sp": null, "mt": 11, "pr": "year=2018", "rn": 468, "wk": 2, "ct": 5, "st": 0, "hs": "115", "hn": 2, "bbi": "2/32", "bta": 46.8, "bwa": 19.5, "fw": 0, "bbad": 27.3}, {"tt": "year 2019", "sp": null, "mt": 20, "pr": "year=2019", "rn": 948, "wk": 2, "ct": 6, "st": 0, "hs": "148", "hn": 2, "bbi": "1/25", "bta": 59.25, "bwa": 48, "fw": 0, "bbad": 11.25}, {"tt": "year 2020", "sp": null, "mt": 2, "pr": "year=2020", "rn": 41, "wk": null, "ct": 0, "st": 0, "hs": "22", "hn": 0, "bbi": null, "bta": 20.5, "bwa": null, "fw": null, "bbad": null}]}, {"type": "SEASON", "stats": [{"tt": "season 2010", "sp": null, "mt": 4, "pr": "season=2010", "rn": 13, "wk": 1, "ct": 1, "st": 0, "hs": "13", "hn": 0, "bbi": "1/2", "bta": 4.33, "bwa": 48, "fw": 0, "bbad": -43.66}, {"tt": "season 2010/11", "sp": null, "mt": 11, "pr": "season=2010/11", "rn": 339, "wk": 0, "ct": 2, "st": 0, "hs": "108", "hn": 1, "bbi": "-", "bta": 37.66, "bwa": null, "fw": 0, "bbad": null}, {"tt": "season 2011/12", "sp": null, "mt": 9, "pr": "season=2011/12", "rn": 281, "wk": 3, "ct": 5, "st": 0, "hs": "100*", "hn": 1, "bbi": "2/13", "bta": 46.83, "bwa": 14, "fw": 0, "bbad": 32.83}, {"tt": "season 2012", "sp": null, "mt": 5, "pr": "season=2012", "rn": 163, "wk": 1, "ct": 1, "st": 0, "hs": "69", "hn": 0, "bbi": "1/36", "bta": 32.6, "bwa": 44, "fw": 0, "bbad": -11.4}, {"tt": "season 2012/13", "sp": null, "mt": 10, "pr": "season=2012/13", "rn": 296, "wk": 7, "ct": 2, "st": 0, "hs": "145*", "hn": 1, "bbi": "4/22", "bta": 42.28, "bwa": 20.57, "fw": 0, "bbad": 21.71}, {"tt": "season 2013", "sp": null, "mt": 6, "pr": "season=2013", "rn": 175, "wk": 5, "ct": 2, "st": 0, "hs": "67", "hn": 0, "bbi": "2/25", "bta": 35, "bwa": 39.4, "fw": 0, "bbad": -4.4}, {"tt": "season 2013/14", "sp": null, "mt": 9, "pr": "season=2013/14", "rn": 432, "wk": 6, "ct": 5, "st": 0, "hs": "88", "hn": 0, "bbi": "2/19", "bta": 54, "bwa": 25.16, "fw": 0, "bbad": 28.83}, {"tt": "season 2014/15", "sp": null, "mt": 20, "pr": "season=2014/15", "rn": 987, "wk": 1, "ct": 11, "st": 0, "hs": "123", "hn": 3, "bbi": "1/50", "bta": 58.05, "bwa": 122, "fw": 0, "bbad": -63.94}, {"tt": "season 2015", "sp": null, "mt": 11, "pr": "season=2015", "rn": 676, "wk": 2, "ct": 5, "st": 0, "hs": "118", "hn": 1, "bbi": "1/12", "bta": 67.6, "bwa": 52, "fw": 0, "bbad": 15.6}, {"tt": "season 2015/16", "sp": null, "mt": 8, "pr": "season=2015/16", "rn": 304, "wk": 1, "ct": 4, "st": 0, "hs": "84", "hn": 0, "bbi": "1/11", "bta": 38, "bwa": 76, "fw": 0, "bbad": -38}, {"tt": "season 2016/17", "sp": null, "mt": 18, "pr": "season=2016/17", "rn": 695, "wk": 6, "ct": 7, "st": 0, "hs": "118", "hn": 1, "bbi": "3/22", "bta": 40.88, "bwa": 23.83, "fw": 0, "bbad": 17.04}, {"tt": "season 2017", "sp": null, "mt": 3, "pr": "season=2017", "rn": 244, "wk": 0, "ct": 0, "st": 0, "hs": "100", "hn": 1, "bbi": "-", "bta": 81.33, "bwa": null, "fw": 0, "bbad": null}, {"tt": "season 2017/18", "sp": null, "mt": 13, "pr": "season=2017/18", "rn": 551, "wk": 2, "ct": 8, "st": 0, "hs": "115", "hn": 2, "bbi": "2/32", "bta": 45.91, "bwa": 16, "fw": 0, "bbad": 29.91}, {"tt": "season 2018/19", "sp": null, "mt": 12, "pr": "season=2018/19", "rn": 398, "wk": 0, "ct": 1, "st": 0, "hs": "76", "hn": 0, "bbi": "-", "bta": 36.18, "bwa": null, "fw": 0, "bbad": null}, {"tt": "season 2019", "sp": null, "mt": 10, "pr": "season=2019", "rn": 578, "wk": 2, "ct": 6, "st": 0, "hs": "148", "hn": 2, "bbi": "1/25", "bta": 82.57, "bwa": 32, "fw": 0, "bbad": 50.57}, {"tt": "season 2019/20", "sp": null, "mt": 2, "pr": "season=2019/20", "rn": 41, "wk": null, "ct": 0, "st": 0, "hs": "22", "hn": 0, "bbi": null, "bta": 20.5, "bwa": null, "fw": null, "bbad": null}]}, {"type": "CAPTAINS_INVOLVED", "stats": [{"tt": "*BB McCullum", "sp": "2012-2016", "mt": 50, "pr": "captain_involve=10384", "rn": 2189, "wk": 23, "ct": 22, "st": 0, "hs": "145*", "hn": 4, "bbi": "4/22", "bta": 48.64, "bwa": 28.82, "fw": 0, "bbad": 19.81}, {"tt": "*LRPL Taylor", "sp": "2010-2012", "mt": 17, "pr": "captain_involve=44930", "rn": 331, "wk": 2, "ct": 5, "st": 0, "hs": "100*", "hn": 1, "bbi": "1/2", "bta": 33.1, "bwa": 66, "fw": 0, "bbad": -32.9}, {"tt": "*DL Vettori", "sp": "2010-2011", "mt": 7, "pr": "captain_involve=4380", "rn": 233, "wk": 0, "ct": 2, "st": 0, "hs": "108", "hn": 1, "bbi": "-", "bta": 38.83, "bwa": null, "fw": 0, "bbad": null}, {"tt": "*KS Williamson", "sp": "2012-2020", "mt": 77, "pr": "captain_involve=51088", "rn": 3420, "wk": 12, "ct": 31, "st": 0, "hs": "148", "hn": 7, "bbi": "3/22", "bta": 49.56, "bwa": 39.25, "fw": 0, "bbad": 10.31}]}, {"type": "CAPTAIN", "stats": [{"tt": "is captain", "sp": "2012-2020", "mt": 77, "pr": "captain=1", "rn": 3420, "wk": 12, "ct": 31, "st": 0, "hs": "148", "hn": 7, "bbi": "3/22", "bta": 49.56, "bwa": 39.25, "fw": 0, "bbad": 10.31}, {"tt": "is not captain", "sp": "2010-2016", "mt": 74, "pr": "captain=0", "rn": 2753, "wk": 25, "ct": 29, "st": 0, "hs": "145*", "hn": 6, "bbi": "4/22", "bta": 45.13, "bwa": 33.56, "fw": 0, "bbad": 11.57}]}, {"type": "KEEPER", "stats": [{"tt": "is not keeper", "sp": "2010-2020", "mt": 151, "pr": "keeper=0", "rn": 6173, "wk": 37, "ct": 60, "st": 0, "hs": "148", "hn": 13, "bbi": "4/22", "bta": 47.48, "bwa": 35.4, "fw": 0, "bbad": 12.07}]}, {"type": "TOSS", "stats": [{"tt": "won the toss", "sp": "2010-2020", "mt": 71, "pr": "toss=1", "rn": 3167, "wk": 17, "ct": 23, "st": 0, "hs": "123", "hn": 7, "bbi": "4/22", "bta": 53.67, "bwa": 35.76, "fw": 0, "bbad": 17.91}, {"tt": "lost the toss", "sp": "2010-2020", "mt": 80, "pr": "toss=2", "rn": 3006, "wk": 20, "ct": 37, "st": 0, "hs": "148", "hn": 6, "bbi": "3/22", "bta": 42.33, "bwa": 35.1, "fw": 0, "bbad": 7.23}]}, {"type": "BATTING_FIELDING_SEQUENCE_AND_TOSS", "stats": [{"tt": "won toss &amp; batted", "sp": "2010-2019", "mt": 39, "pr": "batting_fielding_first=1;toss=1", "rn": 1850, "wk": 10, "ct": 12, "st": 0, "hs": "123", "hn": 4, "bbi": "2/13", "bta": 51.38, "bwa": 36.6, "fw": 0, "bbad": 14.78}, {"tt": "won toss &amp; fielded", "sp": "2010-2020", "mt": 32, "pr": "batting_fielding_first=2;toss=1", "rn": 1317, "wk": 7, "ct": 11, "st": 0, "hs": "112*", "hn": 3, "bbi": "4/22", "bta": 57.26, "bwa": 34.57, "fw": 0, "bbad": 22.68}, {"tt": "lost toss &amp; sent in", "sp": "2010-2019", "mt": 42, "pr": "batting_fielding_first=1;toss=2", "rn": 1792, "wk": 11, "ct": 16, "st": 0, "hs": "148", "hn": 4, "bbi": "3/22", "bta": 44.8, "bwa": 30.09, "fw": 0, "bbad": 14.7}, {"tt": "lost toss &amp; fielded", "sp": "2010-2020", "mt": 38, "pr": "batting_fielding_first=2;toss=2", "rn": 1214, "wk": 9, "ct": 21, "st": 0, "hs": "118", "hn": 2, "bbi": "2/32", "bta": 39.16, "bwa": 41.22, "fw": 0, "bbad": -2.06}]}, {"type": "BATTING_FIELDING_SEQUENCE", "stats": [{"tt": "matches batting first", "sp": "2010-2019", "mt": 81, "pr": "batting_fielding_first=1", "rn": 3642, "wk": 21, "ct": 28, "st": 0, "hs": "148", "hn": 8, "bbi": "3/22", "bta": 47.92, "bwa": 33.19, "fw": 0, "bbad": 14.73}, {"tt": "matches fielding first", "sp": "2010-2020", "mt": 70, "pr": "batting_fielding_first=2", "rn": 2531, "wk": 16, "ct": 32, "st": 0, "hs": "118", "hn": 5, "bbi": "4/22", "bta": 46.87, "bwa": 38.31, "fw": 0, "bbad": 8.55}]}, {"type": "TEAM_INNINGS", "stats": [{"tt": "1st team innings", "sp": "2010-2020", "mt": 151, "pr": "innings_number=1;innings_number=2", "rn": 6173, "wk": 37, "ct": 60, "st": 0, "hs": "148", "hn": 13, "bbi": "4/22", "bta": 47.48, "bwa": 35.4, "fw": 0, "bbad": 12.07}]}, {"type": "MATCH_INNINGS", "stats": [{"tt": "1st match innings", "sp": "2010-2020", "mt": 151, "pr": "innings_number=1", "rn": 3642, "wk": 16, "ct": 32, "st": 0, "hs": "148", "hn": 8, "bbi": "4/22", "bta": 47.92, "bwa": 38.31, "fw": 0, "bbad": 9.6}, {"tt": "2nd match innings", "sp": "2010-2020", "mt": 148, "pr": "innings_number=2", "rn": 2531, "wk": 21, "ct": 28, "st": 0, "hs": "118", "hn": 5, "bbi": "3/22", "bta": 46.87, "bwa": 33.19, "fw": 0, "bbad": 13.67}]}, {"type": "FLOODLIT", "stats": [{"tt": "day match", "sp": "2010-2019", "mt": 64, "pr": "floodlit=1", "rn": 2899, "wk": 21, "ct": 28, "st": 0, "hs": "118", "hn": 7, "bbi": "4/22", "bta": 53.68, "bwa": 34.52, "fw": 0, "bbad": 19.16}, {"tt": "day/night match", "sp": "2010-2020", "mt": 87, "pr": "floodlit=2", "rn": 3274, "wk": 16, "ct": 32, "st": 0, "hs": "148", "hn": 6, "bbi": "2/13", "bta": 43.07, "bwa": 36.56, "fw": 0, "bbad": 6.51}]}, {"type": "RESULT", "stats": [{"tt": "won match", "sp": "2010-2020", "mt": 78, "pr": "result=1", "rn": 3671, "wk": 27, "ct": 32, "st": 0, "hs": "148", "hn": 9, "bbi": "4/22", "bta": 57.35, "bwa": 24.77, "fw": 0, "bbad": 32.58}, {"tt": "lost match", "sp": "2010-2020", "mt": 66, "pr": "result=2", "rn": 2277, "wk": 9, "ct": 27, "st": 0, "hs": "112*", "hn": 3, "bbi": "2/40", "bta": 36.72, "bwa": 61.22, "fw": 0, "bbad": -24.49}, {"tt": "tied match", "sp": "2014-2019", "mt": 2, "pr": "result=3", "rn": 95, "wk": 0, "ct": 1, "st": 0, "hs": "65", "hn": 0, "bbi": "-", "bta": 47.5, "bwa": null, "fw": 0, "bbad": null}, {"tt": "no result", "sp": "2010-2017", "mt": 5, "pr": "result=5", "rn": 130, "wk": 1, "ct": 0, "st": 0, "hs": "100", "hn": 1, "bbi": "1/56", "bta": 65, "bwa": 73, "fw": 0, "bbad": -8}]}, {"type": "BATTING_FIELDING_SEQUENCE_AND_RESULT", "stats": [{"tt": "won batting first", "sp": "2010-2019", "mt": 42, "pr": "batting_fielding_first=1;result=1", "rn": 2375, "wk": 16, "ct": 17, "st": 0, "hs": "148", "hn": 6, "bbi": "3/22", "bta": 60.89, "bwa": 23.56, "fw": 0, "bbad": 37.33}, {"tt": "won fielding first", "sp": "2011-2020", "mt": 36, "pr": "batting_fielding_first=2;result=1", "rn": 1296, "wk": 11, "ct": 15, "st": 0, "hs": "118", "hn": 3, "bbi": "4/22", "bta": 51.84, "bwa": 26.54, "fw": 0, "bbad": 25.29}, {"tt": "lost batting first", "sp": "2010-2019", "mt": 35, "pr": "batting_fielding_first=1;result=2", "rn": 1060, "wk": 5, "ct": 10, "st": 0, "hs": "100*", "hn": 1, "bbi": "2/40", "bta": 32.12, "bwa": 60.6, "fw": 0, "bbad": -28.47}, {"tt": "lost fielding first", "sp": "2010-2020", "mt": 31, "pr": "batting_fielding_first=2;result=2", "rn": 1217, "wk": 4, "ct": 17, "st": 0, "hs": "112*", "hn": 2, "bbi": "1/25", "bta": 41.96, "bwa": 62, "fw": 0, "bbad": -20.03}, {"tt": "tied batting first", "sp": "2014-2019", "mt": 2, "pr": "batting_fielding_first=1;result=3", "rn": 95, "wk": 0, "ct": 1, "st": 0, "hs": "65", "hn": 0, "bbi": "-", "bta": 47.5, "bwa": null, "fw": 0, "bbad": null}, {"tt": "no result batting first", "sp": "2016-2017", "mt": 2, "pr": "batting_fielding_first=1;result=5", "rn": 112, "wk": null, "ct": 0, "st": 0, "hs": "100", "hn": 1, "bbi": null, "bta": 56, "bwa": null, "fw": null, "bbad": null}, {"tt": "no result fielding first", "sp": "2010-2013", "mt": 3, "pr": "batting_fielding_first=2;result=5", "rn": 18, "wk": 1, "ct": 0, "st": 0, "hs": "18*", "hn": 0, "bbi": "1/56", "bta": null, "bwa": 73, "fw": 0, "bbad": null}]}, {"type": "TOURNAMENT_TYPE", "stats": [{"tt": "2 team series", "sp": "2010-2020", "mt": 119, "pr": "tournament_type=2", "rn": 4949, "wk": 33, "ct": 50, "st": 0, "hs": "145*", "hn": 10, "bbi": "4/22", "bta": 46.68, "bwa": 31.66, "fw": 0, "bbad": 15.02}, {"tt": "3-4 team tournaments", "sp": "2010-2010", "mt": 4, "pr": "tournament_type=3", "rn": 13, "wk": 1, "ct": 1, "st": 0, "hs": "13", "hn": 0, "bbi": "1/2", "bta": 4.33, "bwa": 48, "fw": 0, "bbad": -43.66}, {"tt": "5+ team tournaments", "sp": "2011-2019", "mt": 29, "pr": "tournament_type=5", "rn": 1256, "wk": 3, "ct": 11, "st": 0, "hs": "148", "hn": 3, "bbi": "1/25", "bta": 59.8, "bwa": 72.33, "fw": 0, "bbad": -12.52}]}, {"type": "MATCH_NUMBER", "stats": [{"tt": "only match in series", "sp": "2015-2015", "mt": 1, "pr": "match_number=0", "rn": 45, "wk": null, "ct": 2, "st": 0, "hs": "45*", "hn": 0, "bbi": null, "bta": null, "bwa": null, "fw": null, "bbad": null}, {"tt": "1st match in series", "sp": "2010-2020", "mt": 32, "pr": "match_number=1", "rn": 1011, "wk": 8, "ct": 15, "st": 0, "hs": "115", "hn": 1, "bbi": "4/22", "bta": 33.7, "bwa": 19, "fw": 0, "bbad": 14.7}, {"tt": "2nd match in series", "sp": "2010-2019", "mt": 26, "pr": "match_number=2", "rn": 1161, "wk": 7, "ct": 7, "st": 0, "hs": "145*", "hn": 3, "bbi": "3/22", "bta": 58.05, "bwa": 35.14, "fw": 0, "bbad": 22.9}, {"tt": "3rd match in series", "sp": "2010-2020", "mt": 29, "pr": "match_number=3", "rn": 1331, "wk": 9, "ct": 12, "st": 0, "hs": "118", "hn": 3, "bbi": "2/13", "bta": 51.19, "bwa": 32.55, "fw": 0, "bbad": 18.63}, {"tt": "4th match in series", "sp": "2010-2019", "mt": 15, "pr": "match_number=4", "rn": 732, "wk": 5, "ct": 4, "st": 0, "hs": "123", "hn": 3, "bbi": "2/32", "bta": 48.8, "bwa": 42.2, "fw": 0, "bbad": 6.6}, {"tt": "5th match in series", "sp": "2010-2019", "mt": 14, "pr": "match_number=5", "rn": 518, "wk": 4, "ct": 10, "st": 0, "hs": "97", "hn": 0, "bbi": "2/19", "bta": 39.84, "bwa": 28.5, "fw": 0, "bbad": 11.34}, {"tt": "6th match in series", "sp": "2015-2015", "mt": 1, "pr": "match_number=6", "rn": 97, "wk": 0, "ct": 0, "st": 0, "hs": "97", "hn": 0, "bbi": "-", "bta": 97, "bwa": null, "fw": 0, "bbad": null}, {"tt": "7th match in series", "sp": "2015-2015", "mt": 1, "pr": "match_number=7", "rn": 54, "wk": 0, "ct": 0, "st": 0, "hs": "54", "hn": 0, "bbi": "-", "bta": 54, "bwa": null, "fw": 0, "bbad": null}]}, {"type": "MAJOR_TROPHY", "stats": [{"tt": "World Cup", "sp": "2011-2019", "mt": 23, "pr": "trophy=12", "rn": 911, "wk": 2, "ct": 9, "st": 0, "hs": "148", "hn": 2, "bbi": "1/25", "bta": 56.93, "bwa": 53, "fw": 0, "bbad": 3.93}, {"tt": "Chappell-Hadlee", "sp": "2015-2020", "mt": 10, "pr": "trophy=65", "rn": 305, "wk": 1, "ct": 5, "st": 0, "hs": "81", "hn": 0, "bbi": "1/44", "bta": 33.88, "bwa": 63, "fw": 0, "bbad": -29.11}, {"tt": "ICC Champions Trophy", "sp": "2013-2017", "mt": 6, "pr": "trophy=44", "rn": 345, "wk": 1, "ct": 2, "st": 0, "hs": "100", "hn": 1, "bbi": "1/56", "bta": 69, "bwa": 111, "fw": 0, "bbad": -42}]}, {"type": "FINAL_TYPE", "stats": [{"tt": "tournament finals", "sp": "2015-2019", "mt": 2, "pr": "final_type=1", "rn": 42, "wk": null, "ct": 0, "st": 0, "hs": "30", "hn": 0, "bbi": null, "bta": 21, "bwa": null, "fw": null, "bbad": null}, {"tt": "tournament semi-finals", "sp": "2011-2019", "mt": 3, "pr": "final_type=3", "rn": 95, "wk": 0, "ct": 2, "st": 0, "hs": "67", "hn": 0, "bbi": "-", "bta": 31.66, "bwa": null, "fw": 0, "bbad": null}, {"tt": "tournament quarter-finals", "sp": "2011-2015", "mt": 2, "pr": "final_type=4", "rn": 71, "wk": null, "ct": 0, "st": 0, "hs": "38*", "hn": 0, "bbi": null, "bta": 71, "bwa": null, "fw": null, "bbad": null}, {"tt": "preliminary matches", "sp": "2010-2019", "mt": 26, "pr": "final_type=0", "rn": 1061, "wk": 4, "ct": 10, "st": 0, "hs": "148", "hn": 3, "bbi": "1/2", "bta": 58.94, "bwa": 65, "fw": 0, "bbad": -6.05}]}]}}