{"player": {"id": 49224, "objectId": 233823, "name": "HR Huddleston", "longName": "Holly Huddleston", "mobileName": "Huddleston", "indexName": "Huddleston. HR", "battingName": "HR Huddleston", "fieldingName": "Huddleston", "slug": "holly-huddleston", "gender": "F", "playingRole": "bowler", "battingStyles": ["rhb"], "bowlingStyles": ["rmf"], "longBattingStyles": ["right-hand bat"], "longBowlingStyles": ["right-arm medium-fast"], "image": {"id": 305773, "objectId": 1225730, "slug": "holly-huddleston-portrait", "url": "/db/PICTURES/CMS/305700/305773.png", "width": 160, "height": 201, "caption": "Holly Huddleston portrait", "longCaption": "Holly Huddleston portrait, June 2020", "credit": "Getty Images", "photographer": null, "peerUrls": null}, "countryTeamId": 5, "playingRoleType": "P", "playingRoles": ["bowler"], "dateOfBirth": {"year": 1987, "month": 10, "date": 11}, "dateOfDeath": null, "fullName": "Holly Rachael Huddleston", "nickNames": "", "alsoKnownAs": "", "height": 0, "heightUnit": null, "education": "", "country": {"id": 5, "objectId": 5, "name": "New Zealand", "shortName": "New Zealand", "image": {"id": 313127, "objectId": 1241586, "slug": "new-zealand-logo", "url": "/db/PICTURES/CMS/313100/313127.logo.png", "width": 500, "height": 500, "caption": "New Zealand logo", "longCaption": "New Zealand logo", "credit": null, "photographer": null, "peerUrls": null}}, "altCountryTeamId": null, "placeOfBirth": "Springs, Transvaal, South Africa", "dobText": null, "dodText": null, "placeOfDeath": "", "intlCareerSpan": "2014 - 2020", "headshotImage": {"id": 322299, "objectId": 1264870, "slug": "holly-huddleston-player-page-headshot-cutout-2021", "url": "/db/PICTURES/CMS/322200/322299.png", "width": 600, "height": 436, "caption": "Holly Huddleston player page headshot cutout, 2021", "longCaption": "Holly Huddleston player page headshot cutout, 2021", "credit": null, "photographer": null, "peerUrls": {"FILM": null, "WIDE": null, "SQUARE": "/db/PICTURES/CMS/322200/322299.square.png"}}, "backgroundImage": {"id": 264832, "objectId": 1105699, "slug": "holly-huddleston-rues-a-chance", "url": "/db/PICTURES/CMS/264800/264832.jpg", "width": 900, "height": 515, "caption": "Holly Huddleston rues a chance", "longCaption": "Holly Huddleston rues a chance, New Zealand v Sri Lanka, Women's World Cup, Bristol, June 24,2017", "credit": "ICC", "photographer": null, "peerUrls": {"FILM": "/db/PICTURES/CMS/264800/264832.19.jpg", "WIDE": "/db/PICTURES/CMS/264800/264832.jpg", "SQUARE": "/db/PICTURES/CMS/264800/264832.13.jpg"}}, "externalLinks": [], "fieldingStyles": [], "otherStyles": [], "matchPlayerTypes": [1], "hasRecords": true, "hasStats": true, "hasMatches": true, "totalStories": 12, "totalVideos": 0, "totalImages": 6}, "teams": [{"team": {"id": 2518, "objectId": 2467, "scribeId": 2467, "slug": "auckland-women", "name": "AK Women", "longName": "Auckland Women", "abbreviation": "AK-W", "isCountry": false, "primaryColor": null, "image": null}, "current": false}, {"team": {"id": 2614, "objectId": 2563, "scribeId": 2563, "slug": "new-zealand-women", "name": "NZ Women", "longName": "New Zealand Women", "abbreviation": "NZ-W", "isCountry": false, "primaryColor": null, "image": {"id": 313335, "objectId": 1241794, "slug": "new-zealand-women-logo", "url": "/db/PICTURES/CMS/313300/313335.logo.png", "width": 500, "height": 500, "caption": "New Zealand Women logo", "longCaption": "New Zealand Women logo", "credit": null, "photographer": null, "peerUrls": null}}, "current": false}, {"team": {"id": 2573, "objectId": 2522, "scribeId": 2522, "slug": "northern-districts-women", "name": "ND Women", "longName": "Northern Districts Women", "abbreviation": "ND-W", "isCountry": false, "primaryColor": null, "image": null}, "current": false}]}