{"player": {"id": 49219, "objectId": 233713, "name": "N Wagner", "longName": "Neil Wagner", "mobileName": "Wagner", "indexName": "Wagner, N", "battingName": "N Wagner", "fieldingName": "Wagner", "slug": "neil-wagner", "gender": "M", "playingRole": "bowler", "battingStyles": ["lhb"], "bowlingStyles": ["lmf"], "longBattingStyles": ["left-hand bat"], "longBowlingStyles": ["left-arm medium-fast"], "image": {"id": 303661, "objectId": 1222459, "slug": "neil-wagner-portrait", "url": "/db/PICTURES/CMS/303600/303661.jpg", "width": 160, "height": 201, "caption": "Neil Wagner portrait", "longCaption": "Neil Wagner, May 2020", "credit": "Getty Images", "photographer": null, "peerUrls": null}, "countryTeamId": 5, "playingRoleType": "P", "playingRoles": ["bowler"], "dateOfBirth": {"year": 1986, "month": 3, "date": 13}, "dateOfDeath": null, "fullName": "Neil Wagner", "nickNames": "", "alsoKnownAs": "", "height": 0, "heightUnit": null, "education": "", "country": {"id": 5, "objectId": 5, "name": "New Zealand", "shortName": "New Zealand", "image": {"id": 313127, "objectId": 1241586, "slug": "new-zealand-logo", "url": "/db/PICTURES/CMS/313100/313127.logo.png", "width": 500, "height": 500, "caption": "New Zealand logo", "longCaption": "New Zealand logo", "credit": null, "photographer": null, "peerUrls": null}}, "altCountryTeamId": 3, "placeOfBirth": "Pretoria, Transvaal", "dobText": null, "dodText": null, "placeOfDeath": "", "intlCareerSpan": "2012 - 2021", "headshotImage": {"id": 321301, "objectId": 1262874, "slug": "neil-wagner-player-page-headshot-cutout-2021", "url": "/db/PICTURES/CMS/321300/321301.png", "width": 600, "height": 436, "caption": "Neil Wagner player page headshot cutout, 2021", "longCaption": "Neil Wagner player page headshot cutout, 2021", "credit": "", "photographer": null, "peerUrls": {"FILM": null, "WIDE": null, "SQUARE": "/db/PICTURES/CMS/321300/321301.square.png"}}, "backgroundImage": {"id": 229393, "objectId": 953549, "slug": "neil-wagner-is-pumped-after-taking-a-wicket", "url": "/db/PICTURES/CMS/229300/229393.jpg", "width": 900, "height": 603, "caption": "Neil Wagner is pumped after taking a wicket", "longCaption": "Neil Wagner is pumped after taking a wicket, New Zealand v Sri Lanka, 2nd Test, Hamilton, 3rd day, December 20, 2015", "credit": "AFP", "photographer": null, "peerUrls": {"FILM": "/db/PICTURES/CMS/229300/229393.jpg", "WIDE": "/db/PICTURES/CMS/229300/229393.3.jpg", "SQUARE": "/db/PICTURES/CMS/229300/229393.square.jpg"}}, "externalLinks": [], "fieldingStyles": [], "otherStyles": [], "matchPlayerTypes": [1], "hasRecords": true, "hasStats": true, "hasMatches": true, "totalStories": 168, "totalVideos": 14, "totalImages": 237}, "teams": [{"team": {"id": 5, "objectId": 5, "scribeId": 5, "slug": "new-zealand", "name": "New Zealand", "longName": "New Zealand", "abbreviation": "NZ", "isCountry": true, "primaryColor": "#000000", "image": {"id": 313127, "objectId": 1241586, "slug": "new-zealand-logo", "url": "/db/PICTURES/CMS/313100/313127.logo.png", "width": 500, "height": 500, "caption": "New Zealand logo", "longCaption": "New Zealand logo", "credit": null, "photographer": null, "peerUrls": null}}, "current": false}, {"team": {"id": 1167, "objectId": 1116, "scribeId": 1116, "slug": "lancashire", "name": "Lancashire", "longName": "Lancashire", "abbreviation": "LANCS", "isCountry": false, "primaryColor": null, "image": {"id": 313271, "objectId": 1241730, "slug": "lancashire-logo", "url": "/db/PICTURES/CMS/313200/313271.logo.png", "width": 500, "height": 500, "caption": "Lancashire logo", "longCaption": "Lancashire logo", "credit": null, "photographer": null, "peerUrls": null}}, "current": false}, {"team": {"id": 2591, "objectId": 2540, "scribeId": 2540, "slug": "new-zealand-a", "name": "NZ A", "longName": "New Zealand A", "abbreviation": "NZ-A", "isCountry": false, "primaryColor": null, "image": {"id": 313333, "objectId": 1241792, "slug": "new-zealand-a-logo", "url": "/db/PICTURES/CMS/313300/313333.logo.png", "width": 500, "height": 500, "caption": "New Zealand A logo", "longCaption": "New Zealand A logo", "credit": null, "photographer": null, "peerUrls": null}}, "current": false}, {"team": {"id": 3316, "objectId": 3265, "scribeId": 3265, "slug": "northerns-north-eastern-transvaal-northern-transvaal", "name": "Northerns", "longName": "Northerns", "abbreviation": "NTHNS", "isCountry": false, "primaryColor": null, "image": null}, "current": false}, {"team": {"id": 2621, "objectId": 2570, "scribeId": 2570, "slug": "otago", "name": "Otago", "longName": "Otago", "abbreviation": "OTAGO", "isCountry": false, "primaryColor": null, "image": {"id": 313337, "objectId": 1241796, "slug": "otago-logo", "url": "/db/PICTURES/CMS/313300/313337.logo.png", "width": 500, "height": 500, "caption": "Otago logo", "longCaption": "Otago logo", "credit": null, "photographer": null, "peerUrls": null}}, "current": false}]}