{"summary": {"recordClassId": 3, "type": "ALLROUND", "groups": [{"type": "CAREER_AVERAGES", "stats": [{"tt": "overview", "sp": "2009-2021", "mt": 102, "pr": null, "rn": 2939, "wk": 0, "ct": 58, "st": 0, "hs": "105", "hn": 2, "bbi": "-", "bta": 32.29, "bwa": null, "fw": 0, "bbad": null}]}, {"type": "OPPOSITION_TEAM", "stats": [{"tt": "v Australia", "sp": "2009-2021", "mt": 12, "pr": "opposition=2", "rn": 435, "wk": 0, "ct": 10, "st": 0, "hs": "105", "hn": 1, "bbi": "-", "bta": 36.25, "bwa": null, "fw": 0, "bbad": null}, {"tt": "v Bangladesh", "sp": "2010-2021", "mt": 5, "pr": "opposition=25", "rn": 111, "wk": null, "ct": 4, "st": 0, "hs": "44", "hn": 0, "bbi": null, "bta": 27.75, "bwa": null, "fw": null, "bbad": null}, {"tt": "v England", "sp": "2012-2019", "mt": 14, "pr": "opposition=1", "rn": 467, "wk": null, "ct": 11, "st": 0, "hs": "65", "hn": 0, "bbi": null, "bta": 33.35, "bwa": null, "fw": null, "bbad": null}, {"tt": "v India", "sp": "2009-2020", "mt": 12, "pr": "opposition=6", "rn": 208, "wk": null, "ct": 4, "st": 0, "hs": "45", "hn": 0, "bbi": null, "bta": 17.33, "bwa": null, "fw": null, "bbad": null}, {"tt": "v Ireland", "sp": "2009-2009", "mt": 1, "pr": "opposition=29", "rn": 45, "wk": null, "ct": 0, "st": 0, "hs": "45*", "hn": 0, "bbi": null, "bta": null, "bwa": null, "fw": null, "bbad": null}, {"tt": "v Netherlands", "sp": "2014-2014", "mt": 1, "pr": "opposition=15", "rn": 9, "wk": null, "ct": 1, "st": 0, "hs": "9", "hn": 0, "bbi": null, "bta": 9, "bwa": null, "fw": null, "bbad": null}, {"tt": "v Pakistan", "sp": "2009-2020", "mt": 18, "pr": "opposition=7", "rn": 509, "wk": null, "ct": 10, "st": 0, "hs": "87*", "hn": 0, "bbi": null, "bta": 29.94, "bwa": null, "fw": null, "bbad": null}, {"tt": "v Scotland", "sp": "2009-2009", "mt": 1, "pr": "opposition=30", "rn": null, "wk": null, "ct": 0, "st": 0, "hs": null, "hn": null, "bbi": null, "bta": null, "bwa": null, "fw": null, "bbad": null}, {"tt": "v South Africa", "sp": "2009-2015", "mt": 10, "pr": "opposition=3", "rn": 424, "wk": null, "ct": 4, "st": 0, "hs": "101*", "hn": 1, "bbi": null, "bta": 53, "bwa": null, "fw": null, "bbad": null}, {"tt": "v Sri Lanka", "sp": "2009-2019", "mt": 12, "pr": "opposition=8", "rn": 309, "wk": null, "ct": 6, "st": 0, "hs": "63", "hn": 0, "bbi": null, "bta": 28.09, "bwa": null, "fw": null, "bbad": null}, {"tt": "v West Indies", "sp": "2012-2020", "mt": 11, "pr": "opposition=4", "rn": 185, "wk": null, "ct": 3, "st": 0, "hs": "63", "hn": 0, "bbi": null, "bta": 18.5, "bwa": null, "fw": null, "bbad": null}, {"tt": "v Zimbabwe", "sp": "2010-2015", "mt": 5, "pr": "opposition=9", "rn": 237, "wk": null, "ct": 5, "st": 0, "hs": "91*", "hn": 0, "bbi": null, "bta": 118.5, "bwa": null, "fw": null, "bbad": null}]}, {"type": "HOST_COUNTRY", "stats": [{"tt": "in Australia", "sp": "2009-2018", "mt": 2, "pr": "host=2", "rn": 5, "wk": null, "ct": 0, "st": 0, "hs": "5", "hn": 0, "bbi": null, "bta": 2.5, "bwa": null, "fw": null, "bbad": null}, {"tt": "in Bangladesh", "sp": "2014-2014", "mt": 4, "pr": "host=25", "rn": 47, "wk": null, "ct": 2, "st": 0, "hs": "22", "hn": 0, "bbi": null, "bta": 11.75, "bwa": null, "fw": null, "bbad": null}, {"tt": "in England", "sp": "2009-2015", "mt": 6, "pr": "host=1", "rn": 108, "wk": null, "ct": 2, "st": 0, "hs": "45*", "hn": 0, "bbi": null, "bta": 27, "bwa": null, "fw": null, "bbad": null}, {"tt": "in India", "sp": "2012-2017", "mt": 8, "pr": "host=6", "rn": 191, "wk": null, "ct": 7, "st": 0, "hs": "80", "hn": 0, "bbi": null, "bta": 23.87, "bwa": null, "fw": null, "bbad": null}, {"tt": "in New Zealand", "sp": "2009-2021", "mt": 57, "pr": "host=5", "rn": 1933, "wk": 0, "ct": 38, "st": 0, "hs": "105", "hn": 1, "bbi": "-", "bta": 37.17, "bwa": null, "fw": 0, "bbad": null}, {"tt": "in South Africa", "sp": "2012-2015", "mt": 4, "pr": "host=3", "rn": 227, "wk": null, "ct": 1, "st": 0, "hs": "101*", "hn": 1, "bbi": null, "bta": 75.66, "bwa": null, "fw": null, "bbad": null}, {"tt": "in Sri Lanka", "sp": "2009-2019", "mt": 8, "pr": "host=8", "rn": 147, "wk": null, "ct": 4, "st": 0, "hs": "38", "hn": 0, "bbi": null, "bta": 21, "bwa": null, "fw": null, "bbad": null}, {"tt": "in U.A.E.", "sp": "2009-2014", "mt": 3, "pr": "host=27", "rn": 57, "wk": null, "ct": 0, "st": 0, "hs": "32", "hn": 0, "bbi": null, "bta": 19, "bwa": null, "fw": null, "bbad": null}, {"tt": "in U.S.A.", "sp": "2010-2012", "mt": 3, "pr": "host=11", "rn": 39, "wk": null, "ct": 0, "st": 0, "hs": "18", "hn": 0, "bbi": null, "bta": 13, "bwa": null, "fw": null, "bbad": null}, {"tt": "in West Indies", "sp": "2010-2010", "mt": 4, "pr": "host=4", "rn": 45, "wk": null, "ct": 4, "st": 0, "hs": "19", "hn": 0, "bbi": null, "bta": 15, "bwa": null, "fw": null, "bbad": null}, {"tt": "in Zimbabwe", "sp": "2011-2015", "mt": 3, "pr": "host=9", "rn": 140, "wk": null, "ct": 0, "st": 0, "hs": "67", "hn": 0, "bbi": null, "bta": 70, "bwa": null, "fw": null, "bbad": null}]}, {"type": "CONTINENT", "stats": [{"tt": "in Africa", "sp": "2011-2015", "mt": 7, "pr": "continent=1", "rn": 367, "wk": null, "ct": 1, "st": 0, "hs": "101*", "hn": 1, "bbi": null, "bta": 73.4, "bwa": null, "fw": null, "bbad": null}, {"tt": "in Americas", "sp": "2010-2012", "mt": 7, "pr": "continent=3", "rn": 84, "wk": null, "ct": 4, "st": 0, "hs": "19", "hn": 0, "bbi": null, "bta": 14, "bwa": null, "fw": null, "bbad": null}, {"tt": "in Asia", "sp": "2009-2019", "mt": 23, "pr": "continent=2", "rn": 442, "wk": null, "ct": 13, "st": 0, "hs": "80", "hn": 0, "bbi": null, "bta": 20.09, "bwa": null, "fw": null, "bbad": null}, {"tt": "in Europe", "sp": "2009-2015", "mt": 6, "pr": "continent=4", "rn": 108, "wk": null, "ct": 2, "st": 0, "hs": "45*", "hn": 0, "bbi": null, "bta": 27, "bwa": null, "fw": null, "bbad": null}, {"tt": "in Oceania", "sp": "2009-2021", "mt": 59, "pr": "continent=5", "rn": 1938, "wk": 0, "ct": 38, "st": 0, "hs": "105", "hn": 1, "bbi": "-", "bta": 35.88, "bwa": null, "fw": 0, "bbad": null}]}, {"type": "HOME_OR_AWAY", "stats": [{"tt": "home", "sp": "2009-2021", "mt": 57, "pr": "home_or_away=1", "rn": 1933, "wk": 0, "ct": 38, "st": 0, "hs": "105", "hn": 1, "bbi": "-", "bta": 37.17, "bwa": null, "fw": 0, "bbad": null}, {"tt": "away", "sp": "2009-2019", "mt": 20, "pr": "home_or_away=2", "rn": 545, "wk": null, "ct": 6, "st": 0, "hs": "101*", "hn": 1, "bbi": null, "bta": 32.05, "bwa": null, "fw": null, "bbad": null}, {"tt": "neutral", "sp": "2009-2016", "mt": 25, "pr": "home_or_away=3", "rn": 461, "wk": null, "ct": 14, "st": 0, "hs": "80", "hn": 0, "bbi": null, "bta": 20.95, "bwa": null, "fw": null, "bbad": null}]}, {"type": "YEAR", "stats": [{"tt": "year 2009", "sp": null, "mt": 12, "pr": "year=2009", "rn": 239, "wk": null, "ct": 3, "st": 0, "hs": "45*", "hn": 0, "bbi": null, "bta": 23.9, "bwa": null, "fw": null, "bbad": null}, {"tt": "year 2010", "sp": null, "mt": 11, "pr": "year=2010", "rn": 200, "wk": 0, "ct": 6, "st": 0, "hs": "54", "hn": 0, "bbi": "-", "bta": 22.22, "bwa": null, "fw": 0, "bbad": null}, {"tt": "year 2011", "sp": null, "mt": 2, "pr": "year=2011", "rn": 107, "wk": null, "ct": 0, "st": 0, "hs": "67", "hn": 0, "bbi": null, "bta": 107, "bwa": null, "fw": null, "bbad": null}, {"tt": "year 2012", "sp": null, "mt": 13, "pr": "year=2012", "rn": 472, "wk": null, "ct": 7, "st": 0, "hs": "101*", "hn": 1, "bbi": null, "bta": 47.2, "bwa": null, "fw": null, "bbad": null}, {"tt": "year 2013", "sp": null, "mt": 3, "pr": "year=2013", "rn": 150, "wk": null, "ct": 3, "st": 0, "hs": "59", "hn": 0, "bbi": null, "bta": 50, "bwa": null, "fw": null, "bbad": null}, {"tt": "year 2014", "sp": null, "mt": 7, "pr": "year=2014", "rn": 105, "wk": null, "ct": 5, "st": 0, "hs": "32", "hn": 0, "bbi": null, "bta": 15, "bwa": null, "fw": null, "bbad": null}, {"tt": "year 2015", "sp": null, "mt": 4, "pr": "year=2015", "rn": 141, "wk": null, "ct": 2, "st": 0, "hs": "60", "hn": 0, "bbi": null, "bta": 35.25, "bwa": null, "fw": null, "bbad": null}, {"tt": "year 2016", "sp": null, "mt": 9, "pr": "year=2016", "rn": 392, "wk": null, "ct": 9, "st": 0, "hs": "87*", "hn": 0, "bbi": null, "bta": 49, "bwa": null, "fw": null, "bbad": null}, {"tt": "year 2017", "sp": null, "mt": 4, "pr": "year=2017", "rn": 55, "wk": null, "ct": 1, "st": 0, "hs": "45", "hn": 0, "bbi": null, "bta": 13.75, "bwa": null, "fw": null, "bbad": null}, {"tt": "year 2018", "sp": null, "mt": 10, "pr": "year=2018", "rn": 410, "wk": null, "ct": 3, "st": 0, "hs": "105", "hn": 1, "bbi": null, "bta": 41, "bwa": null, "fw": null, "bbad": null}, {"tt": "year 2019", "sp": null, "mt": 8, "pr": "year=2019", "rn": 165, "wk": null, "ct": 7, "st": 0, "hs": "50", "hn": 0, "bbi": null, "bta": 23.57, "bwa": null, "fw": null, "bbad": null}, {"tt": "year 2020", "sp": null, "mt": 11, "pr": "year=2020", "rn": 185, "wk": null, "ct": 4, "st": 0, "hs": "34", "hn": 0, "bbi": null, "bta": 18.5, "bwa": null, "fw": null, "bbad": null}, {"tt": "year 2021", "sp": null, "mt": 8, "pr": "year=2021", "rn": 318, "wk": null, "ct": 8, "st": 0, "hs": "97", "hn": 0, "bbi": null, "bta": 39.75, "bwa": null, "fw": null, "bbad": null}]}, {"type": "SEASON", "stats": [{"tt": "season 2008/09", "sp": null, "mt": 3, "pr": "season=2008/09", "rn": 51, "wk": null, "ct": 1, "st": 0, "hs": "41", "hn": 0, "bbi": null, "bta": 17, "bwa": null, "fw": null, "bbad": null}, {"tt": "season 2009", "sp": null, "mt": 7, "pr": "season=2009", "rn": 163, "wk": null, "ct": 2, "st": 0, "hs": "45*", "hn": 0, "bbi": null, "bta": 32.6, "bwa": null, "fw": null, "bbad": null}, {"tt": "season 2009/10", "sp": null, "mt": 5, "pr": "season=2009/10", "rn": 72, "wk": 0, "ct": 1, "st": 0, "hs": "30", "hn": 0, "bbi": "-", "bta": 18, "bwa": null, "fw": 0, "bbad": null}, {"tt": "season 2010", "sp": null, "mt": 5, "pr": "season=2010", "rn": 55, "wk": null, "ct": 4, "st": 0, "hs": "19", "hn": 0, "bbi": null, "bta": 13.75, "bwa": null, "fw": null, "bbad": null}, {"tt": "season 2010/11", "sp": null, "mt": 3, "pr": "season=2010/11", "rn": 98, "wk": null, "ct": 1, "st": 0, "hs": "54", "hn": 0, "bbi": null, "bta": 32.66, "bwa": null, "fw": null, "bbad": null}, {"tt": "season 2011/12", "sp": null, "mt": 6, "pr": "season=2011/12", "rn": 349, "wk": null, "ct": 5, "st": 0, "hs": "91*", "hn": 0, "bbi": null, "bta": 116.33, "bwa": null, "fw": null, "bbad": null}, {"tt": "season 2012", "sp": null, "mt": 3, "pr": "season=2012", "rn": 30, "wk": null, "ct": 0, "st": 0, "hs": "18", "hn": 0, "bbi": null, "bta": 10, "bwa": null, "fw": null, "bbad": null}, {"tt": "season 2012/13", "sp": null, "mt": 9, "pr": "season=2012/13", "rn": 350, "wk": null, "ct": 5, "st": 0, "hs": "101*", "hn": 1, "bbi": null, "bta": 43.75, "bwa": null, "fw": null, "bbad": null}, {"tt": "season 2013/14", "sp": null, "mt": 6, "pr": "season=2013/14", "rn": 73, "wk": null, "ct": 5, "st": 0, "hs": "25", "hn": 0, "bbi": null, "bta": 12.16, "bwa": null, "fw": null, "bbad": null}, {"tt": "season 2014/15", "sp": null, "mt": 1, "pr": "season=2014/15", "rn": 32, "wk": null, "ct": 0, "st": 0, "hs": "32", "hn": 0, "bbi": null, "bta": 32, "bwa": null, "fw": null, "bbad": null}, {"tt": "season 2015", "sp": null, "mt": 4, "pr": "season=2015", "rn": 141, "wk": null, "ct": 2, "st": 0, "hs": "60", "hn": 0, "bbi": null, "bta": 35.25, "bwa": null, "fw": null, "bbad": null}, {"tt": "season 2015/16", "sp": null, "mt": 9, "pr": "season=2015/16", "rn": 392, "wk": null, "ct": 9, "st": 0, "hs": "87*", "hn": 0, "bbi": null, "bta": 49, "bwa": null, "fw": null, "bbad": null}, {"tt": "season 2017/18", "sp": null, "mt": 14, "pr": "season=2017/18", "rn": 465, "wk": null, "ct": 4, "st": 0, "hs": "105", "hn": 1, "bbi": null, "bta": 33.21, "bwa": null, "fw": null, "bbad": null}, {"tt": "season 2018/19", "sp": null, "mt": 1, "pr": "season=2018/19", "rn": 1, "wk": null, "ct": 1, "st": 0, "hs": "1", "hn": 0, "bbi": null, "bta": 1, "bwa": null, "fw": null, "bbad": null}, {"tt": "season 2019", "sp": null, "mt": 2, "pr": "season=2019", "rn": 11, "wk": null, "ct": 1, "st": 0, "hs": "11", "hn": 0, "bbi": null, "bta": 11, "bwa": null, "fw": null, "bbad": null}, {"tt": "season 2019/20", "sp": null, "mt": 10, "pr": "season=2019/20", "rn": 253, "wk": null, "ct": 6, "st": 0, "hs": "50", "hn": 0, "bbi": null, "bta": 25.3, "bwa": null, "fw": null, "bbad": null}, {"tt": "season 2020/21", "sp": null, "mt": 14, "pr": "season=2020/21", "rn": 403, "wk": null, "ct": 11, "st": 0, "hs": "97", "hn": 0, "bbi": null, "bta": 31, "bwa": null, "fw": null, "bbad": null}]}, {"type": "CAPTAINS_INVOLVED", "stats": [{"tt": "*BB McCullum", "sp": "2009-2015", "mt": 21, "pr": "captain_involve=10384", "rn": 672, "wk": null, "ct": 14, "st": 0, "hs": "101*", "hn": 1, "bbi": null, "bta": 42, "bwa": null, "fw": null, "bbad": null}, {"tt": "*MJ Santner", "sp": "2020-2020", "mt": 2, "pr": "captain_involve=64864", "rn": 6, "wk": null, "ct": 2, "st": 0, "hs": "6", "hn": 0, "bbi": null, "bta": 6, "bwa": null, "fw": null, "bbad": null}, {"tt": "*TG Southee", "sp": "2017-2021", "mt": 17, "pr": "captain_involve=49108", "rn": 317, "wk": null, "ct": 9, "st": 0, "hs": "50", "hn": 0, "bbi": null, "bta": 19.81, "bwa": null, "fw": null, "bbad": null}, {"tt": "*LRPL Taylor", "sp": "2010-2012", "mt": 11, "pr": "captain_involve=44930", "rn": 292, "wk": null, "ct": 3, "st": 0, "hs": "67", "hn": 0, "bbi": null, "bta": 29.2, "bwa": null, "fw": null, "bbad": null}, {"tt": "*DL Vettori", "sp": "2009-2010", "mt": 15, "pr": "captain_involve=4380", "rn": 265, "wk": 0, "ct": 8, "st": 0, "hs": "43", "hn": 0, "bbi": "-", "bta": 20.38, "bwa": null, "fw": 0, "bbad": null}, {"tt": "*KS Williamson", "sp": "2012-2021", "mt": 36, "pr": "captain_involve=51088", "rn": 1387, "wk": null, "ct": 22, "st": 0, "hs": "105", "hn": 1, "bbi": null, "bta": 39.62, "bwa": null, "fw": null, "bbad": null}]}, {"type": "CAPTAIN", "stats": [{"tt": "is not captain", "sp": "2009-2021", "mt": 102, "pr": "captain=0", "rn": 2939, "wk": 0, "ct": 58, "st": 0, "hs": "105", "hn": 2, "bbi": "-", "bta": 32.29, "bwa": null, "fw": 0, "bbad": null}]}, {"type": "KEEPER", "stats": [{"tt": "is not keeper", "sp": "2009-2021", "mt": 102, "pr": "keeper=0", "rn": 2939, "wk": 0, "ct": 58, "st": 0, "hs": "105", "hn": 2, "bbi": "-", "bta": 32.29, "bwa": null, "fw": 0, "bbad": null}]}, {"type": "TOSS", "stats": [{"tt": "won the toss", "sp": "2009-2021", "mt": 50, "pr": "toss=1", "rn": 1451, "wk": 0, "ct": 29, "st": 0, "hs": "105", "hn": 2, "bbi": "-", "bta": 32.97, "bwa": null, "fw": 0, "bbad": null}, {"tt": "lost the toss", "sp": "2009-2021", "mt": 52, "pr": "toss=2", "rn": 1488, "wk": null, "ct": 29, "st": 0, "hs": "97", "hn": 0, "bbi": null, "bta": 31.65, "bwa": null, "fw": null, "bbad": null}]}, {"type": "BATTING_FIELDING_SEQUENCE_AND_TOSS", "stats": [{"tt": "won toss &amp; batted", "sp": "2009-2021", "mt": 20, "pr": "batting_fielding_first=1;toss=1", "rn": 714, "wk": 0, "ct": 15, "st": 0, "hs": "105", "hn": 1, "bbi": "-", "bta": 35.7, "bwa": null, "fw": 0, "bbad": null}, {"tt": "won toss &amp; fielded", "sp": "2009-2021", "mt": 30, "pr": "batting_fielding_first=2;toss=1", "rn": 737, "wk": null, "ct": 14, "st": 0, "hs": "101*", "hn": 1, "bbi": null, "bta": 30.7, "bwa": null, "fw": null, "bbad": null}, {"tt": "lost toss &amp; sent in", "sp": "2009-2021", "mt": 30, "pr": "batting_fielding_first=1;toss=2", "rn": 961, "wk": null, "ct": 15, "st": 0, "hs": "97", "hn": 0, "bbi": null, "bta": 33.13, "bwa": null, "fw": null, "bbad": null}, {"tt": "lost toss &amp; fielded", "sp": "2009-2021", "mt": 22, "pr": "batting_fielding_first=2;toss=2", "rn": 527, "wk": null, "ct": 14, "st": 0, "hs": "91*", "hn": 0, "bbi": null, "bta": 29.27, "bwa": null, "fw": null, "bbad": null}]}, {"type": "BATTING_FIELDING_SEQUENCE", "stats": [{"tt": "matches batting first", "sp": "2009-2021", "mt": 50, "pr": "batting_fielding_first=1", "rn": 1675, "wk": 0, "ct": 30, "st": 0, "hs": "105", "hn": 1, "bbi": "-", "bta": 34.18, "bwa": null, "fw": 0, "bbad": null}, {"tt": "matches fielding first", "sp": "2009-2021", "mt": 52, "pr": "batting_fielding_first=2", "rn": 1264, "wk": null, "ct": 28, "st": 0, "hs": "101*", "hn": 1, "bbi": null, "bta": 30.09, "bwa": null, "fw": null, "bbad": null}]}, {"type": "TEAM_INNINGS", "stats": [{"tt": "1st team innings", "sp": "2009-2021", "mt": 102, "pr": "innings_number=1;innings_number=2", "rn": 2939, "wk": 0, "ct": 58, "st": 0, "hs": "105", "hn": 2, "bbi": "-", "bta": 32.29, "bwa": null, "fw": 0, "bbad": null}]}, {"type": "MATCH_INNINGS", "stats": [{"tt": "1st match innings", "sp": "2009-2021", "mt": 102, "pr": "innings_number=1", "rn": 1675, "wk": null, "ct": 28, "st": 0, "hs": "105", "hn": 1, "bbi": null, "bta": 34.18, "bwa": null, "fw": null, "bbad": null}, {"tt": "2nd match innings", "sp": "2009-2021", "mt": 100, "pr": "innings_number=2", "rn": 1264, "wk": 0, "ct": 30, "st": 0, "hs": "101*", "hn": 1, "bbi": "-", "bta": 30.09, "bwa": null, "fw": 0, "bbad": null}]}, {"type": "FLOODLIT", "stats": [{"tt": "day match", "sp": "2009-2021", "mt": 27, "pr": "floodlit=1", "rn": 939, "wk": null, "ct": 16, "st": 0, "hs": "97", "hn": 0, "bbi": null, "bta": 40.82, "bwa": null, "fw": null, "bbad": null}, {"tt": "day/night match", "sp": "2009-2018", "mt": 35, "pr": "floodlit=2", "rn": 1002, "wk": 0, "ct": 22, "st": 0, "hs": "101*", "hn": 1, "bbi": "-", "bta": 33.4, "bwa": null, "fw": 0, "bbad": null}, {"tt": "night match", "sp": "2010-2021", "mt": 40, "pr": "floodlit=3", "rn": 998, "wk": null, "ct": 20, "st": 0, "hs": "105", "hn": 1, "bbi": null, "bta": 26.26, "bwa": null, "fw": null, "bbad": null}]}, {"type": "RESULT", "stats": [{"tt": "won match", "sp": "2009-2021", "mt": 54, "pr": "result=1", "rn": 1842, "wk": null, "ct": 41, "st": 0, "hs": "101*", "hn": 1, "bbi": null, "bta": 41.86, "bwa": null, "fw": null, "bbad": null}, {"tt": "lost match", "sp": "2009-2021", "mt": 40, "pr": "result=2", "rn": 934, "wk": 0, "ct": 17, "st": 0, "hs": "105", "hn": 1, "bbi": "-", "bta": 23.35, "bwa": null, "fw": 0, "bbad": null}, {"tt": "tied match", "sp": "2010-2020", "mt": 6, "pr": "result=3", "rn": 161, "wk": null, "ct": 0, "st": 0, "hs": "50", "hn": 0, "bbi": null, "bta": 26.83, "bwa": null, "fw": null, "bbad": null}, {"tt": "no result", "sp": "2018-2020", "mt": 2, "pr": "result=5", "rn": 2, "wk": null, "ct": 0, "st": 0, "hs": "2", "hn": 0, "bbi": null, "bta": 2, "bwa": null, "fw": null, "bbad": null}]}, {"type": "BATTING_FIELDING_SEQUENCE_AND_RESULT", "stats": [{"tt": "won batting first", "sp": "2009-2021", "mt": 31, "pr": "batting_fielding_first=1;result=1", "rn": 1115, "wk": null, "ct": 24, "st": 0, "hs": "97", "hn": 0, "bbi": null, "bta": 37.16, "bwa": null, "fw": null, "bbad": null}, {"tt": "won fielding first", "sp": "2009-2021", "mt": 23, "pr": "batting_fielding_first=2;result=1", "rn": 727, "wk": null, "ct": 17, "st": 0, "hs": "101*", "hn": 1, "bbi": null, "bta": 51.92, "bwa": null, "fw": null, "bbad": null}, {"tt": "lost batting first", "sp": "2009-2020", "mt": 15, "pr": "batting_fielding_first=1;result=2", "rn": 453, "wk": 0, "ct": 6, "st": 0, "hs": "105", "hn": 1, "bbi": "-", "bta": 30.2, "bwa": null, "fw": 0, "bbad": null}, {"tt": "lost fielding first", "sp": "2009-2021", "mt": 25, "pr": "batting_fielding_first=2;result=2", "rn": 481, "wk": null, "ct": 11, "st": 0, "hs": "62", "hn": 0, "bbi": null, "bta": 19.24, "bwa": null, "fw": null, "bbad": null}, {"tt": "tied batting first", "sp": "2010-2019", "mt": 3, "pr": "batting_fielding_first=1;result=3", "rn": 105, "wk": null, "ct": 0, "st": 0, "hs": "50", "hn": 0, "bbi": null, "bta": 35, "bwa": null, "fw": null, "bbad": null}, {"tt": "tied fielding first", "sp": "2012-2020", "mt": 3, "pr": "batting_fielding_first=2;result=3", "rn": 56, "wk": null, "ct": 0, "st": 0, "hs": "31", "hn": 0, "bbi": null, "bta": 18.66, "bwa": null, "fw": null, "bbad": null}, {"tt": "no result batting first", "sp": "2018-2018", "mt": 1, "pr": "batting_fielding_first=1;result=5", "rn": 2, "wk": null, "ct": null, "st": null, "hs": "2", "hn": 0, "bbi": null, "bta": 2, "bwa": null, "fw": null, "bbad": null}, {"tt": "no result fielding first", "sp": "2020-2020", "mt": 1, "pr": "batting_fielding_first=2;result=5", "rn": null, "wk": null, "ct": 0, "st": 0, "hs": null, "hn": null, "bbi": null, "bta": null, "bwa": null, "fw": null, "bbad": null}]}, {"type": "TOURNAMENT_TYPE", "stats": [{"tt": "2 team series", "sp": "2009-2021", "mt": 76, "pr": "tournament_type=2", "rn": 2272, "wk": 0, "ct": 40, "st": 0, "hs": "101*", "hn": 1, "bbi": "-", "bta": 33.41, "bwa": null, "fw": 0, "bbad": null}, {"tt": "3-4 team tournaments", "sp": "2018-2018", "mt": 5, "pr": "tournament_type=3", "rn": 258, "wk": null, "ct": 3, "st": 0, "hs": "105", "hn": 1, "bbi": null, "bta": 51.6, "bwa": null, "fw": null, "bbad": null}, {"tt": "5+ team tournaments", "sp": "2009-2016", "mt": 21, "pr": "tournament_type=5", "rn": 409, "wk": null, "ct": 15, "st": 0, "hs": "80", "hn": 0, "bbi": null, "bta": 22.72, "bwa": null, "fw": null, "bbad": null}]}, {"type": "MATCH_NUMBER", "stats": [{"tt": "only match in series", "sp": "2009-2019", "mt": 5, "pr": "match_number=0", "rn": 40, "wk": null, "ct": 2, "st": 0, "hs": "33", "hn": 0, "bbi": null, "bta": 10, "bwa": null, "fw": null, "bbad": null}, {"tt": "1st match in series", "sp": "2009-2021", "mt": 26, "pr": "match_number=1", "rn": 695, "wk": 0, "ct": 16, "st": 0, "hs": "91*", "hn": 0, "bbi": "-", "bta": 30.21, "bwa": null, "fw": 0, "bbad": null}, {"tt": "2nd match in series", "sp": "2009-2021", "mt": 25, "pr": "match_number=2", "rn": 932, "wk": null, "ct": 12, "st": 0, "hs": "101*", "hn": 1, "bbi": null, "bta": 42.36, "bwa": null, "fw": null, "bbad": null}, {"tt": "3rd match in series", "sp": "2010-2021", "mt": 14, "pr": "match_number=3", "rn": 444, "wk": null, "ct": 6, "st": 0, "hs": "63", "hn": 0, "bbi": null, "bta": 34.15, "bwa": null, "fw": null, "bbad": null}, {"tt": "4th match in series", "sp": "2019-2021", "mt": 3, "pr": "match_number=4", "rn": 38, "wk": null, "ct": 1, "st": 0, "hs": "27", "hn": 0, "bbi": null, "bta": 12.66, "bwa": null, "fw": null, "bbad": null}, {"tt": "5th match in series", "sp": "2019-2021", "mt": 3, "pr": "match_number=5", "rn": 123, "wk": null, "ct": 3, "st": 0, "hs": "71", "hn": 0, "bbi": null, "bta": 41, "bwa": null, "fw": null, "bbad": null}]}, {"type": "MAJOR_TROPHY", "stats": [{"tt": "Men's T20 World Cup", "sp": "2009-2016", "mt": 21, "pr": "trophy=89", "rn": 409, "wk": null, "ct": 15, "st": 0, "hs": "80", "hn": 0, "bbi": null, "bta": 22.72, "bwa": null, "fw": null, "bbad": null}]}, {"type": "FINAL_TYPE", "stats": [{"tt": "tournament finals", "sp": "2018-2018", "mt": 1, "pr": "final_type=1", "rn": 21, "wk": null, "ct": 0, "st": 0, "hs": "21", "hn": 0, "bbi": null, "bta": 21, "bwa": null, "fw": null, "bbad": null}, {"tt": "tournament semi-finals", "sp": "2016-2016", "mt": 1, "pr": "final_type=3", "rn": 15, "wk": null, "ct": 0, "st": 0, "hs": "15", "hn": 0, "bbi": null, "bta": 15, "bwa": null, "fw": null, "bbad": null}, {"tt": "preliminary matches", "sp": "2009-2018", "mt": 24, "pr": "final_type=0", "rn": 631, "wk": null, "ct": 18, "st": 0, "hs": "105", "hn": 1, "bbi": null, "bta": 30.04, "bwa": null, "fw": null, "bbad": null}]}]}}