{"summary": {"recordClassId": 2, "type": "FIELDING", "groups": [{"type": "CAREER_AVERAGES", "stats": [{"tt": "overview", "sp": "2009-2021", "mt": 186, "in": 184, "pr": null, "ds": 93, "ct": 93, "st": 0, "ck": 0, "cf": 93, "mds": "4 (4ct 0st)", "dspi": 0.505}]}, {"type": "OPPOSITION_TEAM", "stats": [{"tt": "vs Afghanistan", "sp": "2015-2019", "mt": 2, "in": 2, "pr": "opposition=40", "ds": 3, "ct": 3, "st": 0, "ck": 0, "cf": 3, "mds": "2 (2ct 0st)", "dspi": 1.5}, {"tt": "vs Australia", "sp": "2009-2020", "mt": 25, "in": 25, "pr": "opposition=2", "ds": 13, "ct": 13, "st": 0, "ck": 0, "cf": 13, "mds": "2 (2ct 0st)", "dspi": 0.52}, {"tt": "vs Bangladesh", "sp": "2010-2021", "mt": 15, "in": 15, "pr": "opposition=25", "ds": 6, "ct": 6, "st": 0, "ck": 0, "cf": 6, "mds": "2 (2ct 0st)", "dspi": 0.4}, {"tt": "vs Canada", "sp": "2011-2011", "mt": 1, "in": 1, "pr": "opposition=17", "ds": 0, "ct": 0, "st": 0, "ck": 0, "cf": 0, "mds": "0", "dspi": 0}, {"tt": "vs England", "sp": "2009-2019", "mt": 20, "in": 20, "pr": "opposition=1", "ds": 12, "ct": 12, "st": 0, "ck": 0, "cf": 12, "mds": "2 (2ct 0st)", "dspi": 0.6}, {"tt": "vs India", "sp": "2009-2020", "mt": 34, "in": 34, "pr": "opposition=6", "ds": 12, "ct": 12, "st": 0, "ck": 0, "cf": 12, "mds": "2 (2ct 0st)", "dspi": 0.352}, {"tt": "vs Kenya", "sp": "2011-2011", "mt": 1, "in": 1, "pr": "opposition=26", "ds": 0, "ct": 0, "st": 0, "ck": 0, "cf": 0, "mds": "0", "dspi": 0}, {"tt": "vs Pakistan", "sp": "2009-2019", "mt": 24, "in": 24, "pr": "opposition=7", "ds": 20, "ct": 20, "st": 0, "ck": 0, "cf": 20, "mds": "4 (4ct 0st)", "dspi": 0.833}, {"tt": "vs Scotland", "sp": "2015-2015", "mt": 1, "in": 1, "pr": "opposition=30", "ds": 0, "ct": 0, "st": 0, "ck": 0, "cf": 0, "mds": "0", "dspi": 0}, {"tt": "vs South Africa", "sp": "2009-2019", "mt": 18, "in": 18, "pr": "opposition=3", "ds": 7, "ct": 7, "st": 0, "ck": 0, "cf": 7, "mds": "2 (2ct 0st)", "dspi": 0.388}, {"tt": "vs Sri Lanka", "sp": "2009-2019", "mt": 23, "in": 21, "pr": "opposition=8", "ds": 9, "ct": 9, "st": 0, "ck": 0, "cf": 9, "mds": "2 (2ct 0st)", "dspi": 0.428}, {"tt": "vs West Indies", "sp": "2009-2019", "mt": 13, "in": 13, "pr": "opposition=4", "ds": 8, "ct": 8, "st": 0, "ck": 0, "cf": 8, "mds": "2 (2ct 0st)", "dspi": 0.615}, {"tt": "vs Zimbabwe", "sp": "2011-2015", "mt": 9, "in": 9, "pr": "opposition=9", "ds": 3, "ct": 3, "st": 0, "ck": 0, "cf": 3, "mds": "2 (2ct 0st)", "dspi": 0.333}]}, {"type": "HOST_COUNTRY", "stats": [{"tt": "in Australia", "sp": "2009-2020", "mt": 10, "in": 10, "pr": "host=2", "ds": 4, "ct": 4, "st": 0, "ck": 0, "cf": 4, "mds": "1 (1ct 0st)", "dspi": 0.4}, {"tt": "in Bangladesh", "sp": "2011-2011", "mt": 1, "in": 1, "pr": "host=25", "ds": 0, "ct": 0, "st": 0, "ck": 0, "cf": 0, "mds": "0", "dspi": 0}, {"tt": "in England", "sp": "2013-2019", "mt": 24, "in": 24, "pr": "host=1", "ds": 16, "ct": 16, "st": 0, "ck": 0, "cf": 16, "mds": "2 (2ct 0st)", "dspi": 0.666}, {"tt": "in India", "sp": "2010-2017", "mt": 18, "in": 18, "pr": "host=6", "ds": 5, "ct": 5, "st": 0, "ck": 0, "cf": 5, "mds": "1 (1ct 0st)", "dspi": 0.277}, {"tt": "in New Zealand", "sp": "2009-2021", "mt": 99, "in": 97, "pr": "host=5", "ds": 47, "ct": 47, "st": 0, "ck": 0, "cf": 47, "mds": "4 (4ct 0st)", "dspi": 0.484}, {"tt": "in South Africa", "sp": "2009-2015", "mt": 11, "in": 11, "pr": "host=3", "ds": 7, "ct": 7, "st": 0, "ck": 0, "cf": 7, "mds": "2 (2ct 0st)", "dspi": 0.636}, {"tt": "in Sri Lanka", "sp": "2009-2011", "mt": 7, "in": 7, "pr": "host=8", "ds": 3, "ct": 3, "st": 0, "ck": 0, "cf": 3, "mds": "2 (2ct 0st)", "dspi": 0.428}, {"tt": "in U.A.E.", "sp": "2009-2014", "mt": 6, "in": 6, "pr": "host=27", "ds": 4, "ct": 4, "st": 0, "ck": 0, "cf": 4, "mds": "3 (3ct 0st)", "dspi": 0.666}, {"tt": "in West Indies", "sp": "2012-2012", "mt": 5, "in": 5, "pr": "host=4", "ds": 4, "ct": 4, "st": 0, "ck": 0, "cf": 4, "mds": "2 (2ct 0st)", "dspi": 0.8}, {"tt": "in Zimbabwe", "sp": "2011-2015", "mt": 5, "in": 5, "pr": "host=9", "ds": 3, "ct": 3, "st": 0, "ck": 0, "cf": 3, "mds": "2 (2ct 0st)", "dspi": 0.6}]}, {"type": "CONTINENT", "stats": [{"tt": "in Africa", "sp": "2009-2015", "mt": 16, "in": 16, "pr": "continent=1", "ds": 10, "ct": 10, "st": 0, "ck": 0, "cf": 10, "mds": "2 (2ct 0st)", "dspi": 0.625}, {"tt": "in Americas", "sp": "2012-2012", "mt": 5, "in": 5, "pr": "continent=3", "ds": 4, "ct": 4, "st": 0, "ck": 0, "cf": 4, "mds": "2 (2ct 0st)", "dspi": 0.8}, {"tt": "in Asia", "sp": "2009-2017", "mt": 32, "in": 32, "pr": "continent=2", "ds": 12, "ct": 12, "st": 0, "ck": 0, "cf": 12, "mds": "3 (3ct 0st)", "dspi": 0.375}, {"tt": "in Europe", "sp": "2013-2019", "mt": 24, "in": 24, "pr": "continent=4", "ds": 16, "ct": 16, "st": 0, "ck": 0, "cf": 16, "mds": "2 (2ct 0st)", "dspi": 0.666}, {"tt": "in Oceania", "sp": "2009-2021", "mt": 109, "in": 107, "pr": "continent=5", "ds": 51, "ct": 51, "st": 0, "ck": 0, "cf": 51, "mds": "4 (4ct 0st)", "dspi": 0.476}]}, {"type": "HOME_OR_AWAY", "stats": [{"tt": "home", "sp": "2009-2021", "mt": 99, "in": 97, "pr": "home_or_away=1", "ds": 47, "ct": 47, "st": 0, "ck": 0, "cf": 47, "mds": "4 (4ct 0st)", "dspi": 0.484}, {"tt": "away", "sp": "2009-2020", "mt": 55, "in": 55, "pr": "home_or_away=2", "ds": 28, "ct": 28, "st": 0, "ck": 0, "cf": 28, "mds": "2 (2ct 0st)", "dspi": 0.509}, {"tt": "neutral", "sp": "2009-2019", "mt": 32, "in": 32, "pr": "home_or_away=3", "ds": 18, "ct": 18, "st": 0, "ck": 0, "cf": 18, "mds": "3 (3ct 0st)", "dspi": 0.562}]}, {"type": "YEAR", "stats": [{"tt": "year 2009", "sp": null, "mt": 22, "in": 22, "pr": "year=2009", "ds": 11, "ct": 11, "st": 0, "ck": 0, "cf": 11, "mds": "3 (3ct 0st)", "dspi": 0.5}, {"tt": "year 2010", "sp": null, "mt": 16, "in": 16, "pr": "year=2010", "ds": 6, "ct": 6, "st": 0, "ck": 0, "cf": 6, "mds": "2 (2ct 0st)", "dspi": 0.375}, {"tt": "year 2011", "sp": null, "mt": 16, "in": 16, "pr": "year=2011", "ds": 2, "ct": 2, "st": 0, "ck": 0, "cf": 2, "mds": "1 (1ct 0st)", "dspi": 0.125}, {"tt": "year 2012", "sp": null, "mt": 11, "in": 11, "pr": "year=2012", "ds": 5, "ct": 5, "st": 0, "ck": 0, "cf": 5, "mds": "2 (2ct 0st)", "dspi": 0.454}, {"tt": "year 2013", "sp": null, "mt": 11, "in": 11, "pr": "year=2013", "ds": 7, "ct": 7, "st": 0, "ck": 0, "cf": 7, "mds": "2 (2ct 0st)", "dspi": 0.636}, {"tt": "year 2014", "sp": null, "mt": 14, "in": 14, "pr": "year=2014", "ds": 7, "ct": 7, "st": 0, "ck": 0, "cf": 7, "mds": "2 (2ct 0st)", "dspi": 0.5}, {"tt": "year 2015", "sp": null, "mt": 32, "in": 31, "pr": "year=2015", "ds": 21, "ct": 21, "st": 0, "ck": 0, "cf": 21, "mds": "3 (3ct 0st)", "dspi": 0.677}, {"tt": "year 2016", "sp": null, "mt": 18, "in": 17, "pr": "year=2016", "ds": 9, "ct": 9, "st": 0, "ck": 0, "cf": 9, "mds": "4 (4ct 0st)", "dspi": 0.529}, {"tt": "year 2017", "sp": null, "mt": 9, "in": 9, "pr": "year=2017", "ds": 2, "ct": 2, "st": 0, "ck": 0, "cf": 2, "mds": "1 (1ct 0st)", "dspi": 0.222}, {"tt": "year 2018", "sp": null, "mt": 10, "in": 10, "pr": "year=2018", "ds": 6, "ct": 6, "st": 0, "ck": 0, "cf": 6, "mds": "2 (2ct 0st)", "dspi": 0.6}, {"tt": "year 2019", "sp": null, "mt": 20, "in": 20, "pr": "year=2019", "ds": 14, "ct": 14, "st": 0, "ck": 0, "cf": 14, "mds": "2 (2ct 0st)", "dspi": 0.7}, {"tt": "year 2020", "sp": null, "mt": 4, "in": 4, "pr": "year=2020", "ds": 1, "ct": 1, "st": 0, "ck": 0, "cf": 1, "mds": "1 (1ct 0st)", "dspi": 0.25}, {"tt": "year 2021", "sp": null, "mt": 3, "in": 3, "pr": "year=2021", "ds": 2, "ct": 2, "st": 0, "ck": 0, "cf": 2, "mds": "1 (1ct 0st)", "dspi": 0.666}]}, {"type": "SEASON", "stats": [{"tt": "season 2008/09", "sp": null, "mt": 12, "in": 12, "pr": "season=2008/09", "ds": 3, "ct": 3, "st": 0, "ck": 0, "cf": 3, "mds": "1 (1ct 0st)", "dspi": 0.25}, {"tt": "season 2009", "sp": null, "mt": 2, "in": 2, "pr": "season=2009", "ds": 2, "ct": 2, "st": 0, "ck": 0, "cf": 2, "mds": "2 (2ct 0st)", "dspi": 1}, {"tt": "season 2009/10", "sp": null, "mt": 16, "in": 16, "pr": "season=2009/10", "ds": 10, "ct": 10, "st": 0, "ck": 0, "cf": 10, "mds": "3 (3ct 0st)", "dspi": 0.625}, {"tt": "season 2010", "sp": null, "mt": 3, "in": 3, "pr": "season=2010", "ds": 1, "ct": 1, "st": 0, "ck": 0, "cf": 1, "mds": "1 (1ct 0st)", "dspi": 0.333}, {"tt": "season 2010/11", "sp": null, "mt": 19, "in": 19, "pr": "season=2010/11", "ds": 3, "ct": 3, "st": 0, "ck": 0, "cf": 3, "mds": "1 (1ct 0st)", "dspi": 0.157}, {"tt": "season 2011/12", "sp": null, "mt": 8, "in": 8, "pr": "season=2011/12", "ds": 1, "ct": 1, "st": 0, "ck": 0, "cf": 1, "mds": "1 (1ct 0st)", "dspi": 0.125}, {"tt": "season 2012", "sp": null, "mt": 5, "in": 5, "pr": "season=2012", "ds": 4, "ct": 4, "st": 0, "ck": 0, "cf": 4, "mds": "2 (2ct 0st)", "dspi": 0.8}, {"tt": "season 2012/13", "sp": null, "mt": 4, "in": 4, "pr": "season=2012/13", "ds": 5, "ct": 5, "st": 0, "ck": 0, "cf": 5, "mds": "2 (2ct 0st)", "dspi": 1.25}, {"tt": "season 2013", "sp": null, "mt": 6, "in": 6, "pr": "season=2013", "ds": 2, "ct": 2, "st": 0, "ck": 0, "cf": 2, "mds": "1 (1ct 0st)", "dspi": 0.333}, {"tt": "season 2013/14", "sp": null, "mt": 9, "in": 9, "pr": "season=2013/14", "ds": 5, "ct": 5, "st": 0, "ck": 0, "cf": 5, "mds": "2 (2ct 0st)", "dspi": 0.555}, {"tt": "season 2014/15", "sp": null, "mt": 24, "in": 23, "pr": "season=2014/15", "ds": 13, "ct": 13, "st": 0, "ck": 0, "cf": 13, "mds": "3 (3ct 0st)", "dspi": 0.565}, {"tt": "season 2015", "sp": null, "mt": 11, "in": 11, "pr": "season=2015", "ds": 10, "ct": 10, "st": 0, "ck": 0, "cf": 10, "mds": "2 (2ct 0st)", "dspi": 0.909}, {"tt": "season 2015/16", "sp": null, "mt": 10, "in": 9, "pr": "season=2015/16", "ds": 7, "ct": 7, "st": 0, "ck": 0, "cf": 7, "mds": "4 (4ct 0st)", "dspi": 0.777}, {"tt": "season 2016/17", "sp": null, "mt": 14, "in": 14, "pr": "season=2016/17", "ds": 2, "ct": 2, "st": 0, "ck": 0, "cf": 2, "mds": "1 (1ct 0st)", "dspi": 0.142}, {"tt": "season 2017", "sp": null, "mt": 3, "in": 3, "pr": "season=2017", "ds": 0, "ct": 0, "st": 0, "ck": 0, "cf": 0, "mds": "0", "dspi": 0}, {"tt": "season 2017/18", "sp": null, "mt": 13, "in": 13, "pr": "season=2017/18", "ds": 8, "ct": 8, "st": 0, "ck": 0, "cf": 8, "mds": "2 (2ct 0st)", "dspi": 0.615}, {"tt": "season 2018/19", "sp": null, "mt": 10, "in": 10, "pr": "season=2018/19", "ds": 6, "ct": 6, "st": 0, "ck": 0, "cf": 6, "mds": "2 (2ct 0st)", "dspi": 0.6}, {"tt": "season 2019", "sp": null, "mt": 10, "in": 10, "pr": "season=2019", "ds": 8, "ct": 8, "st": 0, "ck": 0, "cf": 8, "mds": "2 (2ct 0st)", "dspi": 0.8}, {"tt": "season 2019/20", "sp": null, "mt": 4, "in": 4, "pr": "season=2019/20", "ds": 1, "ct": 1, "st": 0, "ck": 0, "cf": 1, "mds": "1 (1ct 0st)", "dspi": 0.25}, {"tt": "season 2020/21", "sp": null, "mt": 3, "in": 3, "pr": "season=2020/21", "ds": 2, "ct": 2, "st": 0, "ck": 0, "cf": 2, "mds": "1 (1ct 0st)", "dspi": 0.666}]}, {"type": "CAPTAINS_INVOLVED", "stats": [{"tt": "*TWM Latham", "sp": "2019-2021", "mt": 6, "in": 6, "pr": "captain_involve=59148", "ds": 4, "ct": 4, "st": 0, "ck": 0, "cf": 4, "mds": "2 (2ct 0st)", "dspi": 0.666}, {"tt": "*BB McCullum", "sp": "2009-2016", "mt": 58, "in": 57, "pr": "captain_involve=10384", "ds": 38, "ct": 38, "st": 0, "ck": 0, "cf": 38, "mds": "4 (4ct 0st)", "dspi": 0.666}, {"tt": "*TG Southee", "sp": "2018-2018", "mt": 1, "in": 1, "pr": "captain_involve=49108", "ds": 0, "ct": 0, "st": 0, "ck": 0, "cf": 0, "mds": "0", "dspi": 0}, {"tt": "*LRPL Taylor", "sp": "2010-2012", "mt": 14, "in": 14, "pr": "captain_involve=44930", "ds": 8, "ct": 8, "st": 0, "ck": 0, "cf": 8, "mds": "2 (2ct 0st)", "dspi": 0.571}, {"tt": "*DL Vettori", "sp": "2009-2011", "mt": 40, "in": 40, "pr": "captain_involve=4380", "ds": 15, "ct": 15, "st": 0, "ck": 0, "cf": 15, "mds": "3 (3ct 0st)", "dspi": 0.375}, {"tt": "*KS Williamson", "sp": "2012-2020", "mt": 67, "in": 66, "pr": "captain_involve=51088", "ds": 28, "ct": 28, "st": 0, "ck": 0, "cf": 28, "mds": "2 (2ct 0st)", "dspi": 0.424}]}, {"type": "CAPTAIN", "stats": [{"tt": "is not captain", "sp": "2009-2021", "mt": 186, "in": 184, "pr": "captain=0", "ds": 93, "ct": 93, "st": 0, "ck": 0, "cf": 93, "mds": "4 (4ct 0st)", "dspi": 0.505}]}, {"type": "KEEPER", "stats": [{"tt": "is not keeper", "sp": "2009-2021", "mt": 186, "in": 184, "pr": "keeper=0", "ds": 93, "ct": 93, "st": 0, "ck": 0, "cf": 93, "mds": "4 (4ct 0st)", "dspi": 0.505}]}, {"type": "TOSS", "stats": [{"tt": "won the toss", "sp": "2009-2021", "mt": 88, "in": 88, "pr": "toss=1", "ds": 43, "ct": 43, "st": 0, "ck": 0, "cf": 43, "mds": "3 (3ct 0st)", "dspi": 0.488}, {"tt": "lost the toss", "sp": "2009-2020", "mt": 98, "in": 96, "pr": "toss=2", "ds": 50, "ct": 50, "st": 0, "ck": 0, "cf": 50, "mds": "4 (4ct 0st)", "dspi": 0.52}]}, {"type": "BATTING_FIELDING_SEQUENCE_AND_TOSS", "stats": [{"tt": "won toss &amp; batted", "sp": "2009-2021", "mt": 45, "in": 45, "pr": "batting_fielding_first=1;toss=1", "ds": 21, "ct": 21, "st": 0, "ck": 0, "cf": 21, "mds": "3 (3ct 0st)", "dspi": 0.466}, {"tt": "won toss &amp; fielded", "sp": "2009-2021", "mt": 43, "in": 43, "pr": "batting_fielding_first=2;toss=1", "ds": 22, "ct": 22, "st": 0, "ck": 0, "cf": 22, "mds": "3 (3ct 0st)", "dspi": 0.511}, {"tt": "lost toss &amp; sent in", "sp": "2009-2020", "mt": 50, "in": 48, "pr": "batting_fielding_first=1;toss=2", "ds": 21, "ct": 21, "st": 0, "ck": 0, "cf": 21, "mds": "2 (2ct 0st)", "dspi": 0.437}, {"tt": "lost toss &amp; fielded", "sp": "2009-2020", "mt": 48, "in": 48, "pr": "batting_fielding_first=2;toss=2", "ds": 29, "ct": 29, "st": 0, "ck": 0, "cf": 29, "mds": "4 (4ct 0st)", "dspi": 0.604}]}, {"type": "BATTING_FIELDING_SEQUENCE", "stats": [{"tt": "matches batting first", "sp": "2009-2021", "mt": 95, "in": 93, "pr": "batting_fielding_first=1", "ds": 42, "ct": 42, "st": 0, "ck": 0, "cf": 42, "mds": "3 (3ct 0st)", "dspi": 0.451}, {"tt": "matches fielding first", "sp": "2009-2021", "mt": 91, "in": 91, "pr": "batting_fielding_first=2", "ds": 51, "ct": 51, "st": 0, "ck": 0, "cf": 51, "mds": "4 (4ct 0st)", "dspi": 0.56}]}, {"type": "TEAM_INNINGS", "stats": [{"tt": "1st team innings", "sp": "2009-2021", "mt": 184, "in": 184, "pr": "innings_number=2;innings_number=1", "ds": 93, "ct": 93, "st": 0, "ck": 0, "cf": 93, "mds": "4 (4ct 0st)", "dspi": 0.505}]}, {"type": "MATCH_INNINGS", "stats": [{"tt": "1st match innings", "sp": "2009-2021", "mt": 91, "in": 91, "pr": "innings_number=1", "ds": 51, "ct": 51, "st": 0, "ck": 0, "cf": 51, "mds": "4 (4ct 0st)", "dspi": 0.56}, {"tt": "2nd match innings", "sp": "2009-2021", "mt": 93, "in": 93, "pr": "innings_number=2", "ds": 42, "ct": 42, "st": 0, "ck": 0, "cf": 42, "mds": "3 (3ct 0st)", "dspi": 0.451}]}, {"type": "FLOODLIT", "stats": [{"tt": "day match", "sp": "2009-2021", "mt": 78, "in": 77, "pr": "floodlit=1", "ds": 37, "ct": 37, "st": 0, "ck": 0, "cf": 37, "mds": "4 (4ct 0st)", "dspi": 0.48}, {"tt": "day/night match", "sp": "2009-2021", "mt": 108, "in": 107, "pr": "floodlit=2", "ds": 56, "ct": 56, "st": 0, "ck": 0, "cf": 56, "mds": "3 (3ct 0st)", "dspi": 0.523}]}, {"type": "RESULT", "stats": [{"tt": "won match", "sp": "2009-2021", "mt": 102, "in": 102, "pr": "result=1", "ds": 58, "ct": 58, "st": 0, "ck": 0, "cf": 58, "mds": "4 (4ct 0st)", "dspi": 0.568}, {"tt": "lost match", "sp": "2009-2020", "mt": 73, "in": 73, "pr": "result=2", "ds": 33, "ct": 33, "st": 0, "ck": 0, "cf": 33, "mds": "2 (2ct 0st)", "dspi": 0.452}, {"tt": "tied match", "sp": "2014-2019", "mt": 2, "in": 2, "pr": "result=3", "ds": 2, "ct": 2, "st": 0, "ck": 0, "cf": 2, "mds": "2 (2ct 0st)", "dspi": 1}, {"tt": "no result", "sp": "2009-2017", "mt": 9, "in": 7, "pr": "result=5", "ds": 0, "ct": 0, "st": 0, "ck": 0, "cf": 0, "mds": "0", "dspi": 0}]}, {"type": "BATTING_FIELDING_SEQUENCE_AND_RESULT", "stats": [{"tt": "won batting first", "sp": "2009-2021", "mt": 50, "in": 50, "pr": "batting_fielding_first=1;result=1", "ds": 26, "ct": 26, "st": 0, "ck": 0, "cf": 26, "mds": "3 (3ct 0st)", "dspi": 0.52}, {"tt": "won fielding first", "sp": "2009-2021", "mt": 52, "in": 52, "pr": "batting_fielding_first=2;result=1", "ds": 32, "ct": 32, "st": 0, "ck": 0, "cf": 32, "mds": "4 (4ct 0st)", "dspi": 0.615}, {"tt": "lost batting first", "sp": "2009-2019", "mt": 39, "in": 39, "pr": "batting_fielding_first=1;result=2", "ds": 14, "ct": 14, "st": 0, "ck": 0, "cf": 14, "mds": "2 (2ct 0st)", "dspi": 0.358}, {"tt": "lost fielding first", "sp": "2009-2020", "mt": 34, "in": 34, "pr": "batting_fielding_first=2;result=2", "ds": 19, "ct": 19, "st": 0, "ck": 0, "cf": 19, "mds": "2 (2ct 0st)", "dspi": 0.558}, {"tt": "tied batting first", "sp": "2014-2019", "mt": 2, "in": 2, "pr": "batting_fielding_first=1;result=3", "ds": 2, "ct": 2, "st": 0, "ck": 0, "cf": 2, "mds": "2 (2ct 0st)", "dspi": 1}, {"tt": "no result batting first", "sp": "2009-2017", "mt": 4, "in": 2, "pr": "batting_fielding_first=1;result=5", "ds": 0, "ct": 0, "st": 0, "ck": 0, "cf": 0, "mds": "0", "dspi": 0}, {"tt": "no result fielding first", "sp": "2009-2014", "mt": 5, "in": 5, "pr": "batting_fielding_first=2;result=5", "ds": 0, "ct": 0, "st": 0, "ck": 0, "cf": 0, "mds": "0", "dspi": 0}]}, {"type": "TOURNAMENT_TYPE", "stats": [{"tt": "2 team series", "sp": "2009-2021", "mt": 145, "in": 143, "pr": "tournament_type=2", "ds": 74, "ct": 74, "st": 0, "ck": 0, "cf": 74, "mds": "4 (4ct 0st)", "dspi": 0.517}, {"tt": "3-4 team tournaments", "sp": "2009-2010", "mt": 5, "in": 5, "pr": "tournament_type=3", "ds": 3, "ct": 3, "st": 0, "ck": 0, "cf": 3, "mds": "2 (2ct 0st)", "dspi": 0.6}, {"tt": "5+ team tournaments", "sp": "2009-2021", "mt": 41, "in": 41, "pr": "tournament_type=5", "ds": 18, "ct": 18, "st": 0, "ck": 0, "cf": 18, "mds": "2 (2ct 0st)", "dspi": 0.439}]}, {"type": "MATCH_NUMBER", "stats": [{"tt": "only match in series", "sp": "2011-2015", "mt": 2, "in": 2, "pr": "match_number=0", "ds": 0, "ct": 0, "st": 0, "ck": 0, "cf": 0, "mds": "0", "dspi": 0}, {"tt": "1st match in series", "sp": "2009-2021", "mt": 38, "in": 38, "pr": "match_number=1", "ds": 18, "ct": 18, "st": 0, "ck": 0, "cf": 18, "mds": "3 (3ct 0st)", "dspi": 0.473}, {"tt": "2nd match in series", "sp": "2009-2021", "mt": 33, "in": 33, "pr": "match_number=2", "ds": 15, "ct": 15, "st": 0, "ck": 0, "cf": 15, "mds": "3 (3ct 0st)", "dspi": 0.454}, {"tt": "3rd match in series", "sp": "2009-2021", "mt": 34, "in": 33, "pr": "match_number=3", "ds": 19, "ct": 19, "st": 0, "ck": 0, "cf": 19, "mds": "4 (4ct 0st)", "dspi": 0.575}, {"tt": "4th match in series", "sp": "2009-2019", "mt": 18, "in": 17, "pr": "match_number=4", "ds": 10, "ct": 10, "st": 0, "ck": 0, "cf": 10, "mds": "2 (2ct 0st)", "dspi": 0.588}, {"tt": "5th match in series", "sp": "2009-2018", "mt": 17, "in": 17, "pr": "match_number=5", "ds": 11, "ct": 11, "st": 0, "ck": 0, "cf": 11, "mds": "2 (2ct 0st)", "dspi": 0.647}, {"tt": "6th match in series", "sp": "2011-2015", "mt": 2, "in": 2, "pr": "match_number=6", "ds": 1, "ct": 1, "st": 0, "ck": 0, "cf": 1, "mds": "1 (1ct 0st)", "dspi": 0.5}, {"tt": "7th match in series", "sp": "2015-2015", "mt": 1, "in": 1, "pr": "match_number=7", "ds": 0, "ct": 0, "st": 0, "ck": 0, "cf": 0, "mds": "0", "dspi": 0}]}, {"type": "MAJOR_TROPHY", "stats": [{"tt": "World Cup", "sp": "2011-2019", "mt": 27, "in": 27, "pr": "trophy=12", "ds": 13, "ct": 13, "st": 0, "ck": 0, "cf": 13, "mds": "2 (2ct 0st)", "dspi": 0.481}, {"tt": "Chappell-Hadlee", "sp": "2009-2020", "mt": 20, "in": 20, "pr": "trophy=65", "ds": 11, "ct": 11, "st": 0, "ck": 0, "cf": 11, "mds": "2 (2ct 0st)", "dspi": 0.55}, {"tt": "ICC Champions Trophy", "sp": "2009-2017", "mt": 11, "in": 11, "pr": "trophy=44", "ds": 3, "ct": 3, "st": 0, "ck": 0, "cf": 3, "mds": "2 (2ct 0st)", "dspi": 0.272}]}, {"type": "FINAL_TYPE", "stats": [{"tt": "tournament finals", "sp": "2009-2019", "mt": 3, "in": 3, "pr": "final_type=1", "ds": 0, "ct": 0, "st": 0, "ck": 0, "cf": 0, "mds": "0", "dspi": 0}, {"tt": "tournament semi-finals", "sp": "2009-2019", "mt": 4, "in": 4, "pr": "final_type=3", "ds": 2, "ct": 2, "st": 0, "ck": 0, "cf": 2, "mds": "1 (1ct 0st)", "dspi": 0.5}, {"tt": "tournament quarter-finals", "sp": "2011-2015", "mt": 2, "in": 2, "pr": "final_type=4", "ds": 2, "ct": 2, "st": 0, "ck": 0, "cf": 2, "mds": "2 (2ct 0st)", "dspi": 1}, {"tt": "preliminary matches", "sp": "2009-2021", "mt": 37, "in": 37, "pr": "final_type=0", "ds": 17, "ct": 17, "st": 0, "ck": 0, "cf": 17, "mds": "2 (2ct 0st)", "dspi": 0.459}]}]}}