{"summary": {"recordClassId": 2, "type": "BOWLING", "groups": [{"type": "CAREER_AVERAGES", "stats": [{"bl": null, "tt": "overview", "sp": "2009-2021", "mt": 186, "in": 11, "pr": null, "ov": 18.1, "cd": 98, "md": 0, "wk": 4, "fwk": 0, "fw": 0, "tw": 0, "bbi": "2/6", "bbm": "2/6", "bwa": 24.5, "bwe": 5.39, "bwsr": 27.2}]}, {"type": "OPPOSITION_TEAM", "stats": [{"bl": null, "tt": "vs Afghanistan", "sp": "2015-2019", "mt": 2, "in": null, "pr": "opposition=40", "ov": null, "cd": null, "md": null, "wk": null, "fwk": null, "fw": null, "tw": null, "bbi": null, "bbm": null, "bwa": null, "bwe": null, "bwsr": null}, {"bl": null, "tt": "vs Australia", "sp": "2009-2020", "mt": 25, "in": 1, "pr": "opposition=2", "ov": 2, "cd": 13, "md": 0, "wk": 0, "fwk": 0, "fw": 0, "tw": 0, "bbi": null, "bbm": null, "bwa": null, "bwe": 6.5, "bwsr": null}, {"bl": null, "tt": "vs Bangladesh", "sp": "2010-2021", "mt": 15, "in": 2, "pr": "opposition=25", "ov": 5.5, "cd": 15, "md": 0, "wk": 2, "fwk": 0, "fw": 0, "tw": 0, "bbi": "2/7", "bbm": "2/7", "bwa": 7.5, "bwe": 2.57, "bwsr": 17.5}, {"bl": null, "tt": "vs Canada", "sp": "2011-2011", "mt": 1, "in": null, "pr": "opposition=17", "ov": null, "cd": null, "md": null, "wk": null, "fwk": null, "fw": null, "tw": null, "bbi": null, "bbm": null, "bwa": null, "bwe": null, "bwsr": null}, {"bl": null, "tt": "vs England", "sp": "2009-2019", "mt": 20, "in": 1, "pr": "opposition=1", "ov": 1, "cd": 12, "md": 0, "wk": 0, "fwk": 0, "fw": 0, "tw": 0, "bbi": null, "bbm": null, "bwa": null, "bwe": 12, "bwsr": null}, {"bl": null, "tt": "vs India", "sp": "2009-2020", "mt": 34, "in": 2, "pr": "opposition=6", "ov": 3, "cd": 18, "md": 0, "wk": 2, "fwk": 0, "fw": 0, "tw": 0, "bbi": "2/6", "bbm": "2/6", "bwa": 9, "bwe": 6, "bwsr": 9}, {"bl": null, "tt": "vs Kenya", "sp": "2011-2011", "mt": 1, "in": null, "pr": "opposition=26", "ov": null, "cd": null, "md": null, "wk": null, "fwk": null, "fw": null, "tw": null, "bbi": null, "bbm": null, "bwa": null, "bwe": null, "bwsr": null}, {"bl": null, "tt": "vs Pakistan", "sp": "2009-2019", "mt": 24, "in": null, "pr": "opposition=7", "ov": null, "cd": null, "md": null, "wk": null, "fwk": null, "fw": null, "tw": null, "bbi": null, "bbm": null, "bwa": null, "bwe": null, "bwsr": null}, {"bl": null, "tt": "vs Scotland", "sp": "2015-2015", "mt": 1, "in": null, "pr": "opposition=30", "ov": null, "cd": null, "md": null, "wk": null, "fwk": null, "fw": null, "tw": null, "bbi": null, "bbm": null, "bwa": null, "bwe": null, "bwsr": null}, {"bl": null, "tt": "vs South Africa", "sp": "2009-2019", "mt": 18, "in": 2, "pr": "opposition=3", "ov": 3, "cd": 23, "md": 0, "wk": 0, "fwk": 0, "fw": 0, "tw": 0, "bbi": null, "bbm": null, "bwa": null, "bwe": 7.66, "bwsr": null}, {"bl": null, "tt": "vs Sri Lanka", "sp": "2009-2019", "mt": 23, "in": 1, "pr": "opposition=8", "ov": 1, "cd": 2, "md": 0, "wk": 0, "fwk": 0, "fw": 0, "tw": 0, "bbi": null, "bbm": null, "bwa": null, "bwe": 2, "bwsr": null}, {"bl": null, "tt": "vs West Indies", "sp": "2009-2019", "mt": 13, "in": 2, "pr": "opposition=4", "ov": 2.2, "cd": 15, "md": 0, "wk": 0, "fwk": 0, "fw": 0, "tw": 0, "bbi": null, "bbm": null, "bwa": null, "bwe": 6.42, "bwsr": null}, {"bl": null, "tt": "vs Zimbabwe", "sp": "2011-2015", "mt": 9, "in": null, "pr": "opposition=9", "ov": null, "cd": null, "md": null, "wk": null, "fwk": null, "fw": null, "tw": null, "bbi": null, "bbm": null, "bwa": null, "bwe": null, "bwsr": null}]}, {"type": "HOST_COUNTRY", "stats": [{"bl": null, "tt": "in Australia", "sp": "2009-2020", "mt": 10, "in": null, "pr": "host=2", "ov": null, "cd": null, "md": null, "wk": null, "fwk": null, "fw": null, "tw": null, "bbi": null, "bbm": null, "bwa": null, "bwe": null, "bwsr": null}, {"bl": null, "tt": "in Bangladesh", "sp": "2011-2011", "mt": 1, "in": null, "pr": "host=25", "ov": null, "cd": null, "md": null, "wk": null, "fwk": null, "fw": null, "tw": null, "bbi": null, "bbm": null, "bwa": null, "bwe": null, "bwsr": null}, {"bl": null, "tt": "in England", "sp": "2013-2019", "mt": 24, "in": 1, "pr": "host=1", "ov": 1, "cd": 12, "md": 0, "wk": 0, "fwk": 0, "fw": 0, "tw": 0, "bbi": null, "bbm": null, "bwa": null, "bwe": 12, "bwsr": null}, {"bl": null, "tt": "in India", "sp": "2010-2017", "mt": 18, "in": 1, "pr": "host=6", "ov": 1, "cd": 6, "md": 0, "wk": 2, "fwk": 0, "fw": 0, "tw": 0, "bbi": "2/6", "bbm": "2/6", "bwa": 3, "bwe": 6, "bwsr": 3}, {"bl": null, "tt": "in New Zealand", "sp": "2009-2021", "mt": 99, "in": 6, "pr": "host=5", "ov": 12.5, "cd": 53, "md": 0, "wk": 2, "fwk": 0, "fw": 0, "tw": 0, "bbi": "2/7", "bbm": "2/7", "bwa": 26.5, "bwe": 4.12, "bwsr": 38.5}, {"bl": null, "tt": "in South Africa", "sp": "2009-2015", "mt": 11, "in": 1, "pr": "host=3", "ov": 1, "cd": 13, "md": 0, "wk": 0, "fwk": 0, "fw": 0, "tw": 0, "bbi": null, "bbm": null, "bwa": null, "bwe": 13, "bwsr": null}, {"bl": null, "tt": "in Sri Lanka", "sp": "2009-2011", "mt": 7, "in": 1, "pr": "host=8", "ov": 2, "cd": 12, "md": 0, "wk": 0, "fwk": 0, "fw": 0, "tw": 0, "bbi": null, "bbm": null, "bwa": null, "bwe": 6, "bwsr": null}, {"bl": null, "tt": "in U.A.E.", "sp": "2009-2014", "mt": 6, "in": null, "pr": "host=27", "ov": null, "cd": null, "md": null, "wk": null, "fwk": null, "fw": null, "tw": null, "bbi": null, "bbm": null, "bwa": null, "bwe": null, "bwsr": null}, {"bl": null, "tt": "in West Indies", "sp": "2012-2012", "mt": 5, "in": 1, "pr": "host=4", "ov": 0.2, "cd": 2, "md": 0, "wk": 0, "fwk": 0, "fw": 0, "tw": 0, "bbi": null, "bbm": null, "bwa": null, "bwe": 6, "bwsr": null}, {"bl": null, "tt": "in Zimbabwe", "sp": "2011-2015", "mt": 5, "in": null, "pr": "host=9", "ov": null, "cd": null, "md": null, "wk": null, "fwk": null, "fw": null, "tw": null, "bbi": null, "bbm": null, "bwa": null, "bwe": null, "bwsr": null}]}, {"type": "CONTINENT", "stats": [{"bl": null, "tt": "in Africa", "sp": "2009-2015", "mt": 16, "in": 1, "pr": "continent=1", "ov": 1, "cd": 13, "md": 0, "wk": 0, "fwk": 0, "fw": 0, "tw": 0, "bbi": null, "bbm": null, "bwa": null, "bwe": 13, "bwsr": null}, {"bl": null, "tt": "in Americas", "sp": "2012-2012", "mt": 5, "in": 1, "pr": "continent=3", "ov": 0.2, "cd": 2, "md": 0, "wk": 0, "fwk": 0, "fw": 0, "tw": 0, "bbi": null, "bbm": null, "bwa": null, "bwe": 6, "bwsr": null}, {"bl": null, "tt": "in Asia", "sp": "2009-2017", "mt": 32, "in": 2, "pr": "continent=2", "ov": 3, "cd": 18, "md": 0, "wk": 2, "fwk": 0, "fw": 0, "tw": 0, "bbi": "2/6", "bbm": "2/6", "bwa": 9, "bwe": 6, "bwsr": 9}, {"bl": null, "tt": "in Europe", "sp": "2013-2019", "mt": 24, "in": 1, "pr": "continent=4", "ov": 1, "cd": 12, "md": 0, "wk": 0, "fwk": 0, "fw": 0, "tw": 0, "bbi": null, "bbm": null, "bwa": null, "bwe": 12, "bwsr": null}, {"bl": null, "tt": "in Oceania", "sp": "2009-2021", "mt": 109, "in": 6, "pr": "continent=5", "ov": 12.5, "cd": 53, "md": 0, "wk": 2, "fwk": 0, "fw": 0, "tw": 0, "bbi": "2/7", "bbm": "2/7", "bwa": 26.5, "bwe": 4.12, "bwsr": 38.5}]}, {"type": "HOME_OR_AWAY", "stats": [{"bl": null, "tt": "home", "sp": "2009-2021", "mt": 99, "in": 6, "pr": "home_or_away=1", "ov": 12.5, "cd": 53, "md": 0, "wk": 2, "fwk": 0, "fw": 0, "tw": 0, "bbi": "2/7", "bbm": "2/7", "bwa": 26.5, "bwe": 4.12, "bwsr": 38.5}, {"bl": null, "tt": "away", "sp": "2009-2020", "mt": 55, "in": 4, "pr": "home_or_away=2", "ov": 3.2, "cd": 33, "md": 0, "wk": 2, "fwk": 0, "fw": 0, "tw": 0, "bbi": "2/6", "bbm": "2/6", "bwa": 16.5, "bwe": 9.9, "bwsr": 10}, {"bl": null, "tt": "neutral", "sp": "2009-2019", "mt": 32, "in": 1, "pr": "home_or_away=3", "ov": 2, "cd": 12, "md": 0, "wk": 0, "fwk": 0, "fw": 0, "tw": 0, "bbi": null, "bbm": null, "bwa": null, "bwe": 6, "bwsr": null}]}, {"type": "YEAR", "stats": [{"bl": null, "tt": "year 2009", "sp": null, "mt": 22, "in": 2, "pr": "year=2009", "ov": 3, "cd": 25, "md": 0, "wk": 0, "fwk": 0, "fw": 0, "tw": 0, "bbi": null, "bbm": null, "bwa": null, "bwe": 8.33, "bwsr": null}, {"bl": null, "tt": "year 2010", "sp": null, "mt": 16, "in": 3, "pr": "year=2010", "ov": 7.5, "cd": 28, "md": 0, "wk": 2, "fwk": 0, "fw": 0, "tw": 0, "bbi": "2/7", "bbm": "2/7", "bwa": 14, "bwe": 3.57, "bwsr": 23.5}, {"bl": null, "tt": "year 2011", "sp": null, "mt": 16, "in": null, "pr": "year=2011", "ov": null, "cd": null, "md": null, "wk": null, "fwk": null, "fw": null, "tw": null, "bbi": null, "bbm": null, "bwa": null, "bwe": null, "bwsr": null}, {"bl": null, "tt": "year 2012", "sp": null, "mt": 11, "in": 1, "pr": "year=2012", "ov": 0.2, "cd": 2, "md": 0, "wk": 0, "fwk": 0, "fw": 0, "tw": 0, "bbi": null, "bbm": null, "bwa": null, "bwe": 6, "bwsr": null}, {"bl": null, "tt": "year 2013", "sp": null, "mt": 11, "in": null, "pr": "year=2013", "ov": null, "cd": null, "md": null, "wk": null, "fwk": null, "fw": null, "tw": null, "bbi": null, "bbm": null, "bwa": null, "bwe": null, "bwsr": null}, {"bl": null, "tt": "year 2014", "sp": null, "mt": 14, "in": 2, "pr": "year=2014", "ov": 4, "cd": 23, "md": 0, "wk": 0, "fwk": 0, "fw": 0, "tw": 0, "bbi": null, "bbm": null, "bwa": null, "bwe": 5.75, "bwsr": null}, {"bl": null, "tt": "year 2015", "sp": null, "mt": 32, "in": 2, "pr": "year=2015", "ov": 2, "cd": 14, "md": 0, "wk": 0, "fwk": 0, "fw": 0, "tw": 0, "bbi": null, "bbm": null, "bwa": null, "bwe": 7, "bwsr": null}, {"bl": null, "tt": "year 2016", "sp": null, "mt": 18, "in": 1, "pr": "year=2016", "ov": 1, "cd": 6, "md": 0, "wk": 2, "fwk": 0, "fw": 0, "tw": 0, "bbi": "2/6", "bbm": "2/6", "bwa": 3, "bwe": 6, "bwsr": 3}, {"bl": null, "tt": "year 2017", "sp": null, "mt": 9, "in": null, "pr": "year=2017", "ov": null, "cd": null, "md": null, "wk": null, "fwk": null, "fw": null, "tw": null, "bbi": null, "bbm": null, "bwa": null, "bwe": null, "bwsr": null}, {"bl": null, "tt": "year 2018", "sp": null, "mt": 10, "in": null, "pr": "year=2018", "ov": null, "cd": null, "md": null, "wk": null, "fwk": null, "fw": null, "tw": null, "bbi": null, "bbm": null, "bwa": null, "bwe": null, "bwsr": null}, {"bl": null, "tt": "year 2019", "sp": null, "mt": 20, "in": null, "pr": "year=2019", "ov": null, "cd": null, "md": null, "wk": null, "fwk": null, "fw": null, "tw": null, "bbi": null, "bbm": null, "bwa": null, "bwe": null, "bwsr": null}, {"bl": null, "tt": "year 2020", "sp": null, "mt": 4, "in": null, "pr": "year=2020", "ov": null, "cd": null, "md": null, "wk": null, "fwk": null, "fw": null, "tw": null, "bbi": null, "bbm": null, "bwa": null, "bwe": null, "bwsr": null}, {"bl": null, "tt": "year 2021", "sp": null, "mt": 3, "in": null, "pr": "year=2021", "ov": null, "cd": null, "md": null, "wk": null, "fwk": null, "fw": null, "tw": null, "bbi": null, "bbm": null, "bwa": null, "bwe": null, "bwsr": null}]}, {"type": "SEASON", "stats": [{"bl": null, "tt": "season 2008/09", "sp": null, "mt": 12, "in": null, "pr": "season=2008/09", "ov": null, "cd": null, "md": null, "wk": null, "fwk": null, "fw": null, "tw": null, "bbi": null, "bbm": null, "bwa": null, "bwe": null, "bwsr": null}, {"bl": null, "tt": "season 2009", "sp": null, "mt": 2, "in": 1, "pr": "season=2009", "ov": 2, "cd": 12, "md": 0, "wk": 0, "fwk": 0, "fw": 0, "tw": 0, "bbi": null, "bbm": null, "bwa": null, "bwe": 6, "bwsr": null}, {"bl": null, "tt": "season 2009/10", "sp": null, "mt": 16, "in": 4, "pr": "season=2009/10", "ov": 8.5, "cd": 41, "md": 0, "wk": 2, "fwk": 0, "fw": 0, "tw": 0, "bbi": "2/7", "bbm": "2/7", "bwa": 20.5, "bwe": 4.64, "bwsr": 26.5}, {"bl": null, "tt": "season 2010", "sp": null, "mt": 3, "in": null, "pr": "season=2010", "ov": null, "cd": null, "md": null, "wk": null, "fwk": null, "fw": null, "tw": null, "bbi": null, "bbm": null, "bwa": null, "bwe": null, "bwsr": null}, {"bl": null, "tt": "season 2010/11", "sp": null, "mt": 19, "in": null, "pr": "season=2010/11", "ov": null, "cd": null, "md": null, "wk": null, "fwk": null, "fw": null, "tw": null, "bbi": null, "bbm": null, "bwa": null, "bwe": null, "bwsr": null}, {"bl": null, "tt": "season 2011/12", "sp": null, "mt": 8, "in": null, "pr": "season=2011/12", "ov": null, "cd": null, "md": null, "wk": null, "fwk": null, "fw": null, "tw": null, "bbi": null, "bbm": null, "bwa": null, "bwe": null, "bwsr": null}, {"bl": null, "tt": "season 2012", "sp": null, "mt": 5, "in": 1, "pr": "season=2012", "ov": 0.2, "cd": 2, "md": 0, "wk": 0, "fwk": 0, "fw": 0, "tw": 0, "bbi": null, "bbm": null, "bwa": null, "bwe": 6, "bwsr": null}, {"bl": null, "tt": "season 2012/13", "sp": null, "mt": 4, "in": null, "pr": "season=2012/13", "ov": null, "cd": null, "md": null, "wk": null, "fwk": null, "fw": null, "tw": null, "bbi": null, "bbm": null, "bwa": null, "bwe": null, "bwsr": null}, {"bl": null, "tt": "season 2013", "sp": null, "mt": 6, "in": null, "pr": "season=2013", "ov": null, "cd": null, "md": null, "wk": null, "fwk": null, "fw": null, "tw": null, "bbi": null, "bbm": null, "bwa": null, "bwe": null, "bwsr": null}, {"bl": null, "tt": "season 2013/14", "sp": null, "mt": 9, "in": 1, "pr": "season=2013/14", "ov": 2, "cd": 13, "md": 0, "wk": 0, "fwk": 0, "fw": 0, "tw": 0, "bbi": null, "bbm": null, "bwa": null, "bwe": 6.5, "bwsr": null}, {"bl": null, "tt": "season 2014/15", "sp": null, "mt": 24, "in": 1, "pr": "season=2014/15", "ov": 2, "cd": 10, "md": 0, "wk": 0, "fwk": 0, "fw": 0, "tw": 0, "bbi": null, "bbm": null, "bwa": null, "bwe": 5, "bwsr": null}, {"bl": null, "tt": "season 2015", "sp": null, "mt": 11, "in": 1, "pr": "season=2015", "ov": 1, "cd": 12, "md": 0, "wk": 0, "fwk": 0, "fw": 0, "tw": 0, "bbi": null, "bbm": null, "bwa": null, "bwe": 12, "bwsr": null}, {"bl": null, "tt": "season 2015/16", "sp": null, "mt": 10, "in": 1, "pr": "season=2015/16", "ov": 1, "cd": 2, "md": 0, "wk": 0, "fwk": 0, "fw": 0, "tw": 0, "bbi": null, "bbm": null, "bwa": null, "bwe": 2, "bwsr": null}, {"bl": null, "tt": "season 2016/17", "sp": null, "mt": 14, "in": 1, "pr": "season=2016/17", "ov": 1, "cd": 6, "md": 0, "wk": 2, "fwk": 0, "fw": 0, "tw": 0, "bbi": "2/6", "bbm": "2/6", "bwa": 3, "bwe": 6, "bwsr": 3}, {"bl": null, "tt": "season 2017", "sp": null, "mt": 3, "in": null, "pr": "season=2017", "ov": null, "cd": null, "md": null, "wk": null, "fwk": null, "fw": null, "tw": null, "bbi": null, "bbm": null, "bwa": null, "bwe": null, "bwsr": null}, {"bl": null, "tt": "season 2017/18", "sp": null, "mt": 13, "in": null, "pr": "season=2017/18", "ov": null, "cd": null, "md": null, "wk": null, "fwk": null, "fw": null, "tw": null, "bbi": null, "bbm": null, "bwa": null, "bwe": null, "bwsr": null}, {"bl": null, "tt": "season 2018/19", "sp": null, "mt": 10, "in": null, "pr": "season=2018/19", "ov": null, "cd": null, "md": null, "wk": null, "fwk": null, "fw": null, "tw": null, "bbi": null, "bbm": null, "bwa": null, "bwe": null, "bwsr": null}, {"bl": null, "tt": "season 2019", "sp": null, "mt": 10, "in": null, "pr": "season=2019", "ov": null, "cd": null, "md": null, "wk": null, "fwk": null, "fw": null, "tw": null, "bbi": null, "bbm": null, "bwa": null, "bwe": null, "bwsr": null}, {"bl": null, "tt": "season 2019/20", "sp": null, "mt": 4, "in": null, "pr": "season=2019/20", "ov": null, "cd": null, "md": null, "wk": null, "fwk": null, "fw": null, "tw": null, "bbi": null, "bbm": null, "bwa": null, "bwe": null, "bwsr": null}, {"bl": null, "tt": "season 2020/21", "sp": null, "mt": 3, "in": null, "pr": "season=2020/21", "ov": null, "cd": null, "md": null, "wk": null, "fwk": null, "fw": null, "tw": null, "bbi": null, "bbm": null, "bwa": null, "bwe": null, "bwsr": null}]}, {"type": "CAPTAINS_INVOLVED", "stats": [{"bl": null, "tt": "*TWM Latham", "sp": "2019-2021", "mt": 6, "in": null, "pr": "captain_involve=59148", "ov": null, "cd": null, "md": null, "wk": null, "fwk": null, "fw": null, "tw": null, "bbi": null, "bbm": null, "bwa": null, "bwe": null, "bwsr": null}, {"bl": null, "tt": "*BB McCullum", "sp": "2009-2016", "mt": 58, "in": 3, "pr": "captain_involve=10384", "ov": 5, "cd": 35, "md": 0, "wk": 0, "fwk": 0, "fw": 0, "tw": 0, "bbi": null, "bbm": null, "bwa": null, "bwe": 7, "bwsr": null}, {"bl": null, "tt": "*TG Southee", "sp": "2018-2018", "mt": 1, "in": null, "pr": "captain_involve=49108", "ov": null, "cd": null, "md": null, "wk": null, "fwk": null, "fw": null, "tw": null, "bbi": null, "bbm": null, "bwa": null, "bwe": null, "bwsr": null}, {"bl": null, "tt": "*LRPL Taylor", "sp": "2010-2012", "mt": 14, "in": null, "pr": "captain_involve=44930", "ov": null, "cd": null, "md": null, "wk": null, "fwk": null, "fw": null, "tw": null, "bbi": null, "bbm": null, "bwa": null, "bwe": null, "bwsr": null}, {"bl": null, "tt": "*DL Vettori", "sp": "2009-2011", "mt": 40, "in": 5, "pr": "captain_involve=4380", "ov": 10.5, "cd": 53, "md": 0, "wk": 2, "fwk": 0, "fw": 0, "tw": 0, "bbi": "2/7", "bbm": "2/7", "bwa": 26.5, "bwe": 4.89, "bwsr": 32.5}, {"bl": null, "tt": "*KS Williamson", "sp": "2012-2020", "mt": 67, "in": 3, "pr": "captain_involve=51088", "ov": 2.2, "cd": 10, "md": 0, "wk": 2, "fwk": 0, "fw": 0, "tw": 0, "bbi": "2/6", "bbm": "2/6", "bwa": 5, "bwe": 4.28, "bwsr": 7}]}, {"type": "CAPTAIN", "stats": [{"bl": null, "tt": "is not captain", "sp": "2009-2021", "mt": 186, "in": 11, "pr": "captain=0", "ov": 18.1, "cd": 98, "md": 0, "wk": 4, "fwk": 0, "fw": 0, "tw": 0, "bbi": "2/6", "bbm": "2/6", "bwa": 24.5, "bwe": 5.39, "bwsr": 27.2}]}, {"type": "KEEPER", "stats": [{"bl": null, "tt": "is not keeper", "sp": "2009-2021", "mt": 186, "in": 11, "pr": "keeper=0", "ov": 18.1, "cd": 98, "md": 0, "wk": 4, "fwk": 0, "fw": 0, "tw": 0, "bbi": "2/6", "bbm": "2/6", "bwa": 24.5, "bwe": 5.39, "bwsr": 27.2}]}, {"type": "TOSS", "stats": [{"bl": null, "tt": "won the toss", "sp": "2009-2021", "mt": 88, "in": 6, "pr": "toss=1", "ov": 11.5, "cd": 51, "md": 0, "wk": 2, "fwk": 0, "fw": 0, "tw": 0, "bbi": "2/7", "bbm": "2/7", "bwa": 25.5, "bwe": 4.3, "bwsr": 35.5}, {"bl": null, "tt": "lost the toss", "sp": "2009-2020", "mt": 98, "in": 5, "pr": "toss=2", "ov": 6.2, "cd": 47, "md": 0, "wk": 2, "fwk": 0, "fw": 0, "tw": 0, "bbi": "2/6", "bbm": "2/6", "bwa": 23.5, "bwe": 7.42, "bwsr": 19}]}, {"type": "BATTING_FIELDING_SEQUENCE_AND_TOSS", "stats": [{"bl": null, "tt": "won toss &amp; batted", "sp": "2009-2021", "mt": 45, "in": 4, "pr": "batting_fielding_first=1;toss=1", "ov": 6.5, "cd": 33, "md": 0, "wk": 2, "fwk": 0, "fw": 0, "tw": 0, "bbi": "2/7", "bbm": "2/7", "bwa": 16.5, "bwe": 4.82, "bwsr": 20.5}, {"bl": null, "tt": "won toss &amp; fielded", "sp": "2009-2021", "mt": 43, "in": 2, "pr": "batting_fielding_first=2;toss=1", "ov": 5, "cd": 18, "md": 0, "wk": 0, "fwk": 0, "fw": 0, "tw": 0, "bbi": null, "bbm": null, "bwa": null, "bwe": 3.6, "bwsr": null}, {"bl": null, "tt": "lost toss &amp; sent in", "sp": "2009-2020", "mt": 50, "in": 5, "pr": "batting_fielding_first=1;toss=2", "ov": 6.2, "cd": 47, "md": 0, "wk": 2, "fwk": 0, "fw": 0, "tw": 0, "bbi": "2/6", "bbm": "2/6", "bwa": 23.5, "bwe": 7.42, "bwsr": 19}, {"bl": null, "tt": "lost toss &amp; fielded", "sp": "2009-2020", "mt": 48, "in": null, "pr": "batting_fielding_first=2;toss=2", "ov": null, "cd": null, "md": null, "wk": null, "fwk": null, "fw": null, "tw": null, "bbi": null, "bbm": null, "bwa": null, "bwe": null, "bwsr": null}]}, {"type": "BATTING_FIELDING_SEQUENCE", "stats": [{"bl": null, "tt": "matches batting first", "sp": "2009-2021", "mt": 95, "in": 9, "pr": "batting_fielding_first=1", "ov": 13.1, "cd": 80, "md": 0, "wk": 4, "fwk": 0, "fw": 0, "tw": 0, "bbi": "2/6", "bbm": "2/6", "bwa": 20, "bwe": 6.07, "bwsr": 19.7}, {"bl": null, "tt": "matches fielding first", "sp": "2009-2021", "mt": 91, "in": 2, "pr": "batting_fielding_first=2", "ov": 5, "cd": 18, "md": 0, "wk": 0, "fwk": 0, "fw": 0, "tw": 0, "bbi": null, "bbm": null, "bwa": null, "bwe": 3.6, "bwsr": null}]}, {"type": "TEAM_INNINGS", "stats": [{"bl": null, "tt": "1st team innings", "sp": "2009-2021", "mt": 184, "in": 11, "pr": "innings_number=1;innings_number=2", "ov": 18.1, "cd": 98, "md": 0, "wk": 4, "fwk": 0, "fw": 0, "tw": 0, "bbi": "2/6", "bbm": "2/6", "bwa": 24.5, "bwe": 5.39, "bwsr": 27.2}]}, {"type": "MATCH_INNINGS", "stats": [{"bl": null, "tt": "1st match innings", "sp": "2009-2021", "mt": 91, "in": 2, "pr": "innings_number=1", "ov": 5, "cd": 18, "md": 0, "wk": 0, "fwk": 0, "fw": 0, "tw": 0, "bbi": null, "bbm": null, "bwa": null, "bwe": 3.6, "bwsr": null}, {"bl": null, "tt": "2nd match innings", "sp": "2009-2021", "mt": 93, "in": 9, "pr": "innings_number=2", "ov": 13.1, "cd": 80, "md": 0, "wk": 4, "fwk": 0, "fw": 0, "tw": 0, "bbi": "2/6", "bbm": "2/6", "bwa": 20, "bwe": 6.07, "bwsr": 19.7}]}, {"type": "FLOODLIT", "stats": [{"bl": null, "tt": "day match", "sp": "2009-2021", "mt": 78, "in": 5, "pr": "floodlit=1", "ov": 6.2, "cd": 40, "md": 0, "wk": 0, "fwk": 0, "fw": 0, "tw": 0, "bbi": null, "bbm": null, "bwa": null, "bwe": 6.31, "bwsr": null}, {"bl": null, "tt": "day/night match", "sp": "2009-2021", "mt": 108, "in": 6, "pr": "floodlit=2", "ov": 11.5, "cd": 58, "md": 0, "wk": 4, "fwk": 0, "fw": 0, "tw": 0, "bbi": "2/6", "bbm": "2/6", "bwa": 14.5, "bwe": 4.9, "bwsr": 17.7}]}, {"type": "RESULT", "stats": [{"bl": null, "tt": "won match", "sp": "2009-2021", "mt": 102, "in": 5, "pr": "result=1", "ov": 9.5, "cd": 46, "md": 0, "wk": 4, "fwk": 0, "fw": 0, "tw": 0, "bbi": "2/6", "bbm": "2/6", "bwa": 11.5, "bwe": 4.67, "bwsr": 14.7}, {"bl": null, "tt": "lost match", "sp": "2009-2020", "mt": 73, "in": 6, "pr": "result=2", "ov": 8.2, "cd": 52, "md": 0, "wk": 0, "fwk": 0, "fw": 0, "tw": 0, "bbi": null, "bbm": null, "bwa": null, "bwe": 6.24, "bwsr": null}, {"bl": null, "tt": "tied match", "sp": "2014-2019", "mt": 2, "in": null, "pr": "result=3", "ov": null, "cd": null, "md": null, "wk": null, "fwk": null, "fw": null, "tw": null, "bbi": null, "bbm": null, "bwa": null, "bwe": null, "bwsr": null}, {"bl": null, "tt": "no result", "sp": "2009-2017", "mt": 9, "in": null, "pr": "result=5", "ov": null, "cd": null, "md": null, "wk": null, "fwk": null, "fw": null, "tw": null, "bbi": null, "bbm": null, "bwa": null, "bwe": null, "bwsr": null}]}, {"type": "BATTING_FIELDING_SEQUENCE_AND_RESULT", "stats": [{"bl": null, "tt": "won batting first", "sp": "2009-2021", "mt": 50, "in": 4, "pr": "batting_fielding_first=1;result=1", "ov": 6.5, "cd": 38, "md": 0, "wk": 4, "fwk": 0, "fw": 0, "tw": 0, "bbi": "2/6", "bbm": "2/6", "bwa": 9.5, "bwe": 5.56, "bwsr": 10.2}, {"bl": null, "tt": "won fielding first", "sp": "2009-2021", "mt": 52, "in": 1, "pr": "batting_fielding_first=2;result=1", "ov": 3, "cd": 8, "md": 0, "wk": 0, "fwk": 0, "fw": 0, "tw": 0, "bbi": null, "bbm": null, "bwa": null, "bwe": 2.66, "bwsr": null}, {"bl": null, "tt": "lost batting first", "sp": "2009-2019", "mt": 39, "in": 5, "pr": "batting_fielding_first=1;result=2", "ov": 6.2, "cd": 42, "md": 0, "wk": 0, "fwk": 0, "fw": 0, "tw": 0, "bbi": null, "bbm": null, "bwa": null, "bwe": 6.63, "bwsr": null}, {"bl": null, "tt": "lost fielding first", "sp": "2009-2020", "mt": 34, "in": 1, "pr": "batting_fielding_first=2;result=2", "ov": 2, "cd": 10, "md": 0, "wk": 0, "fwk": 0, "fw": 0, "tw": 0, "bbi": null, "bbm": null, "bwa": null, "bwe": 5, "bwsr": null}, {"bl": null, "tt": "tied batting first", "sp": "2014-2019", "mt": 2, "in": null, "pr": "batting_fielding_first=1;result=3", "ov": null, "cd": null, "md": null, "wk": null, "fwk": null, "fw": null, "tw": null, "bbi": null, "bbm": null, "bwa": null, "bwe": null, "bwsr": null}, {"bl": null, "tt": "no result batting first", "sp": "2009-2017", "mt": 4, "in": null, "pr": "batting_fielding_first=1;result=5", "ov": null, "cd": null, "md": null, "wk": null, "fwk": null, "fw": null, "tw": null, "bbi": null, "bbm": null, "bwa": null, "bwe": null, "bwsr": null}, {"bl": null, "tt": "no result fielding first", "sp": "2009-2014", "mt": 5, "in": null, "pr": "batting_fielding_first=2;result=5", "ov": null, "cd": null, "md": null, "wk": null, "fwk": null, "fw": null, "tw": null, "bbi": null, "bbm": null, "bwa": null, "bwe": null, "bwsr": null}]}, {"type": "TOURNAMENT_TYPE", "stats": [{"bl": null, "tt": "2 team series", "sp": "2009-2021", "mt": 145, "in": 9, "pr": "tournament_type=2", "ov": 15.1, "cd": 73, "md": 0, "wk": 4, "fwk": 0, "fw": 0, "tw": 0, "bbi": "2/6", "bbm": "2/6", "bwa": 18.25, "bwe": 4.81, "bwsr": 22.7}, {"bl": null, "tt": "3-4 team tournaments", "sp": "2009-2010", "mt": 5, "in": 1, "pr": "tournament_type=3", "ov": 2, "cd": 12, "md": 0, "wk": 0, "fwk": 0, "fw": 0, "tw": 0, "bbi": null, "bbm": null, "bwa": null, "bwe": 6, "bwsr": null}, {"bl": null, "tt": "5+ team tournaments", "sp": "2009-2021", "mt": 41, "in": 1, "pr": "tournament_type=5", "ov": 1, "cd": 13, "md": 0, "wk": 0, "fwk": 0, "fw": 0, "tw": 0, "bbi": null, "bbm": null, "bwa": null, "bwe": 13, "bwsr": null}]}, {"type": "MATCH_NUMBER", "stats": [{"bl": null, "tt": "only match in series", "sp": "2011-2015", "mt": 2, "in": null, "pr": "match_number=0", "ov": null, "cd": null, "md": null, "wk": null, "fwk": null, "fw": null, "tw": null, "bbi": null, "bbm": null, "bwa": null, "bwe": null, "bwsr": null}, {"bl": null, "tt": "1st match in series", "sp": "2009-2021", "mt": 38, "in": 2, "pr": "match_number=1", "ov": 3.1, "cd": 9, "md": 0, "wk": 2, "fwk": 0, "fw": 0, "tw": 0, "bbi": "2/7", "bbm": "2/7", "bwa": 4.5, "bwe": 2.84, "bwsr": 9.5}, {"bl": null, "tt": "2nd match in series", "sp": "2009-2021", "mt": 33, "in": 3, "pr": "match_number=2", "ov": 4, "cd": 28, "md": 0, "wk": 2, "fwk": 0, "fw": 0, "tw": 0, "bbi": "2/6", "bbm": "2/6", "bwa": 14, "bwe": 7, "bwsr": 12}, {"bl": null, "tt": "3rd match in series", "sp": "2009-2021", "mt": 34, "in": 4, "pr": "match_number=3", "ov": 8, "cd": 36, "md": 0, "wk": 0, "fwk": 0, "fw": 0, "tw": 0, "bbi": null, "bbm": null, "bwa": null, "bwe": 4.5, "bwsr": null}, {"bl": null, "tt": "4th match in series", "sp": "2009-2019", "mt": 18, "in": null, "pr": "match_number=4", "ov": null, "cd": null, "md": null, "wk": null, "fwk": null, "fw": null, "tw": null, "bbi": null, "bbm": null, "bwa": null, "bwe": null, "bwsr": null}, {"bl": null, "tt": "5th match in series", "sp": "2009-2018", "mt": 17, "in": null, "pr": "match_number=5", "ov": null, "cd": null, "md": null, "wk": null, "fwk": null, "fw": null, "tw": null, "bbi": null, "bbm": null, "bwa": null, "bwe": null, "bwsr": null}, {"bl": null, "tt": "6th match in series", "sp": "2011-2015", "mt": 2, "in": null, "pr": "match_number=6", "ov": null, "cd": null, "md": null, "wk": null, "fwk": null, "fw": null, "tw": null, "bbi": null, "bbm": null, "bwa": null, "bwe": null, "bwsr": null}, {"bl": null, "tt": "7th match in series", "sp": "2015-2015", "mt": 1, "in": null, "pr": "match_number=7", "ov": null, "cd": null, "md": null, "wk": null, "fwk": null, "fw": null, "tw": null, "bbi": null, "bbm": null, "bwa": null, "bwe": null, "bwsr": null}]}, {"type": "MAJOR_TROPHY", "stats": [{"bl": null, "tt": "World Cup", "sp": "2011-2019", "mt": 27, "in": null, "pr": "trophy=12", "ov": null, "cd": null, "md": null, "wk": null, "fwk": null, "fw": null, "tw": null, "bbi": null, "bbm": null, "bwa": null, "bwe": null, "bwsr": null}, {"bl": null, "tt": "Chappell-Hadlee", "sp": "2009-2020", "mt": 20, "in": 1, "pr": "trophy=65", "ov": 2, "cd": 13, "md": 0, "wk": 0, "fwk": 0, "fw": 0, "tw": 0, "bbi": null, "bbm": null, "bwa": null, "bwe": 6.5, "bwsr": null}, {"bl": null, "tt": "ICC Champions Trophy", "sp": "2009-2017", "mt": 11, "in": 1, "pr": "trophy=44", "ov": 1, "cd": 13, "md": 0, "wk": 0, "fwk": 0, "fw": 0, "tw": 0, "bbi": null, "bbm": null, "bwa": null, "bwe": 13, "bwsr": null}]}, {"type": "FINAL_TYPE", "stats": [{"bl": null, "tt": "tournament finals", "sp": "2009-2019", "mt": 3, "in": null, "pr": "final_type=1", "ov": null, "cd": null, "md": null, "wk": null, "fwk": null, "fw": null, "tw": null, "bbi": null, "bbm": null, "bwa": null, "bwe": null, "bwsr": null}, {"bl": null, "tt": "tournament semi-finals", "sp": "2009-2019", "mt": 4, "in": null, "pr": "final_type=3", "ov": null, "cd": null, "md": null, "wk": null, "fwk": null, "fw": null, "tw": null, "bbi": null, "bbm": null, "bwa": null, "bwe": null, "bwsr": null}, {"bl": null, "tt": "tournament quarter-finals", "sp": "2011-2015", "mt": 2, "in": null, "pr": "final_type=4", "ov": null, "cd": null, "md": null, "wk": null, "fwk": null, "fw": null, "tw": null, "bbi": null, "bbm": null, "bwa": null, "bwe": null, "bwsr": null}, {"bl": null, "tt": "preliminary matches", "sp": "2009-2021", "mt": 37, "in": 2, "pr": "final_type=0", "ov": 3, "cd": 25, "md": 0, "wk": 0, "fwk": 0, "fw": 0, "tw": 0, "bbi": null, "bbm": null, "bwa": null, "bwe": 8.33, "bwsr": null}]}, {"type": "BOWLING_POSITION", "stats": [{"bl": null, "tt": "6th position", "sp": "2009-2016", "mt": 7, "in": 7, "pr": "bowling_positionval1=bowling_position;bowling_positionmin1=6;bowling_positionmax1=6", "ov": 10.1, "cd": 66, "md": 0, "wk": 4, "fwk": 0, "fw": 0, "tw": 0, "bbi": "2/6", "bbm": "2/6", "bwa": 16.5, "bwe": 6.49, "bwsr": 15.2}, {"bl": null, "tt": "7th position", "sp": "2009-2015", "mt": 4, "in": 4, "pr": "bowling_positionval1=bowling_position;bowling_positionmin1=7;bowling_positionmax1=7", "ov": 8, "cd": 32, "md": 0, "wk": 0, "fwk": 0, "fw": 0, "tw": 0, "bbi": null, "bbm": null, "bwa": null, "bwe": 4, "bwsr": null}]}]}}