{"summary": {"recordClassId": 3, "type": "BATTING", "groups": [{"type": "CAREER_AVERAGES", "stats": [{"tt": "overview", "sp": "2009-2021", "mt": 102, "in": 98, "pr": null, "rn": 2939, "fo": 256, "si": 147, "ft": 17, "hn": 2, "bf": 2148, "dk": 3, "no": 7, "hs": "105", "bta": 32.29, "btsr": 136.82}]}, {"type": "OPPOSITION_TEAM", "stats": [{"tt": "vs Australia", "sp": "2009-2021", "mt": 12, "in": 12, "pr": "opposition=2", "rn": 435, "fo": 34, "si": 29, "ft": 2, "hn": 1, "bf": 286, "dk": 2, "no": 0, "hs": "105", "bta": 36.25, "btsr": 152.09}, {"tt": "vs Bangladesh", "sp": "2010-2021", "mt": 5, "in": 4, "pr": "opposition=25", "rn": 111, "fo": 6, "si": 9, "ft": 0, "hn": 0, "bf": 78, "dk": 0, "no": 0, "hs": "44", "bta": 27.75, "btsr": 142.3}, {"tt": "vs England", "sp": "2012-2019", "mt": 14, "in": 14, "pr": "opposition=1", "rn": 467, "fo": 39, "si": 22, "ft": 4, "hn": 0, "bf": 321, "dk": 0, "no": 0, "hs": "65", "bta": 33.35, "btsr": 145.48}, {"tt": "vs India", "sp": "2009-2020", "mt": 12, "in": 12, "pr": "opposition=6", "rn": 208, "fo": 19, "si": 13, "ft": 0, "hn": 0, "bf": 180, "dk": 0, "no": 0, "hs": "45", "bta": 17.33, "btsr": 115.55}, {"tt": "vs Ireland", "sp": "2009-2009", "mt": 1, "in": 1, "pr": "opposition=29", "rn": 45, "fo": 0, "si": 4, "ft": 0, "hn": 0, "bf": 32, "dk": 0, "no": 1, "hs": "45*", "bta": null, "btsr": 140.62}, {"tt": "vs Netherlands", "sp": "2014-2014", "mt": 1, "in": 1, "pr": "opposition=15", "rn": 9, "fo": 1, "si": 0, "ft": 0, "hn": 0, "bf": 15, "dk": 0, "no": 0, "hs": "9", "bta": 9, "btsr": 60}, {"tt": "vs Pakistan", "sp": "2009-2020", "mt": 18, "in": 18, "pr": "opposition=7", "rn": 509, "fo": 47, "si": 25, "ft": 4, "hn": 0, "bf": 373, "dk": 1, "no": 1, "hs": "87*", "bta": 29.94, "btsr": 136.46}, {"tt": "vs Scotland", "sp": "2009-2009", "mt": 1, "in": null, "pr": "opposition=30", "rn": null, "fo": null, "si": null, "ft": null, "hn": null, "bf": null, "dk": null, "no": null, "hs": null, "bta": null, "btsr": null}, {"tt": "vs South Africa", "sp": "2009-2015", "mt": 10, "in": 10, "pr": "opposition=3", "rn": 424, "fo": 45, "si": 16, "ft": 2, "hn": 1, "bf": 319, "dk": 0, "no": 2, "hs": "101*", "bta": 53, "btsr": 132.91}, {"tt": "vs Sri Lanka", "sp": "2009-2019", "mt": 12, "in": 11, "pr": "opposition=8", "rn": 309, "fo": 26, "si": 13, "ft": 2, "hn": 0, "bf": 226, "dk": 0, "no": 0, "hs": "63", "bta": 28.09, "btsr": 136.72}, {"tt": "vs West Indies", "sp": "2012-2020", "mt": 11, "in": 10, "pr": "opposition=4", "rn": 185, "fo": 20, "si": 6, "ft": 1, "hn": 0, "bf": 146, "dk": 0, "no": 0, "hs": "63", "bta": 18.5, "btsr": 126.71}, {"tt": "vs Zimbabwe", "sp": "2010-2015", "mt": 5, "in": 5, "pr": "opposition=9", "rn": 237, "fo": 19, "si": 10, "ft": 2, "hn": 0, "bf": 172, "dk": 0, "no": 3, "hs": "91*", "bta": 118.5, "btsr": 137.79}]}, {"type": "HOST_COUNTRY", "stats": [{"tt": "in Australia", "sp": "2009-2018", "mt": 2, "in": 2, "pr": "host=2", "rn": 5, "fo": 1, "si": 0, "ft": 0, "hn": 0, "bf": 7, "dk": 1, "no": 0, "hs": "5", "bta": 2.5, "btsr": 71.42}, {"tt": "in Bangladesh", "sp": "2014-2014", "mt": 4, "in": 4, "pr": "host=25", "rn": 47, "fo": 6, "si": 0, "ft": 0, "hn": 0, "bf": 58, "dk": 0, "no": 0, "hs": "22", "bta": 11.75, "btsr": 81.03}, {"tt": "in England", "sp": "2009-2015", "mt": 6, "in": 5, "pr": "host=1", "rn": 108, "fo": 7, "si": 5, "ft": 0, "hn": 0, "bf": 82, "dk": 0, "no": 1, "hs": "45*", "bta": 27, "btsr": 131.7}, {"tt": "in India", "sp": "2012-2017", "mt": 8, "in": 8, "pr": "host=6", "rn": 191, "fo": 19, "si": 11, "ft": 1, "hn": 0, "bf": 146, "dk": 0, "no": 0, "hs": "80", "bta": 23.87, "btsr": 130.82}, {"tt": "in New Zealand", "sp": "2009-2021", "mt": 57, "in": 55, "pr": "host=5", "rn": 1933, "fo": 157, "si": 111, "ft": 14, "hn": 1, "bf": 1297, "dk": 2, "no": 3, "hs": "105", "bta": 37.17, "btsr": 149.03}, {"tt": "in South Africa", "sp": "2012-2015", "mt": 4, "in": 4, "pr": "host=3", "rn": 227, "fo": 23, "si": 10, "ft": 1, "hn": 1, "bf": 161, "dk": 0, "no": 1, "hs": "101*", "bta": 75.66, "btsr": 140.99}, {"tt": "in Sri Lanka", "sp": "2009-2019", "mt": 8, "in": 7, "pr": "host=8", "rn": 147, "fo": 14, "si": 3, "ft": 0, "hn": 0, "bf": 134, "dk": 0, "no": 0, "hs": "38", "bta": 21, "btsr": 109.7}, {"tt": "in U.A.E.", "sp": "2009-2014", "mt": 3, "in": 3, "pr": "host=27", "rn": 57, "fo": 7, "si": 1, "ft": 0, "hn": 0, "bf": 55, "dk": 0, "no": 0, "hs": "32", "bta": 19, "btsr": 103.63}, {"tt": "in U.S.A.", "sp": "2010-2012", "mt": 3, "in": 3, "pr": "host=11", "rn": 39, "fo": 4, "si": 1, "ft": 0, "hn": 0, "bf": 37, "dk": 0, "no": 0, "hs": "18", "bta": 13, "btsr": 105.4}, {"tt": "in West Indies", "sp": "2010-2010", "mt": 4, "in": 4, "pr": "host=4", "rn": 45, "fo": 4, "si": 1, "ft": 0, "hn": 0, "bf": 65, "dk": 0, "no": 1, "hs": "19", "bta": 15, "btsr": 69.23}, {"tt": "in Zimbabwe", "sp": "2011-2015", "mt": 3, "in": 3, "pr": "host=9", "rn": 140, "fo": 14, "si": 4, "ft": 1, "hn": 0, "bf": 106, "dk": 0, "no": 1, "hs": "67", "bta": 70, "btsr": 132.07}]}, {"type": "CONTINENT", "stats": [{"tt": "in Africa", "sp": "2011-2015", "mt": 7, "in": 7, "pr": "continent=1", "rn": 367, "fo": 37, "si": 14, "ft": 2, "hn": 1, "bf": 267, "dk": 0, "no": 2, "hs": "101*", "bta": 73.4, "btsr": 137.45}, {"tt": "in Americas", "sp": "2010-2012", "mt": 7, "in": 7, "pr": "continent=3", "rn": 84, "fo": 8, "si": 2, "ft": 0, "hn": 0, "bf": 102, "dk": 0, "no": 1, "hs": "19", "bta": 14, "btsr": 82.35}, {"tt": "in Asia", "sp": "2009-2019", "mt": 23, "in": 22, "pr": "continent=2", "rn": 442, "fo": 46, "si": 15, "ft": 1, "hn": 0, "bf": 393, "dk": 0, "no": 0, "hs": "80", "bta": 20.09, "btsr": 112.46}, {"tt": "in Europe", "sp": "2009-2015", "mt": 6, "in": 5, "pr": "continent=4", "rn": 108, "fo": 7, "si": 5, "ft": 0, "hn": 0, "bf": 82, "dk": 0, "no": 1, "hs": "45*", "bta": 27, "btsr": 131.7}, {"tt": "in Oceania", "sp": "2009-2021", "mt": 59, "in": 57, "pr": "continent=5", "rn": 1938, "fo": 158, "si": 111, "ft": 14, "hn": 1, "bf": 1304, "dk": 3, "no": 3, "hs": "105", "bta": 35.88, "btsr": 148.61}]}, {"type": "HOME_OR_AWAY", "stats": [{"tt": "home", "sp": "2009-2021", "mt": 57, "in": 55, "pr": "home_or_away=1", "rn": 1933, "fo": 157, "si": 111, "ft": 14, "hn": 1, "bf": 1297, "dk": 2, "no": 3, "hs": "105", "bta": 37.17, "btsr": 149.03}, {"tt": "away", "sp": "2009-2019", "mt": 20, "in": 19, "pr": "home_or_away=2", "rn": 545, "fo": 54, "si": 20, "ft": 2, "hn": 1, "bf": 423, "dk": 1, "no": 2, "hs": "101*", "bta": 32.05, "btsr": 128.84}, {"tt": "neutral", "sp": "2009-2016", "mt": 25, "in": 24, "pr": "home_or_away=3", "rn": 461, "fo": 45, "si": 16, "ft": 1, "hn": 0, "bf": 428, "dk": 0, "no": 2, "hs": "80", "bta": 20.95, "btsr": 107.71}]}, {"type": "YEAR", "stats": [{"tt": "year 2009", "sp": null, "mt": 12, "in": 11, "pr": "year=2009", "rn": 239, "fo": 20, "si": 10, "ft": 0, "hn": 0, "bf": 198, "dk": 1, "no": 1, "hs": "45*", "bta": 23.9, "btsr": 120.7}, {"tt": "year 2010", "sp": null, "mt": 11, "in": 10, "pr": "year=2010", "rn": 200, "fo": 18, "si": 8, "ft": 1, "hn": 0, "bf": 180, "dk": 1, "no": 1, "hs": "54", "bta": 22.22, "btsr": 111.11}, {"tt": "year 2011", "sp": null, "mt": 2, "in": 2, "pr": "year=2011", "rn": 107, "fo": 9, "si": 4, "ft": 1, "hn": 0, "bf": 82, "dk": 0, "no": 1, "hs": "67", "bta": 107, "btsr": 130.48}, {"tt": "year 2012", "sp": null, "mt": 13, "in": 13, "pr": "year=2012", "rn": 472, "fo": 45, "si": 21, "ft": 2, "hn": 1, "bf": 361, "dk": 0, "no": 3, "hs": "101*", "bta": 47.2, "btsr": 130.74}, {"tt": "year 2013", "sp": null, "mt": 3, "in": 3, "pr": "year=2013", "rn": 150, "fo": 9, "si": 5, "ft": 1, "hn": 0, "bf": 118, "dk": 0, "no": 0, "hs": "59", "bta": 50, "btsr": 127.11}, {"tt": "year 2014", "sp": null, "mt": 7, "in": 7, "pr": "year=2014", "rn": 105, "fo": 11, "si": 2, "ft": 0, "hn": 0, "bf": 108, "dk": 0, "no": 0, "hs": "32", "bta": 15, "btsr": 97.22}, {"tt": "year 2015", "sp": null, "mt": 4, "in": 4, "pr": "year=2015", "rn": 141, "fo": 17, "si": 3, "ft": 1, "hn": 0, "bf": 99, "dk": 0, "no": 0, "hs": "60", "bta": 35.25, "btsr": 142.42}, {"tt": "year 2016", "sp": null, "mt": 9, "in": 9, "pr": "year=2016", "rn": 392, "fo": 40, "si": 23, "ft": 4, "hn": 0, "bf": 228, "dk": 0, "no": 1, "hs": "87*", "bta": 49, "btsr": 171.92}, {"tt": "year 2017", "sp": null, "mt": 4, "in": 4, "pr": "year=2017", "rn": 55, "fo": 5, "si": 3, "ft": 0, "hn": 0, "bf": 56, "dk": 0, "no": 0, "hs": "45", "bta": 13.75, "btsr": 98.21}, {"tt": "year 2018", "sp": null, "mt": 10, "in": 10, "pr": "year=2018", "rn": 410, "fo": 26, "si": 24, "ft": 4, "hn": 1, "bf": 279, "dk": 0, "no": 0, "hs": "105", "bta": 41, "btsr": 146.95}, {"tt": "year 2019", "sp": null, "mt": 8, "in": 7, "pr": "year=2019", "rn": 165, "fo": 15, "si": 10, "ft": 1, "hn": 0, "bf": 101, "dk": 0, "no": 0, "hs": "50", "bta": 23.57, "btsr": 163.36}, {"tt": "year 2020", "sp": null, "mt": 11, "in": 10, "pr": "year=2020", "rn": 185, "fo": 19, "si": 11, "ft": 0, "hn": 0, "bf": 137, "dk": 0, "no": 0, "hs": "34", "bta": 18.5, "btsr": 135.03}, {"tt": "year 2021", "sp": null, "mt": 8, "in": 8, "pr": "year=2021", "rn": 318, "fo": 22, "si": 23, "ft": 2, "hn": 0, "bf": 201, "dk": 1, "no": 0, "hs": "97", "bta": 39.75, "btsr": 158.2}]}, {"type": "SEASON", "stats": [{"tt": "season 2008/09", "sp": null, "mt": 3, "in": 3, "pr": "season=NaN", "rn": 51, "fo": 5, "si": 3, "ft": 0, "hn": 0, "bf": 49, "dk": 1, "no": 0, "hs": "41", "bta": 17, "btsr": 104.08}, {"tt": "season 2009", "sp": null, "mt": 7, "in": 6, "pr": "season=2009", "rn": 163, "fo": 10, "si": 7, "ft": 0, "hn": 0, "bf": 124, "dk": 0, "no": 1, "hs": "45*", "bta": 32.6, "btsr": 131.45}, {"tt": "season 2009/10", "sp": null, "mt": 5, "in": 4, "pr": "season=NaN", "rn": 72, "fo": 12, "si": 0, "ft": 0, "hn": 0, "bf": 71, "dk": 0, "no": 0, "hs": "30", "bta": 18, "btsr": 101.4}, {"tt": "season 2010", "sp": null, "mt": 5, "in": 5, "pr": "season=2010", "rn": 55, "fo": 4, "si": 1, "ft": 0, "hn": 0, "bf": 75, "dk": 0, "no": 1, "hs": "19", "bta": 13.75, "btsr": 73.33}, {"tt": "season 2010/11", "sp": null, "mt": 3, "in": 3, "pr": "season=NaN", "rn": 98, "fo": 7, "si": 7, "ft": 1, "hn": 0, "bf": 59, "dk": 1, "no": 0, "hs": "54", "bta": 32.66, "btsr": 166.1}, {"tt": "season 2011/12", "sp": null, "mt": 6, "in": 6, "pr": "season=NaN", "rn": 349, "fo": 29, "si": 16, "ft": 3, "hn": 0, "bf": 245, "dk": 0, "no": 3, "hs": "91*", "bta": 116.33, "btsr": 142.44}, {"tt": "season 2012", "sp": null, "mt": 3, "in": 3, "pr": "season=2012", "rn": 30, "fo": 4, "si": 1, "ft": 0, "hn": 0, "bf": 32, "dk": 0, "no": 0, "hs": "18", "bta": 10, "btsr": 93.75}, {"tt": "season 2012/13", "sp": null, "mt": 9, "in": 9, "pr": "season=NaN", "rn": 350, "fo": 30, "si": 13, "ft": 1, "hn": 1, "bf": 284, "dk": 0, "no": 1, "hs": "101*", "bta": 43.75, "btsr": 123.23}, {"tt": "season 2013/14", "sp": null, "mt": 6, "in": 6, "pr": "season=NaN", "rn": 73, "fo": 9, "si": 1, "ft": 0, "hn": 0, "bf": 78, "dk": 0, "no": 0, "hs": "25", "bta": 12.16, "btsr": 93.58}, {"tt": "season 2014/15", "sp": null, "mt": 1, "in": 1, "pr": "season=NaN", "rn": 32, "fo": 2, "si": 1, "ft": 0, "hn": 0, "bf": 30, "dk": 0, "no": 0, "hs": "32", "bta": 32, "btsr": 106.66}, {"tt": "season 2015", "sp": null, "mt": 4, "in": 4, "pr": "season=2015", "rn": 141, "fo": 17, "si": 3, "ft": 1, "hn": 0, "bf": 99, "dk": 0, "no": 0, "hs": "60", "bta": 35.25, "btsr": 142.42}, {"tt": "season 2015/16", "sp": null, "mt": 9, "in": 9, "pr": "season=NaN", "rn": 392, "fo": 40, "si": 23, "ft": 4, "hn": 0, "bf": 228, "dk": 0, "no": 1, "hs": "87*", "bta": 49, "btsr": 171.92}, {"tt": "season 2017/18", "sp": null, "mt": 14, "in": 14, "pr": "season=NaN", "rn": 465, "fo": 31, "si": 27, "ft": 4, "hn": 1, "bf": 335, "dk": 0, "no": 0, "hs": "105", "bta": 33.21, "btsr": 138.8}, {"tt": "season 2018/19", "sp": null, "mt": 1, "in": 1, "pr": "season=NaN", "rn": 1, "fo": 0, "si": 0, "ft": 0, "hn": 0, "bf": 3, "dk": 0, "no": 0, "hs": "1", "bta": 1, "btsr": 33.33}, {"tt": "season 2019", "sp": null, "mt": 2, "in": 1, "pr": "season=2019", "rn": 11, "fo": 1, "si": 0, "ft": 0, "hn": 0, "bf": 12, "dk": 0, "no": 0, "hs": "11", "bta": 11, "btsr": 91.66}, {"tt": "season 2019/20", "sp": null, "mt": 10, "in": 10, "pr": "season=NaN", "rn": 253, "fo": 24, "si": 16, "ft": 1, "hn": 0, "bf": 160, "dk": 0, "no": 0, "hs": "50", "bta": 25.3, "btsr": 158.12}, {"tt": "season 2020/21", "sp": null, "mt": 14, "in": 13, "pr": "season=NaN", "rn": 403, "fo": 31, "si": 28, "ft": 2, "hn": 0, "bf": 264, "dk": 1, "no": 0, "hs": "97", "bta": 31, "btsr": 152.65}]}, {"type": "CAPTAINS_INVOLVED", "stats": [{"tt": "*BB McCullum", "sp": "2009-2015", "mt": 21, "in": 20, "pr": "captain_involve=10384", "rn": 672, "fo": 57, "si": 29, "ft": 3, "hn": 1, "bf": 513, "dk": 0, "no": 4, "hs": "101*", "bta": 42, "btsr": 130.99}, {"tt": "*MJ Santner", "sp": "2020-2020", "mt": 2, "in": 1, "pr": "captain_involve=64864", "rn": 6, "fo": 1, "si": 0, "ft": 0, "hn": 0, "bf": 10, "dk": 0, "no": 0, "hs": "6", "bta": 6, "btsr": 60}, {"tt": "*TG Southee", "sp": "2017-2021", "mt": 17, "in": 16, "pr": "captain_involve=49108", "rn": 317, "fo": 27, "si": 20, "ft": 1, "hn": 0, "bf": 215, "dk": 0, "no": 0, "hs": "50", "bta": 19.81, "btsr": 147.44}, {"tt": "*LRPL Taylor", "sp": "2010-2012", "mt": 11, "in": 11, "pr": "captain_involve=44930", "rn": 292, "fo": 27, "si": 12, "ft": 2, "hn": 0, "bf": 232, "dk": 1, "no": 1, "hs": "67", "bta": 29.2, "btsr": 125.86}, {"tt": "*DL Vettori", "sp": "2009-2010", "mt": 15, "in": 14, "pr": "captain_involve=4380", "rn": 265, "fo": 25, "si": 7, "ft": 0, "hn": 0, "bf": 257, "dk": 1, "no": 1, "hs": "43", "bta": 20.38, "btsr": 103.11}, {"tt": "*KS Williamson", "sp": "2012-2021", "mt": 36, "in": 36, "pr": "captain_involve=51088", "rn": 1387, "fo": 119, "si": 79, "ft": 11, "hn": 1, "bf": 921, "dk": 1, "no": 1, "hs": "105", "bta": 39.62, "btsr": 150.59}]}, {"type": "CAPTAIN", "stats": [{"tt": "is not captain", "sp": "2009-2021", "mt": 102, "in": 98, "pr": "captain=0", "rn": 2939, "fo": 256, "si": 147, "ft": 17, "hn": 2, "bf": 2148, "dk": 3, "no": 7, "hs": "105", "bta": 32.29, "btsr": 136.82}]}, {"type": "KEEPER", "stats": [{"tt": "is not keeper", "sp": "2009-2021", "mt": 102, "in": 98, "pr": "keeper=0", "rn": 2939, "fo": 256, "si": 147, "ft": 17, "hn": 2, "bf": 2148, "dk": 3, "no": 7, "hs": "105", "bta": 32.29, "btsr": 136.82}]}, {"type": "TOSS", "stats": [{"tt": "won the toss", "sp": "2009-2021", "mt": 50, "in": 48, "pr": "toss=1", "rn": 1451, "fo": 129, "si": 73, "ft": 7, "hn": 2, "bf": 1053, "dk": 0, "no": 4, "hs": "105", "bta": 32.97, "btsr": 137.79}, {"tt": "lost the toss", "sp": "2009-2021", "mt": 52, "in": 50, "pr": "toss=2", "rn": 1488, "fo": 127, "si": 74, "ft": 10, "hn": 0, "bf": 1095, "dk": 3, "no": 3, "hs": "97", "bta": 31.65, "btsr": 135.89}]}, {"type": "BATTING_FIELDING_SEQUENCE_AND_TOSS", "stats": [{"tt": "won toss &amp; batted", "sp": "2009-2021", "mt": 20, "in": 20, "pr": "batting_fielding_first=1;toss=1", "rn": 714, "fo": 70, "si": 33, "ft": 3, "hn": 1, "bf": 485, "dk": 0, "no": 0, "hs": "105", "bta": 35.7, "btsr": 147.21}, {"tt": "won toss &amp; fielded", "sp": "2009-2021", "mt": 30, "in": 28, "pr": "batting_fielding_first=2;toss=1", "rn": 737, "fo": 59, "si": 40, "ft": 4, "hn": 1, "bf": 568, "dk": 0, "no": 4, "hs": "101*", "bta": 30.7, "btsr": 129.75}, {"tt": "lost toss &amp; sent in", "sp": "2009-2021", "mt": 30, "in": 30, "pr": "batting_fielding_first=1;toss=2", "rn": 961, "fo": 82, "si": 49, "ft": 6, "hn": 0, "bf": 671, "dk": 1, "no": 1, "hs": "97", "bta": 33.13, "btsr": 143.21}, {"tt": "lost toss &amp; fielded", "sp": "2009-2021", "mt": 22, "in": 20, "pr": "batting_fielding_first=2;toss=2", "rn": 527, "fo": 45, "si": 25, "ft": 4, "hn": 0, "bf": 424, "dk": 2, "no": 2, "hs": "91*", "bta": 29.27, "btsr": 124.29}]}, {"type": "BATTING_FIELDING_SEQUENCE", "stats": [{"tt": "matches batting first", "sp": "2009-2021", "mt": 50, "in": 50, "pr": "batting_fielding_first=1", "rn": 1675, "fo": 152, "si": 82, "ft": 9, "hn": 1, "bf": 1156, "dk": 1, "no": 1, "hs": "105", "bta": 34.18, "btsr": 144.89}, {"tt": "matches fielding first", "sp": "2009-2021", "mt": 52, "in": 48, "pr": "batting_fielding_first=2", "rn": 1264, "fo": 104, "si": 65, "ft": 8, "hn": 1, "bf": 992, "dk": 2, "no": 6, "hs": "101*", "bta": 30.09, "btsr": 127.41}]}, {"type": "TEAM_INNINGS", "stats": [{"tt": "1st team innings", "sp": "2009-2021", "mt": 101, "in": 98, "pr": null, "rn": 2939, "fo": 256, "si": 147, "ft": 17, "hn": 2, "bf": 2148, "dk": 3, "no": 7, "hs": "105", "bta": 32.29, "btsr": 136.82}]}, {"type": "MATCH_INNINGS", "stats": [{"tt": "1st match innings", "sp": "2009-2021", "mt": 50, "in": 50, "pr": "innings_number=1", "rn": 1675, "fo": 152, "si": 82, "ft": 9, "hn": 1, "bf": 1156, "dk": 1, "no": 1, "hs": "105", "bta": 34.18, "btsr": 144.89}, {"tt": "2nd match innings", "sp": "2009-2021", "mt": 51, "in": 48, "pr": "innings_number=2", "rn": 1264, "fo": 104, "si": 65, "ft": 8, "hn": 1, "bf": 992, "dk": 2, "no": 6, "hs": "101*", "bta": 30.09, "btsr": 127.41}]}, {"type": "FLOODLIT", "stats": [{"tt": "day match", "sp": "2009-2021", "mt": 27, "in": 26, "pr": "floodlit=1", "rn": 939, "fo": 84, "si": 51, "ft": 8, "hn": 0, "bf": 639, "dk": 0, "no": 3, "hs": "97", "bta": 40.82, "btsr": 146.94}, {"tt": "day/night match", "sp": "2009-2018", "mt": 35, "in": 34, "pr": "floodlit=2", "rn": 1002, "fo": 95, "si": 40, "ft": 4, "hn": 1, "bf": 786, "dk": 1, "no": 4, "hs": "101*", "bta": 33.4, "btsr": 127.48}, {"tt": "night match", "sp": "2010-2021", "mt": 40, "in": 38, "pr": "floodlit=3", "rn": 998, "fo": 77, "si": 56, "ft": 5, "hn": 1, "bf": 723, "dk": 2, "no": 0, "hs": "105", "bta": 26.26, "btsr": 138.03}]}, {"type": "RESULT", "stats": [{"tt": "won match", "sp": "2009-2021", "mt": 54, "in": 51, "pr": "result=1", "rn": 1842, "fo": 155, "si": 101, "ft": 13, "hn": 1, "bf": 1262, "dk": 1, "no": 7, "hs": "101*", "bta": 41.86, "btsr": 145.95}, {"tt": "lost match", "sp": "2009-2021", "mt": 40, "in": 40, "pr": "result=2", "rn": 934, "fo": 85, "si": 38, "ft": 3, "hn": 1, "bf": 759, "dk": 2, "no": 0, "hs": "105", "bta": 23.35, "btsr": 123.05}, {"tt": "tied match", "sp": "2010-2020", "mt": 6, "in": 6, "pr": "result=3", "rn": 161, "fo": 16, "si": 8, "ft": 1, "hn": 0, "bf": 123, "dk": 0, "no": 0, "hs": "50", "bta": 26.83, "btsr": 130.89}, {"tt": "no result", "sp": "2018-2020", "mt": 2, "in": 1, "pr": "result=5", "rn": 2, "fo": 0, "si": 0, "ft": 0, "hn": 0, "bf": 4, "dk": 0, "no": 0, "hs": "2", "bta": 2, "btsr": 50}]}, {"type": "BATTING_FIELDING_SEQUENCE_AND_RESULT", "stats": [{"tt": "won batting first", "sp": "2009-2021", "mt": 31, "in": 31, "pr": "batting_fielding_first=1;result=1", "rn": 1115, "fo": 96, "si": 60, "ft": 7, "hn": 0, "bf": 737, "dk": 1, "no": 1, "hs": "97", "bta": 37.16, "btsr": 151.28}, {"tt": "won fielding first", "sp": "2009-2021", "mt": 23, "in": 20, "pr": "batting_fielding_first=2;result=1", "rn": 727, "fo": 59, "si": 41, "ft": 6, "hn": 1, "bf": 525, "dk": 0, "no": 6, "hs": "101*", "bta": 51.92, "btsr": 138.47}, {"tt": "lost batting first", "sp": "2009-2020", "mt": 15, "in": 15, "pr": "batting_fielding_first=1;result=2", "rn": 453, "fo": 44, "si": 17, "ft": 1, "hn": 1, "bf": 348, "dk": 0, "no": 0, "hs": "105", "bta": 30.2, "btsr": 130.17}, {"tt": "lost fielding first", "sp": "2009-2021", "mt": 25, "in": 25, "pr": "batting_fielding_first=2;result=2", "rn": 481, "fo": 41, "si": 21, "ft": 2, "hn": 0, "bf": 411, "dk": 2, "no": 0, "hs": "62", "bta": 19.24, "btsr": 117.03}, {"tt": "tied batting first", "sp": "2010-2019", "mt": 3, "in": 3, "pr": "batting_fielding_first=1;result=3", "rn": 105, "fo": 12, "si": 5, "ft": 1, "hn": 0, "bf": 67, "dk": 0, "no": 0, "hs": "50", "bta": 35, "btsr": 156.71}, {"tt": "tied fielding first", "sp": "2012-2020", "mt": 3, "in": 3, "pr": "batting_fielding_first=2;result=3", "rn": 56, "fo": 4, "si": 3, "ft": 0, "hn": 0, "bf": 56, "dk": 0, "no": 0, "hs": "31", "bta": 18.66, "btsr": 100}, {"tt": "no result batting first", "sp": "2018-2018", "mt": 1, "in": 1, "pr": "batting_fielding_first=1;result=5", "rn": 2, "fo": 0, "si": 0, "ft": 0, "hn": 0, "bf": 4, "dk": 0, "no": 0, "hs": "2", "bta": 2, "btsr": 50}, {"tt": "no result fielding first", "sp": "2020-2020", "mt": 1, "in": null, "pr": "batting_fielding_first=2;result=5", "rn": null, "fo": null, "si": null, "ft": null, "hn": null, "bf": null, "dk": null, "no": null, "hs": null, "bta": null, "btsr": null}]}, {"type": "TOURNAMENT_TYPE", "stats": [{"tt": "2 team series", "sp": "2009-2021", "mt": 76, "in": 73, "pr": "tournament_type=2", "rn": 2272, "fo": 198, "si": 115, "ft": 14, "hn": 1, "bf": 1619, "dk": 3, "no": 5, "hs": "101*", "bta": 33.41, "btsr": 140.33}, {"tt": "3-4 team tournaments", "sp": "2018-2018", "mt": 5, "in": 5, "pr": "tournament_type=3", "rn": 258, "fo": 18, "si": 17, "ft": 2, "hn": 1, "bf": 161, "dk": 0, "no": 0, "hs": "105", "bta": 51.6, "btsr": 160.24}, {"tt": "5+ team tournaments", "sp": "2009-2016", "mt": 21, "in": 20, "pr": "tournament_type=5", "rn": 409, "fo": 40, "si": 15, "ft": 1, "hn": 0, "bf": 368, "dk": 0, "no": 2, "hs": "80", "bta": 22.72, "btsr": 111.14}]}, {"type": "MATCH_NUMBER", "stats": [{"tt": "only match in series", "sp": "2009-2019", "mt": 5, "in": 4, "pr": "match_number=0", "rn": 40, "fo": 6, "si": 0, "ft": 0, "hn": 0, "bf": 32, "dk": 1, "no": 0, "hs": "33", "bta": 10, "btsr": 125}, {"tt": "1st match in series", "sp": "2009-2021", "mt": 26, "in": 26, "pr": "match_number=1", "rn": 695, "fo": 58, "si": 31, "ft": 4, "hn": 0, "bf": 530, "dk": 1, "no": 3, "hs": "91*", "bta": 30.21, "btsr": 131.13}, {"tt": "2nd match in series", "sp": "2009-2021", "mt": 25, "in": 24, "pr": "match_number=2", "rn": 932, "fo": 87, "si": 49, "ft": 5, "hn": 1, "bf": 653, "dk": 0, "no": 2, "hs": "101*", "bta": 42.36, "btsr": 142.72}, {"tt": "3rd match in series", "sp": "2010-2021", "mt": 14, "in": 13, "pr": "match_number=3", "rn": 444, "fo": 35, "si": 23, "ft": 3, "hn": 0, "bf": 300, "dk": 1, "no": 0, "hs": "63", "bta": 34.15, "btsr": 148}, {"tt": "4th match in series", "sp": "2019-2021", "mt": 3, "in": 3, "pr": "match_number=4", "rn": 38, "fo": 2, "si": 3, "ft": 0, "hn": 0, "bf": 32, "dk": 0, "no": 0, "hs": "27", "bta": 12.66, "btsr": 118.75}, {"tt": "5th match in series", "sp": "2019-2021", "mt": 3, "in": 3, "pr": "match_number=5", "rn": 123, "fo": 10, "si": 9, "ft": 2, "hn": 0, "bf": 72, "dk": 0, "no": 0, "hs": "71", "bta": 41, "btsr": 170.83}]}, {"type": "MAJOR_TROPHY", "stats": [{"tt": "Men's T20 World Cup", "sp": "2009-2016", "mt": 21, "in": 20, "pr": "trophy=89", "rn": 409, "fo": 40, "si": 15, "ft": 1, "hn": 0, "bf": 368, "dk": 0, "no": 2, "hs": "80", "bta": 22.72, "btsr": 111.14}]}, {"type": "FINAL_TYPE", "stats": [{"tt": "tournament finals", "sp": "2018-2018", "mt": 1, "in": 1, "pr": "final_type=1", "rn": 21, "fo": 2, "si": 1, "ft": 0, "hn": 0, "bf": 15, "dk": 0, "no": 0, "hs": "21", "bta": 21, "btsr": 140}, {"tt": "tournament semi-finals", "sp": "2016-2016", "mt": 1, "in": 1, "pr": "final_type=3", "rn": 15, "fo": 3, "si": 0, "ft": 0, "hn": 0, "bf": 12, "dk": 0, "no": 0, "hs": "15", "bta": 15, "btsr": 125}, {"tt": "preliminary matches", "sp": "2009-2018", "mt": 24, "in": 23, "pr": "final_type=0", "rn": 631, "fo": 53, "si": 31, "ft": 3, "hn": 1, "bf": 502, "dk": 0, "no": 2, "hs": "105", "bta": 30.04, "btsr": 125.69}]}, {"type": "BATTING_POSITION", "stats": [{"tt": "1st position", "sp": "2011-2021", "mt": 62, "in": 62, "pr": "batting_positionval1=batting_position;batting_positionmin1=1;batting_positionmax1=1", "rn": 1871, "fo": 157, "si": 106, "ft": 11, "hn": 2, "bf": 1302, "dk": 1, "no": 3, "hs": "105", "bta": 31.71, "btsr": 143.7}, {"tt": "2nd position", "sp": "2009-2021", "mt": 21, "in": 21, "pr": "batting_positionval1=batting_position;batting_positionmin1=2;batting_positionmax1=2", "rn": 741, "fo": 71, "si": 30, "ft": 6, "hn": 0, "bf": 538, "dk": 2, "no": 2, "hs": "91*", "bta": 39, "btsr": 137.73}, {"tt": "3rd position", "sp": "2009-2010", "mt": 13, "in": 13, "pr": "batting_positionval1=batting_position;batting_positionmin1=3;batting_positionmax1=3", "rn": 285, "fo": 26, "si": 10, "ft": 0, "hn": 0, "bf": 278, "dk": 0, "no": 2, "hs": "45*", "bta": 25.9, "btsr": 102.51}, {"tt": "4th position", "sp": "2009-2009", "mt": 1, "in": 1, "pr": "batting_positionval1=batting_position;batting_positionmin1=4;batting_positionmax1=4", "rn": 32, "fo": 2, "si": 1, "ft": 0, "hn": 0, "bf": 20, "dk": 0, "no": 0, "hs": "32", "bta": 32, "btsr": 160}, {"tt": "7th position", "sp": "2010-2010", "mt": 1, "in": 1, "pr": "batting_positionval1=batting_position;batting_positionmin1=7;batting_positionmax1=7", "rn": 10, "fo": 0, "si": 0, "ft": 0, "hn": 0, "bf": 10, "dk": 0, "no": 0, "hs": "10", "bta": 10, "btsr": 100}]}]}}