{"summary": {"recordClassId": 3, "type": "FIELDING", "groups": [{"type": "CAREER_AVERAGES", "stats": [{"tt": "overview", "sp": "2009-2021", "mt": 102, "in": 101, "pr": null, "ds": 58, "ct": 58, "st": 0, "ck": 0, "cf": 58, "mds": "3 (3ct 0st)", "dspi": 0.574}]}, {"type": "OPPOSITION_TEAM", "stats": [{"tt": "vs Australia", "sp": "2009-2021", "mt": 12, "in": 12, "pr": "opposition=2", "ds": 10, "ct": 10, "st": 0, "ck": 0, "cf": 10, "mds": "3 (3ct 0st)", "dspi": 0.833}, {"tt": "vs Bangladesh", "sp": "2010-2021", "mt": 5, "in": 5, "pr": "opposition=25", "ds": 4, "ct": 4, "st": 0, "ck": 0, "cf": 4, "mds": "2 (2ct 0st)", "dspi": 0.8}, {"tt": "vs England", "sp": "2012-2019", "mt": 14, "in": 14, "pr": "opposition=1", "ds": 11, "ct": 11, "st": 0, "ck": 0, "cf": 11, "mds": "2 (2ct 0st)", "dspi": 0.785}, {"tt": "vs India", "sp": "2009-2020", "mt": 12, "in": 12, "pr": "opposition=6", "ds": 4, "ct": 4, "st": 0, "ck": 0, "cf": 4, "mds": "1 (1ct 0st)", "dspi": 0.333}, {"tt": "vs Ireland", "sp": "2009-2009", "mt": 1, "in": 1, "pr": "opposition=29", "ds": 0, "ct": 0, "st": 0, "ck": 0, "cf": 0, "mds": "0", "dspi": 0}, {"tt": "vs Netherlands", "sp": "2014-2014", "mt": 1, "in": 1, "pr": "opposition=15", "ds": 1, "ct": 1, "st": 0, "ck": 0, "cf": 1, "mds": "1 (1ct 0st)", "dspi": 1}, {"tt": "vs Pakistan", "sp": "2009-2020", "mt": 18, "in": 18, "pr": "opposition=7", "ds": 10, "ct": 10, "st": 0, "ck": 0, "cf": 10, "mds": "3 (3ct 0st)", "dspi": 0.555}, {"tt": "vs Scotland", "sp": "2009-2009", "mt": 1, "in": 1, "pr": "opposition=30", "ds": 0, "ct": 0, "st": 0, "ck": 0, "cf": 0, "mds": "0", "dspi": 0}, {"tt": "vs South Africa", "sp": "2009-2015", "mt": 10, "in": 10, "pr": "opposition=3", "ds": 4, "ct": 4, "st": 0, "ck": 0, "cf": 4, "mds": "1 (1ct 0st)", "dspi": 0.4}, {"tt": "vs Sri Lanka", "sp": "2009-2019", "mt": 12, "in": 12, "pr": "opposition=8", "ds": 6, "ct": 6, "st": 0, "ck": 0, "cf": 6, "mds": "1 (1ct 0st)", "dspi": 0.5}, {"tt": "vs West Indies", "sp": "2012-2020", "mt": 11, "in": 10, "pr": "opposition=4", "ds": 3, "ct": 3, "st": 0, "ck": 0, "cf": 3, "mds": "2 (2ct 0st)", "dspi": 0.3}, {"tt": "vs Zimbabwe", "sp": "2010-2015", "mt": 5, "in": 5, "pr": "opposition=9", "ds": 5, "ct": 5, "st": 0, "ck": 0, "cf": 5, "mds": "3 (3ct 0st)", "dspi": 1}]}, {"type": "HOST_COUNTRY", "stats": [{"tt": "in Australia", "sp": "2009-2018", "mt": 2, "in": 2, "pr": "host=2", "ds": 0, "ct": 0, "st": 0, "ck": 0, "cf": 0, "mds": "0", "dspi": 0}, {"tt": "in Bangladesh", "sp": "2014-2014", "mt": 4, "in": 4, "pr": "host=25", "ds": 2, "ct": 2, "st": 0, "ck": 0, "cf": 2, "mds": "1 (1ct 0st)", "dspi": 0.5}, {"tt": "in England", "sp": "2009-2015", "mt": 6, "in": 6, "pr": "host=1", "ds": 2, "ct": 2, "st": 0, "ck": 0, "cf": 2, "mds": "1 (1ct 0st)", "dspi": 0.333}, {"tt": "in India", "sp": "2012-2017", "mt": 8, "in": 8, "pr": "host=6", "ds": 7, "ct": 7, "st": 0, "ck": 0, "cf": 7, "mds": "3 (3ct 0st)", "dspi": 0.875}, {"tt": "in New Zealand", "sp": "2009-2021", "mt": 57, "in": 56, "pr": "host=5", "ds": 38, "ct": 38, "st": 0, "ck": 0, "cf": 38, "mds": "3 (3ct 0st)", "dspi": 0.678}, {"tt": "in South Africa", "sp": "2012-2015", "mt": 4, "in": 4, "pr": "host=3", "ds": 1, "ct": 1, "st": 0, "ck": 0, "cf": 1, "mds": "1 (1ct 0st)", "dspi": 0.25}, {"tt": "in Sri Lanka", "sp": "2009-2019", "mt": 8, "in": 8, "pr": "host=8", "ds": 4, "ct": 4, "st": 0, "ck": 0, "cf": 4, "mds": "2 (2ct 0st)", "dspi": 0.5}, {"tt": "in U.A.E.", "sp": "2009-2014", "mt": 3, "in": 3, "pr": "host=27", "ds": 0, "ct": 0, "st": 0, "ck": 0, "cf": 0, "mds": "0", "dspi": 0}, {"tt": "in U.S.A.", "sp": "2010-2012", "mt": 3, "in": 3, "pr": "host=11", "ds": 0, "ct": 0, "st": 0, "ck": 0, "cf": 0, "mds": "0", "dspi": 0}, {"tt": "in West Indies", "sp": "2010-2010", "mt": 4, "in": 4, "pr": "host=4", "ds": 4, "ct": 4, "st": 0, "ck": 0, "cf": 4, "mds": "2 (2ct 0st)", "dspi": 1}, {"tt": "in Zimbabwe", "sp": "2011-2015", "mt": 3, "in": 3, "pr": "host=9", "ds": 0, "ct": 0, "st": 0, "ck": 0, "cf": 0, "mds": "0", "dspi": 0}]}, {"type": "CONTINENT", "stats": [{"tt": "in Africa", "sp": "2011-2015", "mt": 7, "in": 7, "pr": "continent=1", "ds": 1, "ct": 1, "st": 0, "ck": 0, "cf": 1, "mds": "1 (1ct 0st)", "dspi": 0.142}, {"tt": "in Americas", "sp": "2010-2012", "mt": 7, "in": 7, "pr": "continent=3", "ds": 4, "ct": 4, "st": 0, "ck": 0, "cf": 4, "mds": "2 (2ct 0st)", "dspi": 0.571}, {"tt": "in Asia", "sp": "2009-2019", "mt": 23, "in": 23, "pr": "continent=2", "ds": 13, "ct": 13, "st": 0, "ck": 0, "cf": 13, "mds": "3 (3ct 0st)", "dspi": 0.565}, {"tt": "in Europe", "sp": "2009-2015", "mt": 6, "in": 6, "pr": "continent=4", "ds": 2, "ct": 2, "st": 0, "ck": 0, "cf": 2, "mds": "1 (1ct 0st)", "dspi": 0.333}, {"tt": "in Oceania", "sp": "2009-2021", "mt": 59, "in": 58, "pr": "continent=5", "ds": 38, "ct": 38, "st": 0, "ck": 0, "cf": 38, "mds": "3 (3ct 0st)", "dspi": 0.655}]}, {"type": "HOME_OR_AWAY", "stats": [{"tt": "home", "sp": "2009-2021", "mt": 57, "in": 56, "pr": "home_or_away=1", "ds": 38, "ct": 38, "st": 0, "ck": 0, "cf": 38, "mds": "3 (3ct 0st)", "dspi": 0.678}, {"tt": "away", "sp": "2009-2019", "mt": 20, "in": 20, "pr": "home_or_away=2", "ds": 6, "ct": 6, "st": 0, "ck": 0, "cf": 6, "mds": "1 (1ct 0st)", "dspi": 0.3}, {"tt": "neutral", "sp": "2009-2016", "mt": 25, "in": 25, "pr": "home_or_away=3", "ds": 14, "ct": 14, "st": 0, "ck": 0, "cf": 14, "mds": "3 (3ct 0st)", "dspi": 0.56}]}, {"type": "YEAR", "stats": [{"tt": "year 2009", "sp": null, "mt": 12, "in": 12, "pr": "year=2009", "ds": 3, "ct": 3, "st": 0, "ck": 0, "cf": 3, "mds": "1 (1ct 0st)", "dspi": 0.25}, {"tt": "year 2010", "sp": null, "mt": 11, "in": 11, "pr": "year=2010", "ds": 6, "ct": 6, "st": 0, "ck": 0, "cf": 6, "mds": "2 (2ct 0st)", "dspi": 0.545}, {"tt": "year 2011", "sp": null, "mt": 2, "in": 2, "pr": "year=2011", "ds": 0, "ct": 0, "st": 0, "ck": 0, "cf": 0, "mds": "0", "dspi": 0}, {"tt": "year 2012", "sp": null, "mt": 13, "in": 13, "pr": "year=2012", "ds": 7, "ct": 7, "st": 0, "ck": 0, "cf": 7, "mds": "3 (3ct 0st)", "dspi": 0.538}, {"tt": "year 2013", "sp": null, "mt": 3, "in": 3, "pr": "year=2013", "ds": 3, "ct": 3, "st": 0, "ck": 0, "cf": 3, "mds": "2 (2ct 0st)", "dspi": 1}, {"tt": "year 2014", "sp": null, "mt": 7, "in": 7, "pr": "year=2014", "ds": 5, "ct": 5, "st": 0, "ck": 0, "cf": 5, "mds": "2 (2ct 0st)", "dspi": 0.714}, {"tt": "year 2015", "sp": null, "mt": 4, "in": 4, "pr": "year=2015", "ds": 2, "ct": 2, "st": 0, "ck": 0, "cf": 2, "mds": "1 (1ct 0st)", "dspi": 0.5}, {"tt": "year 2016", "sp": null, "mt": 9, "in": 9, "pr": "year=2016", "ds": 9, "ct": 9, "st": 0, "ck": 0, "cf": 9, "mds": "3 (3ct 0st)", "dspi": 1}, {"tt": "year 2017", "sp": null, "mt": 4, "in": 4, "pr": "year=2017", "ds": 1, "ct": 1, "st": 0, "ck": 0, "cf": 1, "mds": "1 (1ct 0st)", "dspi": 0.25}, {"tt": "year 2018", "sp": null, "mt": 10, "in": 9, "pr": "year=2018", "ds": 3, "ct": 3, "st": 0, "ck": 0, "cf": 3, "mds": "2 (2ct 0st)", "dspi": 0.333}, {"tt": "year 2019", "sp": null, "mt": 8, "in": 8, "pr": "year=2019", "ds": 7, "ct": 7, "st": 0, "ck": 0, "cf": 7, "mds": "2 (2ct 0st)", "dspi": 0.875}, {"tt": "year 2020", "sp": null, "mt": 11, "in": 11, "pr": "year=2020", "ds": 4, "ct": 4, "st": 0, "ck": 0, "cf": 4, "mds": "2 (2ct 0st)", "dspi": 0.363}, {"tt": "year 2021", "sp": null, "mt": 8, "in": 8, "pr": "year=2021", "ds": 8, "ct": 8, "st": 0, "ck": 0, "cf": 8, "mds": "3 (3ct 0st)", "dspi": 1}]}, {"type": "SEASON", "stats": [{"tt": "season 2008/09", "sp": null, "mt": 3, "in": 3, "pr": "season=2008/09", "ds": 1, "ct": 1, "st": 0, "ck": 0, "cf": 1, "mds": "1 (1ct 0st)", "dspi": 0.333}, {"tt": "season 2009", "sp": null, "mt": 7, "in": 7, "pr": "season=2009", "ds": 2, "ct": 2, "st": 0, "ck": 0, "cf": 2, "mds": "1 (1ct 0st)", "dspi": 0.285}, {"tt": "season 2009/10", "sp": null, "mt": 5, "in": 5, "pr": "season=2009/10", "ds": 1, "ct": 1, "st": 0, "ck": 0, "cf": 1, "mds": "1 (1ct 0st)", "dspi": 0.2}, {"tt": "season 2010", "sp": null, "mt": 5, "in": 5, "pr": "season=2010", "ds": 4, "ct": 4, "st": 0, "ck": 0, "cf": 4, "mds": "2 (2ct 0st)", "dspi": 0.8}, {"tt": "season 2010/11", "sp": null, "mt": 3, "in": 3, "pr": "season=2010/11", "ds": 1, "ct": 1, "st": 0, "ck": 0, "cf": 1, "mds": "1 (1ct 0st)", "dspi": 0.333}, {"tt": "season 2011/12", "sp": null, "mt": 6, "in": 6, "pr": "season=2011/12", "ds": 5, "ct": 5, "st": 0, "ck": 0, "cf": 5, "mds": "3 (3ct 0st)", "dspi": 0.833}, {"tt": "season 2012", "sp": null, "mt": 3, "in": 3, "pr": "season=2012", "ds": 0, "ct": 0, "st": 0, "ck": 0, "cf": 0, "mds": "0", "dspi": 0}, {"tt": "season 2012/13", "sp": null, "mt": 9, "in": 9, "pr": "season=2012/13", "ds": 5, "ct": 5, "st": 0, "ck": 0, "cf": 5, "mds": "2 (2ct 0st)", "dspi": 0.555}, {"tt": "season 2013/14", "sp": null, "mt": 6, "in": 6, "pr": "season=2013/14", "ds": 5, "ct": 5, "st": 0, "ck": 0, "cf": 5, "mds": "2 (2ct 0st)", "dspi": 0.833}, {"tt": "season 2014/15", "sp": null, "mt": 1, "in": 1, "pr": "season=2014/15", "ds": 0, "ct": 0, "st": 0, "ck": 0, "cf": 0, "mds": "0", "dspi": 0}, {"tt": "season 2015", "sp": null, "mt": 4, "in": 4, "pr": "season=2015", "ds": 2, "ct": 2, "st": 0, "ck": 0, "cf": 2, "mds": "1 (1ct 0st)", "dspi": 0.5}, {"tt": "season 2015/16", "sp": null, "mt": 9, "in": 9, "pr": "season=2015/16", "ds": 9, "ct": 9, "st": 0, "ck": 0, "cf": 9, "mds": "3 (3ct 0st)", "dspi": 1}, {"tt": "season 2017/18", "sp": null, "mt": 14, "in": 13, "pr": "season=2017/18", "ds": 4, "ct": 4, "st": 0, "ck": 0, "cf": 4, "mds": "2 (2ct 0st)", "dspi": 0.307}, {"tt": "season 2018/19", "sp": null, "mt": 1, "in": 1, "pr": "season=2018/19", "ds": 1, "ct": 1, "st": 0, "ck": 0, "cf": 1, "mds": "1 (1ct 0st)", "dspi": 1}, {"tt": "season 2019", "sp": null, "mt": 2, "in": 2, "pr": "season=2019", "ds": 1, "ct": 1, "st": 0, "ck": 0, "cf": 1, "mds": "1 (1ct 0st)", "dspi": 0.5}, {"tt": "season 2019/20", "sp": null, "mt": 10, "in": 10, "pr": "season=2019/20", "ds": 6, "ct": 6, "st": 0, "ck": 0, "cf": 6, "mds": "2 (2ct 0st)", "dspi": 0.6}, {"tt": "season 2020/21", "sp": null, "mt": 14, "in": 14, "pr": "season=2020/21", "ds": 11, "ct": 11, "st": 0, "ck": 0, "cf": 11, "mds": "3 (3ct 0st)", "dspi": 0.785}]}, {"type": "CAPTAINS_INVOLVED", "stats": [{"tt": "*BB McCullum", "sp": "2009-2015", "mt": 21, "in": 21, "pr": "captain_involve=10384", "ds": 14, "ct": 14, "st": 0, "ck": 0, "cf": 14, "mds": "3 (3ct 0st)", "dspi": 0.666}, {"tt": "*MJ Santner", "sp": "2020-2020", "mt": 2, "in": 2, "pr": "captain_involve=64864", "ds": 2, "ct": 2, "st": 0, "ck": 0, "cf": 2, "mds": "2 (2ct 0st)", "dspi": 1}, {"tt": "*TG Southee", "sp": "2017-2021", "mt": 17, "in": 17, "pr": "captain_involve=49108", "ds": 9, "ct": 9, "st": 0, "ck": 0, "cf": 9, "mds": "2 (2ct 0st)", "dspi": 0.529}, {"tt": "*LRPL Taylor", "sp": "2010-2012", "mt": 11, "in": 11, "pr": "captain_involve=44930", "ds": 3, "ct": 3, "st": 0, "ck": 0, "cf": 3, "mds": "2 (2ct 0st)", "dspi": 0.272}, {"tt": "*DL Vettori", "sp": "2009-2010", "mt": 15, "in": 15, "pr": "captain_involve=4380", "ds": 8, "ct": 8, "st": 0, "ck": 0, "cf": 8, "mds": "2 (2ct 0st)", "dspi": 0.533}, {"tt": "*KS Williamson", "sp": "2012-2021", "mt": 36, "in": 35, "pr": "captain_involve=51088", "ds": 22, "ct": 22, "st": 0, "ck": 0, "cf": 22, "mds": "3 (3ct 0st)", "dspi": 0.628}]}, {"type": "CAPTAIN", "stats": [{"tt": "is not captain", "sp": "2009-2021", "mt": 102, "in": 101, "pr": "captain=0", "ds": 58, "ct": 58, "st": 0, "ck": 0, "cf": 58, "mds": "3 (3ct 0st)", "dspi": 0.574}]}, {"type": "KEEPER", "stats": [{"tt": "is not keeper", "sp": "2009-2021", "mt": 102, "in": 101, "pr": "keeper=0", "ds": 58, "ct": 58, "st": 0, "ck": 0, "cf": 58, "mds": "3 (3ct 0st)", "dspi": 0.574}]}, {"type": "TOSS", "stats": [{"tt": "won the toss", "sp": "2009-2021", "mt": 50, "in": 50, "pr": "toss=1", "ds": 29, "ct": 29, "st": 0, "ck": 0, "cf": 29, "mds": "3 (3ct 0st)", "dspi": 0.58}, {"tt": "lost the toss", "sp": "2009-2021", "mt": 52, "in": 51, "pr": "toss=2", "ds": 29, "ct": 29, "st": 0, "ck": 0, "cf": 29, "mds": "3 (3ct 0st)", "dspi": 0.568}]}, {"type": "BATTING_FIELDING_SEQUENCE_AND_TOSS", "stats": [{"tt": "won toss &amp; batted", "sp": "2009-2021", "mt": 20, "in": 20, "pr": "batting_fielding_first=1;toss=1", "ds": 15, "ct": 15, "st": 0, "ck": 0, "cf": 15, "mds": "3 (3ct 0st)", "dspi": 0.75}, {"tt": "won toss &amp; fielded", "sp": "2009-2021", "mt": 30, "in": 30, "pr": "batting_fielding_first=2;toss=1", "ds": 14, "ct": 14, "st": 0, "ck": 0, "cf": 14, "mds": "2 (2ct 0st)", "dspi": 0.466}, {"tt": "lost toss &amp; sent in", "sp": "2009-2021", "mt": 30, "in": 29, "pr": "batting_fielding_first=1;toss=2", "ds": 15, "ct": 15, "st": 0, "ck": 0, "cf": 15, "mds": "2 (2ct 0st)", "dspi": 0.517}, {"tt": "lost toss &amp; fielded", "sp": "2009-2021", "mt": 22, "in": 22, "pr": "batting_fielding_first=2;toss=2", "ds": 14, "ct": 14, "st": 0, "ck": 0, "cf": 14, "mds": "3 (3ct 0st)", "dspi": 0.636}]}, {"type": "BATTING_FIELDING_SEQUENCE", "stats": [{"tt": "matches batting first", "sp": "2009-2021", "mt": 50, "in": 49, "pr": "batting_fielding_first=1", "ds": 30, "ct": 30, "st": 0, "ck": 0, "cf": 30, "mds": "3 (3ct 0st)", "dspi": 0.612}, {"tt": "matches fielding first", "sp": "2009-2021", "mt": 52, "in": 52, "pr": "batting_fielding_first=2", "ds": 28, "ct": 28, "st": 0, "ck": 0, "cf": 28, "mds": "3 (3ct 0st)", "dspi": 0.538}]}, {"type": "TEAM_INNINGS", "stats": [{"tt": "1st team innings", "sp": "2009-2021", "mt": 101, "in": 101, "pr": "innings_number=1;innings_number=2", "ds": 58, "ct": 58, "st": 0, "ck": 0, "cf": 58, "mds": "3 (3ct 0st)", "dspi": 0.574}]}, {"type": "MATCH_INNINGS", "stats": [{"tt": "1st match innings", "sp": "2009-2021", "mt": 52, "in": 52, "pr": "innings_number=1", "ds": 28, "ct": 28, "st": 0, "ck": 0, "cf": 28, "mds": "3 (3ct 0st)", "dspi": 0.538}, {"tt": "2nd match innings", "sp": "2009-2021", "mt": 49, "in": 49, "pr": "innings_number=2", "ds": 30, "ct": 30, "st": 0, "ck": 0, "cf": 30, "mds": "3 (3ct 0st)", "dspi": 0.612}]}, {"type": "FLOODLIT", "stats": [{"tt": "day match", "sp": "2009-2021", "mt": 27, "in": 27, "pr": "floodlit=1", "ds": 16, "ct": 16, "st": 0, "ck": 0, "cf": 16, "mds": "3 (3ct 0st)", "dspi": 0.592}, {"tt": "day/night match", "sp": "2009-2018", "mt": 35, "in": 35, "pr": "floodlit=2", "ds": 22, "ct": 22, "st": 0, "ck": 0, "cf": 22, "mds": "3 (3ct 0st)", "dspi": 0.628}, {"tt": "night match", "sp": "2010-2021", "mt": 40, "in": 39, "pr": "floodlit=3", "ds": 20, "ct": 20, "st": 0, "ck": 0, "cf": 20, "mds": "3 (3ct 0st)", "dspi": 0.512}]}, {"type": "RESULT", "stats": [{"tt": "won match", "sp": "2009-2021", "mt": 54, "in": 54, "pr": "result=1", "ds": 41, "ct": 41, "st": 0, "ck": 0, "cf": 41, "mds": "3 (3ct 0st)", "dspi": 0.759}, {"tt": "lost match", "sp": "2009-2021", "mt": 40, "in": 40, "pr": "result=2", "ds": 17, "ct": 17, "st": 0, "ck": 0, "cf": 17, "mds": "2 (2ct 0st)", "dspi": 0.425}, {"tt": "tied match", "sp": "2010-2020", "mt": 6, "in": 6, "pr": "result=3", "ds": 0, "ct": 0, "st": 0, "ck": 0, "cf": 0, "mds": "0", "dspi": 0}, {"tt": "no result", "sp": "2018-2020", "mt": 2, "in": 1, "pr": "result=5", "ds": 0, "ct": 0, "st": 0, "ck": 0, "cf": 0, "mds": "0", "dspi": 0}]}, {"type": "BATTING_FIELDING_SEQUENCE_AND_RESULT", "stats": [{"tt": "won batting first", "sp": "2009-2021", "mt": 31, "in": 31, "pr": "batting_fielding_first=1;result=1", "ds": 24, "ct": 24, "st": 0, "ck": 0, "cf": 24, "mds": "3 (3ct 0st)", "dspi": 0.774}, {"tt": "won fielding first", "sp": "2009-2021", "mt": 23, "in": 23, "pr": "batting_fielding_first=2;result=1", "ds": 17, "ct": 17, "st": 0, "ck": 0, "cf": 17, "mds": "3 (3ct 0st)", "dspi": 0.739}, {"tt": "lost batting first", "sp": "2009-2020", "mt": 15, "in": 15, "pr": "batting_fielding_first=1;result=2", "ds": 6, "ct": 6, "st": 0, "ck": 0, "cf": 6, "mds": "2 (2ct 0st)", "dspi": 0.4}, {"tt": "lost fielding first", "sp": "2009-2021", "mt": 25, "in": 25, "pr": "batting_fielding_first=2;result=2", "ds": 11, "ct": 11, "st": 0, "ck": 0, "cf": 11, "mds": "2 (2ct 0st)", "dspi": 0.44}, {"tt": "tied batting first", "sp": "2010-2019", "mt": 3, "in": 3, "pr": "batting_fielding_first=1;result=3", "ds": 0, "ct": 0, "st": 0, "ck": 0, "cf": 0, "mds": "0", "dspi": 0}, {"tt": "tied fielding first", "sp": "2012-2020", "mt": 3, "in": 3, "pr": "batting_fielding_first=2;result=3", "ds": 0, "ct": 0, "st": 0, "ck": 0, "cf": 0, "mds": "0", "dspi": 0}, {"tt": "no result batting first", "sp": "2018-2018", "mt": 1, "in": null, "pr": "batting_fielding_first=1;result=5", "ds": null, "ct": null, "st": null, "ck": null, "cf": null, "mds": null, "dspi": null}, {"tt": "no result fielding first", "sp": "2020-2020", "mt": 1, "in": 1, "pr": "batting_fielding_first=2;result=5", "ds": 0, "ct": 0, "st": 0, "ck": 0, "cf": 0, "mds": "0", "dspi": 0}]}, {"type": "TOURNAMENT_TYPE", "stats": [{"tt": "2 team series", "sp": "2009-2021", "mt": 76, "in": 75, "pr": "tournament_type=2", "ds": 40, "ct": 40, "st": 0, "ck": 0, "cf": 40, "mds": "3 (3ct 0st)", "dspi": 0.533}, {"tt": "3-4 team tournaments", "sp": "2018-2018", "mt": 5, "in": 5, "pr": "tournament_type=3", "ds": 3, "ct": 3, "st": 0, "ck": 0, "cf": 3, "mds": "2 (2ct 0st)", "dspi": 0.6}, {"tt": "5+ team tournaments", "sp": "2009-2016", "mt": 21, "in": 21, "pr": "tournament_type=5", "ds": 15, "ct": 15, "st": 0, "ck": 0, "cf": 15, "mds": "3 (3ct 0st)", "dspi": 0.714}]}, {"type": "MATCH_NUMBER", "stats": [{"tt": "only match in series", "sp": "2009-2019", "mt": 5, "in": 5, "pr": "match_number=0", "ds": 2, "ct": 2, "st": 0, "ck": 0, "cf": 2, "mds": "1 (1ct 0st)", "dspi": 0.4}, {"tt": "1st match in series", "sp": "2009-2021", "mt": 26, "in": 26, "pr": "match_number=1", "ds": 16, "ct": 16, "st": 0, "ck": 0, "cf": 16, "mds": "3 (3ct 0st)", "dspi": 0.615}, {"tt": "2nd match in series", "sp": "2009-2021", "mt": 25, "in": 24, "pr": "match_number=2", "ds": 12, "ct": 12, "st": 0, "ck": 0, "cf": 12, "mds": "2 (2ct 0st)", "dspi": 0.5}, {"tt": "3rd match in series", "sp": "2010-2021", "mt": 14, "in": 14, "pr": "match_number=3", "ds": 6, "ct": 6, "st": 0, "ck": 0, "cf": 6, "mds": "2 (2ct 0st)", "dspi": 0.428}, {"tt": "4th match in series", "sp": "2019-2021", "mt": 3, "in": 3, "pr": "match_number=4", "ds": 1, "ct": 1, "st": 0, "ck": 0, "cf": 1, "mds": "1 (1ct 0st)", "dspi": 0.333}, {"tt": "5th match in series", "sp": "2019-2021", "mt": 3, "in": 3, "pr": "match_number=5", "ds": 3, "ct": 3, "st": 0, "ck": 0, "cf": 3, "mds": "3 (3ct 0st)", "dspi": 1}]}, {"type": "MAJOR_TROPHY", "stats": [{"tt": "Men's T20 World Cup", "sp": "2009-2016", "mt": 21, "in": 21, "pr": "trophy=89", "ds": 15, "ct": 15, "st": 0, "ck": 0, "cf": 15, "mds": "3 (3ct 0st)", "dspi": 0.714}]}, {"type": "FINAL_TYPE", "stats": [{"tt": "tournament finals", "sp": "2018-2018", "mt": 1, "in": 1, "pr": "final_type=1", "ds": 0, "ct": 0, "st": 0, "ck": 0, "cf": 0, "mds": "0", "dspi": 0}, {"tt": "tournament semi-finals", "sp": "2016-2016", "mt": 1, "in": 1, "pr": "final_type=3", "ds": 0, "ct": 0, "st": 0, "ck": 0, "cf": 0, "mds": "0", "dspi": 0}, {"tt": "preliminary matches", "sp": "2009-2018", "mt": 24, "in": 24, "pr": "final_type=0", "ds": 18, "ct": 18, "st": 0, "ck": 0, "cf": 18, "mds": "3 (3ct 0st)", "dspi": 0.75}]}]}}