{"player": {"id": 48927, "objectId": 226492, "name": "MJ Guptill", "longName": "Martin Guptill", "mobileName": "Guptill", "indexName": "Guptill, MJ", "battingName": "MJ Guptill", "fieldingName": "Guptill", "slug": "martin-guptill", "gender": "M", "playingRole": "opening batter", "battingStyles": ["rhb"], "bowlingStyles": ["ob"], "longBattingStyles": ["right-hand bat"], "longBowlingStyles": ["right-arm offbreak"], "image": {"id": 303656, "objectId": 1222454, "slug": "martin-guptill-portrait", "url": "/db/PICTURES/CMS/303600/303656.png", "width": 160, "height": 200, "caption": "Martin Guptill portrait", "longCaption": "Martin Guptill, May 2020", "credit": "Getty Images", "photographer": null, "peerUrls": null}, "countryTeamId": 5, "playingRoleType": "P", "playingRoles": ["opening batter"], "dateOfBirth": {"year": 1986, "month": 9, "date": 30}, "dateOfDeath": null, "fullName": "Martin James Guptill", "nickNames": "", "alsoKnownAs": "", "height": 0, "heightUnit": null, "education": "", "country": {"id": 5, "objectId": 5, "name": "New Zealand", "shortName": "New Zealand", "image": {"id": 313127, "objectId": 1241586, "slug": "new-zealand-logo", "url": "/db/PICTURES/CMS/313100/313127.logo.png", "width": 500, "height": 500, "caption": "New Zealand logo", "longCaption": "New Zealand logo", "credit": null, "photographer": null, "peerUrls": null}}, "altCountryTeamId": null, "placeOfBirth": "Auckland", "dobText": null, "dodText": null, "placeOfDeath": "", "intlCareerSpan": "2009 - 2021", "headshotImage": {"id": 316591, "objectId": 1251220, "slug": "mj-guptill-headshot", "url": "/db/PICTURES/CMS/316500/316591.png", "width": 600, "height": 436, "caption": "MJ Guptill headshot", "longCaption": "MJ Guptill headshot", "credit": null, "photographer": null, "peerUrls": {"FILM": null, "WIDE": null, "SQUARE": null}}, "backgroundImage": {"id": 205631, "objectId": 830689, "slug": "martin-guptill-made-49-before-he-was-dismissed-by-suranga-lakmal", "url": "/db/PICTURES/CMS/205600/205631.jpg", "width": 900, "height": 934, "caption": "Martin Guptill made 49 before he was dismissed by Suranga Lakmal", "longCaption": "Martin Guptill made 49 before he was dismissed by Suranga Lakmal, New Zealand v Sri Lanka, Group A, World Cup 2015, Christchurch, February 14, 2015", "credit": "Getty Images", "photographer": null, "peerUrls": {"FILM": null, "WIDE": "/db/PICTURES/CMS/205600/205631.3.jpg", "SQUARE": "/db/PICTURES/CMS/205600/205631.jpg"}}, "externalLinks": [], "fieldingStyles": [], "otherStyles": [], "matchPlayerTypes": [1], "hasRecords": true, "hasStats": true, "hasMatches": true, "totalStories": 282, "totalVideos": 39, "totalImages": 627}, "teams": [{"team": {"id": 5, "objectId": 5, "scribeId": 5, "slug": "new-zealand", "name": "New Zealand", "longName": "New Zealand", "abbreviation": "NZ", "isCountry": true, "primaryColor": "#000000", "image": {"id": 313127, "objectId": 1241586, "slug": "new-zealand-logo", "url": "/db/PICTURES/CMS/313100/313127.logo.png", "width": 500, "height": 500, "caption": "New Zealand logo", "longCaption": "New Zealand logo", "credit": null, "photographer": null, "peerUrls": null}}, "current": false}, {"team": {"id": 2510, "objectId": 2459, "scribeId": 2459, "slug": "auckland", "name": "Auckland", "longName": "Auckland", "abbreviation": "AUCK", "isCountry": false, "primaryColor": null, "image": {"id": 313329, "objectId": 1241788, "slug": "auckland-logo", "url": "/db/PICTURES/CMS/313300/313329.logo.png", "width": 500, "height": 500, "caption": "Auckland logo", "longCaption": "Auckland logo", "credit": null, "photographer": null, "peerUrls": null}}, "current": false}, {"team": {"id": 5151, "objectId": 642411, "scribeId": 642411, "slug": "barbados-tridents", "name": "Tridents", "longName": "Barbados Tridents", "abbreviation": "BT", "isCountry": false, "primaryColor": null, "image": {"id": 313481, "objectId": 1241940, "slug": "barbados-tridents-logo", "url": "/db/PICTURES/CMS/313400/313481.logo.png", "width": 500, "height": 500, "caption": "Barbados Tridents logo", "longCaption": "Barbados Tridents logo", "credit": null, "photographer": null, "peerUrls": null}}, "current": false}, {"team": {"id": 955, "objectId": 904, "scribeId": 904, "slug": "derbyshire", "name": "Derbyshire", "longName": "Derbyshire", "abbreviation": "DERBS", "isCountry": false, "primaryColor": null, "image": {"id": 313254, "objectId": 1241713, "slug": "derbyshire-logo", "url": "/db/PICTURES/CMS/313200/313254.logo.png", "width": 500, "height": 500, "caption": "Derbyshire logo", "longCaption": "Derbyshire logo", "credit": null, "photographer": null, "peerUrls": null}}, "current": false}, {"team": {"id": 5153, "objectId": 642413, "scribeId": 642413, "slug": "guyana-amazon-warriors", "name": "Amazon", "longName": "Guyana Amazon Warriors", "abbreviation": "GAW", "isCountry": false, "primaryColor": null, "image": {"id": 313482, "objectId": 1241941, "slug": "guyana-amazon-warriors-logo", "url": "/db/PICTURES/CMS/313400/313482.logo.png", "width": 500, "height": 500, "caption": "Guyana Amazon Warriors logo", "longCaption": "Guyana Amazon Warriors logo", "credit": null, "photographer": null, "peerUrls": null}}, "current": false}, {"team": {"id": 5793, "objectId": 953835, "scribeId": 953835, "slug": "karachi-kings", "name": "Kings", "longName": "Karachi Kings", "abbreviation": "KK", "isCountry": false, "primaryColor": null, "image": {"id": 313520, "objectId": 1241979, "slug": "karachi-kings-logo", "url": "/db/PICTURES/CMS/313500/313520.logo.png", "width": 500, "height": 500, "caption": "Karachi Kings logo", "longCaption": "Karachi Kings logo", "credit": null, "photographer": null, "peerUrls": null}}, "current": false}, {"team": {"id": 4342, "objectId": 335973, "scribeId": 335973, "slug": "punjab-kings", "name": "Kings XI", "longName": "Kings XI Punjab", "abbreviation": "KXIP", "isCountry": false, "primaryColor": "#b32524", "image": {"id": 317003, "objectId": 1252156, "slug": "punjab-kings-team-logo", "url": "/db/PICTURES/CMS/317000/317003.png", "width": 500, "height": 500, "caption": "Punjab Kings team logo", "longCaption": "Punjab Kings team logo", "credit": "IPL", "photographer": null, "peerUrls": null}}, "current": false}, {"team": {"id": 4346, "objectId": 335978, "scribeId": 335978, "slug": "mumbai-indians", "name": "Mum Indians", "longName": "Mumbai Indians", "abbreviation": "MI", "isCountry": false, "primaryColor": "#005ea0", "image": {"id": 317995, "objectId": 1254984, "slug": "mumbai-indians-team-logo", "url": "/db/PICTURES/CMS/317900/317995.png", "width": 500, "height": 500, "caption": "Mumbai Indians team logo", "longCaption": "Mumbai Indians team logo", "credit": "Unknown", "photographer": null, "peerUrls": null}}, "current": false}, {"team": {"id": 2592, "objectId": 2541, "scribeId": 2541, "slug": "new-zealand-academy", "name": "", "longName": "New Zealand Academy", "abbreviation": "", "isCountry": false, "primaryColor": null, "image": null}, "current": false}, {"team": {"id": 2611, "objectId": 2560, "scribeId": 2560, "slug": "new-zealand-under-19s-young-cricketers", "name": "NZ U19", "longName": "New Zealand Under-19s", "abbreviation": "NZ19", "isCountry": false, "primaryColor": null, "image": {"id": 313334, "objectId": 1241793, "slug": "new-zealand-under-19s-young-cricketers-logo", "url": "/db/PICTURES/CMS/313300/313334.logo.png", "width": 500, "height": 500, "caption": "New Zealand Under-19s (Young Cricketers) logo", "longCaption": "New Zealand Under-19s (Young Cricketers) logo", "credit": null, "photographer": null, "peerUrls": null}}, "current": false}, {"team": {"id": 5543, "objectId": 857687, "scribeId": 857687, "slug": "st-kitts-and-nevis-patriots", "name": "Patriots", "longName": "St Kitts and Nevis Patriots", "abbreviation": "STKNP", "isCountry": false, "primaryColor": null, "image": {"id": 313501, "objectId": 1241960, "slug": "st-kitts-and-nevis-patriots-logo", "url": "/db/PICTURES/CMS/313500/313501.logo.png", "width": 500, "height": 500, "caption": "St Kitts and Nevis Patriots logo", "longCaption": "St Kitts and Nevis Patriots logo", "credit": null, "photographer": null, "peerUrls": null}}, "current": false}, {"team": {"id": 5143, "objectId": 628333, "scribeId": 628333, "slug": "sunrisers-hyderabad", "name": "Sunrisers", "longName": "Sunrisers Hyderabad", "abbreviation": "SRH", "isCountry": false, "primaryColor": "#fb653f", "image": {"id": 313480, "objectId": 1241939, "slug": "sunrisers-hyderabad-logo", "url": "/db/PICTURES/CMS/313400/313480.logo.png", "width": 500, "height": 500, "caption": "Sunrisers Hyderabad logo", "longCaption": "Sunrisers Hyderabad logo", "credit": null, "photographer": null, "peerUrls": null}}, "current": false}]}