{"summary": {"recordClassId": 2, "type": "ALLROUND", "groups": [{"type": "CAREER_AVERAGES", "stats": [{"tt": "overview", "sp": "2009-2021", "mt": 186, "pr": null, "rn": 6927, "wk": 4, "ct": 93, "st": 0, "hs": "237*", "hn": 16, "bbi": "2/6", "bta": 42.23, "bwa": 24.5, "fw": 0, "bbad": 17.73}]}, {"type": "OPPOSITION_TEAM", "stats": [{"tt": "v Afghanistan", "sp": "2015-2019", "mt": 2, "pr": "opposition=40", "rn": 57, "wk": null, "ct": 3, "st": 0, "hs": "57", "hn": 0, "bbi": null, "bta": 28.5, "bwa": null, "fw": null, "bbad": null}, {"tt": "v Australia", "sp": "2009-2020", "mt": 25, "pr": "opposition=2", "rn": 825, "wk": 0, "ct": 13, "st": 0, "hs": "114", "hn": 1, "bbi": "-", "bta": 34.37, "bwa": null, "fw": 0, "bbad": null}, {"tt": "v Bangladesh", "sp": "2010-2021", "mt": 15, "pr": "opposition=25", "rn": 657, "wk": 2, "ct": 6, "st": 0, "hs": "118", "hn": 3, "bbi": "2/7", "bta": 50.53, "bwa": 7.5, "fw": 0, "bbad": 43.03}, {"tt": "v Canada", "sp": "2011-2011", "mt": 1, "pr": "opposition=17", "rn": 17, "wk": null, "ct": 0, "st": 0, "hs": "17", "hn": 0, "bbi": null, "bta": 17, "bwa": null, "fw": null, "bbad": null}, {"tt": "v England", "sp": "2009-2019", "mt": 20, "pr": "opposition=1", "rn": 802, "wk": 0, "ct": 12, "st": 0, "hs": "189*", "hn": 2, "bbi": "-", "bta": 47.17, "bwa": null, "fw": 0, "bbad": null}, {"tt": "v India", "sp": "2009-2020", "mt": 34, "pr": "opposition=6", "rn": 925, "wk": 2, "ct": 12, "st": 0, "hs": "111", "hn": 1, "bbi": "2/6", "bta": 28.9, "bwa": 9, "fw": 0, "bbad": 19.9}, {"tt": "v Kenya", "sp": "2011-2011", "mt": 1, "pr": "opposition=26", "rn": 39, "wk": null, "ct": 0, "st": 0, "hs": "39*", "hn": 0, "bbi": null, "bta": null, "bwa": null, "fw": null, "bbad": null}, {"tt": "v Pakistan", "sp": "2009-2019", "mt": 24, "pr": "opposition=7", "rn": 952, "wk": null, "ct": 20, "st": 0, "hs": "100", "hn": 1, "bbi": null, "bta": 45.33, "bwa": null, "fw": null, "bbad": null}, {"tt": "v Scotland", "sp": "2015-2015", "mt": 1, "pr": "opposition=30", "rn": 17, "wk": null, "ct": 0, "st": 0, "hs": "17", "hn": 0, "bbi": null, "bta": 17, "bwa": null, "fw": null, "bbad": null}, {"tt": "v South Africa", "sp": "2009-2019", "mt": 18, "pr": "opposition=3", "rn": 506, "wk": 0, "ct": 7, "st": 0, "hs": "180*", "hn": 2, "bbi": "-", "bta": 33.73, "bwa": null, "fw": 0, "bbad": null}, {"tt": "v Sri Lanka", "sp": "2009-2019", "mt": 23, "pr": "opposition=8", "rn": 876, "wk": 0, "ct": 9, "st": 0, "hs": "138", "hn": 2, "bbi": "-", "bta": 43.8, "bwa": null, "fw": 0, "bbad": null}, {"tt": "v West Indies", "sp": "2009-2019", "mt": 13, "pr": "opposition=4", "rn": 588, "wk": 0, "ct": 8, "st": 0, "hs": "237*", "hn": 2, "bbi": "-", "bta": 53.45, "bwa": null, "fw": 0, "bbad": null}, {"tt": "v Zimbabwe", "sp": "2011-2015", "mt": 9, "pr": "opposition=9", "rn": 666, "wk": null, "ct": 3, "st": 0, "hs": "116*", "hn": 2, "bbi": null, "bta": 95.14, "bwa": null, "fw": null, "bbad": null}]}, {"type": "HOST_COUNTRY", "stats": [{"tt": "in Australia", "sp": "2009-2020", "mt": 10, "pr": "host=2", "rn": 384, "wk": null, "ct": 4, "st": 0, "hs": "114", "hn": 1, "bbi": null, "bta": 42.66, "bwa": null, "fw": null, "bbad": null}, {"tt": "in Bangladesh", "sp": "2011-2011", "mt": 1, "pr": "host=25", "rn": 1, "wk": null, "ct": 0, "st": 0, "hs": "1", "hn": 0, "bbi": null, "bta": 1, "bwa": null, "fw": null, "bbad": null}, {"tt": "in England", "sp": "2013-2019", "mt": 24, "pr": "host=1", "rn": 838, "wk": 0, "ct": 16, "st": 0, "hs": "189*", "hn": 2, "bbi": "-", "bta": 39.9, "bwa": null, "fw": 0, "bbad": null}, {"tt": "in India", "sp": "2010-2017", "mt": 18, "pr": "host=6", "rn": 471, "wk": 2, "ct": 5, "st": 0, "hs": "86*", "hn": 0, "bbi": "2/6", "bta": 29.43, "bwa": 3, "fw": 0, "bbad": 26.43}, {"tt": "in New Zealand", "sp": "2009-2021", "mt": 99, "pr": "host=5", "rn": 4171, "wk": 2, "ct": 47, "st": 0, "hs": "237*", "hn": 10, "bbi": "2/7", "bta": 49.07, "bwa": 26.5, "fw": 0, "bbad": 22.57}, {"tt": "in South Africa", "sp": "2009-2015", "mt": 11, "pr": "host=3", "rn": 334, "wk": 0, "ct": 7, "st": 0, "hs": "103*", "hn": 1, "bbi": "-", "bta": 33.4, "bwa": null, "fw": 0, "bbad": null}, {"tt": "in Sri Lanka", "sp": "2009-2011", "mt": 7, "pr": "host=8", "rn": 132, "wk": 0, "ct": 3, "st": 0, "hs": "57", "hn": 0, "bbi": "-", "bta": 18.85, "bwa": null, "fw": 0, "bbad": null}, {"tt": "in U.A.E.", "sp": "2009-2014", "mt": 6, "pr": "host=27", "rn": 152, "wk": null, "ct": 4, "st": 0, "hs": "62", "hn": 0, "bbi": null, "bta": 25.33, "bwa": null, "fw": null, "bbad": null}, {"tt": "in West Indies", "sp": "2012-2012", "mt": 5, "pr": "host=4", "rn": 96, "wk": 0, "ct": 4, "st": 0, "hs": "51", "hn": 0, "bbi": "-", "bta": 19.2, "bwa": null, "fw": 0, "bbad": null}, {"tt": "in Zimbabwe", "sp": "2011-2015", "mt": 5, "pr": "host=9", "rn": 348, "wk": null, "ct": 3, "st": 0, "hs": "116*", "hn": 2, "bbi": null, "bta": 87, "bwa": null, "fw": null, "bbad": null}]}, {"type": "CONTINENT", "stats": [{"tt": "in Africa", "sp": "2009-2015", "mt": 16, "pr": "continent=1", "rn": 682, "wk": 0, "ct": 10, "st": 0, "hs": "116*", "hn": 3, "bbi": "-", "bta": 48.71, "bwa": null, "fw": 0, "bbad": null}, {"tt": "in Americas", "sp": "2012-2012", "mt": 5, "pr": "continent=3", "rn": 96, "wk": 0, "ct": 4, "st": 0, "hs": "51", "hn": 0, "bbi": "-", "bta": 19.2, "bwa": null, "fw": 0, "bbad": null}, {"tt": "in Asia", "sp": "2009-2017", "mt": 32, "pr": "continent=2", "rn": 756, "wk": 2, "ct": 12, "st": 0, "hs": "86*", "hn": 0, "bbi": "2/6", "bta": 25.2, "bwa": 9, "fw": 0, "bbad": 16.2}, {"tt": "in Europe", "sp": "2013-2019", "mt": 24, "pr": "continent=4", "rn": 838, "wk": 0, "ct": 16, "st": 0, "hs": "189*", "hn": 2, "bbi": "-", "bta": 39.9, "bwa": null, "fw": 0, "bbad": null}, {"tt": "in Oceania", "sp": "2009-2021", "mt": 109, "pr": "continent=5", "rn": 4555, "wk": 2, "ct": 51, "st": 0, "hs": "237*", "hn": 11, "bbi": "2/7", "bta": 48.45, "bwa": 26.5, "fw": 0, "bbad": 21.95}]}, {"type": "HOME_OR_AWAY", "stats": [{"tt": "home", "sp": "2009-2021", "mt": 99, "pr": "home_or_away=1", "rn": 4171, "wk": 2, "ct": 47, "st": 0, "hs": "237*", "hn": 10, "bbi": "2/7", "bta": 49.07, "bwa": 26.5, "fw": 0, "bbad": 22.57}, {"tt": "away", "sp": "2009-2020", "mt": 55, "pr": "home_or_away=2", "rn": 1927, "wk": 2, "ct": 28, "st": 0, "hs": "189*", "hn": 6, "bbi": "2/6", "bta": 38.54, "bwa": 16.5, "fw": 0, "bbad": 22.04}, {"tt": "neutral", "sp": "2009-2019", "mt": 32, "pr": "home_or_away=3", "rn": 829, "wk": 0, "ct": 18, "st": 0, "hs": "86*", "hn": 0, "bbi": "-", "bta": 28.58, "bwa": null, "fw": 0, "bbad": null}]}, {"type": "YEAR", "stats": [{"tt": "year 2009", "sp": null, "mt": 22, "pr": "year=2009", "rn": 738, "wk": 0, "ct": 11, "st": 0, "hs": "122*", "hn": 1, "bbi": "-", "bta": 41, "bwa": null, "fw": 0, "bbad": null}, {"tt": "year 2010", "sp": null, "mt": 16, "pr": "year=2010", "rn": 363, "wk": 2, "ct": 6, "st": 0, "hs": "91", "hn": 0, "bbi": "2/7", "bta": 22.68, "bwa": 14, "fw": 0, "bbad": 8.68}, {"tt": "year 2011", "sp": null, "mt": 16, "pr": "year=2011", "rn": 650, "wk": null, "ct": 2, "st": 0, "hs": "105", "hn": 1, "bbi": null, "bta": 54.16, "bwa": null, "fw": null, "bbad": null}, {"tt": "year 2012", "sp": null, "mt": 11, "pr": "year=2012", "rn": 400, "wk": 0, "ct": 5, "st": 0, "hs": "85", "hn": 0, "bbi": "-", "bta": 36.36, "bwa": null, "fw": 0, "bbad": null}, {"tt": "year 2013", "sp": null, "mt": 11, "pr": "year=2013", "rn": 406, "wk": null, "ct": 7, "st": 0, "hs": "189*", "hn": 2, "bbi": null, "bta": 50.75, "bwa": null, "fw": null, "bbad": null}, {"tt": "year 2014", "sp": null, "mt": 14, "pr": "year=2014", "rn": 396, "wk": 0, "ct": 7, "st": 0, "hs": "111", "hn": 1, "bbi": "-", "bta": 30.46, "bwa": null, "fw": 0, "bbad": null}, {"tt": "year 2015", "sp": null, "mt": 32, "pr": "year=2015", "rn": 1489, "wk": 0, "ct": 21, "st": 0, "hs": "237*", "hn": 4, "bbi": "-", "bta": 55.14, "bwa": null, "fw": 0, "bbad": null}, {"tt": "year 2016", "sp": null, "mt": 18, "pr": "year=2016", "rn": 727, "wk": 2, "ct": 9, "st": 0, "hs": "114", "hn": 2, "bbi": "2/6", "bta": 42.76, "bwa": 3, "fw": 0, "bbad": 39.76}, {"tt": "year 2017", "sp": null, "mt": 9, "pr": "year=2017", "rn": 384, "wk": null, "ct": 2, "st": 0, "hs": "180*", "hn": 1, "bbi": null, "bta": 48, "bwa": null, "fw": null, "bbad": null}, {"tt": "year 2018", "sp": null, "mt": 10, "pr": "year=2018", "rn": 423, "wk": null, "ct": 6, "st": 0, "hs": "100", "hn": 1, "bbi": null, "bta": 47, "bwa": null, "fw": null, "bbad": null}, {"tt": "year 2019", "sp": null, "mt": 20, "pr": "year=2019", "rn": 650, "wk": null, "ct": 14, "st": 0, "hs": "138", "hn": 3, "bbi": null, "bta": 36.11, "bwa": null, "fw": null, "bbad": null}, {"tt": "year 2020", "sp": null, "mt": 4, "pr": "year=2020", "rn": 217, "wk": null, "ct": 1, "st": 0, "hs": "79", "hn": 0, "bbi": null, "bta": 54.25, "bwa": null, "fw": null, "bbad": null}, {"tt": "year 2021", "sp": null, "mt": 3, "pr": "year=2021", "rn": 84, "wk": null, "ct": 2, "st": 0, "hs": "38", "hn": 0, "bbi": null, "bta": 28, "bwa": null, "fw": null, "bbad": null}]}, {"type": "SEASON", "stats": [{"tt": "season 2008/09", "sp": null, "mt": 12, "pr": "season=2008/09", "rn": 448, "wk": null, "ct": 3, "st": 0, "hs": "122*", "hn": 1, "bbi": null, "bta": 56, "bwa": null, "fw": null, "bbad": null}, {"tt": "season 2009", "sp": null, "mt": 2, "pr": "season=2009", "rn": 25, "wk": 0, "ct": 2, "st": 0, "hs": "22", "hn": 0, "bbi": "-", "bta": 12.5, "bwa": null, "fw": 0, "bbad": null}, {"tt": "season 2009/10", "sp": null, "mt": 16, "pr": "season=2009/10", "rn": 475, "wk": 2, "ct": 10, "st": 0, "hs": "91", "hn": 0, "bbi": "2/7", "bta": 29.68, "bwa": 20.5, "fw": 0, "bbad": 9.18}, {"tt": "season 2010", "sp": null, "mt": 3, "pr": "season=2010", "rn": 11, "wk": null, "ct": 1, "st": 0, "hs": "11", "hn": 0, "bbi": null, "bta": 3.66, "bwa": null, "fw": null, "bbad": null}, {"tt": "season 2010/11", "sp": null, "mt": 19, "pr": "season=2010/11", "rn": 613, "wk": null, "ct": 3, "st": 0, "hs": "86*", "hn": 0, "bbi": null, "bta": 40.86, "bwa": null, "fw": null, "bbad": null}, {"tt": "season 2011/12", "sp": null, "mt": 8, "pr": "season=2011/12", "rn": 483, "wk": null, "ct": 1, "st": 0, "hs": "105", "hn": 1, "bbi": null, "bta": 60.37, "bwa": null, "fw": null, "bbad": null}, {"tt": "season 2012", "sp": null, "mt": 5, "pr": "season=2012", "rn": 96, "wk": 0, "ct": 4, "st": 0, "hs": "51", "hn": 0, "bbi": "-", "bta": 19.2, "bwa": null, "fw": 0, "bbad": null}, {"tt": "season 2012/13", "sp": null, "mt": 4, "pr": "season=2012/13", "rn": 32, "wk": null, "ct": 5, "st": 0, "hs": "27*", "hn": 0, "bbi": null, "bta": 10.66, "bwa": null, "fw": null, "bbad": null}, {"tt": "season 2013", "sp": null, "mt": 6, "pr": "season=2013", "rn": 372, "wk": null, "ct": 2, "st": 0, "hs": "189*", "hn": 2, "bbi": null, "bta": 93, "bwa": null, "fw": null, "bbad": null}, {"tt": "season 2013/14", "sp": null, "mt": 9, "pr": "season=2013/14", "rn": 304, "wk": 0, "ct": 5, "st": 0, "hs": "111", "hn": 1, "bbi": "-", "bta": 33.77, "bwa": null, "fw": 0, "bbad": null}, {"tt": "season 2014/15", "sp": null, "mt": 24, "pr": "season=2014/15", "rn": 880, "wk": 0, "ct": 13, "st": 0, "hs": "237*", "hn": 2, "bbi": "-", "bta": 41.9, "bwa": null, "fw": 0, "bbad": null}, {"tt": "season 2015", "sp": null, "mt": 11, "pr": "season=2015", "rn": 501, "wk": 0, "ct": 10, "st": 0, "hs": "116*", "hn": 2, "bbi": "-", "bta": 55.66, "bwa": null, "fw": 0, "bbad": null}, {"tt": "season 2015/16", "sp": null, "mt": 10, "pr": "season=2015/16", "rn": 604, "wk": 0, "ct": 7, "st": 0, "hs": "102", "hn": 1, "bbi": "-", "bta": 67.11, "bwa": null, "fw": 0, "bbad": null}, {"tt": "season 2016/17", "sp": null, "mt": 14, "pr": "season=2016/17", "rn": 570, "wk": 2, "ct": 2, "st": 0, "hs": "180*", "hn": 2, "bbi": "2/6", "bta": 47.5, "bwa": 3, "fw": 0, "bbad": 44.5}, {"tt": "season 2017", "sp": null, "mt": 3, "pr": "season=2017", "rn": 86, "wk": null, "ct": 0, "st": 0, "hs": "33", "hn": 0, "bbi": null, "bta": 28.66, "bwa": null, "fw": null, "bbad": null}, {"tt": "season 2017/18", "sp": null, "mt": 13, "pr": "season=2017/18", "rn": 476, "wk": null, "ct": 8, "st": 0, "hs": "100", "hn": 1, "bbi": null, "bta": 39.66, "bwa": null, "fw": null, "bbad": null}, {"tt": "season 2018/19", "sp": null, "mt": 10, "pr": "season=2018/19", "rn": 464, "wk": null, "ct": 6, "st": 0, "hs": "138", "hn": 3, "bbi": null, "bta": 51.55, "bwa": null, "fw": null, "bbad": null}, {"tt": "season 2019", "sp": null, "mt": 10, "pr": "season=2019", "rn": 186, "wk": null, "ct": 8, "st": 0, "hs": "73*", "hn": 0, "bbi": null, "bta": 20.66, "bwa": null, "fw": null, "bbad": null}, {"tt": "season 2019/20", "sp": null, "mt": 4, "pr": "season=2019/20", "rn": 217, "wk": null, "ct": 1, "st": 0, "hs": "79", "hn": 0, "bbi": null, "bta": 54.25, "bwa": null, "fw": null, "bbad": null}, {"tt": "season 2020/21", "sp": null, "mt": 3, "pr": "season=2020/21", "rn": 84, "wk": null, "ct": 2, "st": 0, "hs": "38", "hn": 0, "bbi": null, "bta": 28, "bwa": null, "fw": null, "bbad": null}]}, {"type": "CAPTAINS_INVOLVED", "stats": [{"tt": "*TWM Latham", "sp": "2019-2021", "mt": 6, "pr": "captain_involve=59148", "rn": 224, "wk": null, "ct": 4, "st": 0, "hs": "79", "hn": 0, "bbi": null, "bta": 37.33, "bwa": null, "fw": null, "bbad": null}, {"tt": "*BB McCullum", "sp": "2009-2016", "mt": 58, "pr": "captain_involve=10384", "rn": 2483, "wk": 0, "ct": 38, "st": 0, "hs": "237*", "hn": 5, "bbi": "-", "bta": 48.68, "bwa": null, "fw": 0, "bbad": null}, {"tt": "*TG Southee", "sp": "2018-2018", "mt": 1, "pr": "captain_involve=49108", "rn": 50, "wk": null, "ct": 0, "st": 0, "hs": "50", "hn": 0, "bbi": null, "bta": 50, "bwa": null, "fw": null, "bbad": null}, {"tt": "*LRPL Taylor", "sp": "2010-2012", "mt": 14, "pr": "captain_involve=44930", "rn": 440, "wk": null, "ct": 8, "st": 0, "hs": "105", "hn": 1, "bbi": null, "bta": 31.42, "bwa": null, "fw": null, "bbad": null}, {"tt": "*DL Vettori", "sp": "2009-2011", "mt": 40, "pr": "captain_involve=4380", "rn": 1303, "wk": 2, "ct": 15, "st": 0, "hs": "122*", "hn": 1, "bbi": "2/7", "bta": 40.71, "bwa": 26.5, "fw": 0, "bbad": 14.21}, {"tt": "*KS Williamson", "sp": "2012-2020", "mt": 67, "pr": "captain_involve=51088", "rn": 2427, "wk": 2, "ct": 28, "st": 0, "hs": "180*", "hn": 9, "bbi": "2/6", "bta": 40.45, "bwa": 5, "fw": 0, "bbad": 35.45}]}, {"type": "CAPTAIN", "stats": [{"tt": "is not captain", "sp": "2009-2021", "mt": 186, "pr": "captain=0", "rn": 6927, "wk": 4, "ct": 93, "st": 0, "hs": "237*", "hn": 16, "bbi": "2/6", "bta": 42.23, "bwa": 24.5, "fw": 0, "bbad": 17.73}]}, {"type": "KEEPER", "stats": [{"tt": "is not keeper", "sp": "2009-2021", "mt": 186, "pr": "keeper=0", "rn": 6927, "wk": 4, "ct": 93, "st": 0, "hs": "237*", "hn": 16, "bbi": "2/6", "bta": 42.23, "bwa": 24.5, "fw": 0, "bbad": 17.73}]}, {"type": "TOSS", "stats": [{"tt": "won the toss", "sp": "2009-2021", "mt": 88, "pr": "toss=1", "rn": 3327, "wk": 2, "ct": 43, "st": 0, "hs": "237*", "hn": 8, "bbi": "2/7", "bta": 41.58, "bwa": 25.5, "fw": 0, "bbad": 16.08}, {"tt": "lost the toss", "sp": "2009-2020", "mt": 98, "pr": "toss=2", "rn": 3600, "wk": 2, "ct": 50, "st": 0, "hs": "180*", "hn": 8, "bbi": "2/6", "bta": 42.85, "bwa": 23.5, "fw": 0, "bbad": 19.35}]}, {"type": "BATTING_FIELDING_SEQUENCE_AND_TOSS", "stats": [{"tt": "won toss &amp; batted", "sp": "2009-2021", "mt": 45, "pr": "batting_fielding_first=1;toss=1", "rn": 1818, "wk": 2, "ct": 21, "st": 0, "hs": "237*", "hn": 4, "bbi": "2/7", "bta": 42.27, "bwa": 16.5, "fw": 0, "bbad": 25.77}, {"tt": "won toss &amp; fielded", "sp": "2009-2021", "mt": 43, "pr": "batting_fielding_first=2;toss=1", "rn": 1509, "wk": 0, "ct": 22, "st": 0, "hs": "118", "hn": 4, "bbi": "-", "bta": 40.78, "bwa": null, "fw": 0, "bbad": null}, {"tt": "lost toss &amp; sent in", "sp": "2009-2020", "mt": 50, "pr": "batting_fielding_first=1;toss=2", "rn": 1744, "wk": 2, "ct": 21, "st": 0, "hs": "122*", "hn": 3, "bbi": "2/6", "bta": 36.33, "bwa": 23.5, "fw": 0, "bbad": 12.83}, {"tt": "lost toss &amp; fielded", "sp": "2009-2020", "mt": 48, "pr": "batting_fielding_first=2;toss=2", "rn": 1856, "wk": null, "ct": 29, "st": 0, "hs": "180*", "hn": 5, "bbi": null, "bta": 51.55, "bwa": null, "fw": null, "bbad": null}]}, {"type": "BATTING_FIELDING_SEQUENCE", "stats": [{"tt": "matches batting first", "sp": "2009-2021", "mt": 95, "pr": "batting_fielding_first=1", "rn": 3562, "wk": 4, "ct": 42, "st": 0, "hs": "237*", "hn": 7, "bbi": "2/6", "bta": 39.14, "bwa": 20, "fw": 0, "bbad": 19.14}, {"tt": "matches fielding first", "sp": "2009-2021", "mt": 91, "pr": "batting_fielding_first=2", "rn": 3365, "wk": 0, "ct": 51, "st": 0, "hs": "180*", "hn": 9, "bbi": "-", "bta": 46.09, "bwa": null, "fw": 0, "bbad": null}]}, {"type": "TEAM_INNINGS", "stats": [{"tt": "1st team innings", "sp": "2009-2021", "mt": 186, "pr": "innings_number=2;innings_number=1", "rn": 6927, "wk": 4, "ct": 93, "st": 0, "hs": "237*", "hn": 16, "bbi": "2/6", "bta": 42.23, "bwa": 24.5, "fw": 0, "bbad": 17.73}]}, {"type": "MATCH_INNINGS", "stats": [{"tt": "1st match innings", "sp": "2009-2021", "mt": 186, "pr": "innings_number=1", "rn": 3562, "wk": 0, "ct": 51, "st": 0, "hs": "237*", "hn": 7, "bbi": "-", "bta": 39.14, "bwa": null, "fw": 0, "bbad": null}, {"tt": "2nd match innings", "sp": "2009-2021", "mt": 181, "pr": "innings_number=2", "rn": 3365, "wk": 4, "ct": 42, "st": 0, "hs": "180*", "hn": 9, "bbi": "2/6", "bta": 46.09, "bwa": 20, "fw": 0, "bbad": 26.09}]}, {"type": "FLOODLIT", "stats": [{"tt": "day match", "sp": "2009-2021", "mt": 78, "pr": "floodlit=1", "rn": 3178, "wk": 0, "ct": 37, "st": 0, "hs": "189*", "hn": 9, "bbi": "-", "bta": 48.89, "bwa": null, "fw": 0, "bbad": null}, {"tt": "day/night match", "sp": "2009-2021", "mt": 108, "pr": "floodlit=2", "rn": 3749, "wk": 4, "ct": 56, "st": 0, "hs": "237*", "hn": 7, "bbi": "2/6", "bta": 37.86, "bwa": 14.5, "fw": 0, "bbad": 23.36}]}, {"type": "RESULT", "stats": [{"tt": "won match", "sp": "2009-2021", "mt": 102, "pr": "result=1", "rn": 4813, "wk": 4, "ct": 58, "st": 0, "hs": "237*", "hn": 13, "bbi": "2/6", "bta": 55.96, "bwa": 11.5, "fw": 0, "bbad": 44.46}, {"tt": "lost match", "sp": "2009-2020", "mt": 73, "pr": "result=2", "rn": 1671, "wk": 0, "ct": 33, "st": 0, "hs": "114", "hn": 1, "bbi": "-", "bta": 22.89, "bwa": null, "fw": 0, "bbad": null}, {"tt": "tied match", "sp": "2014-2019", "mt": 2, "pr": "result=3", "rn": 130, "wk": null, "ct": 2, "st": 0, "hs": "111", "hn": 1, "bbi": null, "bta": 65, "bwa": null, "fw": null, "bbad": null}, {"tt": "no result", "sp": "2009-2017", "mt": 9, "pr": "result=5", "rn": 313, "wk": null, "ct": 0, "st": 0, "hs": "122*", "hn": 1, "bbi": null, "bta": 104.33, "bwa": null, "fw": null, "bbad": null}]}, {"type": "BATTING_FIELDING_SEQUENCE_AND_RESULT", "stats": [{"tt": "won batting first", "sp": "2009-2021", "mt": 50, "pr": "batting_fielding_first=1;result=1", "rn": 2296, "wk": 4, "ct": 26, "st": 0, "hs": "237*", "hn": 5, "bbi": "2/6", "bta": 47.83, "bwa": 9.5, "fw": 0, "bbad": 38.33}, {"tt": "won fielding first", "sp": "2009-2021", "mt": 52, "pr": "batting_fielding_first=2;result=1", "rn": 2517, "wk": 0, "ct": 32, "st": 0, "hs": "180*", "hn": 8, "bbi": "-", "bta": 66.23, "bwa": null, "fw": 0, "bbad": null}, {"tt": "lost batting first", "sp": "2009-2019", "mt": 39, "pr": "batting_fielding_first=1;result=2", "rn": 895, "wk": 0, "ct": 14, "st": 0, "hs": "70", "hn": 0, "bbi": "-", "bta": 22.94, "bwa": null, "fw": 0, "bbad": null}, {"tt": "lost fielding first", "sp": "2009-2020", "mt": 34, "pr": "batting_fielding_first=2;result=2", "rn": 776, "wk": 0, "ct": 19, "st": 0, "hs": "114", "hn": 1, "bbi": "-", "bta": 22.82, "bwa": null, "fw": 0, "bbad": null}, {"tt": "tied batting first", "sp": "2014-2019", "mt": 2, "pr": "batting_fielding_first=1;result=3", "rn": 130, "wk": null, "ct": 2, "st": 0, "hs": "111", "hn": 1, "bbi": null, "bta": 65, "bwa": null, "fw": null, "bbad": null}, {"tt": "no result batting first", "sp": "2009-2017", "mt": 4, "pr": "batting_fielding_first=1;result=5", "rn": 241, "wk": null, "ct": 0, "st": 0, "hs": "122*", "hn": 1, "bbi": null, "bta": 120.5, "bwa": null, "fw": null, "bbad": null}, {"tt": "no result fielding first", "sp": "2009-2014", "mt": 5, "pr": "batting_fielding_first=2;result=5", "rn": 72, "wk": null, "ct": 0, "st": 0, "hs": "64*", "hn": 0, "bbi": null, "bta": 72, "bwa": null, "fw": null, "bbad": null}]}, {"type": "TOURNAMENT_TYPE", "stats": [{"tt": "2 team series", "sp": "2009-2021", "mt": 145, "pr": "tournament_type=2", "rn": 5598, "wk": 4, "ct": 74, "st": 0, "hs": "189*", "hn": 14, "bbi": "2/6", "bta": 44.07, "bwa": 18.25, "fw": 0, "bbad": 25.82}, {"tt": "3-4 team tournaments", "sp": "2009-2010", "mt": 5, "pr": "tournament_type=3", "rn": 36, "wk": 0, "ct": 3, "st": 0, "hs": "22", "hn": 0, "bbi": "-", "bta": 7.2, "bwa": null, "fw": 0, "bbad": null}, {"tt": "5+ team tournaments", "sp": "2009-2021", "mt": 41, "pr": "tournament_type=5", "rn": 1398, "wk": 0, "ct": 18, "st": 0, "hs": "237*", "hn": 2, "bbi": "-", "bta": 37.78, "bwa": null, "fw": 0, "bbad": null}]}, {"type": "MATCH_NUMBER", "stats": [{"tt": "only match in series", "sp": "2011-2015", "mt": 2, "pr": "match_number=0", "rn": 21, "wk": null, "ct": 0, "st": 0, "hs": "11", "hn": 0, "bbi": null, "bta": 10.5, "bwa": null, "fw": null, "bbad": null}, {"tt": "1st match in series", "sp": "2009-2021", "mt": 38, "pr": "match_number=1", "rn": 1401, "wk": 2, "ct": 18, "st": 0, "hs": "138", "hn": 4, "bbi": "2/7", "bta": 41.2, "bwa": 4.5, "fw": 0, "bbad": 36.7}, {"tt": "2nd match in series", "sp": "2009-2021", "mt": 33, "pr": "match_number=2", "rn": 1641, "wk": 2, "ct": 15, "st": 0, "hs": "189*", "hn": 5, "bbi": "2/6", "bta": 63.11, "bwa": 14, "fw": 0, "bbad": 49.11}, {"tt": "3rd match in series", "sp": "2009-2021", "mt": 34, "pr": "match_number=3", "rn": 1000, "wk": 0, "ct": 19, "st": 0, "hs": "111", "hn": 1, "bbi": "-", "bta": 32.25, "bwa": null, "fw": 0, "bbad": null}, {"tt": "4th match in series", "sp": "2009-2019", "mt": 18, "pr": "match_number=4", "rn": 844, "wk": null, "ct": 10, "st": 0, "hs": "180*", "hn": 2, "bbi": null, "bta": 52.75, "bwa": null, "fw": null, "bbad": null}, {"tt": "5th match in series", "sp": "2009-2018", "mt": 17, "pr": "match_number=5", "rn": 619, "wk": null, "ct": 11, "st": 0, "hs": "102", "hn": 2, "bbi": null, "bta": 41.26, "bwa": null, "fw": null, "bbad": null}, {"tt": "6th match in series", "sp": "2011-2015", "mt": 2, "pr": "match_number=6", "rn": 72, "wk": null, "ct": 1, "st": 0, "hs": "44", "hn": 0, "bbi": null, "bta": 36, "bwa": null, "fw": null, "bbad": null}, {"tt": "7th match in series", "sp": "2015-2015", "mt": 1, "pr": "match_number=7", "rn": 0, "wk": null, "ct": 0, "st": 0, "hs": "0", "hn": 0, "bbi": null, "bta": 0, "bwa": null, "fw": null, "bbad": null}]}, {"type": "MAJOR_TROPHY", "stats": [{"tt": "World Cup", "sp": "2011-2019", "mt": 27, "pr": "trophy=12", "rn": 995, "wk": null, "ct": 13, "st": 0, "hs": "237*", "hn": 2, "bbi": null, "bta": 43.26, "bwa": null, "fw": null, "bbad": null}, {"tt": "Chappell-Hadlee", "sp": "2009-2020", "mt": 20, "pr": "trophy=65", "rn": 716, "wk": 0, "ct": 11, "st": 0, "hs": "114", "hn": 1, "bbi": "-", "bta": 37.68, "bwa": null, "fw": 0, "bbad": null}, {"tt": "ICC Champions Trophy", "sp": "2009-2017", "mt": 11, "pr": "trophy=44", "rn": 319, "wk": 0, "ct": 3, "st": 0, "hs": "66", "hn": 0, "bbi": "-", "bta": 29, "bwa": null, "fw": 0, "bbad": null}]}, {"type": "FINAL_TYPE", "stats": [{"tt": "tournament finals", "sp": "2009-2019", "mt": 3, "pr": "final_type=1", "rn": 74, "wk": null, "ct": 0, "st": 0, "hs": "40", "hn": 0, "bbi": null, "bta": 24.66, "bwa": null, "fw": null, "bbad": null}, {"tt": "tournament semi-finals", "sp": "2009-2019", "mt": 4, "pr": "final_type=3", "rn": 85, "wk": null, "ct": 2, "st": 0, "hs": "39", "hn": 0, "bbi": null, "bta": 21.25, "bwa": null, "fw": null, "bbad": null}, {"tt": "tournament quarter-finals", "sp": "2011-2015", "mt": 2, "pr": "final_type=4", "rn": 238, "wk": null, "ct": 2, "st": 0, "hs": "237*", "hn": 1, "bbi": null, "bta": 238, "bwa": null, "fw": null, "bbad": null}, {"tt": "preliminary matches", "sp": "2009-2021", "mt": 37, "pr": "final_type=0", "rn": 1037, "wk": 0, "ct": 17, "st": 0, "hs": "105", "hn": 1, "bbi": "-", "bta": 30.5, "bwa": null, "fw": 0, "bbad": null}]}]}}