{"summary": {"recordClassId": 2, "type": "BATTING", "groups": [{"type": "CAREER_AVERAGES", "stats": [{"tt": "overview", "sp": "2009-2021", "mt": 186, "in": 183, "pr": null, "rn": 6927, "fo": 702, "si": 181, "ft": 37, "hn": 16, "bf": 7896, "dk": 15, "no": 19, "hs": "237*", "bta": 42.23, "btsr": 87.72}]}, {"type": "OPPOSITION_TEAM", "stats": [{"tt": "vs Afghanistan", "sp": "2015-2019", "mt": 2, "in": 2, "pr": "opposition=40", "rn": 57, "fo": 7, "si": 0, "ft": 1, "hn": 0, "bf": 77, "dk": 1, "no": 0, "hs": "57", "bta": 28.5, "btsr": 74.02}, {"tt": "vs Australia", "sp": "2009-2020", "mt": 25, "in": 25, "pr": "opposition=2", "rn": 825, "fo": 84, "si": 25, "ft": 4, "hn": 1, "bf": 1013, "dk": 0, "no": 1, "hs": "114", "bta": 34.37, "btsr": 81.44}, {"tt": "vs Bangladesh", "sp": "2010-2021", "mt": 15, "in": 15, "pr": "opposition=25", "rn": 657, "fo": 66, "si": 23, "ft": 1, "hn": 3, "bf": 620, "dk": 1, "no": 2, "hs": "118", "bta": 50.53, "btsr": 105.96}, {"tt": "vs Canada", "sp": "2011-2011", "mt": 1, "in": 1, "pr": "opposition=17", "rn": 17, "fo": 3, "si": 0, "ft": 0, "hn": 0, "bf": 29, "dk": 0, "no": 0, "hs": "17", "bta": 17, "btsr": 58.62}, {"tt": "vs England", "sp": "2009-2019", "mt": 20, "in": 20, "pr": "opposition=1", "rn": 802, "fo": 91, "si": 14, "ft": 5, "hn": 2, "bf": 912, "dk": 1, "no": 3, "hs": "189*", "bta": 47.17, "btsr": 87.93}, {"tt": "vs India", "sp": "2009-2020", "mt": 34, "in": 33, "pr": "opposition=6", "rn": 925, "fo": 104, "si": 19, "ft": 6, "hn": 1, "bf": 1101, "dk": 4, "no": 1, "hs": "111", "bta": 28.9, "btsr": 84.01}, {"tt": "vs Kenya", "sp": "2011-2011", "mt": 1, "in": 1, "pr": "opposition=26", "rn": 39, "fo": 5, "si": 2, "ft": 0, "hn": 0, "bf": 32, "dk": 0, "no": 1, "hs": "39*", "bta": null, "btsr": 121.87}, {"tt": "vs Pakistan", "sp": "2009-2019", "mt": 24, "in": 23, "pr": "opposition=7", "rn": 952, "fo": 94, "si": 21, "ft": 7, "hn": 1, "bf": 1162, "dk": 0, "no": 2, "hs": "100", "bta": 45.33, "btsr": 81.92}, {"tt": "vs Scotland", "sp": "2015-2015", "mt": 1, "in": 1, "pr": "opposition=30", "rn": 17, "fo": 4, "si": 0, "ft": 0, "hn": 0, "bf": 14, "dk": 0, "no": 0, "hs": "17", "bta": 17, "btsr": 121.42}, {"tt": "vs South Africa", "sp": "2009-2019", "mt": 18, "in": 17, "pr": "opposition=3", "rn": 506, "fo": 52, "si": 16, "ft": 1, "hn": 2, "bf": 655, "dk": 2, "no": 2, "hs": "180*", "bta": 33.73, "btsr": 77.25}, {"tt": "vs Sri Lanka", "sp": "2009-2019", "mt": 23, "in": 23, "pr": "opposition=8", "rn": 876, "fo": 79, "si": 31, "ft": 5, "hn": 2, "bf": 883, "dk": 4, "no": 3, "hs": "138", "bta": 43.8, "btsr": 99.2}, {"tt": "vs West Indies", "sp": "2009-2019", "mt": 13, "in": 13, "pr": "opposition=4", "rn": 588, "fo": 49, "si": 18, "ft": 2, "hn": 2, "bf": 652, "dk": 2, "no": 2, "hs": "237*", "bta": 53.45, "btsr": 90.18}, {"tt": "vs Zimbabwe", "sp": "2011-2015", "mt": 9, "in": 9, "pr": "opposition=9", "rn": 666, "fo": 64, "si": 12, "ft": 5, "hn": 2, "bf": 746, "dk": 0, "no": 2, "hs": "116*", "bta": 95.14, "btsr": 89.27}]}, {"type": "HOST_COUNTRY", "stats": [{"tt": "in Australia", "sp": "2009-2020", "mt": 10, "in": 10, "pr": "host=2", "rn": 384, "fo": 34, "si": 14, "ft": 1, "hn": 1, "bf": 449, "dk": 0, "no": 1, "hs": "114", "bta": 42.66, "btsr": 85.52}, {"tt": "in Bangladesh", "sp": "2011-2011", "mt": 1, "in": 1, "pr": "host=25", "rn": 1, "fo": 0, "si": 0, "ft": 0, "hn": 0, "bf": 14, "dk": 0, "no": 0, "hs": "1", "bta": 1, "btsr": 7.14}, {"tt": "in England", "sp": "2013-2019", "mt": 24, "in": 24, "pr": "host=1", "rn": 838, "fo": 98, "si": 15, "ft": 4, "hn": 2, "bf": 891, "dk": 2, "no": 3, "hs": "189*", "bta": 39.9, "btsr": 94.05}, {"tt": "in India", "sp": "2010-2017", "mt": 18, "in": 18, "pr": "host=6", "rn": 471, "fo": 58, "si": 8, "ft": 3, "hn": 0, "bf": 593, "dk": 3, "no": 2, "hs": "86*", "bta": 29.43, "btsr": 79.42}, {"tt": "in New Zealand", "sp": "2009-2021", "mt": 99, "in": 96, "pr": "host=5", "rn": 4171, "fo": 411, "si": 130, "ft": 22, "hn": 10, "bf": 4511, "dk": 5, "no": 11, "hs": "237*", "bta": 49.07, "btsr": 92.46}, {"tt": "in South Africa", "sp": "2009-2015", "mt": 11, "in": 11, "pr": "host=3", "rn": 334, "fo": 31, "si": 7, "ft": 2, "hn": 1, "bf": 434, "dk": 2, "no": 1, "hs": "103*", "bta": 33.4, "btsr": 76.95}, {"tt": "in Sri Lanka", "sp": "2009-2011", "mt": 7, "in": 7, "pr": "host=8", "rn": 132, "fo": 14, "si": 0, "ft": 1, "hn": 0, "bf": 214, "dk": 2, "no": 0, "hs": "57", "bta": 18.85, "btsr": 61.68}, {"tt": "in U.A.E.", "sp": "2009-2014", "mt": 6, "in": 6, "pr": "host=27", "rn": 152, "fo": 14, "si": 2, "ft": 2, "hn": 0, "bf": 206, "dk": 0, "no": 0, "hs": "62", "bta": 25.33, "btsr": 73.78}, {"tt": "in West Indies", "sp": "2012-2012", "mt": 5, "in": 5, "pr": "host=4", "rn": 96, "fo": 9, "si": 2, "ft": 1, "hn": 0, "bf": 161, "dk": 1, "no": 0, "hs": "51", "bta": 19.2, "btsr": 59.62}, {"tt": "in Zimbabwe", "sp": "2011-2015", "mt": 5, "in": 5, "pr": "host=9", "rn": 348, "fo": 33, "si": 3, "ft": 1, "hn": 2, "bf": 423, "dk": 0, "no": 1, "hs": "116*", "bta": 87, "btsr": 82.26}]}, {"type": "CONTINENT", "stats": [{"tt": "in Africa", "sp": "2009-2015", "mt": 16, "in": 16, "pr": "continent=1", "rn": 682, "fo": 64, "si": 10, "ft": 3, "hn": 3, "bf": 857, "dk": 2, "no": 2, "hs": "116*", "bta": 48.71, "btsr": 79.57}, {"tt": "in Americas", "sp": "2012-2012", "mt": 5, "in": 5, "pr": "continent=3", "rn": 96, "fo": 9, "si": 2, "ft": 1, "hn": 0, "bf": 161, "dk": 1, "no": 0, "hs": "51", "bta": 19.2, "btsr": 59.62}, {"tt": "in Asia", "sp": "2009-2017", "mt": 32, "in": 32, "pr": "continent=2", "rn": 756, "fo": 86, "si": 10, "ft": 6, "hn": 0, "bf": 1027, "dk": 5, "no": 2, "hs": "86*", "bta": 25.2, "btsr": 73.61}, {"tt": "in Europe", "sp": "2013-2019", "mt": 24, "in": 24, "pr": "continent=4", "rn": 838, "fo": 98, "si": 15, "ft": 4, "hn": 2, "bf": 891, "dk": 2, "no": 3, "hs": "189*", "bta": 39.9, "btsr": 94.05}, {"tt": "in Oceania", "sp": "2009-2021", "mt": 109, "in": 106, "pr": "continent=5", "rn": 4555, "fo": 445, "si": 144, "ft": 23, "hn": 11, "bf": 4960, "dk": 5, "no": 12, "hs": "237*", "bta": 48.45, "btsr": 91.83}]}, {"type": "HOME_OR_AWAY", "stats": [{"tt": "home", "sp": "2009-2021", "mt": 99, "in": 96, "pr": "home_or_away=1", "rn": 4171, "fo": 411, "si": 130, "ft": 22, "hn": 10, "bf": 4511, "dk": 5, "no": 11, "hs": "237*", "bta": 49.07, "btsr": 92.46}, {"tt": "away", "sp": "2009-2020", "mt": 55, "in": 55, "pr": "home_or_away=2", "rn": 1927, "fo": 201, "si": 38, "ft": 8, "hn": 6, "bf": 2327, "dk": 7, "no": 5, "hs": "189*", "bta": 38.54, "btsr": 82.81}, {"tt": "neutral", "sp": "2009-2019", "mt": 32, "in": 32, "pr": "home_or_away=3", "rn": 829, "fo": 90, "si": 13, "ft": 7, "hn": 0, "bf": 1058, "dk": 3, "no": 3, "hs": "86*", "bta": 28.58, "btsr": 78.35}]}, {"type": "YEAR", "stats": [{"tt": "year 2009", "sp": null, "mt": 22, "in": 21, "pr": "year=2009", "rn": 738, "fo": 62, "si": 15, "ft": 6, "hn": 1, "bf": 900, "dk": 0, "no": 3, "hs": "122*", "bta": 41, "btsr": 82}, {"tt": "year 2010", "sp": null, "mt": 16, "in": 16, "pr": "year=2010", "rn": 363, "fo": 42, "si": 8, "ft": 2, "hn": 0, "bf": 447, "dk": 3, "no": 0, "hs": "91", "bta": 22.68, "btsr": 81.2}, {"tt": "year 2011", "sp": null, "mt": 16, "in": 15, "pr": "year=2011", "rn": 650, "fo": 63, "si": 10, "ft": 4, "hn": 1, "bf": 842, "dk": 0, "no": 3, "hs": "105", "bta": 54.16, "btsr": 77.19}, {"tt": "year 2012", "sp": null, "mt": 11, "in": 11, "pr": "year=2012", "rn": 400, "fo": 43, "si": 9, "ft": 5, "hn": 0, "bf": 479, "dk": 1, "no": 0, "hs": "85", "bta": 36.36, "btsr": 83.5}, {"tt": "year 2013", "sp": null, "mt": 11, "in": 11, "pr": "year=2013", "rn": 406, "fo": 44, "si": 8, "ft": 0, "hn": 2, "bf": 435, "dk": 2, "no": 3, "hs": "189*", "bta": 50.75, "btsr": 93.33}, {"tt": "year 2014", "sp": null, "mt": 14, "in": 13, "pr": "year=2014", "rn": 396, "fo": 40, "si": 6, "ft": 2, "hn": 1, "bf": 579, "dk": 0, "no": 0, "hs": "111", "bta": 30.46, "btsr": 68.39}, {"tt": "year 2015", "sp": null, "mt": 32, "in": 32, "pr": "year=2015", "rn": 1489, "fo": 162, "si": 42, "ft": 8, "hn": 4, "bf": 1542, "dk": 3, "no": 5, "hs": "237*", "bta": 55.14, "btsr": 96.56}, {"tt": "year 2016", "sp": null, "mt": 18, "in": 18, "pr": "year=2016", "rn": 727, "fo": 74, "si": 28, "ft": 4, "hn": 2, "bf": 728, "dk": 3, "no": 1, "hs": "114", "bta": 42.76, "btsr": 99.86}, {"tt": "year 2017", "sp": null, "mt": 9, "in": 9, "pr": "year=2017", "rn": 384, "fo": 45, "si": 12, "ft": 1, "hn": 1, "bf": 388, "dk": 0, "no": 1, "hs": "180*", "bta": 48, "btsr": 98.96}, {"tt": "year 2018", "sp": null, "mt": 10, "in": 10, "pr": "year=2018", "rn": 423, "fo": 38, "si": 10, "ft": 2, "hn": 1, "bf": 578, "dk": 1, "no": 1, "hs": "100", "bta": 47, "btsr": 73.18}, {"tt": "year 2019", "sp": null, "mt": 20, "in": 20, "pr": "year=2019", "rn": 650, "fo": 65, "si": 20, "ft": 1, "hn": 3, "bf": 668, "dk": 2, "no": 2, "hs": "138", "bta": 36.11, "btsr": 97.3}, {"tt": "year 2020", "sp": null, "mt": 4, "in": 4, "pr": "year=2020", "rn": 217, "fo": 16, "si": 8, "ft": 2, "hn": 0, "bf": 239, "dk": 0, "no": 0, "hs": "79", "bta": 54.25, "btsr": 90.79}, {"tt": "year 2021", "sp": null, "mt": 3, "in": 3, "pr": "year=2021", "rn": 84, "fo": 8, "si": 5, "ft": 0, "hn": 0, "bf": 71, "dk": 0, "no": 0, "hs": "38", "bta": 28, "btsr": 118.3}]}, {"type": "SEASON", "stats": [{"tt": "season 2008/09", "sp": null, "mt": 12, "in": 11, "pr": "season=NaN", "rn": 448, "fo": 36, "si": 10, "ft": 3, "hn": 1, "bf": 514, "dk": 0, "no": 3, "hs": "122*", "bta": 56, "btsr": 87.15}, {"tt": "season 2009", "sp": null, "mt": 2, "in": 2, "pr": "season=2009", "rn": 25, "fo": 3, "si": 0, "ft": 0, "hn": 0, "bf": 55, "dk": 0, "no": 0, "hs": "22", "bta": 12.5, "btsr": 45.45}, {"tt": "season 2009/10", "sp": null, "mt": 16, "in": 16, "pr": "season=NaN", "rn": 475, "fo": 48, "si": 11, "ft": 4, "hn": 0, "bf": 587, "dk": 0, "no": 0, "hs": "91", "bta": 29.68, "btsr": 80.91}, {"tt": "season 2010", "sp": null, "mt": 3, "in": 3, "pr": "season=2010", "rn": 11, "fo": 2, "si": 0, "ft": 0, "hn": 0, "bf": 8, "dk": 2, "no": 0, "hs": "11", "bta": 3.66, "btsr": 137.5}, {"tt": "season 2010/11", "sp": null, "mt": 19, "in": 18, "pr": "season=NaN", "rn": 613, "fo": 64, "si": 10, "ft": 4, "hn": 0, "bf": 807, "dk": 1, "no": 3, "hs": "86*", "bta": 40.86, "btsr": 75.96}, {"tt": "season 2011/12", "sp": null, "mt": 8, "in": 8, "pr": "season=NaN", "rn": 483, "fo": 48, "si": 9, "ft": 5, "hn": 1, "bf": 536, "dk": 0, "no": 0, "hs": "105", "bta": 60.37, "btsr": 90.11}, {"tt": "season 2012", "sp": null, "mt": 5, "in": 5, "pr": "season=2012", "rn": 96, "fo": 9, "si": 2, "ft": 1, "hn": 0, "bf": 161, "dk": 1, "no": 0, "hs": "51", "bta": 19.2, "btsr": 59.62}, {"tt": "season 2012/13", "sp": null, "mt": 4, "in": 4, "pr": "season=NaN", "rn": 32, "fo": 5, "si": 1, "ft": 0, "hn": 0, "bf": 55, "dk": 2, "no": 1, "hs": "27*", "bta": 10.66, "btsr": 58.18}, {"tt": "season 2013", "sp": null, "mt": 6, "in": 6, "pr": "season=2013", "rn": 372, "fo": 39, "si": 7, "ft": 0, "hn": 2, "bf": 363, "dk": 0, "no": 2, "hs": "189*", "bta": 93, "btsr": 102.47}, {"tt": "season 2013/14", "sp": null, "mt": 9, "in": 9, "pr": "season=NaN", "rn": 304, "fo": 30, "si": 6, "ft": 1, "hn": 1, "bf": 432, "dk": 0, "no": 0, "hs": "111", "bta": 33.77, "btsr": 70.37}, {"tt": "season 2014/15", "sp": null, "mt": 24, "in": 23, "pr": "season=NaN", "rn": 880, "fo": 95, "si": 21, "ft": 4, "hn": 2, "bf": 995, "dk": 3, "no": 2, "hs": "237*", "bta": 41.9, "btsr": 88.44}, {"tt": "season 2015", "sp": null, "mt": 11, "in": 11, "pr": "season=2015", "rn": 501, "fo": 55, "si": 8, "ft": 3, "hn": 2, "bf": 597, "dk": 0, "no": 2, "hs": "116*", "bta": 55.66, "btsr": 83.91}, {"tt": "season 2015/16", "sp": null, "mt": 10, "in": 10, "pr": "season=NaN", "rn": 604, "fo": 57, "si": 31, "ft": 5, "hn": 1, "bf": 517, "dk": 0, "no": 1, "hs": "102", "bta": 67.11, "btsr": 116.82}, {"tt": "season 2016/17", "sp": null, "mt": 14, "in": 14, "pr": "season=NaN", "rn": 570, "fo": 63, "si": 21, "ft": 2, "hn": 2, "bf": 552, "dk": 3, "no": 2, "hs": "180*", "bta": 47.5, "btsr": 103.26}, {"tt": "season 2017", "sp": null, "mt": 3, "in": 3, "pr": "season=2017", "rn": 86, "fo": 13, "si": 1, "ft": 0, "hn": 0, "bf": 90, "dk": 0, "no": 0, "hs": "33", "bta": 28.66, "btsr": 95.55}, {"tt": "season 2017/18", "sp": null, "mt": 13, "in": 13, "pr": "season=NaN", "rn": 476, "fo": 46, "si": 10, "ft": 2, "hn": 1, "bf": 649, "dk": 1, "no": 1, "hs": "100", "bta": 39.66, "btsr": 73.34}, {"tt": "season 2018/19", "sp": null, "mt": 10, "in": 10, "pr": "season=NaN", "rn": 464, "fo": 43, "si": 16, "ft": 0, "hn": 3, "bf": 447, "dk": 0, "no": 1, "hs": "138", "bta": 51.55, "btsr": 103.8}, {"tt": "season 2019", "sp": null, "mt": 10, "in": 10, "pr": "season=2019", "rn": 186, "fo": 22, "si": 4, "ft": 1, "hn": 0, "bf": 221, "dk": 2, "no": 1, "hs": "73*", "bta": 20.66, "btsr": 84.16}, {"tt": "season 2019/20", "sp": null, "mt": 4, "in": 4, "pr": "season=NaN", "rn": 217, "fo": 16, "si": 8, "ft": 2, "hn": 0, "bf": 239, "dk": 0, "no": 0, "hs": "79", "bta": 54.25, "btsr": 90.79}, {"tt": "season 2020/21", "sp": null, "mt": 3, "in": 3, "pr": "season=NaN", "rn": 84, "fo": 8, "si": 5, "ft": 0, "hn": 0, "bf": 71, "dk": 0, "no": 0, "hs": "38", "bta": 28, "btsr": 118.3}]}, {"type": "CAPTAINS_INVOLVED", "stats": [{"tt": "*TWM Latham", "sp": "2019-2021", "mt": 6, "in": 6, "pr": "captain_involve=59148", "rn": 224, "fo": 20, "si": 9, "ft": 1, "hn": 0, "bf": 231, "dk": 0, "no": 0, "hs": "79", "bta": 37.33, "btsr": 96.96}, {"tt": "*BB McCullum", "sp": "2009-2016", "mt": 58, "in": 57, "pr": "captain_involve=10384", "rn": 2483, "fo": 263, "si": 68, "ft": 16, "hn": 5, "bf": 2690, "dk": 4, "no": 6, "hs": "237*", "bta": 48.68, "btsr": 92.3}, {"tt": "*TG Southee", "sp": "2018-2018", "mt": 1, "in": 1, "pr": "captain_involve=49108", "rn": 50, "fo": 7, "si": 0, "ft": 1, "hn": 0, "bf": 87, "dk": 0, "no": 0, "hs": "50", "bta": 50, "btsr": 57.47}, {"tt": "*LRPL Taylor", "sp": "2010-2012", "mt": 14, "in": 14, "pr": "captain_involve=44930", "rn": 440, "fo": 45, "si": 7, "ft": 2, "hn": 1, "bf": 588, "dk": 3, "no": 0, "hs": "105", "bta": 31.42, "btsr": 74.82}, {"tt": "*DL Vettori", "sp": "2009-2011", "mt": 40, "in": 38, "pr": "captain_involve=4380", "rn": 1303, "fo": 121, "si": 28, "ft": 10, "hn": 1, "bf": 1592, "dk": 1, "no": 6, "hs": "122*", "bta": 40.71, "btsr": 81.84}, {"tt": "*KS Williamson", "sp": "2012-2020", "mt": 67, "in": 67, "pr": "captain_involve=51088", "rn": 2427, "fo": 246, "si": 69, "ft": 7, "hn": 9, "bf": 2708, "dk": 7, "no": 7, "hs": "180*", "bta": 40.45, "btsr": 89.62}]}, {"type": "CAPTAIN", "stats": [{"tt": "is not captain", "sp": "2009-2021", "mt": 186, "in": 183, "pr": "captain=0", "rn": 6927, "fo": 702, "si": 181, "ft": 37, "hn": 16, "bf": 7896, "dk": 15, "no": 19, "hs": "237*", "bta": 42.23, "btsr": 87.72}]}, {"type": "KEEPER", "stats": [{"tt": "is not keeper", "sp": "2009-2021", "mt": 186, "in": 183, "pr": "keeper=0", "rn": 6927, "fo": 702, "si": 181, "ft": 37, "hn": 16, "bf": 7896, "dk": 15, "no": 19, "hs": "237*", "bta": 42.23, "btsr": 87.72}]}, {"type": "TOSS", "stats": [{"tt": "won the toss", "sp": "2009-2021", "mt": 88, "in": 86, "pr": "toss=1", "rn": 3327, "fo": 358, "si": 78, "ft": 16, "hn": 8, "bf": 3661, "dk": 5, "no": 6, "hs": "237*", "bta": 41.58, "btsr": 90.87}, {"tt": "lost the toss", "sp": "2009-2020", "mt": 98, "in": 97, "pr": "toss=2", "rn": 3600, "fo": 344, "si": 103, "ft": 21, "hn": 8, "bf": 4235, "dk": 10, "no": 13, "hs": "180*", "bta": 42.85, "btsr": 85}]}, {"type": "BATTING_FIELDING_SEQUENCE_AND_TOSS", "stats": [{"tt": "won toss &amp; batted", "sp": "2009-2021", "mt": 45, "in": 45, "pr": "batting_fielding_first=1;toss=1", "rn": 1818, "fo": 187, "si": 40, "ft": 9, "hn": 4, "bf": 2121, "dk": 2, "no": 2, "hs": "237*", "bta": 42.27, "btsr": 85.71}, {"tt": "won toss &amp; fielded", "sp": "2009-2021", "mt": 43, "in": 41, "pr": "batting_fielding_first=2;toss=1", "rn": 1509, "fo": 171, "si": 38, "ft": 7, "hn": 4, "bf": 1540, "dk": 3, "no": 4, "hs": "118", "bta": 40.78, "btsr": 97.98}, {"tt": "lost toss &amp; sent in", "sp": "2009-2020", "mt": 50, "in": 50, "pr": "batting_fielding_first=1;toss=2", "rn": 1744, "fo": 174, "si": 40, "ft": 12, "hn": 3, "bf": 2177, "dk": 5, "no": 2, "hs": "122*", "bta": 36.33, "btsr": 80.11}, {"tt": "lost toss &amp; fielded", "sp": "2009-2020", "mt": 48, "in": 47, "pr": "batting_fielding_first=2;toss=2", "rn": 1856, "fo": 170, "si": 63, "ft": 9, "hn": 5, "bf": 2058, "dk": 5, "no": 11, "hs": "180*", "bta": 51.55, "btsr": 90.18}]}, {"type": "BATTING_FIELDING_SEQUENCE", "stats": [{"tt": "matches batting first", "sp": "2009-2021", "mt": 95, "in": 95, "pr": "batting_fielding_first=1", "rn": 3562, "fo": 361, "si": 80, "ft": 21, "hn": 7, "bf": 4298, "dk": 7, "no": 4, "hs": "237*", "bta": 39.14, "btsr": 82.87}, {"tt": "matches fielding first", "sp": "2009-2021", "mt": 91, "in": 88, "pr": "batting_fielding_first=2", "rn": 3365, "fo": 341, "si": 101, "ft": 16, "hn": 9, "bf": 3598, "dk": 8, "no": 15, "hs": "180*", "bta": 46.09, "btsr": 93.52}]}, {"type": "TEAM_INNINGS", "stats": [{"tt": "1st team innings", "sp": "2009-2021", "mt": 183, "in": 183, "pr": null, "rn": 6927, "fo": 702, "si": 181, "ft": 37, "hn": 16, "bf": 7896, "dk": 15, "no": 19, "hs": "237*", "bta": 42.23, "btsr": 87.72}]}, {"type": "MATCH_INNINGS", "stats": [{"tt": "1st match innings", "sp": "2009-2021", "mt": 95, "in": 95, "pr": "innings_number=1", "rn": 3562, "fo": 361, "si": 80, "ft": 21, "hn": 7, "bf": 4298, "dk": 7, "no": 4, "hs": "237*", "bta": 39.14, "btsr": 82.87}, {"tt": "2nd match innings", "sp": "2009-2021", "mt": 88, "in": 88, "pr": "innings_number=2", "rn": 3365, "fo": 341, "si": 101, "ft": 16, "hn": 9, "bf": 3598, "dk": 8, "no": 15, "hs": "180*", "bta": 46.09, "btsr": 93.52}]}, {"type": "FLOODLIT", "stats": [{"tt": "day match", "sp": "2009-2021", "mt": 78, "in": 76, "pr": "floodlit=1", "rn": 3178, "fo": 314, "si": 79, "ft": 15, "hn": 9, "bf": 3617, "dk": 6, "no": 11, "hs": "189*", "bta": 48.89, "btsr": 87.86}, {"tt": "day/night match", "sp": "2009-2021", "mt": 108, "in": 107, "pr": "floodlit=2", "rn": 3749, "fo": 388, "si": 102, "ft": 22, "hn": 7, "bf": 4279, "dk": 9, "no": 8, "hs": "237*", "bta": 37.86, "btsr": 87.61}]}, {"type": "RESULT", "stats": [{"tt": "won match", "sp": "2009-2021", "mt": 102, "in": 102, "pr": "result=1", "rn": 4813, "fo": 479, "si": 139, "ft": 27, "hn": 13, "bf": 5168, "dk": 9, "no": 16, "hs": "237*", "bta": 55.96, "btsr": 93.13}, {"tt": "lost match", "sp": "2009-2020", "mt": 73, "in": 73, "pr": "result=2", "rn": 1671, "fo": 185, "si": 28, "ft": 8, "hn": 1, "bf": 2285, "dk": 6, "no": 0, "hs": "114", "bta": 22.89, "btsr": 73.12}, {"tt": "tied match", "sp": "2014-2019", "mt": 2, "in": 2, "pr": "result=3", "rn": 130, "fo": 14, "si": 3, "ft": 0, "hn": 1, "bf": 147, "dk": 0, "no": 0, "hs": "111", "bta": 65, "btsr": 88.43}, {"tt": "no result", "sp": "2009-2017", "mt": 9, "in": 6, "pr": "result=5", "rn": 313, "fo": 24, "si": 11, "ft": 2, "hn": 1, "bf": 296, "dk": 0, "no": 3, "hs": "122*", "bta": 104.33, "btsr": 105.74}]}, {"type": "BATTING_FIELDING_SEQUENCE_AND_RESULT", "stats": [{"tt": "won batting first", "sp": "2009-2021", "mt": 50, "in": 50, "pr": "batting_fielding_first=1;result=1", "rn": 2296, "fo": 226, "si": 56, "ft": 15, "hn": 5, "bf": 2617, "dk": 5, "no": 2, "hs": "237*", "bta": 47.83, "btsr": 87.73}, {"tt": "won fielding first", "sp": "2009-2021", "mt": 52, "in": 52, "pr": "batting_fielding_first=2;result=1", "rn": 2517, "fo": 253, "si": 83, "ft": 12, "hn": 8, "bf": 2551, "dk": 4, "no": 14, "hs": "180*", "bta": 66.23, "btsr": 98.66}, {"tt": "lost batting first", "sp": "2009-2019", "mt": 39, "in": 39, "pr": "batting_fielding_first=1;result=2", "rn": 895, "fo": 103, "si": 13, "ft": 5, "hn": 0, "bf": 1285, "dk": 2, "no": 0, "hs": "70", "bta": 22.94, "btsr": 69.64}, {"tt": "lost fielding first", "sp": "2009-2020", "mt": 34, "in": 34, "pr": "batting_fielding_first=2;result=2", "rn": 776, "fo": 82, "si": 15, "ft": 3, "hn": 1, "bf": 1000, "dk": 4, "no": 0, "hs": "114", "bta": 22.82, "btsr": 77.6}, {"tt": "tied batting first", "sp": "2014-2019", "mt": 2, "in": 2, "pr": "batting_fielding_first=1;result=3", "rn": 130, "fo": 14, "si": 3, "ft": 0, "hn": 1, "bf": 147, "dk": 0, "no": 0, "hs": "111", "bta": 65, "btsr": 88.43}, {"tt": "no result batting first", "sp": "2009-2017", "mt": 4, "in": 4, "pr": "batting_fielding_first=1;result=5", "rn": 241, "fo": 18, "si": 8, "ft": 1, "hn": 1, "bf": 249, "dk": 0, "no": 2, "hs": "122*", "bta": 120.5, "btsr": 96.78}, {"tt": "no result fielding first", "sp": "2009-2014", "mt": 5, "in": 2, "pr": "batting_fielding_first=2;result=5", "rn": 72, "fo": 6, "si": 3, "ft": 1, "hn": 0, "bf": 47, "dk": 0, "no": 1, "hs": "64*", "bta": 72, "btsr": 153.19}]}, {"type": "TOURNAMENT_TYPE", "stats": [{"tt": "2 team series", "sp": "2009-2021", "mt": 145, "in": 142, "pr": "tournament_type=2", "rn": 5598, "fo": 555, "si": 154, "ft": 31, "hn": 14, "bf": 6376, "dk": 11, "no": 15, "hs": "189*", "bta": 44.07, "btsr": 87.79}, {"tt": "3-4 team tournaments", "sp": "2009-2010", "mt": 5, "in": 5, "pr": "tournament_type=3", "rn": 36, "fo": 5, "si": 0, "ft": 0, "hn": 0, "bf": 63, "dk": 2, "no": 0, "hs": "22", "bta": 7.2, "btsr": 57.14}, {"tt": "5+ team tournaments", "sp": "2009-2021", "mt": 41, "in": 41, "pr": "tournament_type=5", "rn": 1398, "fo": 153, "si": 33, "ft": 6, "hn": 2, "bf": 1567, "dk": 2, "no": 4, "hs": "237*", "bta": 37.78, "btsr": 89.21}]}, {"type": "MATCH_NUMBER", "stats": [{"tt": "only match in series", "sp": "2011-2015", "mt": 2, "in": 2, "pr": "match_number=0", "rn": 21, "fo": 3, "si": 1, "ft": 0, "hn": 0, "bf": 39, "dk": 0, "no": 0, "hs": "11", "bta": 10.5, "btsr": 53.84}, {"tt": "1st match in series", "sp": "2009-2021", "mt": 38, "in": 38, "pr": "match_number=1", "rn": 1401, "fo": 135, "si": 42, "ft": 6, "hn": 4, "bf": 1642, "dk": 2, "no": 4, "hs": "138", "bta": 41.2, "btsr": 85.32}, {"tt": "2nd match in series", "sp": "2009-2021", "mt": 33, "in": 31, "pr": "match_number=2", "rn": 1641, "fo": 168, "si": 38, "ft": 11, "hn": 5, "bf": 1799, "dk": 3, "no": 5, "hs": "189*", "bta": 63.11, "btsr": 91.21}, {"tt": "3rd match in series", "sp": "2009-2021", "mt": 34, "in": 33, "pr": "match_number=3", "rn": 1000, "fo": 99, "si": 33, "ft": 6, "hn": 1, "bf": 1122, "dk": 0, "no": 2, "hs": "111", "bta": 32.25, "btsr": 89.12}, {"tt": "4th match in series", "sp": "2009-2019", "mt": 18, "in": 18, "pr": "match_number=4", "rn": 844, "fo": 84, "si": 24, "ft": 4, "hn": 2, "bf": 937, "dk": 2, "no": 2, "hs": "180*", "bta": 52.75, "btsr": 90.07}, {"tt": "5th match in series", "sp": "2009-2018", "mt": 17, "in": 17, "pr": "match_number=5", "rn": 619, "fo": 59, "si": 15, "ft": 4, "hn": 2, "bf": 718, "dk": 3, "no": 2, "hs": "102", "bta": 41.26, "btsr": 86.21}, {"tt": "6th match in series", "sp": "2011-2015", "mt": 2, "in": 2, "pr": "match_number=6", "rn": 72, "fo": 7, "si": 1, "ft": 0, "hn": 0, "bf": 118, "dk": 0, "no": 0, "hs": "44", "bta": 36, "btsr": 61.01}, {"tt": "7th match in series", "sp": "2015-2015", "mt": 1, "in": 1, "pr": "match_number=7", "rn": 0, "fo": 0, "si": 0, "ft": 0, "hn": 0, "bf": 1, "dk": 1, "no": 0, "hs": "0", "bta": 0, "btsr": 0}]}, {"type": "MAJOR_TROPHY", "stats": [{"tt": "World Cup", "sp": "2011-2019", "mt": 27, "in": 27, "pr": "trophy=12", "rn": 995, "fo": 108, "si": 24, "ft": 4, "hn": 2, "bf": 1126, "dk": 2, "no": 4, "hs": "237*", "bta": 43.26, "btsr": 88.36}, {"tt": "Chappell-Hadlee", "sp": "2009-2020", "mt": 20, "in": 20, "pr": "trophy=65", "rn": 716, "fo": 72, "si": 24, "ft": 4, "hn": 1, "bf": 837, "dk": 0, "no": 1, "hs": "114", "bta": 37.68, "btsr": 85.54}, {"tt": "ICC Champions Trophy", "sp": "2009-2017", "mt": 11, "in": 11, "pr": "trophy=44", "rn": 319, "fo": 37, "si": 4, "ft": 2, "hn": 0, "bf": 370, "dk": 0, "no": 0, "hs": "66", "bta": 29, "btsr": 86.21}]}, {"type": "FINAL_TYPE", "stats": [{"tt": "tournament finals", "sp": "2009-2019", "mt": 3, "in": 3, "pr": "final_type=1", "rn": 74, "fo": 6, "si": 2, "ft": 0, "hn": 0, "bf": 116, "dk": 0, "no": 0, "hs": "40", "bta": 24.66, "btsr": 63.79}, {"tt": "tournament semi-finals", "sp": "2009-2019", "mt": 4, "in": 4, "pr": "final_type=3", "rn": 85, "fo": 7, "si": 2, "ft": 0, "hn": 0, "bf": 127, "dk": 0, "no": 0, "hs": "39", "bta": 21.25, "btsr": 66.92}, {"tt": "tournament quarter-finals", "sp": "2011-2015", "mt": 2, "in": 2, "pr": "final_type=4", "rn": 238, "fo": 24, "si": 11, "ft": 0, "hn": 1, "bf": 177, "dk": 0, "no": 1, "hs": "237*", "bta": 238, "btsr": 134.46}, {"tt": "preliminary matches", "sp": "2009-2021", "mt": 37, "in": 37, "pr": "final_type=0", "rn": 1037, "fo": 121, "si": 18, "ft": 6, "hn": 1, "bf": 1210, "dk": 4, "no": 3, "hs": "105", "bta": 30.5, "btsr": 85.7}]}, {"type": "BATTING_POSITION", "stats": [{"tt": "1st position", "sp": "2009-2021", "mt": 133, "in": 133, "pr": "batting_positionval1=batting_position;batting_positionmin1=1;batting_positionmax1=1", "rn": 5194, "fo": 536, "si": 142, "ft": 24, "hn": 13, "bf": 5829, "dk": 11, "no": 14, "hs": "237*", "bta": 43.64, "btsr": 89.1}, {"tt": "2nd position", "sp": "2009-2013", "mt": 29, "in": 29, "pr": "batting_positionval1=batting_position;batting_positionmin1=2;batting_positionmax1=2", "rn": 1108, "fo": 109, "si": 26, "ft": 8, "hn": 3, "bf": 1281, "dk": 4, "no": 4, "hs": "122*", "bta": 44.32, "btsr": 86.49}, {"tt": "3rd position", "sp": "2009-2010", "mt": 18, "in": 18, "pr": "batting_positionval1=batting_position;batting_positionmin1=3;batting_positionmax1=3", "rn": 574, "fo": 55, "si": 12, "ft": 5, "hn": 0, "bf": 710, "dk": 0, "no": 1, "hs": "91", "bta": 33.76, "btsr": 80.84}, {"tt": "4th position", "sp": "2009-2015", "mt": 3, "in": 3, "pr": "batting_positionval1=batting_position;batting_positionmin1=4;batting_positionmax1=4", "rn": 51, "fo": 2, "si": 1, "ft": 0, "hn": 0, "bf": 76, "dk": 0, "no": 0, "hs": "25", "bta": 17, "btsr": 67.1}]}]}}