{"summary": {"recordClassId": 2, "type": "BOWLING", "groups": [{"type": "CAREER_AVERAGES", "stats": [{"bl": null, "tt": "overview", "sp": "2013-2021", "mt": 66, "in": 62, "pr": null, "ov": 352.3, "cd": 2139, "md": 6, "wk": 68, "fwk": 2, "fw": 2, "tw": 0, "bbi": "5/27", "bbm": "5/27", "bwa": 31.45, "bwe": 6.06, "bwsr": 31.1}]}, {"type": "OPPOSITION_TEAM", "stats": [{"bl": null, "tt": "vs Afghanistan", "sp": "2019-2019", "mt": 1, "in": 1, "pr": "opposition=40", "ov": 10, "cd": 31, "md": 1, "wk": 5, "fwk": 0, "fw": 1, "tw": 0, "bbi": "5/31", "bbm": "5/31", "bwa": 6.2, "bwe": 3.1, "bwsr": 12}, {"bl": null, "tt": "vs Australia", "sp": "2016-2020", "mt": 7, "in": 6, "pr": "opposition=2", "ov": 28, "cd": 208, "md": 0, "wk": 4, "fwk": 0, "fw": 0, "tw": 0, "bbi": "2/28", "bbm": "2/28", "bwa": 52, "bwe": 7.42, "bwsr": 42}, {"bl": null, "tt": "vs Bangladesh", "sp": "2013-2021", "mt": 15, "in": 15, "pr": "opposition=25", "ov": 92.2, "cd": 520, "md": 3, "wk": 23, "fwk": 2, "fw": 1, "tw": 0, "bbi": "5/27", "bbm": "5/27", "bwa": 22.6, "bwe": 5.63, "bwsr": 24}, {"bl": null, "tt": "vs England", "sp": "2017-2019", "mt": 3, "in": 3, "pr": "opposition=1", "ov": 20, "cd": 101, "md": 1, "wk": 5, "fwk": 0, "fw": 0, "tw": 0, "bbi": "3/43", "bbm": "3/43", "bwa": 20.2, "bwe": 5.05, "bwsr": 24}, {"bl": null, "tt": "vs India", "sp": "2014-2020", "mt": 12, "in": 12, "pr": "opposition=6", "ov": 79.3, "cd": 513, "md": 0, "wk": 10, "fwk": 0, "fw": 0, "tw": 0, "bbi": "2/38", "bbm": "2/38", "bwa": 51.3, "bwe": 6.45, "bwsr": 47.7}, {"bl": null, "tt": "vs Ireland", "sp": "2017-2017", "mt": 1, "in": 1, "pr": "opposition=29", "ov": 6, "cd": 37, "md": 0, "wk": 0, "fwk": 0, "fw": 0, "tw": 0, "bbi": null, "bbm": null, "bwa": null, "bwe": 6.16, "bwsr": null}, {"bl": null, "tt": "vs Pakistan", "sp": "2014-2019", "mt": 3, "in": 3, "pr": "opposition=7", "ov": 22.3, "cd": 152, "md": 0, "wk": 2, "fwk": 0, "fw": 0, "tw": 0, "bbi": "2/62", "bbm": "2/62", "bwa": 76, "bwe": 6.75, "bwsr": 67.5}, {"bl": null, "tt": "vs South Africa", "sp": "2013-2019", "mt": 13, "in": 10, "pr": "opposition=3", "ov": 37.1, "cd": 234, "md": 0, "wk": 6, "fwk": 0, "fw": 0, "tw": 0, "bbi": "1/10", "bbm": "1/10", "bwa": 39, "bwe": 6.29, "bwsr": 37.1}, {"bl": null, "tt": "vs Sri Lanka", "sp": "2013-2019", "mt": 6, "in": 6, "pr": "opposition=8", "ov": 31, "cd": 192, "md": 0, "wk": 9, "fwk": 0, "fw": 0, "tw": 0, "bbi": "3/38", "bbm": "3/38", "bwa": 21.33, "bwe": 6.19, "bwsr": 20.6}, {"bl": null, "tt": "vs West Indies", "sp": "2013-2019", "mt": 3, "in": 3, "pr": "opposition=4", "ov": 16, "cd": 91, "md": 0, "wk": 3, "fwk": 0, "fw": 0, "tw": 0, "bbi": "1/21", "bbm": "1/21", "bwa": 30.33, "bwe": 5.68, "bwsr": 32}, {"bl": null, "tt": "vs Zimbabwe", "sp": "2015-2015", "mt": 2, "in": 2, "pr": "opposition=9", "ov": 10, "cd": 60, "md": 1, "wk": 1, "fwk": 0, "fw": 0, "tw": 0, "bbi": "1/16", "bbm": "1/16", "bwa": 60, "bwe": 6, "bwsr": 60}]}, {"type": "HOST_COUNTRY", "stats": [{"bl": null, "tt": "in Australia", "sp": "2016-2020", "mt": 3, "in": 3, "pr": "host=2", "ov": 14, "cd": 114, "md": 0, "wk": 2, "fwk": 0, "fw": 0, "tw": 0, "bbi": "2/58", "bbm": "2/58", "bwa": 57, "bwe": 8.14, "bwsr": 42}, {"bl": null, "tt": "in Bangladesh", "sp": "2013-2013", "mt": 2, "in": 2, "pr": "host=25", "ov": 19, "cd": 95, "md": 0, "wk": 8, "fwk": 2, "fw": 0, "tw": 0, "bbi": "4/42", "bbm": "4/42", "bwa": 11.87, "bwe": 5, "bwsr": 14.2}, {"bl": null, "tt": "in England", "sp": "2017-2019", "mt": 13, "in": 11, "pr": "host=1", "ov": 61.3, "cd": 339, "md": 2, "wk": 15, "fwk": 0, "fw": 1, "tw": 0, "bbi": "5/31", "bbm": "5/31", "bwa": 22.6, "bwe": 5.51, "bwsr": 24.6}, {"bl": null, "tt": "in India", "sp": "2016-2016", "mt": 4, "in": 4, "pr": "host=6", "ov": 27, "cd": 168, "md": 0, "wk": 4, "fwk": 0, "fw": 0, "tw": 0, "bbi": "2/38", "bbm": "2/38", "bwa": 42, "bwe": 6.22, "bwsr": 40.5}, {"bl": null, "tt": "in Ireland", "sp": "2017-2017", "mt": 3, "in": 3, "pr": "host=29", "ov": 19, "cd": 133, "md": 0, "wk": 2, "fwk": 0, "fw": 0, "tw": 0, "bbi": "2/68", "bbm": "2/68", "bwa": 66.5, "bwe": 7, "bwsr": 57}, {"bl": null, "tt": "in New Zealand", "sp": "2013-2021", "mt": 31, "in": 29, "pr": "host=5", "ov": 157.2, "cd": 936, "md": 3, "wk": 30, "fwk": 0, "fw": 1, "tw": 0, "bbi": "5/27", "bbm": "5/27", "bwa": 31.2, "bwe": 5.94, "bwsr": 31.4}, {"bl": null, "tt": "in South Africa", "sp": "2013-2015", "mt": 4, "in": 4, "pr": "host=3", "ov": 17.1, "cd": 111, "md": 0, "wk": 2, "fwk": 0, "fw": 0, "tw": 0, "bbi": "1/20", "bbm": "1/20", "bwa": 55.5, "bwe": 6.46, "bwsr": 51.5}, {"bl": null, "tt": "in Sri Lanka", "sp": "2013-2013", "mt": 2, "in": 2, "pr": "host=8", "ov": 8, "cd": 51, "md": 0, "wk": 2, "fwk": 0, "fw": 0, "tw": 0, "bbi": "2/26", "bbm": "2/26", "bwa": 25.5, "bwe": 6.37, "bwsr": 24}, {"bl": null, "tt": "in U.A.E.", "sp": "2014-2014", "mt": 2, "in": 2, "pr": "host=27", "ov": 19.3, "cd": 132, "md": 0, "wk": 2, "fwk": 0, "fw": 0, "tw": 0, "bbi": "2/62", "bbm": "2/62", "bwa": 66, "bwe": 6.76, "bwsr": 58.5}, {"bl": null, "tt": "in Zimbabwe", "sp": "2015-2015", "mt": 2, "in": 2, "pr": "host=9", "ov": 10, "cd": 60, "md": 1, "wk": 1, "fwk": 0, "fw": 0, "tw": 0, "bbi": "1/16", "bbm": "1/16", "bwa": 60, "bwe": 6, "bwsr": 60}]}, {"type": "CONTINENT", "stats": [{"bl": null, "tt": "in Africa", "sp": "2013-2015", "mt": 6, "in": 6, "pr": "continent=1", "ov": 27.1, "cd": 171, "md": 1, "wk": 3, "fwk": 0, "fw": 0, "tw": 0, "bbi": "1/16", "bbm": "1/16", "bwa": 57, "bwe": 6.29, "bwsr": 54.3}, {"bl": null, "tt": "in Asia", "sp": "2013-2016", "mt": 10, "in": 10, "pr": "continent=2", "ov": 73.3, "cd": 446, "md": 0, "wk": 16, "fwk": 2, "fw": 0, "tw": 0, "bbi": "4/42", "bbm": "4/42", "bwa": 27.87, "bwe": 6.06, "bwsr": 27.5}, {"bl": null, "tt": "in Europe", "sp": "2017-2019", "mt": 16, "in": 14, "pr": "continent=4", "ov": 80.3, "cd": 472, "md": 2, "wk": 17, "fwk": 0, "fw": 1, "tw": 0, "bbi": "5/31", "bbm": "5/31", "bwa": 27.76, "bwe": 5.86, "bwsr": 28.4}, {"bl": null, "tt": "in Oceania", "sp": "2013-2021", "mt": 34, "in": 32, "pr": "continent=5", "ov": 171.2, "cd": 1050, "md": 3, "wk": 32, "fwk": 0, "fw": 1, "tw": 0, "bbi": "5/27", "bbm": "5/27", "bwa": 32.81, "bwe": 6.12, "bwsr": 32.1}]}, {"type": "HOME_OR_AWAY", "stats": [{"bl": null, "tt": "home", "sp": "2013-2021", "mt": 31, "in": 29, "pr": "home_or_away=1", "ov": 157.2, "cd": 936, "md": 3, "wk": 30, "fwk": 0, "fw": 1, "tw": 0, "bbi": "5/27", "bbm": "5/27", "bwa": 31.2, "bwe": 5.94, "bwsr": 31.4}, {"bl": null, "tt": "away", "sp": "2013-2020", "mt": 21, "in": 21, "pr": "home_or_away=2", "ov": 121.1, "cd": 737, "md": 2, "wk": 24, "fwk": 2, "fw": 0, "tw": 0, "bbi": "4/42", "bbm": "4/42", "bwa": 30.7, "bwe": 6.08, "bwsr": 30.2}, {"bl": null, "tt": "neutral", "sp": "2014-2019", "mt": 14, "in": 12, "pr": "home_or_away=3", "ov": 74, "cd": 466, "md": 1, "wk": 14, "fwk": 0, "fw": 1, "tw": 0, "bbi": "5/31", "bbm": "5/31", "bwa": 33.28, "bwe": 6.29, "bwsr": 31.7}]}, {"type": "YEAR", "stats": [{"bl": null, "tt": "year 2013", "sp": null, "mt": 8, "in": 8, "pr": "year=2013", "ov": 43.1, "cd": 245, "md": 0, "wk": 12, "fwk": 2, "fw": 0, "tw": 0, "bbi": "4/42", "bbm": "4/42", "bwa": 20.41, "bwe": 5.67, "bwsr": 21.5}, {"bl": null, "tt": "year 2014", "sp": null, "mt": 8, "in": 8, "pr": "year=2014", "ov": 47.1, "cd": 335, "md": 0, "wk": 6, "fwk": 0, "fw": 0, "tw": 0, "bbi": "2/62", "bbm": "2/62", "bwa": 55.83, "bwe": 7.1, "bwsr": 47.1}, {"bl": null, "tt": "year 2015", "sp": null, "mt": 3, "in": 3, "pr": "year=2015", "ov": 17, "cd": 107, "md": 1, "wk": 2, "fwk": 0, "fw": 0, "tw": 0, "bbi": "1/16", "bbm": "1/16", "bwa": 53.5, "bwe": 6.29, "bwsr": 51}, {"bl": null, "tt": "year 2016", "sp": null, "mt": 9, "in": 9, "pr": "year=2016", "ov": 47, "cd": 315, "md": 1, "wk": 10, "fwk": 0, "fw": 0, "tw": 0, "bbi": "3/36", "bbm": "3/36", "bwa": 31.5, "bwe": 6.7, "bwsr": 28.2}, {"bl": null, "tt": "year 2017", "sp": null, "mt": 13, "in": 10, "pr": "year=2017", "ov": 44, "cd": 291, "md": 0, "wk": 4, "fwk": 0, "fw": 0, "tw": 0, "bbi": "2/68", "bbm": "2/68", "bwa": 72.75, "bwe": 6.61, "bwsr": 66}, {"bl": null, "tt": "year 2019", "sp": null, "mt": 18, "in": 17, "pr": "year=2019", "ov": 97, "cd": 521, "md": 2, "wk": 25, "fwk": 0, "fw": 1, "tw": 0, "bbi": "5/31", "bbm": "5/31", "bwa": 20.84, "bwe": 5.37, "bwsr": 23.2}, {"bl": null, "tt": "year 2020", "sp": null, "mt": 4, "in": 4, "pr": "year=2020", "ov": 32.3, "cd": 198, "md": 0, "wk": 2, "fwk": 0, "fw": 0, "tw": 0, "bbi": "1/50", "bbm": "1/50", "bwa": 99, "bwe": 6.09, "bwsr": 97.5}, {"bl": null, "tt": "year 2021", "sp": null, "mt": 3, "in": 3, "pr": "year=2021", "ov": 24.4, "cd": 127, "md": 2, "wk": 7, "fwk": 0, "fw": 1, "tw": 0, "bbi": "5/27", "bbm": "5/27", "bwa": 18.14, "bwe": 5.14, "bwsr": 21.1}]}, {"type": "SEASON", "stats": [{"bl": null, "tt": "season 2012/13", "sp": null, "mt": 3, "in": 3, "pr": "season=2012/13", "ov": 10.1, "cd": 64, "md": 0, "wk": 1, "fwk": 0, "fw": 0, "tw": 0, "bbi": "1/20", "bbm": "1/20", "bwa": 64, "bwe": 6.29, "bwsr": 61}, {"bl": null, "tt": "season 2013/14", "sp": null, "mt": 8, "in": 8, "pr": "season=2013/14", "ov": 50.4, "cd": 306, "md": 0, "wk": 13, "fwk": 2, "fw": 0, "tw": 0, "bbi": "4/42", "bbm": "4/42", "bwa": 23.53, "bwe": 6.03, "bwsr": 23.3}, {"bl": null, "tt": "season 2014/15", "sp": null, "mt": 5, "in": 5, "pr": "season=2014/15", "ov": 29.3, "cd": 210, "md": 0, "wk": 4, "fwk": 0, "fw": 0, "tw": 0, "bbi": "2/62", "bbm": "2/62", "bwa": 52.5, "bwe": 7.11, "bwsr": 44.2}, {"bl": null, "tt": "season 2015", "sp": null, "mt": 3, "in": 3, "pr": "season=2015", "ov": 17, "cd": 107, "md": 1, "wk": 2, "fwk": 0, "fw": 0, "tw": 0, "bbi": "1/16", "bbm": "1/16", "bwa": 53.5, "bwe": 6.29, "bwsr": 51}, {"bl": null, "tt": "season 2016/17", "sp": null, "mt": 16, "in": 14, "pr": "season=2016/17", "ov": 65, "cd": 426, "md": 1, "wk": 12, "fwk": 0, "fw": 0, "tw": 0, "bbi": "3/36", "bbm": "3/36", "bwa": 35.5, "bwe": 6.55, "bwsr": 32.5}, {"bl": null, "tt": "season 2017", "sp": null, "mt": 6, "in": 5, "pr": "season=2017", "ov": 26, "cd": 180, "md": 0, "wk": 2, "fwk": 0, "fw": 0, "tw": 0, "bbi": "2/68", "bbm": "2/68", "bwa": 90, "bwe": 6.92, "bwsr": 78}, {"bl": null, "tt": "season 2018/19", "sp": null, "mt": 8, "in": 8, "pr": "season=2018/19", "ov": 42.3, "cd": 229, "md": 0, "wk": 10, "fwk": 0, "fw": 0, "tw": 0, "bbi": "3/38", "bbm": "3/38", "bwa": 22.9, "bwe": 5.38, "bwsr": 25.5}, {"bl": null, "tt": "season 2019", "sp": null, "mt": 10, "in": 9, "pr": "season=2019", "ov": 54.3, "cd": 292, "md": 2, "wk": 15, "fwk": 0, "fw": 1, "tw": 0, "bbi": "5/31", "bbm": "5/31", "bwa": 19.46, "bwe": 5.35, "bwsr": 21.8}, {"bl": null, "tt": "season 2019/20", "sp": null, "mt": 4, "in": 4, "pr": "season=2019/20", "ov": 32.3, "cd": 198, "md": 0, "wk": 2, "fwk": 0, "fw": 0, "tw": 0, "bbi": "1/50", "bbm": "1/50", "bwa": 99, "bwe": 6.09, "bwsr": 97.5}, {"bl": null, "tt": "season 2020/21", "sp": null, "mt": 3, "in": 3, "pr": "season=2020/21", "ov": 24.4, "cd": 127, "md": 2, "wk": 7, "fwk": 0, "fw": 1, "tw": 0, "bbi": "5/27", "bbm": "5/27", "bwa": 18.14, "bwe": 5.14, "bwsr": 21.1}]}, {"type": "CAPTAINS_INVOLVED", "stats": [{"bl": null, "tt": "*TWM Latham", "sp": "2017-2021", "mt": 9, "in": 9, "pr": "captain_involve=59148", "ov": 65.1, "cd": 388, "md": 2, "wk": 10, "fwk": 0, "fw": 1, "tw": 0, "bbi": "5/27", "bbm": "5/27", "bwa": 38.8, "bwe": 5.95, "bwsr": 39.1}, {"bl": null, "tt": "*BB McCullum", "sp": "2013-2014", "mt": 12, "in": 12, "pr": "captain_involve=10384", "ov": 62.5, "cd": 397, "md": 0, "wk": 14, "fwk": 2, "fw": 0, "tw": 0, "bbi": "4/42", "bbm": "4/42", "bwa": 28.35, "bwe": 6.31, "bwsr": 26.9}, {"bl": null, "tt": "*KD Mills", "sp": "2013-2013", "mt": 2, "in": 2, "pr": "captain_involve=10303", "ov": 8, "cd": 51, "md": 0, "wk": 2, "fwk": 0, "fw": 0, "tw": 0, "bbi": "2/26", "bbm": "2/26", "bwa": 25.5, "bwe": 6.37, "bwsr": 24}, {"bl": null, "tt": "*KS Williamson", "sp": "2014-2020", "mt": 43, "in": 39, "pr": "captain_involve=51088", "ov": 216.3, "cd": 1303, "md": 4, "wk": 42, "fwk": 0, "fw": 1, "tw": 0, "bbi": "5/31", "bbm": "5/31", "bwa": 31.02, "bwe": 6.01, "bwsr": 30.9}]}, {"type": "CAPTAIN", "stats": [{"bl": null, "tt": "is not captain", "sp": "2013-2021", "mt": 66, "in": 62, "pr": "captain=0", "ov": 352.3, "cd": 2139, "md": 6, "wk": 68, "fwk": 2, "fw": 2, "tw": 0, "bbi": "5/27", "bbm": "5/27", "bwa": 31.45, "bwe": 6.06, "bwsr": 31.1}]}, {"type": "KEEPER", "stats": [{"bl": null, "tt": "is not keeper", "sp": "2013-2021", "mt": 66, "in": 62, "pr": "keeper=0", "ov": 352.3, "cd": 2139, "md": 6, "wk": 68, "fwk": 2, "fw": 2, "tw": 0, "bbi": "5/27", "bbm": "5/27", "bwa": 31.45, "bwe": 6.06, "bwsr": 31.1}]}, {"type": "TOSS", "stats": [{"bl": null, "tt": "won the toss", "sp": "2013-2021", "mt": 31, "in": 29, "pr": "toss=1", "ov": 161.4, "cd": 957, "md": 4, "wk": 42, "fwk": 1, "fw": 2, "tw": 0, "bbi": "5/27", "bbm": "5/27", "bwa": 22.78, "bwe": 5.91, "bwsr": 23}, {"bl": null, "tt": "lost the toss", "sp": "2013-2020", "mt": 35, "in": 33, "pr": "toss=2", "ov": 190.5, "cd": 1182, "md": 2, "wk": 26, "fwk": 1, "fw": 0, "tw": 0, "bbi": "4/53", "bbm": "4/53", "bwa": 45.46, "bwe": 6.19, "bwsr": 44}]}, {"type": "BATTING_FIELDING_SEQUENCE_AND_TOSS", "stats": [{"bl": null, "tt": "won toss &amp; batted", "sp": "2013-2021", "mt": 12, "in": 11, "pr": "batting_fielding_first=1;toss=1", "ov": 63.1, "cd": 368, "md": 2, "wk": 19, "fwk": 0, "fw": 1, "tw": 0, "bbi": "5/27", "bbm": "5/27", "bwa": 19.36, "bwe": 5.82, "bwsr": 19.9}, {"bl": null, "tt": "won toss &amp; fielded", "sp": "2013-2021", "mt": 19, "in": 18, "pr": "batting_fielding_first=2;toss=1", "ov": 98.3, "cd": 589, "md": 2, "wk": 23, "fwk": 1, "fw": 1, "tw": 0, "bbi": "5/31", "bbm": "5/31", "bwa": 25.6, "bwe": 5.97, "bwsr": 25.6}, {"bl": null, "tt": "lost toss &amp; sent in", "sp": "2013-2020", "mt": 21, "in": 20, "pr": "batting_fielding_first=1;toss=2", "ov": 103.5, "cd": 672, "md": 1, "wk": 12, "fwk": 0, "fw": 0, "tw": 0, "bbi": "2/62", "bbm": "2/62", "bwa": 56, "bwe": 6.47, "bwsr": 51.9}, {"bl": null, "tt": "lost toss &amp; fielded", "sp": "2013-2020", "mt": 14, "in": 13, "pr": "batting_fielding_first=2;toss=2", "ov": 87, "cd": 510, "md": 1, "wk": 14, "fwk": 1, "fw": 0, "tw": 0, "bbi": "4/53", "bbm": "4/53", "bwa": 36.42, "bwe": 5.86, "bwsr": 37.2}]}, {"type": "BATTING_FIELDING_SEQUENCE", "stats": [{"bl": null, "tt": "matches batting first", "sp": "2013-2021", "mt": 33, "in": 31, "pr": "batting_fielding_first=1", "ov": 167, "cd": 1040, "md": 3, "wk": 31, "fwk": 0, "fw": 1, "tw": 0, "bbi": "5/27", "bbm": "5/27", "bwa": 33.54, "bwe": 6.22, "bwsr": 32.3}, {"bl": null, "tt": "matches fielding first", "sp": "2013-2021", "mt": 33, "in": 31, "pr": "batting_fielding_first=2", "ov": 185.3, "cd": 1099, "md": 3, "wk": 37, "fwk": 2, "fw": 1, "tw": 0, "bbi": "5/31", "bbm": "5/31", "bwa": 29.7, "bwe": 5.92, "bwsr": 30}]}, {"type": "TEAM_INNINGS", "stats": [{"bl": null, "tt": "1st team innings", "sp": "2013-2021", "mt": 66, "in": 62, "pr": "innings_number=1;innings_number=2", "ov": 352.3, "cd": 2139, "md": 6, "wk": 68, "fwk": 2, "fw": 2, "tw": 0, "bbi": "5/27", "bbm": "5/27", "bwa": 31.45, "bwe": 6.06, "bwsr": 31.1}]}, {"type": "MATCH_INNINGS", "stats": [{"bl": null, "tt": "1st match innings", "sp": "2013-2021", "mt": 33, "in": 31, "pr": "innings_number=1", "ov": 185.3, "cd": 1099, "md": 3, "wk": 37, "fwk": 2, "fw": 1, "tw": 0, "bbi": "5/31", "bbm": "5/31", "bwa": 29.7, "bwe": 5.92, "bwsr": 30}, {"bl": null, "tt": "2nd match innings", "sp": "2013-2021", "mt": 33, "in": 31, "pr": "innings_number=2", "ov": 167, "cd": 1040, "md": 3, "wk": 31, "fwk": 0, "fw": 1, "tw": 0, "bbi": "5/27", "bbm": "5/27", "bwa": 33.54, "bwe": 6.22, "bwsr": 32.3}]}, {"type": "FLOODLIT", "stats": [{"bl": null, "tt": "day match", "sp": "2013-2021", "mt": 31, "in": 29, "pr": "floodlit=1", "ov": 143.5, "cd": 857, "md": 5, "wk": 29, "fwk": 0, "fw": 1, "tw": 0, "bbi": "5/27", "bbm": "5/27", "bwa": 29.55, "bwe": 5.95, "bwsr": 29.7}, {"bl": null, "tt": "day/night match", "sp": "2013-2021", "mt": 35, "in": 33, "pr": "floodlit=2", "ov": 208.4, "cd": 1282, "md": 1, "wk": 39, "fwk": 2, "fw": 1, "tw": 0, "bbi": "5/31", "bbm": "5/31", "bwa": 32.87, "bwe": 6.14, "bwsr": 32.1}]}, {"type": "RESULT", "stats": [{"bl": null, "tt": "won match", "sp": "2013-2021", "mt": 36, "in": 35, "pr": "result=1", "ov": 197, "cd": 1166, "md": 5, "wk": 39, "fwk": 0, "fw": 2, "tw": 0, "bbi": "5/27", "bbm": "5/27", "bwa": 29.89, "bwe": 5.91, "bwsr": 30.3}, {"bl": null, "tt": "lost match", "sp": "2013-2020", "mt": 27, "in": 25, "pr": "result=2", "ov": 146.3, "cd": 911, "md": 1, "wk": 25, "fwk": 2, "fw": 0, "tw": 0, "bbi": "4/42", "bbm": "4/42", "bwa": 36.44, "bwe": 6.21, "bwsr": 35.1}, {"bl": null, "tt": "tied match", "sp": "2019-2019", "mt": 1, "in": 1, "pr": "result=3", "ov": 7, "cd": 43, "md": 0, "wk": 3, "fwk": 0, "fw": 0, "tw": 0, "bbi": "3/43", "bbm": "3/43", "bwa": 14.33, "bwe": 6.14, "bwsr": 14}, {"bl": null, "tt": "no result", "sp": "2014-2017", "mt": 2, "in": 1, "pr": "result=5", "ov": 2, "cd": 19, "md": 0, "wk": 1, "fwk": 0, "fw": 0, "tw": 0, "bbi": "1/19", "bbm": "1/19", "bwa": 19, "bwe": 9.5, "bwsr": 12}]}, {"type": "BATTING_FIELDING_SEQUENCE_AND_RESULT", "stats": [{"bl": null, "tt": "won batting first", "sp": "2013-2021", "mt": 19, "in": 19, "pr": "batting_fielding_first=1;result=1", "ov": 102.3, "cd": 619, "md": 3, "wk": 23, "fwk": 0, "fw": 1, "tw": 0, "bbi": "5/27", "bbm": "5/27", "bwa": 26.91, "bwe": 6.03, "bwsr": 26.7}, {"bl": null, "tt": "won fielding first", "sp": "2013-2021", "mt": 17, "in": 16, "pr": "batting_fielding_first=2;result=1", "ov": 94.3, "cd": 547, "md": 2, "wk": 16, "fwk": 0, "fw": 1, "tw": 0, "bbi": "5/31", "bbm": "5/31", "bwa": 34.18, "bwe": 5.78, "bwsr": 35.4}, {"bl": null, "tt": "lost batting first", "sp": "2013-2019", "mt": 12, "in": 11, "pr": "batting_fielding_first=1;result=2", "ov": 57.3, "cd": 378, "md": 0, "wk": 5, "fwk": 0, "fw": 0, "tw": 0, "bbi": "2/62", "bbm": "2/62", "bwa": 75.6, "bwe": 6.57, "bwsr": 69}, {"bl": null, "tt": "lost fielding first", "sp": "2013-2020", "mt": 15, "in": 14, "pr": "batting_fielding_first=2;result=2", "ov": 89, "cd": 533, "md": 1, "wk": 20, "fwk": 2, "fw": 0, "tw": 0, "bbi": "4/42", "bbm": "4/42", "bwa": 26.65, "bwe": 5.98, "bwsr": 26.7}, {"bl": null, "tt": "tied batting first", "sp": "2019-2019", "mt": 1, "in": 1, "pr": "batting_fielding_first=1;result=3", "ov": 7, "cd": 43, "md": 0, "wk": 3, "fwk": 0, "fw": 0, "tw": 0, "bbi": "3/43", "bbm": "3/43", "bwa": 14.33, "bwe": 6.14, "bwsr": 14}, {"bl": null, "tt": "no result batting first", "sp": "2017-2017", "mt": 1, "in": null, "pr": "batting_fielding_first=1;result=5", "ov": null, "cd": null, "md": null, "wk": null, "fwk": null, "fw": null, "tw": null, "bbi": null, "bbm": null, "bwa": null, "bwe": null, "bwsr": null}, {"bl": null, "tt": "no result fielding first", "sp": "2014-2014", "mt": 1, "in": 1, "pr": "batting_fielding_first=2;result=5", "ov": 2, "cd": 19, "md": 0, "wk": 1, "fwk": 0, "fw": 0, "tw": 0, "bbi": "1/19", "bbm": "1/19", "bwa": 19, "bwe": 9.5, "bwsr": 12}]}, {"type": "TOURNAMENT_TYPE", "stats": [{"bl": null, "tt": "2 team series", "sp": "2013-2021", "mt": 50, "in": 48, "pr": "tournament_type=2", "ov": 272, "cd": 1667, "md": 4, "wk": 51, "fwk": 2, "fw": 1, "tw": 0, "bbi": "5/27", "bbm": "5/27", "bwa": 32.68, "bwe": 6.12, "bwsr": 32}, {"bl": null, "tt": "3-4 team tournaments", "sp": "2017-2017", "mt": 3, "in": 3, "pr": "tournament_type=3", "ov": 19, "cd": 133, "md": 0, "wk": 2, "fwk": 0, "fw": 0, "tw": 0, "bbi": "2/68", "bbm": "2/68", "bwa": 66.5, "bwe": 7, "bwsr": 57}, {"bl": null, "tt": "5+ team tournaments", "sp": "2017-2021", "mt": 16, "in": 14, "pr": "tournament_type=5", "ov": 86.1, "cd": 466, "md": 4, "wk": 22, "fwk": 0, "fw": 2, "tw": 0, "bbi": "5/27", "bbm": "5/27", "bwa": 21.18, "bwe": 5.4, "bwsr": 23.5}]}, {"type": "MATCH_NUMBER", "stats": [{"bl": null, "tt": "1st match in series", "sp": "2013-2021", "mt": 17, "in": 16, "pr": "match_number=1", "ov": 108.3, "cd": 649, "md": 2, "wk": 19, "fwk": 1, "fw": 0, "tw": 0, "bbi": "4/42", "bbm": "4/42", "bwa": 34.15, "bwe": 5.98, "bwsr": 34.2}, {"bl": null, "tt": "2nd match in series", "sp": "2013-2021", "mt": 11, "in": 11, "pr": "match_number=2", "ov": 57.2, "cd": 369, "md": 0, "wk": 11, "fwk": 1, "fw": 0, "tw": 0, "bbi": "4/53", "bbm": "4/53", "bwa": 33.54, "bwe": 6.43, "bwsr": 31.2}, {"bl": null, "tt": "3rd match in series", "sp": "2013-2021", "mt": 14, "in": 13, "pr": "match_number=3", "ov": 67.4, "cd": 414, "md": 2, "wk": 13, "fwk": 0, "fw": 1, "tw": 0, "bbi": "5/27", "bbm": "5/27", "bwa": 31.84, "bwe": 6.11, "bwsr": 31.2}, {"bl": null, "tt": "4th match in series", "sp": "2014-2019", "mt": 4, "in": 4, "pr": "match_number=4", "ov": 19.5, "cd": 117, "md": 0, "wk": 4, "fwk": 0, "fw": 0, "tw": 0, "bbi": "2/38", "bbm": "2/38", "bwa": 29.25, "bwe": 5.89, "bwsr": 29.7}, {"bl": null, "tt": "5th match in series", "sp": "2014-2019", "mt": 4, "in": 4, "pr": "match_number=5", "ov": 18.4, "cd": 118, "md": 0, "wk": 4, "fwk": 0, "fw": 0, "tw": 0, "bbi": "1/10", "bbm": "1/10", "bwa": 29.5, "bwe": 6.32, "bwsr": 28}]}, {"type": "MAJOR_TROPHY", "stats": [{"bl": null, "tt": "World Cup", "sp": "2019-2019", "mt": 10, "in": 9, "pr": "trophy=12", "ov": 54.3, "cd": 292, "md": 2, "wk": 15, "fwk": 0, "fw": 1, "tw": 0, "bbi": "5/31", "bbm": "5/31", "bwa": 19.46, "bwe": 5.35, "bwsr": 21.8}, {"bl": null, "tt": "Chappell-Hadlee", "sp": "2016-2020", "mt": 5, "in": 5, "pr": "trophy=65", "ov": 22, "cd": 180, "md": 0, "wk": 2, "fwk": 0, "fw": 0, "tw": 0, "bbi": "2/58", "bbm": "2/58", "bwa": 90, "bwe": 8.18, "bwsr": 66}, {"bl": null, "tt": "ICC Champions Trophy", "sp": "2017-2017", "mt": 3, "in": 2, "pr": "trophy=44", "ov": 7, "cd": 47, "md": 0, "wk": 0, "fwk": 0, "fw": 0, "tw": 0, "bbi": null, "bbm": null, "bwa": null, "bwe": 6.71, "bwsr": null}]}, {"type": "FINAL_TYPE", "stats": [{"bl": null, "tt": "tournament finals", "sp": "2019-2019", "mt": 1, "in": 1, "pr": "final_type=1", "ov": 7, "cd": 43, "md": 0, "wk": 3, "fwk": 0, "fw": 0, "tw": 0, "bbi": "3/43", "bbm": "3/43", "bwa": 14.33, "bwe": 6.14, "bwsr": 14}, {"bl": null, "tt": "tournament semi-finals", "sp": "2019-2019", "mt": 1, "in": 1, "pr": "final_type=3", "ov": 7.3, "cd": 49, "md": 0, "wk": 1, "fwk": 0, "fw": 0, "tw": 0, "bbi": "1/49", "bbm": "1/49", "bwa": 49, "bwe": 6.53, "bwsr": 45}, {"bl": null, "tt": "preliminary matches", "sp": "2017-2021", "mt": 17, "in": 15, "pr": "final_type=0", "ov": 90.4, "cd": 507, "md": 4, "wk": 20, "fwk": 0, "fw": 2, "tw": 0, "bbi": "5/27", "bbm": "5/27", "bwa": 25.35, "bwe": 5.59, "bwsr": 27.2}]}, {"type": "BOWLING_POSITION", "stats": [{"bl": null, "tt": "3rd position", "sp": "2013-2020", "mt": 12, "in": 12, "pr": "bowling_positionval1=bowling_position;bowling_positionmin1=3;bowling_positionmax1=3", "ov": 67, "cd": 410, "md": 0, "wk": 10, "fwk": 1, "fw": 0, "tw": 0, "bbi": "4/42", "bbm": "4/42", "bwa": 41, "bwe": 6.11, "bwsr": 40.2}, {"bl": null, "tt": "4th position", "sp": "2013-2021", "mt": 19, "in": 19, "pr": "bowling_positionval1=bowling_position;bowling_positionmin1=4;bowling_positionmax1=4", "ov": 133.5, "cd": 810, "md": 5, "wk": 29, "fwk": 1, "fw": 2, "tw": 0, "bbi": "5/27", "bbm": "5/27", "bwa": 27.93, "bwe": 6.05, "bwsr": 27.6}, {"bl": null, "tt": "5th position", "sp": "2014-2020", "mt": 13, "in": 13, "pr": "bowling_positionval1=bowling_position;bowling_positionmin1=5;bowling_positionmax1=5", "ov": 71.5, "cd": 459, "md": 0, "wk": 15, "fwk": 0, "fw": 0, "tw": 0, "bbi": "3/38", "bbm": "3/38", "bwa": 30.6, "bwe": 6.38, "bwsr": 28.7}, {"bl": null, "tt": "6th position", "sp": "2013-2019", "mt": 16, "in": 16, "pr": "bowling_positionval1=bowling_position;bowling_positionmin1=6;bowling_positionmax1=6", "ov": 69.5, "cd": 419, "md": 1, "wk": 11, "fwk": 0, "fw": 0, "tw": 0, "bbi": "2/21", "bbm": "2/21", "bwa": 38.09, "bwe": 6, "bwsr": 38}, {"bl": null, "tt": "7th position", "sp": "2013-2017", "mt": 2, "in": 2, "pr": "bowling_positionval1=bowling_position;bowling_positionmin1=7;bowling_positionmax1=7", "ov": 10, "cd": 41, "md": 0, "wk": 3, "fwk": 0, "fw": 0, "tw": 0, "bbi": "2/26", "bbm": "2/26", "bwa": 13.66, "bwe": 4.1, "bwsr": 20}]}]}}