{"player": {"id": 57196, "objectId": 355269, "name": "JDS Neesham", "longName": "James Neesham", "mobileName": "Neesham", "indexName": "Neesham, JDS", "battingName": "JDS Neesham", "fieldingName": "Neesham", "slug": "james-neesham", "gender": "M", "playingRole": "batting allrounder", "battingStyles": ["lhb"], "bowlingStyles": ["rmf"], "longBattingStyles": ["left-hand bat"], "longBowlingStyles": ["right-arm medium-fast"], "image": {"id": 303603, "objectId": 1222377, "slug": "jimmy-neesham-portrait", "url": "/db/PICTURES/CMS/303600/303603.jpg", "width": 160, "height": 201, "caption": "Jimmy Neesham portrait", "longCaption": "Jimmy Neesham portrait, May 2020", "credit": "Getty Images", "photographer": null, "peerUrls": null}, "countryTeamId": 5, "playingRoleType": "P", "playingRoles": ["batting allrounder"], "dateOfBirth": {"year": 1990, "month": 9, "date": 17}, "dateOfDeath": null, "fullName": "James Douglas Sheahan Neesham", "nickNames": "", "alsoKnownAs": "Jimmy Neesham", "height": 0, "heightUnit": null, "education": "", "country": {"id": 5, "objectId": 5, "name": "New Zealand", "shortName": "New Zealand", "image": {"id": 313127, "objectId": 1241586, "slug": "new-zealand-logo", "url": "/db/PICTURES/CMS/313100/313127.logo.png", "width": 500, "height": 500, "caption": "New Zealand logo", "longCaption": "New Zealand logo", "credit": null, "photographer": null, "peerUrls": null}}, "altCountryTeamId": null, "placeOfBirth": "Auckland", "dobText": null, "dodText": null, "placeOfDeath": "", "intlCareerSpan": "2012 - 2021", "headshotImage": {"id": 319781, "objectId": 1259791, "slug": "james-neesham-player-page-headshot-cutout-2021", "url": "/db/PICTURES/CMS/319700/319781.png", "width": 600, "height": 436, "caption": "James Neesham player page headshot cutout, 2021", "longCaption": "James Neesham player page headshot cutout, 2021", "credit": null, "photographer": null, "peerUrls": {"FILM": null, "WIDE": null, "SQUARE": "/db/PICTURES/CMS/319700/319781.square.png"}}, "backgroundImage": {"id": 186903, "objectId": 751337, "slug": "jimmy-neesham-celebrates-his-hundred", "url": "/db/PICTURES/CMS/186900/186903.3.jpg", "width": 900, "height": 506, "caption": "Jimmy Neesham celebrates his hundred", "longCaption": "Jimmy Neesham celebrates his hundred, West Indies v New Zealand, 1st Test, Kingston, 2nd day, June 9, 2014", "credit": "Associated Press", "photographer": null, "peerUrls": {"FILM": null, "WIDE": "/db/PICTURES/CMS/186900/186903.3.jpg", "SQUARE": "/db/PICTURES/CMS/186900/186903.jpg"}}, "externalLinks": [], "fieldingStyles": [], "otherStyles": [], "matchPlayerTypes": [1], "hasRecords": true, "hasStats": true, "hasMatches": true, "totalStories": 112, "totalVideos": 15, "totalImages": 152}, "teams": [{"team": {"id": 5, "objectId": 5, "scribeId": 5, "slug": "new-zealand", "name": "New Zealand", "longName": "New Zealand", "abbreviation": "NZ", "isCountry": true, "primaryColor": "#000000", "image": {"id": 313127, "objectId": 1241586, "slug": "new-zealand-logo", "url": "/db/PICTURES/CMS/313100/313127.logo.png", "width": 500, "height": 500, "caption": "New Zealand logo", "longCaption": "New Zealand logo", "credit": null, "photographer": null, "peerUrls": null}}, "current": false}, {"team": {"id": 2510, "objectId": 2459, "scribeId": 2459, "slug": "auckland", "name": "Auckland", "longName": "Auckland", "abbreviation": "AUCK", "isCountry": false, "primaryColor": null, "image": {"id": 313329, "objectId": 1241788, "slug": "auckland-logo", "url": "/db/PICTURES/CMS/313300/313329.logo.png", "width": 500, "height": 500, "caption": "Auckland logo", "longCaption": "Auckland logo", "credit": null, "photographer": null, "peerUrls": null}}, "current": false}, {"team": {"id": 4344, "objectId": 335975, "scribeId": 335975, "slug": "delhi-capitals", "name": "Daredevils", "longName": "Delhi Daredevils", "abbreviation": "DC", "isCountry": false, "primaryColor": "#004c93", "image": {"id": 313422, "objectId": 1241881, "slug": "delhi-capitals-logo", "url": "/db/PICTURES/CMS/313400/313422.logo.png", "width": 500, "height": 500, "caption": "Delhi Capitals logo", "longCaption": "Delhi Capitals logo", "credit": null, "photographer": null, "peerUrls": null}}, "current": false}, {"team": {"id": 955, "objectId": 904, "scribeId": 904, "slug": "derbyshire", "name": "Derbyshire", "longName": "Derbyshire", "abbreviation": "DERBS", "isCountry": false, "primaryColor": null, "image": {"id": 313254, "objectId": 1241713, "slug": "derbyshire-logo", "url": "/db/PICTURES/CMS/313200/313254.logo.png", "width": 500, "height": 500, "caption": "Derbyshire logo", "longCaption": "Derbyshire logo", "credit": null, "photographer": null, "peerUrls": null}}, "current": false}, {"team": {"id": 956, "objectId": 905, "scribeId": 905, "slug": "derbyshire-2nd-xi", "name": "Derby 2nd XI", "longName": "Derbyshire 2nd XI", "abbreviation": "De2XI", "isCountry": false, "primaryColor": null, "image": {"id": 163845, "objectId": 657777, "slug": "derbyshire", "url": "/db/PICTURES/CMS/163800/163845.jpg", "width": 120, "height": 80, "caption": "Derbyshire", "longCaption": "Derbyshire", "credit": "ESPNcricinfo Ltd", "photographer": null, "peerUrls": null}}, "current": false}, {"team": {"id": 6541, "objectId": 1150154, "scribeId": 1150154, "slug": "edmonton-royals", "name": "Royals", "longName": "Edmonton Royals", "abbreviation": "ER", "isCountry": false, "primaryColor": null, "image": {"id": 313565, "objectId": 1242024, "slug": "edmonton-royals-logo", "url": "/db/PICTURES/CMS/313500/313565.logo.png", "width": 500, "height": 500, "caption": "Edmonton Royals logo", "longCaption": "Edmonton Royals logo", "credit": null, "photographer": null, "peerUrls": null}}, "current": false}, {"team": {"id": 5153, "objectId": 642413, "scribeId": 642413, "slug": "guyana-amazon-warriors", "name": "Amazon", "longName": "Guyana Amazon Warriors", "abbreviation": "GAW", "isCountry": false, "primaryColor": null, "image": {"id": 313482, "objectId": 1241941, "slug": "guyana-amazon-warriors-logo", "url": "/db/PICTURES/CMS/313400/313482.logo.png", "width": 500, "height": 500, "caption": "Guyana Amazon Warriors logo", "longCaption": "Guyana Amazon Warriors logo", "credit": null, "photographer": null, "peerUrls": null}}, "current": false}, {"team": {"id": 1149, "objectId": 1098, "scribeId": 1098, "slug": "kent", "name": "Kent", "longName": "Kent", "abbreviation": "KENT", "isCountry": false, "primaryColor": null, "image": {"id": 313268, "objectId": 1241727, "slug": "kent-logo", "url": "/db/PICTURES/CMS/313200/313268.logo.png", "width": 500, "height": 500, "caption": "Kent logo", "longCaption": "Kent logo", "credit": null, "photographer": null, "peerUrls": null}}, "current": false}, {"team": {"id": 1152, "objectId": 1101, "scribeId": 1101, "slug": "kent-2nd-xi", "name": "Kent 2nd XI", "longName": "Kent 2nd XI", "abbreviation": "Ke2XI", "isCountry": false, "primaryColor": null, "image": {"id": 313269, "objectId": 1241728, "slug": "kent-2nd-xi-logo", "url": "/db/PICTURES/CMS/313200/313269.logo.png", "width": 500, "height": 500, "caption": "Kent 2nd XI logo", "longCaption": "Kent 2nd XI logo", "credit": null, "photographer": null, "peerUrls": null}}, "current": false}, {"team": {"id": 4342, "objectId": 335973, "scribeId": 335973, "slug": "punjab-kings", "name": "Kings XI", "longName": "Kings XI Punjab", "abbreviation": "KXIP", "isCountry": false, "primaryColor": "#b32524", "image": {"id": 317003, "objectId": 1252156, "slug": "punjab-kings-team-logo", "url": "/db/PICTURES/CMS/317000/317003.png", "width": 500, "height": 500, "caption": "Punjab Kings team logo", "longCaption": "Punjab Kings team logo", "credit": "IPL", "photographer": null, "peerUrls": null}}, "current": false}, {"team": {"id": 4341, "objectId": 335971, "scribeId": 335971, "slug": "kolkata-knight-riders", "name": "KKR", "longName": "Kolkata Knight Riders", "abbreviation": "KKR", "isCountry": false, "primaryColor": "#3d2256", "image": {"id": 313419, "objectId": 1241878, "slug": "kolkata-knight-riders-logo", "url": "/db/PICTURES/CMS/313400/313419.logo.png", "width": 500, "height": 500, "caption": "Kolkata Knight Riders logo", "longCaption": "Kolkata Knight Riders logo", "credit": null, "photographer": null, "peerUrls": null}}, "current": false}, {"team": {"id": 4346, "objectId": 335978, "scribeId": 335978, "slug": "mumbai-indians", "name": "Mum Indians", "longName": "Mumbai Indians", "abbreviation": "MI", "isCountry": false, "primaryColor": "#005ea0", "image": {"id": 317995, "objectId": 1254984, "slug": "mumbai-indians-team-logo", "url": "/db/PICTURES/CMS/317900/317995.png", "width": 500, "height": 500, "caption": "Mumbai Indians team logo", "longCaption": "Mumbai Indians team logo", "credit": "Unknown", "photographer": null, "peerUrls": null}}, "current": false}, {"team": {"id": 2591, "objectId": 2540, "scribeId": 2540, "slug": "new-zealand-a", "name": "NZ A", "longName": "New Zealand A", "abbreviation": "NZ-A", "isCountry": false, "primaryColor": null, "image": {"id": 313333, "objectId": 1241792, "slug": "new-zealand-a-logo", "url": "/db/PICTURES/CMS/313300/313333.logo.png", "width": 500, "height": 500, "caption": "New Zealand A logo", "longCaption": "New Zealand A logo", "credit": null, "photographer": null, "peerUrls": null}}, "current": false}, {"team": {"id": 2611, "objectId": 2560, "scribeId": 2560, "slug": "new-zealand-under-19s-young-cricketers", "name": "NZ U19", "longName": "New Zealand Under-19s", "abbreviation": "NZ19", "isCountry": false, "primaryColor": null, "image": {"id": 313334, "objectId": 1241793, "slug": "new-zealand-under-19s-young-cricketers-logo", "url": "/db/PICTURES/CMS/313300/313334.logo.png", "width": 500, "height": 500, "caption": "New Zealand Under-19s (Young Cricketers) logo", "longCaption": "New Zealand Under-19s (Young Cricketers) logo", "credit": null, "photographer": null, "peerUrls": null}}, "current": false}, {"team": {"id": 2616, "objectId": 2565, "scribeId": 2565, "slug": "new-zealand-xi", "name": "NZ XI", "longName": "New Zealand XI", "abbreviation": "NZ-XI", "isCountry": false, "primaryColor": null, "image": {"id": 313336, "objectId": 1241795, "slug": "new-zealand-xi-logo", "url": "/db/PICTURES/CMS/313300/313336.logo.png", "width": 500, "height": 500, "caption": "New Zealand XI logo", "longCaption": "New Zealand XI logo", "credit": null, "photographer": null, "peerUrls": null}}, "current": false}, {"team": {"id": 2578, "objectId": 2527, "scribeId": 2527, "slug": "north-island", "name": "North Island", "longName": "North Island", "abbreviation": "NISLD", "isCountry": false, "primaryColor": null, "image": null}, "current": false}, {"team": {"id": 2621, "objectId": 2570, "scribeId": 2570, "slug": "otago", "name": "Otago", "longName": "Otago", "abbreviation": "OTAGO", "isCountry": false, "primaryColor": null, "image": {"id": 313337, "objectId": 1241796, "slug": "otago-logo", "url": "/db/PICTURES/CMS/313300/313337.logo.png", "width": 500, "height": 500, "caption": "Otago logo", "longCaption": "Otago logo", "credit": null, "photographer": null, "peerUrls": null}}, "current": false}, {"team": {"id": 6649, "objectId": 1199298, "scribeId": 1199298, "slug": "pollard-xi", "name": "Pollard XI", "longName": "Pollard XI", "abbreviation": "PO-XI", "isCountry": false, "primaryColor": null, "image": null}, "current": false}, {"team": {"id": 5159, "objectId": 642421, "scribeId": 642421, "slug": "trinbago-knight-riders", "name": "T&T Riders", "longName": "Trinbago Knight Riders", "abbreviation": "TKR", "isCountry": false, "primaryColor": null, "image": {"id": 313485, "objectId": 1241944, "slug": "trinbago-knight-riders-logo", "url": "/db/PICTURES/CMS/313400/313485.logo.png", "width": 500, "height": 500, "caption": "Trinbago Knight Riders logo", "longCaption": "Trinbago Knight Riders logo", "credit": null, "photographer": null, "peerUrls": null}}, "current": false}, {"team": {"id": 2651, "objectId": 2600, "scribeId": 2600, "slug": "wellington", "name": "Wellington", "longName": "Wellington", "abbreviation": "WELL", "isCountry": false, "primaryColor": null, "image": {"id": 313338, "objectId": 1241797, "slug": "wellington-logo", "url": "/db/PICTURES/CMS/313300/313338.logo.png", "width": 500, "height": 500, "caption": "Wellington logo", "longCaption": "Wellington logo", "credit": null, "photographer": null, "peerUrls": null}}, "current": false}, {"team": {"id": 6677, "objectId": 1204497, "scribeId": 1204497, "slug": "welsh-fire-men", "name": "Fire", "longName": "Welsh Fire (Men)", "abbreviation": "WF-M", "isCountry": false, "primaryColor": null, "image": {"id": 317110, "objectId": 1252745, "slug": "welsh-fire-team-logo", "url": "/db/PICTURES/CMS/317100/317110.jpg", "width": 500, "height": 500, "caption": "Welsh Fire team logo", "longCaption": "Welsh Fire team logo", "credit": "Unknown", "photographer": null, "peerUrls": null}}, "current": false}]}