{"summary": {"recordClassId": 3, "type": "BOWLING", "groups": [{"type": "CAREER_AVERAGES", "stats": [{"bl": null, "tt": "overview", "sp": "2012-2021", "mt": 29, "in": 23, "pr": null, "ov": 52.1, "cd": 493, "md": 0, "wk": 18, "fwk": 0, "fw": 0, "tw": 0, "bbi": "3/16", "bbm": "3/16", "bwa": 27.38, "bwe": 9.45, "bwsr": 17.3}]}, {"type": "OPPOSITION_TEAM", "stats": [{"bl": null, "tt": "vs Australia", "sp": "2021-2021", "mt": 5, "in": 3, "pr": "opposition=2", "ov": 6, "cd": 79, "md": 0, "wk": 2, "fwk": 0, "fw": 0, "tw": 0, "bbi": "2/10", "bbm": "2/10", "bwa": 39.5, "bwe": 13.16, "bwsr": 18}, {"bl": null, "tt": "vs Bangladesh", "sp": "2017-2017", "mt": 2, "in": 1, "pr": "opposition=25", "ov": 1, "cd": 17, "md": 0, "wk": 0, "fwk": 0, "fw": 0, "tw": 0, "bbi": null, "bbm": null, "bwa": null, "bwe": 17, "bwsr": null}, {"bl": null, "tt": "vs England", "sp": "2019-2019", "mt": 3, "in": 3, "pr": "opposition=1", "ov": 5, "cd": 64, "md": 0, "wk": 2, "fwk": 0, "fw": 0, "tw": 0, "bbi": "2/25", "bbm": "2/25", "bwa": 32, "bwe": 12.8, "bwsr": 15}, {"bl": null, "tt": "vs Netherlands", "sp": "2014-2014", "mt": 1, "in": 1, "pr": "opposition=15", "ov": 2, "cd": 9, "md": 0, "wk": 0, "fwk": 0, "fw": 0, "tw": 0, "bbi": null, "bbm": null, "bwa": null, "bwe": 4.5, "bwsr": null}, {"bl": null, "tt": "vs Pakistan", "sp": "2014-2020", "mt": 5, "in": 4, "pr": "opposition=7", "ov": 9.1, "cd": 78, "md": 0, "wk": 5, "fwk": 0, "fw": 0, "tw": 0, "bbi": "3/25", "bbm": "3/25", "bwa": 15.6, "bwe": 8.5, "bwsr": 11}, {"bl": null, "tt": "vs South Africa", "sp": "2012-2015", "mt": 4, "in": 3, "pr": "opposition=3", "ov": 6.1, "cd": 59, "md": 0, "wk": 1, "fwk": 0, "fw": 0, "tw": 0, "bbi": "1/22", "bbm": "1/22", "bwa": 59, "bwe": 9.56, "bwsr": 37}, {"bl": null, "tt": "vs Sri Lanka", "sp": "2014-2014", "mt": 1, "in": 1, "pr": "opposition=8", "ov": 2.2, "cd": 22, "md": 0, "wk": 3, "fwk": 0, "fw": 0, "tw": 0, "bbi": "3/22", "bbm": "3/22", "bwa": 7.33, "bwe": 9.42, "bwsr": 4.6}, {"bl": null, "tt": "vs West Indies", "sp": "2014-2020", "mt": 7, "in": 6, "pr": "opposition=4", "ov": 17.3, "cd": 144, "md": 0, "wk": 4, "fwk": 0, "fw": 0, "tw": 0, "bbi": "3/16", "bbm": "3/16", "bwa": 36, "bwe": 8.22, "bwsr": 26.2}, {"bl": null, "tt": "vs Zimbabwe", "sp": "2015-2015", "mt": 1, "in": 1, "pr": "opposition=9", "ov": 3, "cd": 21, "md": 0, "wk": 1, "fwk": 0, "fw": 0, "tw": 0, "bbi": "1/21", "bbm": "1/21", "bwa": 21, "bwe": 7, "bwsr": 18}]}, {"type": "HOST_COUNTRY", "stats": [{"bl": null, "tt": "in Bangladesh", "sp": "2014-2014", "mt": 2, "in": 2, "pr": "host=25", "ov": 4.2, "cd": 31, "md": 0, "wk": 3, "fwk": 0, "fw": 0, "tw": 0, "bbi": "3/22", "bbm": "3/22", "bwa": 10.33, "bwe": 7.15, "bwsr": 8.6}, {"bl": null, "tt": "in New Zealand", "sp": "2014-2021", "mt": 18, "in": 13, "pr": "host=5", "ov": 28.3, "cd": 306, "md": 0, "wk": 10, "fwk": 0, "fw": 0, "tw": 0, "bbi": "3/16", "bbm": "3/16", "bwa": 30.6, "bwe": 10.73, "bwsr": 17.1}, {"bl": null, "tt": "in South Africa", "sp": "2012-2015", "mt": 4, "in": 3, "pr": "host=3", "ov": 6.1, "cd": 59, "md": 0, "wk": 1, "fwk": 0, "fw": 0, "tw": 0, "bbi": "1/22", "bbm": "1/22", "bwa": 59, "bwe": 9.56, "bwsr": 37}, {"bl": null, "tt": "in U.A.E.", "sp": "2014-2014", "mt": 2, "in": 2, "pr": "host=27", "ov": 3.1, "cd": 31, "md": 0, "wk": 3, "fwk": 0, "fw": 0, "tw": 0, "bbi": "3/25", "bbm": "3/25", "bwa": 10.33, "bwe": 9.78, "bwsr": 6.3}, {"bl": null, "tt": "in West Indies", "sp": "2014-2014", "mt": 2, "in": 2, "pr": "host=4", "ov": 7, "cd": 45, "md": 0, "wk": 0, "fwk": 0, "fw": 0, "tw": 0, "bbi": null, "bbm": null, "bwa": null, "bwe": 6.42, "bwsr": null}, {"bl": null, "tt": "in Zimbabwe", "sp": "2015-2015", "mt": 1, "in": 1, "pr": "host=9", "ov": 3, "cd": 21, "md": 0, "wk": 1, "fwk": 0, "fw": 0, "tw": 0, "bbi": "1/21", "bbm": "1/21", "bwa": 21, "bwe": 7, "bwsr": 18}]}, {"type": "CONTINENT", "stats": [{"bl": null, "tt": "in Africa", "sp": "2012-2015", "mt": 5, "in": 4, "pr": "continent=1", "ov": 9.1, "cd": 80, "md": 0, "wk": 2, "fwk": 0, "fw": 0, "tw": 0, "bbi": "1/21", "bbm": "1/21", "bwa": 40, "bwe": 8.72, "bwsr": 27.5}, {"bl": null, "tt": "in Americas", "sp": "2014-2014", "mt": 2, "in": 2, "pr": "continent=3", "ov": 7, "cd": 45, "md": 0, "wk": 0, "fwk": 0, "fw": 0, "tw": 0, "bbi": null, "bbm": null, "bwa": null, "bwe": 6.42, "bwsr": null}, {"bl": null, "tt": "in Asia", "sp": "2014-2014", "mt": 4, "in": 4, "pr": "continent=2", "ov": 7.3, "cd": 62, "md": 0, "wk": 6, "fwk": 0, "fw": 0, "tw": 0, "bbi": "3/22", "bbm": "3/22", "bwa": 10.33, "bwe": 8.26, "bwsr": 7.5}, {"bl": null, "tt": "in Oceania", "sp": "2014-2021", "mt": 18, "in": 13, "pr": "continent=5", "ov": 28.3, "cd": 306, "md": 0, "wk": 10, "fwk": 0, "fw": 0, "tw": 0, "bbi": "3/16", "bbm": "3/16", "bwa": 30.6, "bwe": 10.73, "bwsr": 17.1}]}, {"type": "HOME_OR_AWAY", "stats": [{"bl": null, "tt": "home", "sp": "2014-2021", "mt": 18, "in": 13, "pr": "home_or_away=1", "ov": 28.3, "cd": 306, "md": 0, "wk": 10, "fwk": 0, "fw": 0, "tw": 0, "bbi": "3/16", "bbm": "3/16", "bwa": 30.6, "bwe": 10.73, "bwsr": 17.1}, {"bl": null, "tt": "away", "sp": "2012-2015", "mt": 7, "in": 6, "pr": "home_or_away=2", "ov": 16.1, "cd": 125, "md": 0, "wk": 2, "fwk": 0, "fw": 0, "tw": 0, "bbi": "1/21", "bbm": "1/21", "bwa": 62.5, "bwe": 7.73, "bwsr": 48.5}, {"bl": null, "tt": "neutral", "sp": "2014-2014", "mt": 4, "in": 4, "pr": "home_or_away=3", "ov": 7.3, "cd": 62, "md": 0, "wk": 6, "fwk": 0, "fw": 0, "tw": 0, "bbi": "3/22", "bbm": "3/22", "bwa": 10.33, "bwe": 8.26, "bwsr": 7.5}]}, {"type": "YEAR", "stats": [{"bl": null, "tt": "year 2012", "sp": null, "mt": 3, "in": 2, "pr": "year=2012", "ov": 3.1, "cd": 37, "md": 0, "wk": 0, "fwk": 0, "fw": 0, "tw": 0, "bbi": null, "bbm": null, "bwa": null, "bwe": 11.68, "bwsr": null}, {"bl": null, "tt": "year 2014", "sp": null, "mt": 8, "in": 8, "pr": "year=2014", "ov": 22.3, "cd": 162, "md": 0, "wk": 9, "fwk": 0, "fw": 0, "tw": 0, "bbi": "3/16", "bbm": "3/16", "bwa": 18, "bwe": 7.2, "bwsr": 15}, {"bl": null, "tt": "year 2015", "sp": null, "mt": 2, "in": 2, "pr": "year=2015", "ov": 6, "cd": 43, "md": 0, "wk": 2, "fwk": 0, "fw": 0, "tw": 0, "bbi": "1/21", "bbm": "1/21", "bwa": 21.5, "bwe": 7.16, "bwsr": 18}, {"bl": null, "tt": "year 2017", "sp": null, "mt": 2, "in": 1, "pr": "year=2017", "ov": 1, "cd": 17, "md": 0, "wk": 0, "fwk": 0, "fw": 0, "tw": 0, "bbi": null, "bbm": null, "bwa": null, "bwe": 17, "bwsr": null}, {"bl": null, "tt": "year 2019", "sp": null, "mt": 3, "in": 3, "pr": "year=2019", "ov": 5, "cd": 64, "md": 0, "wk": 2, "fwk": 0, "fw": 0, "tw": 0, "bbi": "2/25", "bbm": "2/25", "bwa": 32, "bwe": 12.8, "bwsr": 15}, {"bl": null, "tt": "year 2020", "sp": null, "mt": 6, "in": 4, "pr": "year=2020", "ov": 8.3, "cd": 91, "md": 0, "wk": 3, "fwk": 0, "fw": 0, "tw": 0, "bbi": "1/10", "bbm": "1/10", "bwa": 30.33, "bwe": 10.7, "bwsr": 17}, {"bl": null, "tt": "year 2021", "sp": null, "mt": 5, "in": 3, "pr": "year=2021", "ov": 6, "cd": 79, "md": 0, "wk": 2, "fwk": 0, "fw": 0, "tw": 0, "bbi": "2/10", "bbm": "2/10", "bwa": 39.5, "bwe": 13.16, "bwsr": 18}]}, {"type": "SEASON", "stats": [{"bl": null, "tt": "season 2012/13", "sp": null, "mt": 3, "in": 2, "pr": "season=2012/13", "ov": 3.1, "cd": 37, "md": 0, "wk": 0, "fwk": 0, "fw": 0, "tw": 0, "bbi": null, "bbm": null, "bwa": null, "bwe": 11.68, "bwsr": null}, {"bl": null, "tt": "season 2013/14", "sp": null, "mt": 4, "in": 4, "pr": "season=2013/14", "ov": 12.2, "cd": 86, "md": 0, "wk": 6, "fwk": 0, "fw": 0, "tw": 0, "bbi": "3/16", "bbm": "3/16", "bwa": 14.33, "bwe": 6.97, "bwsr": 12.3}, {"bl": null, "tt": "season 2014", "sp": null, "mt": 2, "in": 2, "pr": "season=2014", "ov": 7, "cd": 45, "md": 0, "wk": 0, "fwk": 0, "fw": 0, "tw": 0, "bbi": null, "bbm": null, "bwa": null, "bwe": 6.42, "bwsr": null}, {"bl": null, "tt": "season 2014/15", "sp": null, "mt": 2, "in": 2, "pr": "season=2014/15", "ov": 3.1, "cd": 31, "md": 0, "wk": 3, "fwk": 0, "fw": 0, "tw": 0, "bbi": "3/25", "bbm": "3/25", "bwa": 10.33, "bwe": 9.78, "bwsr": 6.3}, {"bl": null, "tt": "season 2015", "sp": null, "mt": 2, "in": 2, "pr": "season=2015", "ov": 6, "cd": 43, "md": 0, "wk": 2, "fwk": 0, "fw": 0, "tw": 0, "bbi": "1/21", "bbm": "1/21", "bwa": 21.5, "bwe": 7.16, "bwsr": 18}, {"bl": null, "tt": "season 2016/17", "sp": null, "mt": 2, "in": 1, "pr": "season=2016/17", "ov": 1, "cd": 17, "md": 0, "wk": 0, "fwk": 0, "fw": 0, "tw": 0, "bbi": null, "bbm": null, "bwa": null, "bwe": 17, "bwsr": null}, {"bl": null, "tt": "season 2019/20", "sp": null, "mt": 3, "in": 3, "pr": "season=2019/20", "ov": 5, "cd": 64, "md": 0, "wk": 2, "fwk": 0, "fw": 0, "tw": 0, "bbi": "2/25", "bbm": "2/25", "bwa": 32, "bwe": 12.8, "bwsr": 15}, {"bl": null, "tt": "season 2020/21", "sp": null, "mt": 11, "in": 7, "pr": "season=2020/21", "ov": 14.3, "cd": 170, "md": 0, "wk": 5, "fwk": 0, "fw": 0, "tw": 0, "bbi": "2/10", "bbm": "2/10", "bwa": 34, "bwe": 11.72, "bwsr": 17.4}]}, {"type": "CAPTAINS_INVOLVED", "stats": [{"bl": null, "tt": "*BB McCullum", "sp": "2012-2014", "mt": 8, "in": 7, "pr": "captain_involve=10384", "ov": 18.3, "cd": 137, "md": 0, "wk": 6, "fwk": 0, "fw": 0, "tw": 0, "bbi": "3/16", "bbm": "3/16", "bwa": 22.83, "bwe": 7.4, "bwsr": 18.5}, {"bl": null, "tt": "*MJ Santner", "sp": "2020-2020", "mt": 2, "in": null, "pr": "captain_involve=64864", "ov": null, "cd": null, "md": null, "wk": null, "fwk": null, "fw": null, "tw": null, "bbi": null, "bbm": null, "bwa": null, "bwe": null, "bwsr": null}, {"bl": null, "tt": "*TG Southee", "sp": "2019-2020", "mt": 5, "in": 5, "pr": "captain_involve=49108", "ov": 7.3, "cd": 108, "md": 0, "wk": 3, "fwk": 0, "fw": 0, "tw": 0, "bbi": "2/25", "bbm": "2/25", "bwa": 36, "bwe": 14.4, "bwsr": 15}, {"bl": null, "tt": "*KS Williamson", "sp": "2014-2021", "mt": 14, "in": 11, "pr": "captain_involve=51088", "ov": 26.1, "cd": 248, "md": 0, "wk": 9, "fwk": 0, "fw": 0, "tw": 0, "bbi": "3/25", "bbm": "3/25", "bwa": 27.55, "bwe": 9.47, "bwsr": 17.4}]}, {"type": "CAPTAIN", "stats": [{"bl": null, "tt": "is not captain", "sp": "2012-2021", "mt": 29, "in": 23, "pr": "captain=0", "ov": 52.1, "cd": 493, "md": 0, "wk": 18, "fwk": 0, "fw": 0, "tw": 0, "bbi": "3/16", "bbm": "3/16", "bwa": 27.38, "bwe": 9.45, "bwsr": 17.3}]}, {"type": "KEEPER", "stats": [{"bl": null, "tt": "is not keeper", "sp": "2012-2021", "mt": 29, "in": 23, "pr": "keeper=0", "ov": 52.1, "cd": 493, "md": 0, "wk": 18, "fwk": 0, "fw": 0, "tw": 0, "bbi": "3/16", "bbm": "3/16", "bwa": 27.38, "bwe": 9.45, "bwsr": 17.3}]}, {"type": "TOSS", "stats": [{"bl": null, "tt": "won the toss", "sp": "2012-2021", "mt": 12, "in": 10, "pr": "toss=1", "ov": 25, "cd": 224, "md": 0, "wk": 7, "fwk": 0, "fw": 0, "tw": 0, "bbi": "3/16", "bbm": "3/16", "bwa": 32, "bwe": 8.96, "bwsr": 21.4}, {"bl": null, "tt": "lost the toss", "sp": "2012-2021", "mt": 17, "in": 13, "pr": "toss=2", "ov": 27.1, "cd": 269, "md": 0, "wk": 11, "fwk": 0, "fw": 0, "tw": 0, "bbi": "3/25", "bbm": "3/25", "bwa": 24.45, "bwe": 9.9, "bwsr": 14.8}]}, {"type": "BATTING_FIELDING_SEQUENCE_AND_TOSS", "stats": [{"bl": null, "tt": "won toss &amp; batted", "sp": "2012-2019", "mt": 4, "in": 4, "pr": "batting_fielding_first=1;toss=1", "ov": 8.1, "cd": 56, "md": 0, "wk": 4, "fwk": 0, "fw": 0, "tw": 0, "bbi": "3/16", "bbm": "3/16", "bwa": 14, "bwe": 6.85, "bwsr": 12.2}, {"bl": null, "tt": "won toss &amp; fielded", "sp": "2012-2021", "mt": 8, "in": 6, "pr": "batting_fielding_first=2;toss=1", "ov": 16.5, "cd": 168, "md": 0, "wk": 3, "fwk": 0, "fw": 0, "tw": 0, "bbi": "3/22", "bbm": "3/22", "bwa": 56, "bwe": 9.98, "bwsr": 33.6}, {"bl": null, "tt": "lost toss &amp; sent in", "sp": "2014-2021", "mt": 11, "in": 10, "pr": "batting_fielding_first=1;toss=2", "ov": 18.1, "cd": 185, "md": 0, "wk": 10, "fwk": 0, "fw": 0, "tw": 0, "bbi": "3/25", "bbm": "3/25", "bwa": 18.5, "bwe": 10.18, "bwsr": 10.9}, {"bl": null, "tt": "lost toss &amp; fielded", "sp": "2012-2021", "mt": 6, "in": 3, "pr": "batting_fielding_first=2;toss=2", "ov": 9, "cd": 84, "md": 0, "wk": 1, "fwk": 0, "fw": 0, "tw": 0, "bbi": "1/10", "bbm": "1/10", "bwa": 84, "bwe": 9.33, "bwsr": 54}]}, {"type": "BATTING_FIELDING_SEQUENCE", "stats": [{"bl": null, "tt": "matches batting first", "sp": "2012-2021", "mt": 15, "in": 14, "pr": "batting_fielding_first=1", "ov": 26.2, "cd": 241, "md": 0, "wk": 14, "fwk": 0, "fw": 0, "tw": 0, "bbi": "3/16", "bbm": "3/16", "bwa": 17.21, "bwe": 9.15, "bwsr": 11.2}, {"bl": null, "tt": "matches fielding first", "sp": "2012-2021", "mt": 14, "in": 9, "pr": "batting_fielding_first=2", "ov": 25.5, "cd": 252, "md": 0, "wk": 4, "fwk": 0, "fw": 0, "tw": 0, "bbi": "3/22", "bbm": "3/22", "bwa": 63, "bwe": 9.75, "bwsr": 38.7}]}, {"type": "TEAM_INNINGS", "stats": [{"bl": null, "tt": "1st team innings", "sp": "2012-2021", "mt": 29, "in": 23, "pr": "innings_number=2;innings_number=1", "ov": 52.1, "cd": 493, "md": 0, "wk": 18, "fwk": 0, "fw": 0, "tw": 0, "bbi": "3/16", "bbm": "3/16", "bwa": 27.38, "bwe": 9.45, "bwsr": 17.3}]}, {"type": "MATCH_INNINGS", "stats": [{"bl": null, "tt": "1st match innings", "sp": "2012-2021", "mt": 14, "in": 9, "pr": "innings_number=1", "ov": 25.5, "cd": 252, "md": 0, "wk": 4, "fwk": 0, "fw": 0, "tw": 0, "bbi": "3/22", "bbm": "3/22", "bwa": 63, "bwe": 9.75, "bwsr": 38.7}, {"bl": null, "tt": "2nd match innings", "sp": "2012-2021", "mt": 15, "in": 14, "pr": "innings_number=2", "ov": 26.2, "cd": 241, "md": 0, "wk": 14, "fwk": 0, "fw": 0, "tw": 0, "bbi": "3/16", "bbm": "3/16", "bwa": 17.21, "bwe": 9.15, "bwsr": 11.2}]}, {"type": "FLOODLIT", "stats": [{"bl": null, "tt": "day match", "sp": "2012-2021", "mt": 13, "in": 11, "pr": "floodlit=1", "ov": 24, "cd": 226, "md": 0, "wk": 7, "fwk": 0, "fw": 0, "tw": 0, "bbi": "2/10", "bbm": "2/10", "bwa": 32.28, "bwe": 9.41, "bwsr": 20.5}, {"bl": null, "tt": "day/night match", "sp": "2012-2014", "mt": 5, "in": 4, "pr": "floodlit=2", "ov": 10.1, "cd": 66, "md": 0, "wk": 3, "fwk": 0, "fw": 0, "tw": 0, "bbi": "3/16", "bbm": "3/16", "bwa": 22, "bwe": 6.49, "bwsr": 20.3}, {"bl": null, "tt": "night match", "sp": "2014-2021", "mt": 11, "in": 8, "pr": "floodlit=3", "ov": 18, "cd": 201, "md": 0, "wk": 8, "fwk": 0, "fw": 0, "tw": 0, "bbi": "3/22", "bbm": "3/22", "bwa": 25.12, "bwe": 11.16, "bwsr": 13.5}]}, {"type": "RESULT", "stats": [{"bl": null, "tt": "won match", "sp": "2012-2021", "mt": 19, "in": 15, "pr": "result=1", "ov": 32.3, "cd": 275, "md": 0, "wk": 12, "fwk": 0, "fw": 0, "tw": 0, "bbi": "3/16", "bbm": "3/16", "bwa": 22.91, "bwe": 8.46, "bwsr": 16.2}, {"bl": null, "tt": "lost match", "sp": "2012-2021", "mt": 8, "in": 7, "pr": "result=2", "ov": 17.4, "cd": 193, "md": 0, "wk": 4, "fwk": 0, "fw": 0, "tw": 0, "bbi": "3/22", "bbm": "3/22", "bwa": 48.25, "bwe": 10.92, "bwsr": 26.5}, {"bl": null, "tt": "tied match", "sp": "2019-2019", "mt": 1, "in": 1, "pr": "result=3", "ov": 2, "cd": 25, "md": 0, "wk": 2, "fwk": 0, "fw": 0, "tw": 0, "bbi": "2/25", "bbm": "2/25", "bwa": 12.5, "bwe": 12.5, "bwsr": 6}, {"bl": null, "tt": "no result", "sp": "2020-2020", "mt": 1, "in": null, "pr": "result=5", "ov": null, "cd": null, "md": null, "wk": null, "fwk": null, "fw": null, "tw": null, "bbi": null, "bbm": null, "bwa": null, "bwe": null, "bwsr": null}]}, {"type": "BATTING_FIELDING_SEQUENCE_AND_RESULT", "stats": [{"bl": null, "tt": "won batting first", "sp": "2014-2021", "mt": 11, "in": 10, "pr": "batting_fielding_first=1;result=1", "ov": 20, "cd": 171, "md": 0, "wk": 11, "fwk": 0, "fw": 0, "tw": 0, "bbi": "3/16", "bbm": "3/16", "bwa": 15.54, "bwe": 8.55, "bwsr": 10.9}, {"bl": null, "tt": "won fielding first", "sp": "2012-2021", "mt": 8, "in": 5, "pr": "batting_fielding_first=2;result=1", "ov": 12.3, "cd": 104, "md": 0, "wk": 1, "fwk": 0, "fw": 0, "tw": 0, "bbi": "1/10", "bbm": "1/10", "bwa": 104, "bwe": 8.32, "bwsr": 75}, {"bl": null, "tt": "lost batting first", "sp": "2012-2020", "mt": 3, "in": 3, "pr": "batting_fielding_first=1;result=2", "ov": 4.2, "cd": 45, "md": 0, "wk": 1, "fwk": 0, "fw": 0, "tw": 0, "bbi": "1/37", "bbm": "1/37", "bwa": 45, "bwe": 10.38, "bwsr": 26}, {"bl": null, "tt": "lost fielding first", "sp": "2012-2021", "mt": 5, "in": 4, "pr": "batting_fielding_first=2;result=2", "ov": 13.2, "cd": 148, "md": 0, "wk": 3, "fwk": 0, "fw": 0, "tw": 0, "bbi": "3/22", "bbm": "3/22", "bwa": 49.33, "bwe": 11.1, "bwsr": 26.6}, {"bl": null, "tt": "tied batting first", "sp": "2019-2019", "mt": 1, "in": 1, "pr": "batting_fielding_first=1;result=3", "ov": 2, "cd": 25, "md": 0, "wk": 2, "fwk": 0, "fw": 0, "tw": 0, "bbi": "2/25", "bbm": "2/25", "bwa": 12.5, "bwe": 12.5, "bwsr": 6}, {"bl": null, "tt": "no result fielding first", "sp": "2020-2020", "mt": 1, "in": null, "pr": "batting_fielding_first=2;result=5", "ov": null, "cd": null, "md": null, "wk": null, "fwk": null, "fw": null, "tw": null, "bbi": null, "bbm": null, "bwa": null, "bwe": null, "bwsr": null}]}, {"type": "TOURNAMENT_TYPE", "stats": [{"bl": null, "tt": "2 team series", "sp": "2012-2021", "mt": 27, "in": 21, "pr": "tournament_type=2", "ov": 47.5, "cd": 462, "md": 0, "wk": 15, "fwk": 0, "fw": 0, "tw": 0, "bbi": "3/16", "bbm": "3/16", "bwa": 30.8, "bwe": 9.65, "bwsr": 19.1}, {"bl": null, "tt": "5+ team tournaments", "sp": "2014-2014", "mt": 2, "in": 2, "pr": "tournament_type=5", "ov": 4.2, "cd": 31, "md": 0, "wk": 3, "fwk": 0, "fw": 0, "tw": 0, "bbi": "3/22", "bbm": "3/22", "bwa": 10.33, "bwe": 7.15, "bwsr": 8.6}]}, {"type": "MATCH_NUMBER", "stats": [{"bl": null, "tt": "only match in series", "sp": "2015-2015", "mt": 1, "in": 1, "pr": "match_number=0", "ov": 3, "cd": 21, "md": 0, "wk": 1, "fwk": 0, "fw": 0, "tw": 0, "bbi": "1/21", "bbm": "1/21", "bwa": 21, "bwe": 7, "bwsr": 18}, {"bl": null, "tt": "1st match in series", "sp": "2012-2021", "mt": 7, "in": 6, "pr": "match_number=1", "ov": 9.5, "cd": 79, "md": 0, "wk": 3, "fwk": 0, "fw": 0, "tw": 0, "bbi": "3/16", "bbm": "3/16", "bwa": 26.33, "bwe": 8.03, "bwsr": 19.6}, {"bl": null, "tt": "2nd match in series", "sp": "2012-2021", "mt": 10, "in": 8, "pr": "match_number=2", "ov": 20, "cd": 172, "md": 0, "wk": 8, "fwk": 0, "fw": 0, "tw": 0, "bbi": "3/25", "bbm": "3/25", "bwa": 21.5, "bwe": 8.6, "bwsr": 15}, {"bl": null, "tt": "3rd match in series", "sp": "2012-2021", "mt": 6, "in": 5, "pr": "match_number=3", "ov": 13, "cd": 165, "md": 0, "wk": 1, "fwk": 0, "fw": 0, "tw": 0, "bbi": "1/37", "bbm": "1/37", "bwa": 165, "bwe": 12.69, "bwsr": 78}, {"bl": null, "tt": "4th match in series", "sp": "2021-2021", "mt": 1, "in": null, "pr": "match_number=4", "ov": null, "cd": null, "md": null, "wk": null, "fwk": null, "fw": null, "tw": null, "bbi": null, "bbm": null, "bwa": null, "bwe": null, "bwsr": null}, {"bl": null, "tt": "5th match in series", "sp": "2019-2021", "mt": 2, "in": 1, "pr": "match_number=5", "ov": 2, "cd": 25, "md": 0, "wk": 2, "fwk": 0, "fw": 0, "tw": 0, "bbi": "2/25", "bbm": "2/25", "bwa": 12.5, "bwe": 12.5, "bwsr": 6}]}, {"type": "MAJOR_TROPHY", "stats": [{"bl": null, "tt": "Men's T20 World Cup", "sp": "2014-2014", "mt": 2, "in": 2, "pr": "trophy=89", "ov": 4.2, "cd": 31, "md": 0, "wk": 3, "fwk": 0, "fw": 0, "tw": 0, "bbi": "3/22", "bbm": "3/22", "bwa": 10.33, "bwe": 7.15, "bwsr": 8.6}]}, {"type": "BOWLING_POSITION", "stats": [{"bl": null, "tt": "3rd position", "sp": "2014-2021", "mt": 6, "in": 6, "pr": "bowling_positionval1=bowling_position;bowling_positionmin1=3;bowling_positionmax1=3", "ov": 22, "cd": 181, "md": 0, "wk": 4, "fwk": 0, "fw": 0, "tw": 0, "bbi": "3/16", "bbm": "3/16", "bwa": 45.25, "bwe": 8.22, "bwsr": 33}, {"bl": null, "tt": "4th position", "sp": "2015-2021", "mt": 4, "in": 4, "pr": "bowling_positionval1=bowling_position;bowling_positionmin1=4;bowling_positionmax1=4", "ov": 7, "cd": 71, "md": 0, "wk": 1, "fwk": 0, "fw": 0, "tw": 0, "bbi": "1/22", "bbm": "1/22", "bwa": 71, "bwe": 10.14, "bwsr": 42}, {"bl": null, "tt": "5th position", "sp": "2014-2020", "mt": 2, "in": 2, "pr": "bowling_positionval1=bowling_position;bowling_positionmin1=5;bowling_positionmax1=5", "ov": 4.2, "cd": 32, "md": 0, "wk": 4, "fwk": 0, "fw": 0, "tw": 0, "bbi": "3/22", "bbm": "3/22", "bwa": 8, "bwe": 7.38, "bwsr": 6.5}, {"bl": null, "tt": "6th position", "sp": "2012-2021", "mt": 8, "in": 8, "pr": "bowling_positionval1=bowling_position;bowling_positionmin1=6;bowling_positionmax1=6", "ov": 16.3, "cd": 192, "md": 0, "wk": 9, "fwk": 0, "fw": 0, "tw": 0, "bbi": "3/25", "bbm": "3/25", "bwa": 21.33, "bwe": 11.63, "bwsr": 11}, {"bl": null, "tt": "7th position", "sp": "2012-2014", "mt": 3, "in": 3, "pr": "bowling_positionval1=bowling_position;bowling_positionmin1=7;bowling_positionmax1=7", "ov": 2.2, "cd": 17, "md": 0, "wk": 0, "fwk": 0, "fw": 0, "tw": 0, "bbi": null, "bbm": null, "bwa": null, "bwe": 7.28, "bwsr": null}]}]}}