{"summary": {"recordClassId": 2, "type": "FIELDING", "groups": [{"type": "CAREER_AVERAGES", "stats": [{"tt": "overview", "sp": "2013-2021", "mt": 66, "in": 66, "pr": null, "ds": 24, "ct": 24, "st": 0, "ck": 0, "cf": 24, "mds": "2 (2ct 0st)", "dspi": 0.363}]}, {"type": "OPPOSITION_TEAM", "stats": [{"tt": "vs Afghanistan", "sp": "2019-2019", "mt": 1, "in": 1, "pr": "opposition=40", "ds": 0, "ct": 0, "st": 0, "ck": 0, "cf": 0, "mds": "0", "dspi": 0}, {"tt": "vs Australia", "sp": "2016-2020", "mt": 7, "in": 7, "pr": "opposition=2", "ds": 4, "ct": 4, "st": 0, "ck": 0, "cf": 4, "mds": "2 (2ct 0st)", "dspi": 0.571}, {"tt": "vs Bangladesh", "sp": "2013-2021", "mt": 15, "in": 15, "pr": "opposition=25", "ds": 6, "ct": 6, "st": 0, "ck": 0, "cf": 6, "mds": "1 (1ct 0st)", "dspi": 0.4}, {"tt": "vs England", "sp": "2017-2019", "mt": 3, "in": 3, "pr": "opposition=1", "ds": 0, "ct": 0, "st": 0, "ck": 0, "cf": 0, "mds": "0", "dspi": 0}, {"tt": "vs India", "sp": "2014-2020", "mt": 12, "in": 12, "pr": "opposition=6", "ds": 4, "ct": 4, "st": 0, "ck": 0, "cf": 4, "mds": "1 (1ct 0st)", "dspi": 0.333}, {"tt": "vs Ireland", "sp": "2017-2017", "mt": 1, "in": 1, "pr": "opposition=29", "ds": 0, "ct": 0, "st": 0, "ck": 0, "cf": 0, "mds": "0", "dspi": 0}, {"tt": "vs Pakistan", "sp": "2014-2019", "mt": 3, "in": 3, "pr": "opposition=7", "ds": 0, "ct": 0, "st": 0, "ck": 0, "cf": 0, "mds": "0", "dspi": 0}, {"tt": "vs South Africa", "sp": "2013-2019", "mt": 13, "in": 13, "pr": "opposition=3", "ds": 3, "ct": 3, "st": 0, "ck": 0, "cf": 3, "mds": "2 (2ct 0st)", "dspi": 0.23}, {"tt": "vs Sri Lanka", "sp": "2013-2019", "mt": 6, "in": 6, "pr": "opposition=8", "ds": 2, "ct": 2, "st": 0, "ck": 0, "cf": 2, "mds": "1 (1ct 0st)", "dspi": 0.333}, {"tt": "vs West Indies", "sp": "2013-2019", "mt": 3, "in": 3, "pr": "opposition=4", "ds": 3, "ct": 3, "st": 0, "ck": 0, "cf": 3, "mds": "2 (2ct 0st)", "dspi": 1}, {"tt": "vs Zimbabwe", "sp": "2015-2015", "mt": 2, "in": 2, "pr": "opposition=9", "ds": 2, "ct": 2, "st": 0, "ck": 0, "cf": 2, "mds": "2 (2ct 0st)", "dspi": 1}]}, {"type": "HOST_COUNTRY", "stats": [{"tt": "in Australia", "sp": "2016-2020", "mt": 3, "in": 3, "pr": "host=2", "ds": 0, "ct": 0, "st": 0, "ck": 0, "cf": 0, "mds": "0", "dspi": 0}, {"tt": "in Bangladesh", "sp": "2013-2013", "mt": 2, "in": 2, "pr": "host=25", "ds": 0, "ct": 0, "st": 0, "ck": 0, "cf": 0, "mds": "0", "dspi": 0}, {"tt": "in England", "sp": "2017-2019", "mt": 13, "in": 13, "pr": "host=1", "ds": 4, "ct": 4, "st": 0, "ck": 0, "cf": 4, "mds": "1 (1ct 0st)", "dspi": 0.307}, {"tt": "in India", "sp": "2016-2016", "mt": 4, "in": 4, "pr": "host=6", "ds": 1, "ct": 1, "st": 0, "ck": 0, "cf": 1, "mds": "1 (1ct 0st)", "dspi": 0.25}, {"tt": "in Ireland", "sp": "2017-2017", "mt": 3, "in": 3, "pr": "host=29", "ds": 1, "ct": 1, "st": 0, "ck": 0, "cf": 1, "mds": "1 (1ct 0st)", "dspi": 0.333}, {"tt": "in New Zealand", "sp": "2013-2021", "mt": 31, "in": 31, "pr": "host=5", "ds": 15, "ct": 15, "st": 0, "ck": 0, "cf": 15, "mds": "2 (2ct 0st)", "dspi": 0.483}, {"tt": "in South Africa", "sp": "2013-2015", "mt": 4, "in": 4, "pr": "host=3", "ds": 0, "ct": 0, "st": 0, "ck": 0, "cf": 0, "mds": "0", "dspi": 0}, {"tt": "in Sri Lanka", "sp": "2013-2013", "mt": 2, "in": 2, "pr": "host=8", "ds": 1, "ct": 1, "st": 0, "ck": 0, "cf": 1, "mds": "1 (1ct 0st)", "dspi": 0.5}, {"tt": "in U.A.E.", "sp": "2014-2014", "mt": 2, "in": 2, "pr": "host=27", "ds": 0, "ct": 0, "st": 0, "ck": 0, "cf": 0, "mds": "0", "dspi": 0}, {"tt": "in Zimbabwe", "sp": "2015-2015", "mt": 2, "in": 2, "pr": "host=9", "ds": 2, "ct": 2, "st": 0, "ck": 0, "cf": 2, "mds": "2 (2ct 0st)", "dspi": 1}]}, {"type": "CONTINENT", "stats": [{"tt": "in Africa", "sp": "2013-2015", "mt": 6, "in": 6, "pr": "continent=1", "ds": 2, "ct": 2, "st": 0, "ck": 0, "cf": 2, "mds": "2 (2ct 0st)", "dspi": 0.333}, {"tt": "in Asia", "sp": "2013-2016", "mt": 10, "in": 10, "pr": "continent=2", "ds": 2, "ct": 2, "st": 0, "ck": 0, "cf": 2, "mds": "1 (1ct 0st)", "dspi": 0.2}, {"tt": "in Europe", "sp": "2017-2019", "mt": 16, "in": 16, "pr": "continent=4", "ds": 5, "ct": 5, "st": 0, "ck": 0, "cf": 5, "mds": "1 (1ct 0st)", "dspi": 0.312}, {"tt": "in Oceania", "sp": "2013-2021", "mt": 34, "in": 34, "pr": "continent=5", "ds": 15, "ct": 15, "st": 0, "ck": 0, "cf": 15, "mds": "2 (2ct 0st)", "dspi": 0.441}]}, {"type": "HOME_OR_AWAY", "stats": [{"tt": "home", "sp": "2013-2021", "mt": 31, "in": 31, "pr": "home_or_away=1", "ds": 15, "ct": 15, "st": 0, "ck": 0, "cf": 15, "mds": "2 (2ct 0st)", "dspi": 0.483}, {"tt": "away", "sp": "2013-2020", "mt": 21, "in": 21, "pr": "home_or_away=2", "ds": 4, "ct": 4, "st": 0, "ck": 0, "cf": 4, "mds": "2 (2ct 0st)", "dspi": 0.19}, {"tt": "neutral", "sp": "2014-2019", "mt": 14, "in": 14, "pr": "home_or_away=3", "ds": 5, "ct": 5, "st": 0, "ck": 0, "cf": 5, "mds": "1 (1ct 0st)", "dspi": 0.357}]}, {"type": "YEAR", "stats": [{"tt": "year 2013", "sp": null, "mt": 8, "in": 8, "pr": "year=2013", "ds": 1, "ct": 1, "st": 0, "ck": 0, "cf": 1, "mds": "1 (1ct 0st)", "dspi": 0.125}, {"tt": "year 2014", "sp": null, "mt": 8, "in": 8, "pr": "year=2014", "ds": 4, "ct": 4, "st": 0, "ck": 0, "cf": 4, "mds": "2 (2ct 0st)", "dspi": 0.5}, {"tt": "year 2015", "sp": null, "mt": 3, "in": 3, "pr": "year=2015", "ds": 2, "ct": 2, "st": 0, "ck": 0, "cf": 2, "mds": "2 (2ct 0st)", "dspi": 0.666}, {"tt": "year 2016", "sp": null, "mt": 9, "in": 9, "pr": "year=2016", "ds": 3, "ct": 3, "st": 0, "ck": 0, "cf": 3, "mds": "1 (1ct 0st)", "dspi": 0.333}, {"tt": "year 2017", "sp": null, "mt": 13, "in": 13, "pr": "year=2017", "ds": 7, "ct": 7, "st": 0, "ck": 0, "cf": 7, "mds": "2 (2ct 0st)", "dspi": 0.538}, {"tt": "year 2019", "sp": null, "mt": 18, "in": 18, "pr": "year=2019", "ds": 6, "ct": 6, "st": 0, "ck": 0, "cf": 6, "mds": "1 (1ct 0st)", "dspi": 0.333}, {"tt": "year 2020", "sp": null, "mt": 4, "in": 4, "pr": "year=2020", "ds": 0, "ct": 0, "st": 0, "ck": 0, "cf": 0, "mds": "0", "dspi": 0}, {"tt": "year 2021", "sp": null, "mt": 3, "in": 3, "pr": "year=2021", "ds": 1, "ct": 1, "st": 0, "ck": 0, "cf": 1, "mds": "1 (1ct 0st)", "dspi": 0.333}]}, {"type": "SEASON", "stats": [{"tt": "season 2012/13", "sp": null, "mt": 3, "in": 3, "pr": "season=2012/13", "ds": 0, "ct": 0, "st": 0, "ck": 0, "cf": 0, "mds": "0", "dspi": 0}, {"tt": "season 2013/14", "sp": null, "mt": 8, "in": 8, "pr": "season=2013/14", "ds": 5, "ct": 5, "st": 0, "ck": 0, "cf": 5, "mds": "2 (2ct 0st)", "dspi": 0.625}, {"tt": "season 2014/15", "sp": null, "mt": 5, "in": 5, "pr": "season=2014/15", "ds": 0, "ct": 0, "st": 0, "ck": 0, "cf": 0, "mds": "0", "dspi": 0}, {"tt": "season 2015", "sp": null, "mt": 3, "in": 3, "pr": "season=2015", "ds": 2, "ct": 2, "st": 0, "ck": 0, "cf": 2, "mds": "2 (2ct 0st)", "dspi": 0.666}, {"tt": "season 2016/17", "sp": null, "mt": 16, "in": 16, "pr": "season=2016/17", "ds": 9, "ct": 9, "st": 0, "ck": 0, "cf": 9, "mds": "2 (2ct 0st)", "dspi": 0.562}, {"tt": "season 2017", "sp": null, "mt": 6, "in": 6, "pr": "season=2017", "ds": 1, "ct": 1, "st": 0, "ck": 0, "cf": 1, "mds": "1 (1ct 0st)", "dspi": 0.166}, {"tt": "season 2018/19", "sp": null, "mt": 8, "in": 8, "pr": "season=2018/19", "ds": 2, "ct": 2, "st": 0, "ck": 0, "cf": 2, "mds": "1 (1ct 0st)", "dspi": 0.25}, {"tt": "season 2019", "sp": null, "mt": 10, "in": 10, "pr": "season=2019", "ds": 4, "ct": 4, "st": 0, "ck": 0, "cf": 4, "mds": "1 (1ct 0st)", "dspi": 0.4}, {"tt": "season 2019/20", "sp": null, "mt": 4, "in": 4, "pr": "season=2019/20", "ds": 0, "ct": 0, "st": 0, "ck": 0, "cf": 0, "mds": "0", "dspi": 0}, {"tt": "season 2020/21", "sp": null, "mt": 3, "in": 3, "pr": "season=2020/21", "ds": 1, "ct": 1, "st": 0, "ck": 0, "cf": 1, "mds": "1 (1ct 0st)", "dspi": 0.333}]}, {"type": "CAPTAINS_INVOLVED", "stats": [{"tt": "*TWM Latham", "sp": "2017-2021", "mt": 9, "in": 9, "pr": "captain_involve=59148", "ds": 2, "ct": 2, "st": 0, "ck": 0, "cf": 2, "mds": "1 (1ct 0st)", "dspi": 0.222}, {"tt": "*BB McCullum", "sp": "2013-2014", "mt": 12, "in": 12, "pr": "captain_involve=10384", "ds": 4, "ct": 4, "st": 0, "ck": 0, "cf": 4, "mds": "2 (2ct 0st)", "dspi": 0.333}, {"tt": "*KD Mills", "sp": "2013-2013", "mt": 2, "in": 2, "pr": "captain_involve=10303", "ds": 1, "ct": 1, "st": 0, "ck": 0, "cf": 1, "mds": "1 (1ct 0st)", "dspi": 0.5}, {"tt": "*KS Williamson", "sp": "2014-2020", "mt": 43, "in": 43, "pr": "captain_involve=51088", "ds": 17, "ct": 17, "st": 0, "ck": 0, "cf": 17, "mds": "2 (2ct 0st)", "dspi": 0.395}]}, {"type": "CAPTAIN", "stats": [{"tt": "is not captain", "sp": "2013-2021", "mt": 66, "in": 66, "pr": "captain=0", "ds": 24, "ct": 24, "st": 0, "ck": 0, "cf": 24, "mds": "2 (2ct 0st)", "dspi": 0.363}]}, {"type": "KEEPER", "stats": [{"tt": "is not keeper", "sp": "2013-2021", "mt": 66, "in": 66, "pr": "keeper=0", "ds": 24, "ct": 24, "st": 0, "ck": 0, "cf": 24, "mds": "2 (2ct 0st)", "dspi": 0.363}]}, {"type": "TOSS", "stats": [{"tt": "won the toss", "sp": "2013-2021", "mt": 31, "in": 31, "pr": "toss=1", "ds": 6, "ct": 6, "st": 0, "ck": 0, "cf": 6, "mds": "1 (1ct 0st)", "dspi": 0.193}, {"tt": "lost the toss", "sp": "2013-2020", "mt": 35, "in": 35, "pr": "toss=2", "ds": 18, "ct": 18, "st": 0, "ck": 0, "cf": 18, "mds": "2 (2ct 0st)", "dspi": 0.514}]}, {"type": "BATTING_FIELDING_SEQUENCE_AND_TOSS", "stats": [{"tt": "won toss &amp; batted", "sp": "2013-2021", "mt": 12, "in": 12, "pr": "batting_fielding_first=1;toss=1", "ds": 3, "ct": 3, "st": 0, "ck": 0, "cf": 3, "mds": "1 (1ct 0st)", "dspi": 0.25}, {"tt": "won toss &amp; fielded", "sp": "2013-2021", "mt": 19, "in": 19, "pr": "batting_fielding_first=2;toss=1", "ds": 3, "ct": 3, "st": 0, "ck": 0, "cf": 3, "mds": "1 (1ct 0st)", "dspi": 0.157}, {"tt": "lost toss &amp; sent in", "sp": "2013-2020", "mt": 21, "in": 21, "pr": "batting_fielding_first=1;toss=2", "ds": 10, "ct": 10, "st": 0, "ck": 0, "cf": 10, "mds": "2 (2ct 0st)", "dspi": 0.476}, {"tt": "lost toss &amp; fielded", "sp": "2013-2020", "mt": 14, "in": 14, "pr": "batting_fielding_first=2;toss=2", "ds": 8, "ct": 8, "st": 0, "ck": 0, "cf": 8, "mds": "2 (2ct 0st)", "dspi": 0.571}]}, {"type": "BATTING_FIELDING_SEQUENCE", "stats": [{"tt": "matches batting first", "sp": "2013-2021", "mt": 33, "in": 33, "pr": "batting_fielding_first=1", "ds": 13, "ct": 13, "st": 0, "ck": 0, "cf": 13, "mds": "2 (2ct 0st)", "dspi": 0.393}, {"tt": "matches fielding first", "sp": "2013-2021", "mt": 33, "in": 33, "pr": "batting_fielding_first=2", "ds": 11, "ct": 11, "st": 0, "ck": 0, "cf": 11, "mds": "2 (2ct 0st)", "dspi": 0.333}]}, {"type": "TEAM_INNINGS", "stats": [{"tt": "1st team innings", "sp": "2013-2021", "mt": 66, "in": 66, "pr": "innings_number=1;innings_number=2", "ds": 24, "ct": 24, "st": 0, "ck": 0, "cf": 24, "mds": "2 (2ct 0st)", "dspi": 0.363}]}, {"type": "MATCH_INNINGS", "stats": [{"tt": "1st match innings", "sp": "2013-2021", "mt": 33, "in": 33, "pr": "innings_number=1", "ds": 11, "ct": 11, "st": 0, "ck": 0, "cf": 11, "mds": "2 (2ct 0st)", "dspi": 0.333}, {"tt": "2nd match innings", "sp": "2013-2021", "mt": 33, "in": 33, "pr": "innings_number=2", "ds": 13, "ct": 13, "st": 0, "ck": 0, "cf": 13, "mds": "2 (2ct 0st)", "dspi": 0.393}]}, {"type": "FLOODLIT", "stats": [{"tt": "day match", "sp": "2013-2021", "mt": 31, "in": 31, "pr": "floodlit=1", "ds": 15, "ct": 15, "st": 0, "ck": 0, "cf": 15, "mds": "2 (2ct 0st)", "dspi": 0.483}, {"tt": "day/night match", "sp": "2013-2021", "mt": 35, "in": 35, "pr": "floodlit=2", "ds": 9, "ct": 9, "st": 0, "ck": 0, "cf": 9, "mds": "2 (2ct 0st)", "dspi": 0.257}]}, {"type": "RESULT", "stats": [{"tt": "won match", "sp": "2013-2021", "mt": 36, "in": 36, "pr": "result=1", "ds": 20, "ct": 20, "st": 0, "ck": 0, "cf": 20, "mds": "2 (2ct 0st)", "dspi": 0.555}, {"tt": "lost match", "sp": "2013-2020", "mt": 27, "in": 27, "pr": "result=2", "ds": 4, "ct": 4, "st": 0, "ck": 0, "cf": 4, "mds": "2 (2ct 0st)", "dspi": 0.148}, {"tt": "tied match", "sp": "2019-2019", "mt": 1, "in": 1, "pr": "result=3", "ds": 0, "ct": 0, "st": 0, "ck": 0, "cf": 0, "mds": "0", "dspi": 0}, {"tt": "no result", "sp": "2014-2017", "mt": 2, "in": 2, "pr": "result=5", "ds": 0, "ct": 0, "st": 0, "ck": 0, "cf": 0, "mds": "0", "dspi": 0}]}, {"type": "BATTING_FIELDING_SEQUENCE_AND_RESULT", "stats": [{"tt": "won batting first", "sp": "2013-2021", "mt": 19, "in": 19, "pr": "batting_fielding_first=1;result=1", "ds": 13, "ct": 13, "st": 0, "ck": 0, "cf": 13, "mds": "2 (2ct 0st)", "dspi": 0.684}, {"tt": "won fielding first", "sp": "2013-2021", "mt": 17, "in": 17, "pr": "batting_fielding_first=2;result=1", "ds": 7, "ct": 7, "st": 0, "ck": 0, "cf": 7, "mds": "1 (1ct 0st)", "dspi": 0.411}, {"tt": "lost batting first", "sp": "2013-2019", "mt": 12, "in": 12, "pr": "batting_fielding_first=1;result=2", "ds": 0, "ct": 0, "st": 0, "ck": 0, "cf": 0, "mds": "0", "dspi": 0}, {"tt": "lost fielding first", "sp": "2013-2020", "mt": 15, "in": 15, "pr": "batting_fielding_first=2;result=2", "ds": 4, "ct": 4, "st": 0, "ck": 0, "cf": 4, "mds": "2 (2ct 0st)", "dspi": 0.266}, {"tt": "tied batting first", "sp": "2019-2019", "mt": 1, "in": 1, "pr": "batting_fielding_first=1;result=3", "ds": 0, "ct": 0, "st": 0, "ck": 0, "cf": 0, "mds": "0", "dspi": 0}, {"tt": "no result batting first", "sp": "2017-2017", "mt": 1, "in": 1, "pr": "batting_fielding_first=1;result=5", "ds": 0, "ct": 0, "st": 0, "ck": 0, "cf": 0, "mds": "0", "dspi": 0}, {"tt": "no result fielding first", "sp": "2014-2014", "mt": 1, "in": 1, "pr": "batting_fielding_first=2;result=5", "ds": 0, "ct": 0, "st": 0, "ck": 0, "cf": 0, "mds": "0", "dspi": 0}]}, {"type": "TOURNAMENT_TYPE", "stats": [{"tt": "2 team series", "sp": "2013-2021", "mt": 50, "in": 50, "pr": "tournament_type=2", "ds": 19, "ct": 19, "st": 0, "ck": 0, "cf": 19, "mds": "2 (2ct 0st)", "dspi": 0.38}, {"tt": "3-4 team tournaments", "sp": "2017-2017", "mt": 3, "in": 3, "pr": "tournament_type=3", "ds": 1, "ct": 1, "st": 0, "ck": 0, "cf": 1, "mds": "1 (1ct 0st)", "dspi": 0.333}, {"tt": "5+ team tournaments", "sp": "2017-2021", "mt": 16, "in": 16, "pr": "tournament_type=5", "ds": 5, "ct": 5, "st": 0, "ck": 0, "cf": 5, "mds": "1 (1ct 0st)", "dspi": 0.312}]}, {"type": "MATCH_NUMBER", "stats": [{"tt": "1st match in series", "sp": "2013-2021", "mt": 17, "in": 17, "pr": "match_number=1", "ds": 3, "ct": 3, "st": 0, "ck": 0, "cf": 3, "mds": "2 (2ct 0st)", "dspi": 0.176}, {"tt": "2nd match in series", "sp": "2013-2021", "mt": 11, "in": 11, "pr": "match_number=2", "ds": 4, "ct": 4, "st": 0, "ck": 0, "cf": 4, "mds": "1 (1ct 0st)", "dspi": 0.363}, {"tt": "3rd match in series", "sp": "2013-2021", "mt": 14, "in": 14, "pr": "match_number=3", "ds": 9, "ct": 9, "st": 0, "ck": 0, "cf": 9, "mds": "2 (2ct 0st)", "dspi": 0.642}, {"tt": "4th match in series", "sp": "2014-2019", "mt": 4, "in": 4, "pr": "match_number=4", "ds": 1, "ct": 1, "st": 0, "ck": 0, "cf": 1, "mds": "1 (1ct 0st)", "dspi": 0.25}, {"tt": "5th match in series", "sp": "2014-2019", "mt": 4, "in": 4, "pr": "match_number=5", "ds": 2, "ct": 2, "st": 0, "ck": 0, "cf": 2, "mds": "1 (1ct 0st)", "dspi": 0.5}]}, {"type": "MAJOR_TROPHY", "stats": [{"tt": "World Cup", "sp": "2019-2019", "mt": 10, "in": 10, "pr": "trophy=12", "ds": 4, "ct": 4, "st": 0, "ck": 0, "cf": 4, "mds": "1 (1ct 0st)", "dspi": 0.4}, {"tt": "Chappell-Hadlee", "sp": "2016-2020", "mt": 5, "in": 5, "pr": "trophy=65", "ds": 3, "ct": 3, "st": 0, "ck": 0, "cf": 3, "mds": "2 (2ct 0st)", "dspi": 0.6}, {"tt": "ICC Champions Trophy", "sp": "2017-2017", "mt": 3, "in": 3, "pr": "trophy=44", "ds": 0, "ct": 0, "st": 0, "ck": 0, "cf": 0, "mds": "0", "dspi": 0}]}, {"type": "FINAL_TYPE", "stats": [{"tt": "tournament finals", "sp": "2019-2019", "mt": 1, "in": 1, "pr": "final_type=1", "ds": 0, "ct": 0, "st": 0, "ck": 0, "cf": 0, "mds": "0", "dspi": 0}, {"tt": "tournament semi-finals", "sp": "2019-2019", "mt": 1, "in": 1, "pr": "final_type=3", "ds": 1, "ct": 1, "st": 0, "ck": 0, "cf": 1, "mds": "1 (1ct 0st)", "dspi": 1}, {"tt": "preliminary matches", "sp": "2017-2021", "mt": 17, "in": 17, "pr": "final_type=0", "ds": 5, "ct": 5, "st": 0, "ck": 0, "cf": 5, "mds": "1 (1ct 0st)", "dspi": 0.294}]}]}}