{"summary": {"recordClassId": 3, "type": "BATTING", "groups": [{"type": "CAREER_AVERAGES", "stats": [{"tt": "overview", "sp": "2012-2021", "mt": 29, "in": 22, "pr": null, "rn": 324, "fo": 28, "si": 19, "ft": 0, "hn": 0, "bf": 206, "dk": 2, "no": 7, "hs": "48*", "bta": 21.6, "btsr": 157.28}]}, {"type": "OPPOSITION_TEAM", "stats": [{"tt": "vs Australia", "sp": "2021-2021", "mt": 5, "in": 4, "pr": "opposition=2", "rn": 74, "fo": 4, "si": 6, "ft": 0, "hn": 0, "bf": 37, "dk": 1, "no": 1, "hs": "45*", "bta": 24.66, "btsr": 200}, {"tt": "vs Bangladesh", "sp": "2017-2017", "mt": 2, "in": 2, "pr": "opposition=25", "rn": 20, "fo": 3, "si": 0, "ft": 0, "hn": 0, "bf": 17, "dk": 0, "no": 0, "hs": "15", "bta": 10, "btsr": 117.64}, {"tt": "vs England", "sp": "2019-2019", "mt": 3, "in": 3, "pr": "opposition=1", "rn": 63, "fo": 4, "si": 5, "ft": 0, "hn": 0, "bf": 38, "dk": 0, "no": 1, "hs": "42", "bta": 31.5, "btsr": 165.78}, {"tt": "vs Netherlands", "sp": "2014-2014", "mt": 1, "in": 1, "pr": "opposition=15", "rn": 7, "fo": 0, "si": 0, "ft": 0, "hn": 0, "bf": 7, "dk": 0, "no": 1, "hs": "7*", "bta": null, "btsr": 100}, {"tt": "vs Pakistan", "sp": "2014-2020", "mt": 5, "in": 4, "pr": "opposition=7", "rn": 30, "fo": 1, "si": 2, "ft": 0, "hn": 0, "bf": 27, "dk": 0, "no": 2, "hs": "15*", "bta": 15, "btsr": 111.11}, {"tt": "vs South Africa", "sp": "2012-2015", "mt": 4, "in": 3, "pr": "opposition=3", "rn": 50, "fo": 7, "si": 1, "ft": 0, "hn": 0, "bf": 36, "dk": 0, "no": 0, "hs": "28", "bta": 16.66, "btsr": 138.88}, {"tt": "vs Sri Lanka", "sp": "2014-2014", "mt": 1, "in": 1, "pr": "opposition=8", "rn": 0, "fo": 0, "si": 0, "ft": 0, "hn": 0, "bf": 1, "dk": 1, "no": 0, "hs": "0", "bta": 0, "btsr": 0}, {"tt": "vs West Indies", "sp": "2014-2020", "mt": 7, "in": 4, "pr": "opposition=4", "rn": 80, "fo": 9, "si": 5, "ft": 0, "hn": 0, "bf": 43, "dk": 0, "no": 2, "hs": "48*", "bta": 40, "btsr": 186.04}, {"tt": "vs Zimbabwe", "sp": "2015-2015", "mt": 1, "in": null, "pr": "opposition=9", "rn": null, "fo": null, "si": null, "ft": null, "hn": null, "bf": null, "dk": null, "no": null, "hs": null, "bta": null, "btsr": null}]}, {"type": "HOST_COUNTRY", "stats": [{"tt": "in Bangladesh", "sp": "2014-2014", "mt": 2, "in": 2, "pr": "host=25", "rn": 7, "fo": 0, "si": 0, "ft": 0, "hn": 0, "bf": 8, "dk": 1, "no": 1, "hs": "7*", "bta": 7, "btsr": 87.5}, {"tt": "in New Zealand", "sp": "2014-2021", "mt": 18, "in": 13, "pr": "host=5", "rn": 236, "fo": 18, "si": 17, "ft": 0, "hn": 0, "bf": 136, "dk": 1, "no": 5, "hs": "48*", "bta": 29.5, "btsr": 173.52}, {"tt": "in South Africa", "sp": "2012-2015", "mt": 4, "in": 3, "pr": "host=3", "rn": 50, "fo": 7, "si": 1, "ft": 0, "hn": 0, "bf": 36, "dk": 0, "no": 0, "hs": "28", "bta": 16.66, "btsr": 138.88}, {"tt": "in U.A.E.", "sp": "2014-2014", "mt": 2, "in": 2, "pr": "host=27", "rn": 13, "fo": 1, "si": 0, "ft": 0, "hn": 0, "bf": 13, "dk": 0, "no": 1, "hs": "7*", "bta": 13, "btsr": 100}, {"tt": "in West Indies", "sp": "2014-2014", "mt": 2, "in": 2, "pr": "host=4", "rn": 18, "fo": 2, "si": 1, "ft": 0, "hn": 0, "bf": 13, "dk": 0, "no": 0, "hs": "11", "bta": 9, "btsr": 138.46}, {"tt": "in Zimbabwe", "sp": "2015-2015", "mt": 1, "in": null, "pr": "host=9", "rn": null, "fo": null, "si": null, "ft": null, "hn": null, "bf": null, "dk": null, "no": null, "hs": null, "bta": null, "btsr": null}]}, {"type": "CONTINENT", "stats": [{"tt": "in Africa", "sp": "2012-2015", "mt": 5, "in": 3, "pr": "continent=1", "rn": 50, "fo": 7, "si": 1, "ft": 0, "hn": 0, "bf": 36, "dk": 0, "no": 0, "hs": "28", "bta": 16.66, "btsr": 138.88}, {"tt": "in Americas", "sp": "2014-2014", "mt": 2, "in": 2, "pr": "continent=3", "rn": 18, "fo": 2, "si": 1, "ft": 0, "hn": 0, "bf": 13, "dk": 0, "no": 0, "hs": "11", "bta": 9, "btsr": 138.46}, {"tt": "in Asia", "sp": "2014-2014", "mt": 4, "in": 4, "pr": "continent=2", "rn": 20, "fo": 1, "si": 0, "ft": 0, "hn": 0, "bf": 21, "dk": 1, "no": 2, "hs": "7*", "bta": 10, "btsr": 95.23}, {"tt": "in Oceania", "sp": "2014-2021", "mt": 18, "in": 13, "pr": "continent=5", "rn": 236, "fo": 18, "si": 17, "ft": 0, "hn": 0, "bf": 136, "dk": 1, "no": 5, "hs": "48*", "bta": 29.5, "btsr": 173.52}]}, {"type": "HOME_OR_AWAY", "stats": [{"tt": "home", "sp": "2014-2021", "mt": 18, "in": 13, "pr": "home_or_away=1", "rn": 236, "fo": 18, "si": 17, "ft": 0, "hn": 0, "bf": 136, "dk": 1, "no": 5, "hs": "48*", "bta": 29.5, "btsr": 173.52}, {"tt": "away", "sp": "2012-2015", "mt": 7, "in": 5, "pr": "home_or_away=2", "rn": 68, "fo": 9, "si": 2, "ft": 0, "hn": 0, "bf": 49, "dk": 0, "no": 0, "hs": "28", "bta": 13.6, "btsr": 138.77}, {"tt": "neutral", "sp": "2014-2014", "mt": 4, "in": 4, "pr": "home_or_away=3", "rn": 20, "fo": 1, "si": 0, "ft": 0, "hn": 0, "bf": 21, "dk": 1, "no": 2, "hs": "7*", "bta": 10, "btsr": 95.23}]}, {"type": "YEAR", "stats": [{"tt": "year 2012", "sp": null, "mt": 3, "in": 2, "pr": "year=2012", "rn": 22, "fo": 4, "si": 0, "ft": 0, "hn": 0, "bf": 17, "dk": 0, "no": 0, "hs": "12", "bta": 11, "btsr": 129.41}, {"tt": "year 2014", "sp": null, "mt": 8, "in": 7, "pr": "year=2014", "rn": 52, "fo": 5, "si": 2, "ft": 0, "hn": 0, "bf": 40, "dk": 1, "no": 3, "hs": "14*", "bta": 13, "btsr": 130}, {"tt": "year 2015", "sp": null, "mt": 2, "in": 1, "pr": "year=2015", "rn": 28, "fo": 3, "si": 1, "ft": 0, "hn": 0, "bf": 19, "dk": 0, "no": 0, "hs": "28", "bta": 28, "btsr": 147.36}, {"tt": "year 2017", "sp": null, "mt": 2, "in": 2, "pr": "year=2017", "rn": 20, "fo": 3, "si": 0, "ft": 0, "hn": 0, "bf": 17, "dk": 0, "no": 0, "hs": "15", "bta": 10, "btsr": 117.64}, {"tt": "year 2019", "sp": null, "mt": 3, "in": 3, "pr": "year=2019", "rn": 63, "fo": 4, "si": 5, "ft": 0, "hn": 0, "bf": 38, "dk": 0, "no": 1, "hs": "42", "bta": 31.5, "btsr": 165.78}, {"tt": "year 2020", "sp": null, "mt": 6, "in": 3, "pr": "year=2020", "rn": 65, "fo": 5, "si": 5, "ft": 0, "hn": 0, "bf": 38, "dk": 0, "no": 2, "hs": "48*", "bta": 65, "btsr": 171.05}, {"tt": "year 2021", "sp": null, "mt": 5, "in": 4, "pr": "year=2021", "rn": 74, "fo": 4, "si": 6, "ft": 0, "hn": 0, "bf": 37, "dk": 1, "no": 1, "hs": "45*", "bta": 24.66, "btsr": 200}]}, {"type": "SEASON", "stats": [{"tt": "season 2012/13", "sp": null, "mt": 3, "in": 2, "pr": "season=NaN", "rn": 22, "fo": 4, "si": 0, "ft": 0, "hn": 0, "bf": 17, "dk": 0, "no": 0, "hs": "12", "bta": 11, "btsr": 129.41}, {"tt": "season 2013/14", "sp": null, "mt": 4, "in": 3, "pr": "season=NaN", "rn": 21, "fo": 2, "si": 1, "ft": 0, "hn": 0, "bf": 14, "dk": 1, "no": 2, "hs": "14*", "bta": 21, "btsr": 150}, {"tt": "season 2014", "sp": null, "mt": 2, "in": 2, "pr": "season=2014", "rn": 18, "fo": 2, "si": 1, "ft": 0, "hn": 0, "bf": 13, "dk": 0, "no": 0, "hs": "11", "bta": 9, "btsr": 138.46}, {"tt": "season 2014/15", "sp": null, "mt": 2, "in": 2, "pr": "season=NaN", "rn": 13, "fo": 1, "si": 0, "ft": 0, "hn": 0, "bf": 13, "dk": 0, "no": 1, "hs": "7*", "bta": 13, "btsr": 100}, {"tt": "season 2015", "sp": null, "mt": 2, "in": 1, "pr": "season=2015", "rn": 28, "fo": 3, "si": 1, "ft": 0, "hn": 0, "bf": 19, "dk": 0, "no": 0, "hs": "28", "bta": 28, "btsr": 147.36}, {"tt": "season 2016/17", "sp": null, "mt": 2, "in": 2, "pr": "season=NaN", "rn": 20, "fo": 3, "si": 0, "ft": 0, "hn": 0, "bf": 17, "dk": 0, "no": 0, "hs": "15", "bta": 10, "btsr": 117.64}, {"tt": "season 2019/20", "sp": null, "mt": 3, "in": 3, "pr": "season=NaN", "rn": 63, "fo": 4, "si": 5, "ft": 0, "hn": 0, "bf": 38, "dk": 0, "no": 1, "hs": "42", "bta": 31.5, "btsr": 165.78}, {"tt": "season 2020/21", "sp": null, "mt": 11, "in": 7, "pr": "season=NaN", "rn": 139, "fo": 9, "si": 11, "ft": 0, "hn": 0, "bf": 75, "dk": 1, "no": 3, "hs": "48*", "bta": 34.75, "btsr": 185.33}]}, {"type": "CAPTAINS_INVOLVED", "stats": [{"tt": "*BB McCullum", "sp": "2012-2014", "mt": 8, "in": 6, "pr": "captain_involve=10384", "rn": 54, "fo": 7, "si": 2, "ft": 0, "hn": 0, "bf": 39, "dk": 1, "no": 2, "hs": "14*", "bta": 13.5, "btsr": 138.46}, {"tt": "*MJ Santner", "sp": "2020-2020", "mt": 2, "in": 1, "pr": "captain_involve=64864", "rn": 15, "fo": 0, "si": 2, "ft": 0, "hn": 0, "bf": 10, "dk": 0, "no": 1, "hs": "15*", "bta": null, "btsr": 150}, {"tt": "*TG Southee", "sp": "2019-2020", "mt": 5, "in": 4, "pr": "captain_involve=49108", "rn": 111, "fo": 9, "si": 8, "ft": 0, "hn": 0, "bf": 62, "dk": 0, "no": 2, "hs": "48*", "bta": 55.5, "btsr": 179.03}, {"tt": "*KS Williamson", "sp": "2014-2021", "mt": 14, "in": 11, "pr": "captain_involve=51088", "rn": 144, "fo": 12, "si": 7, "ft": 0, "hn": 0, "bf": 95, "dk": 1, "no": 2, "hs": "45*", "bta": 16, "btsr": 151.57}]}, {"type": "CAPTAIN", "stats": [{"tt": "is not captain", "sp": "2012-2021", "mt": 29, "in": 22, "pr": "captain=0", "rn": 324, "fo": 28, "si": 19, "ft": 0, "hn": 0, "bf": 206, "dk": 2, "no": 7, "hs": "48*", "bta": 21.6, "btsr": 157.28}]}, {"type": "KEEPER", "stats": [{"tt": "is not keeper", "sp": "2012-2021", "mt": 29, "in": 22, "pr": "keeper=0", "rn": 324, "fo": 28, "si": 19, "ft": 0, "hn": 0, "bf": 206, "dk": 2, "no": 7, "hs": "48*", "bta": 21.6, "btsr": 157.28}]}, {"type": "TOSS", "stats": [{"tt": "won the toss", "sp": "2012-2021", "mt": 12, "in": 9, "pr": "toss=1", "rn": 131, "fo": 14, "si": 6, "ft": 0, "hn": 0, "bf": 87, "dk": 2, "no": 2, "hs": "48*", "bta": 18.71, "btsr": 150.57}, {"tt": "lost the toss", "sp": "2012-2021", "mt": 17, "in": 13, "pr": "toss=2", "rn": 193, "fo": 14, "si": 13, "ft": 0, "hn": 0, "bf": 119, "dk": 0, "no": 5, "hs": "45*", "bta": 24.12, "btsr": 162.18}]}, {"type": "BATTING_FIELDING_SEQUENCE_AND_TOSS", "stats": [{"tt": "won toss &amp; batted", "sp": "2012-2019", "mt": 4, "in": 3, "pr": "batting_fielding_first=1;toss=1", "rn": 58, "fo": 7, "si": 2, "ft": 0, "hn": 0, "bf": 41, "dk": 0, "no": 0, "hs": "28", "bta": 19.33, "btsr": 141.46}, {"tt": "won toss &amp; fielded", "sp": "2012-2021", "mt": 8, "in": 6, "pr": "batting_fielding_first=2;toss=1", "rn": 73, "fo": 7, "si": 4, "ft": 0, "hn": 0, "bf": 46, "dk": 2, "no": 2, "hs": "48*", "bta": 18.25, "btsr": 158.69}, {"tt": "lost toss &amp; sent in", "sp": "2014-2021", "mt": 11, "in": 9, "pr": "batting_fielding_first=1;toss=2", "rn": 149, "fo": 10, "si": 10, "ft": 0, "hn": 0, "bf": 88, "dk": 0, "no": 3, "hs": "45*", "bta": 24.83, "btsr": 169.31}, {"tt": "lost toss &amp; fielded", "sp": "2012-2021", "mt": 6, "in": 4, "pr": "batting_fielding_first=2;toss=2", "rn": 44, "fo": 4, "si": 3, "ft": 0, "hn": 0, "bf": 31, "dk": 0, "no": 2, "hs": "15*", "bta": 22, "btsr": 141.93}]}, {"type": "BATTING_FIELDING_SEQUENCE", "stats": [{"tt": "matches batting first", "sp": "2012-2021", "mt": 15, "in": 12, "pr": "batting_fielding_first=1", "rn": 207, "fo": 17, "si": 12, "ft": 0, "hn": 0, "bf": 129, "dk": 0, "no": 3, "hs": "45*", "bta": 23, "btsr": 160.46}, {"tt": "matches fielding first", "sp": "2012-2021", "mt": 14, "in": 10, "pr": "batting_fielding_first=2", "rn": 117, "fo": 11, "si": 7, "ft": 0, "hn": 0, "bf": 77, "dk": 2, "no": 4, "hs": "48*", "bta": 19.5, "btsr": 151.94}]}, {"type": "TEAM_INNINGS", "stats": [{"tt": "1st team innings", "sp": "2012-2021", "mt": 28, "in": 22, "pr": null, "rn": 324, "fo": 28, "si": 19, "ft": 0, "hn": 0, "bf": 206, "dk": 2, "no": 7, "hs": "48*", "bta": 21.6, "btsr": 157.28}]}, {"type": "MATCH_INNINGS", "stats": [{"tt": "1st match innings", "sp": "2012-2021", "mt": 15, "in": 12, "pr": "innings_number=1", "rn": 207, "fo": 17, "si": 12, "ft": 0, "hn": 0, "bf": 129, "dk": 0, "no": 3, "hs": "45*", "bta": 23, "btsr": 160.46}, {"tt": "2nd match innings", "sp": "2012-2021", "mt": 13, "in": 10, "pr": "innings_number=2", "rn": 117, "fo": 11, "si": 7, "ft": 0, "hn": 0, "bf": 77, "dk": 2, "no": 4, "hs": "48*", "bta": 19.5, "btsr": 151.94}]}, {"type": "FLOODLIT", "stats": [{"tt": "day match", "sp": "2012-2021", "mt": 13, "in": 10, "pr": "floodlit=1", "rn": 186, "fo": 15, "si": 13, "ft": 0, "hn": 0, "bf": 113, "dk": 0, "no": 2, "hs": "45*", "bta": 23.25, "btsr": 164.6}, {"tt": "day/night match", "sp": "2012-2014", "mt": 5, "in": 3, "pr": "floodlit=2", "rn": 31, "fo": 4, "si": 1, "ft": 0, "hn": 0, "bf": 20, "dk": 0, "no": 2, "hs": "14*", "bta": 31, "btsr": 155}, {"tt": "night match", "sp": "2014-2021", "mt": 11, "in": 9, "pr": "floodlit=3", "rn": 107, "fo": 9, "si": 5, "ft": 0, "hn": 0, "bf": 73, "dk": 2, "no": 3, "hs": "48*", "bta": 17.83, "btsr": 146.57}]}, {"type": "RESULT", "stats": [{"tt": "won match", "sp": "2012-2021", "mt": 19, "in": 13, "pr": "result=1", "rn": 283, "fo": 23, "si": 19, "ft": 0, "hn": 0, "bf": 163, "dk": 0, "no": 6, "hs": "48*", "bta": 40.42, "btsr": 173.61}, {"tt": "lost match", "sp": "2012-2021", "mt": 8, "in": 8, "pr": "result=2", "rn": 40, "fo": 5, "si": 0, "ft": 0, "hn": 0, "bf": 42, "dk": 2, "no": 0, "hs": "12", "bta": 5, "btsr": 95.23}, {"tt": "tied match", "sp": "2019-2019", "mt": 1, "in": 1, "pr": "result=3", "rn": 1, "fo": 0, "si": 0, "ft": 0, "hn": 0, "bf": 1, "dk": 0, "no": 1, "hs": "1*", "bta": null, "btsr": 100}, {"tt": "no result", "sp": "2020-2020", "mt": 1, "in": null, "pr": "result=5", "rn": null, "fo": null, "si": null, "ft": null, "hn": null, "bf": null, "dk": null, "no": null, "hs": null, "bta": null, "btsr": null}]}, {"type": "BATTING_FIELDING_SEQUENCE_AND_RESULT", "stats": [{"tt": "won batting first", "sp": "2014-2021", "mt": 11, "in": 8, "pr": "batting_fielding_first=1;result=1", "rn": 188, "fo": 15, "si": 12, "ft": 0, "hn": 0, "bf": 108, "dk": 0, "no": 2, "hs": "45*", "bta": 31.33, "btsr": 174.07}, {"tt": "won fielding first", "sp": "2012-2021", "mt": 8, "in": 5, "pr": "batting_fielding_first=2;result=1", "rn": 95, "fo": 8, "si": 7, "ft": 0, "hn": 0, "bf": 55, "dk": 0, "no": 4, "hs": "48*", "bta": 95, "btsr": 172.72}, {"tt": "lost batting first", "sp": "2012-2020", "mt": 3, "in": 3, "pr": "batting_fielding_first=1;result=2", "rn": 18, "fo": 2, "si": 0, "ft": 0, "hn": 0, "bf": 20, "dk": 0, "no": 0, "hs": "10", "bta": 6, "btsr": 90}, {"tt": "lost fielding first", "sp": "2012-2021", "mt": 5, "in": 5, "pr": "batting_fielding_first=2;result=2", "rn": 22, "fo": 3, "si": 0, "ft": 0, "hn": 0, "bf": 22, "dk": 2, "no": 0, "hs": "12", "bta": 4.4, "btsr": 100}, {"tt": "tied batting first", "sp": "2019-2019", "mt": 1, "in": 1, "pr": "batting_fielding_first=1;result=3", "rn": 1, "fo": 0, "si": 0, "ft": 0, "hn": 0, "bf": 1, "dk": 0, "no": 1, "hs": "1*", "bta": null, "btsr": 100}, {"tt": "no result fielding first", "sp": "2020-2020", "mt": 1, "in": null, "pr": "batting_fielding_first=2;result=5", "rn": null, "fo": null, "si": null, "ft": null, "hn": null, "bf": null, "dk": null, "no": null, "hs": null, "bta": null, "btsr": null}]}, {"type": "TOURNAMENT_TYPE", "stats": [{"tt": "2 team series", "sp": "2012-2021", "mt": 27, "in": 20, "pr": "tournament_type=2", "rn": 317, "fo": 28, "si": 19, "ft": 0, "hn": 0, "bf": 198, "dk": 1, "no": 6, "hs": "48*", "bta": 22.64, "btsr": 160.1}, {"tt": "5+ team tournaments", "sp": "2014-2014", "mt": 2, "in": 2, "pr": "tournament_type=5", "rn": 7, "fo": 0, "si": 0, "ft": 0, "hn": 0, "bf": 8, "dk": 1, "no": 1, "hs": "7*", "bta": 7, "btsr": 87.5}]}, {"type": "MATCH_NUMBER", "stats": [{"tt": "only match in series", "sp": "2015-2015", "mt": 1, "in": null, "pr": "match_number=0", "rn": null, "fo": null, "si": null, "ft": null, "hn": null, "bf": null, "dk": null, "no": null, "hs": null, "bta": null, "btsr": null}, {"tt": "1st match in series", "sp": "2012-2021", "mt": 7, "in": 6, "pr": "match_number=1", "rn": 116, "fo": 11, "si": 6, "ft": 0, "hn": 0, "bf": 73, "dk": 0, "no": 2, "hs": "48*", "bta": 29, "btsr": 158.9}, {"tt": "2nd match in series", "sp": "2012-2021", "mt": 10, "in": 7, "pr": "match_number=2", "rn": 148, "fo": 10, "si": 12, "ft": 0, "hn": 0, "bf": 77, "dk": 0, "no": 3, "hs": "45*", "bta": 37, "btsr": 192.2}, {"tt": "3rd match in series", "sp": "2012-2021", "mt": 6, "in": 5, "pr": "match_number=3", "rn": 49, "fo": 7, "si": 1, "ft": 0, "hn": 0, "bf": 42, "dk": 1, "no": 0, "hs": "20", "bta": 9.8, "btsr": 116.66}, {"tt": "4th match in series", "sp": "2021-2021", "mt": 1, "in": 1, "pr": "match_number=4", "rn": 3, "fo": 0, "si": 0, "ft": 0, "hn": 0, "bf": 5, "dk": 0, "no": 0, "hs": "3", "bta": 3, "btsr": 60}, {"tt": "5th match in series", "sp": "2019-2021", "mt": 2, "in": 1, "pr": "match_number=5", "rn": 1, "fo": 0, "si": 0, "ft": 0, "hn": 0, "bf": 1, "dk": 0, "no": 1, "hs": "1*", "bta": null, "btsr": 100}]}, {"type": "MAJOR_TROPHY", "stats": [{"tt": "Men's T20 World Cup", "sp": "2014-2014", "mt": 2, "in": 2, "pr": "trophy=89", "rn": 7, "fo": 0, "si": 0, "ft": 0, "hn": 0, "bf": 8, "dk": 1, "no": 1, "hs": "7*", "bta": 7, "btsr": 87.5}]}, {"type": "BATTING_POSITION", "stats": [{"tt": "2nd position", "sp": "2014-2017", "mt": 3, "in": 3, "pr": "batting_positionval1=batting_position;batting_positionmin1=2;batting_positionmax1=2", "rn": 33, "fo": 5, "si": 1, "ft": 0, "hn": 0, "bf": 25, "dk": 0, "no": 0, "hs": "15", "bta": 11, "btsr": 132}, {"tt": "4th position", "sp": "2021-2021", "mt": 1, "in": 1, "pr": "batting_positionval1=batting_position;batting_positionmin1=4;batting_positionmax1=4", "rn": 45, "fo": 1, "si": 6, "ft": 0, "hn": 0, "bf": 16, "dk": 0, "no": 1, "hs": "45*", "bta": null, "btsr": 281.25}, {"tt": "5th position", "sp": "2014-2019", "mt": 3, "in": 3, "pr": "batting_positionval1=batting_position;batting_positionmin1=5;batting_positionmax1=5", "rn": 29, "fo": 3, "si": 1, "ft": 0, "hn": 0, "bf": 21, "dk": 1, "no": 1, "hs": "28", "bta": 14.5, "btsr": 138.09}, {"tt": "6th position", "sp": "2012-2021", "mt": 9, "in": 9, "pr": "batting_positionval1=batting_position;batting_positionmin1=6;batting_positionmax1=6", "rn": 133, "fo": 12, "si": 6, "ft": 0, "hn": 0, "bf": 91, "dk": 1, "no": 3, "hs": "48*", "bta": 22.16, "btsr": 146.15}, {"tt": "7th position", "sp": "2014-2019", "mt": 4, "in": 4, "pr": "batting_positionval1=batting_position;batting_positionmin1=7;batting_positionmax1=7", "rn": 60, "fo": 3, "si": 4, "ft": 0, "hn": 0, "bf": 40, "dk": 0, "no": 1, "hs": "42", "bta": 20, "btsr": 150}, {"tt": "8th position", "sp": "2012-2014", "mt": 2, "in": 2, "pr": "batting_positionval1=batting_position;batting_positionmin1=8;batting_positionmax1=8", "rn": 24, "fo": 4, "si": 1, "ft": 0, "hn": 0, "bf": 13, "dk": 0, "no": 1, "hs": "14*", "bta": 24, "btsr": 184.61}]}]}}