{"summary": {"recordClassId": 2, "type": "ALLROUND", "groups": [{"type": "CAREER_AVERAGES", "stats": [{"tt": "overview", "sp": "2013-2021", "mt": 66, "pr": null, "rn": 1320, "wk": 68, "ct": 24, "st": 0, "hs": "97*", "hn": 0, "bbi": "5/27", "bta": 28.69, "bwa": 31.45, "fw": 2, "bbad": -2.76}]}, {"type": "OPPOSITION_TEAM", "stats": [{"tt": "v Afghanistan", "sp": "2019-2019", "mt": 1, "pr": "opposition=40", "rn": null, "wk": 5, "ct": 0, "st": 0, "hs": null, "hn": null, "bbi": "5/31", "bta": null, "bwa": 6.2, "fw": 1, "bbad": null}, {"tt": "v Australia", "sp": "2016-2020", "mt": 7, "pr": "opposition=2", "rn": 180, "wk": 4, "ct": 4, "st": 0, "hs": "74", "hn": 0, "bbi": "2/28", "bta": 25.71, "bwa": 52, "fw": 0, "bbad": -26.28}, {"tt": "v Bangladesh", "sp": "2013-2021", "mt": 15, "pr": "opposition=25", "rn": 253, "wk": 23, "ct": 6, "st": 0, "hs": "52", "hn": 0, "bbi": "5/27", "bta": 23, "bwa": 22.6, "fw": 1, "bbad": 0.39}, {"tt": "v England", "sp": "2017-2019", "mt": 3, "pr": "opposition=1", "rn": 56, "wk": 5, "ct": 0, "st": 0, "hs": "19", "hn": 0, "bbi": "3/43", "bta": 18.66, "bwa": 20.2, "fw": 0, "bbad": -1.53}, {"tt": "v India", "sp": "2014-2020", "mt": 12, "pr": "opposition=6", "rn": 197, "wk": 10, "ct": 4, "st": 0, "hs": "57", "hn": 0, "bbi": "2/38", "bta": 21.88, "bwa": 51.3, "fw": 0, "bbad": -29.41}, {"tt": "v Ireland", "sp": "2017-2017", "mt": 1, "pr": "opposition=29", "rn": 30, "wk": 0, "ct": 0, "st": 0, "hs": "30", "hn": 0, "bbi": "-", "bta": 30, "bwa": null, "fw": 0, "bbad": null}, {"tt": "v Pakistan", "sp": "2014-2019", "mt": 3, "pr": "opposition=7", "rn": 100, "wk": 2, "ct": 0, "st": 0, "hs": "97*", "hn": 0, "bbi": "2/62", "bta": 50, "bwa": 76, "fw": 0, "bbad": -26}, {"tt": "v South Africa", "sp": "2013-2019", "mt": 13, "pr": "opposition=3", "rn": 245, "wk": 6, "ct": 3, "st": 0, "hs": "71*", "hn": 0, "bbi": "1/10", "bta": 24.5, "bwa": 39, "fw": 0, "bbad": -14.5}, {"tt": "v Sri Lanka", "sp": "2013-2019", "mt": 6, "pr": "opposition=8", "rn": 170, "wk": 9, "ct": 2, "st": 0, "hs": "64", "hn": 0, "bbi": "3/38", "bta": 170, "bwa": 21.33, "fw": 0, "bbad": 148.66}, {"tt": "v West Indies", "sp": "2013-2019", "mt": 3, "pr": "opposition=4", "rn": 38, "wk": 3, "ct": 3, "st": 0, "hs": "28", "hn": 0, "bbi": "1/21", "bta": 19, "bwa": 30.33, "fw": 0, "bbad": -11.33}, {"tt": "v Zimbabwe", "sp": "2015-2015", "mt": 2, "pr": "opposition=9", "rn": 51, "wk": 1, "ct": 2, "st": 0, "hs": "37*", "hn": 0, "bbi": "1/16", "bta": null, "bwa": 60, "fw": 0, "bbad": null}]}, {"type": "HOST_COUNTRY", "stats": [{"tt": "in Australia", "sp": "2016-2020", "mt": 3, "pr": "host=2", "rn": 116, "wk": 2, "ct": 0, "st": 0, "hs": "74", "hn": 0, "bbi": "2/58", "bta": 38.66, "bwa": 57, "fw": 0, "bbad": -18.33}, {"tt": "in Bangladesh", "sp": "2013-2013", "mt": 2, "pr": "host=25", "rn": 8, "wk": 8, "ct": 0, "st": 0, "hs": "8", "hn": 0, "bbi": "4/42", "bta": 4, "bwa": 11.87, "fw": 0, "bbad": -7.87}, {"tt": "in England", "sp": "2017-2019", "mt": 13, "pr": "host=1", "rn": 279, "wk": 15, "ct": 4, "st": 0, "hs": "97*", "hn": 0, "bbi": "5/31", "bta": 27.9, "bwa": 22.6, "fw": 1, "bbad": 5.3}, {"tt": "in India", "sp": "2016-2016", "mt": 4, "pr": "host=6", "rn": 76, "wk": 4, "ct": 1, "st": 0, "hs": "57", "hn": 0, "bbi": "2/38", "bta": 19, "bwa": 42, "fw": 0, "bbad": -23}, {"tt": "in Ireland", "sp": "2017-2017", "mt": 3, "pr": "host=29", "rn": 88, "wk": 2, "ct": 1, "st": 0, "hs": "52", "hn": 0, "bbi": "2/68", "bta": 29.33, "bwa": 66.5, "fw": 0, "bbad": -37.16}, {"tt": "in New Zealand", "sp": "2013-2021", "mt": 31, "pr": "host=5", "rn": 593, "wk": 30, "ct": 15, "st": 0, "hs": "71*", "hn": 0, "bbi": "5/27", "bta": 32.94, "bwa": 31.2, "fw": 1, "bbad": 1.74}, {"tt": "in South Africa", "sp": "2013-2015", "mt": 4, "pr": "host=3", "rn": 59, "wk": 2, "ct": 0, "st": 0, "hs": "41", "hn": 0, "bbi": "1/20", "bta": 14.75, "bwa": 55.5, "fw": 0, "bbad": -40.75}, {"tt": "in Sri Lanka", "sp": "2013-2013", "mt": 2, "pr": "host=8", "rn": 47, "wk": 2, "ct": 1, "st": 0, "hs": "42*", "hn": 0, "bbi": "2/26", "bta": null, "bwa": 25.5, "fw": 0, "bbad": null}, {"tt": "in U.A.E.", "sp": "2014-2014", "mt": 2, "pr": "host=27", "rn": 3, "wk": 2, "ct": 0, "st": 0, "hs": "2", "hn": 0, "bbi": "2/62", "bta": 1.5, "bwa": 66, "fw": 0, "bbad": -64.5}, {"tt": "in Zimbabwe", "sp": "2015-2015", "mt": 2, "pr": "host=9", "rn": 51, "wk": 1, "ct": 2, "st": 0, "hs": "37*", "hn": 0, "bbi": "1/16", "bta": null, "bwa": 60, "fw": 0, "bbad": null}]}, {"type": "CONTINENT", "stats": [{"tt": "in Africa", "sp": "2013-2015", "mt": 6, "pr": "continent=1", "rn": 110, "wk": 3, "ct": 2, "st": 0, "hs": "41", "hn": 0, "bbi": "1/16", "bta": 27.5, "bwa": 57, "fw": 0, "bbad": -29.5}, {"tt": "in Asia", "sp": "2013-2016", "mt": 10, "pr": "continent=2", "rn": 134, "wk": 16, "ct": 2, "st": 0, "hs": "57", "hn": 0, "bbi": "4/42", "bta": 16.75, "bwa": 27.87, "fw": 0, "bbad": -11.12}, {"tt": "in Europe", "sp": "2017-2019", "mt": 16, "pr": "continent=4", "rn": 367, "wk": 17, "ct": 5, "st": 0, "hs": "97*", "hn": 0, "bbi": "5/31", "bta": 28.23, "bwa": 27.76, "fw": 1, "bbad": 0.46}, {"tt": "in Oceania", "sp": "2013-2021", "mt": 34, "pr": "continent=5", "rn": 709, "wk": 32, "ct": 15, "st": 0, "hs": "74", "hn": 0, "bbi": "5/27", "bta": 33.76, "bwa": 32.81, "fw": 1, "bbad": 0.94}]}, {"type": "HOME_OR_AWAY", "stats": [{"tt": "home", "sp": "2013-2021", "mt": 31, "pr": "home_or_away=1", "rn": 593, "wk": 30, "ct": 15, "st": 0, "hs": "71*", "hn": 0, "bbi": "5/27", "bta": 32.94, "bwa": 31.2, "fw": 1, "bbad": 1.74}, {"tt": "away", "sp": "2013-2020", "mt": 21, "pr": "home_or_away=2", "rn": 443, "wk": 24, "ct": 4, "st": 0, "hs": "74", "hn": 0, "bbi": "4/42", "bta": 26.05, "bwa": 30.7, "fw": 0, "bbad": -4.64}, {"tt": "neutral", "sp": "2014-2019", "mt": 14, "pr": "home_or_away=3", "rn": 284, "wk": 14, "ct": 5, "st": 0, "hs": "97*", "hn": 0, "bbi": "5/31", "bta": 25.81, "bwa": 33.28, "fw": 1, "bbad": -7.46}]}, {"type": "YEAR", "stats": [{"tt": "year 2013", "sp": null, "mt": 8, "pr": "year=2013", "rn": 83, "wk": 12, "ct": 1, "st": 0, "hs": "42*", "hn": 0, "bbi": "4/42", "bta": 13.83, "bwa": 20.41, "fw": 0, "bbad": -6.58}, {"tt": "year 2014", "sp": null, "mt": 8, "pr": "year=2014", "rn": 63, "wk": 6, "ct": 4, "st": 0, "hs": "34*", "hn": 0, "bbi": "2/62", "bta": 15.75, "bwa": 55.83, "fw": 0, "bbad": -40.08}, {"tt": "year 2015", "sp": null, "mt": 3, "pr": "year=2015", "rn": 92, "wk": 2, "ct": 2, "st": 0, "hs": "41", "hn": 0, "bbi": "1/16", "bta": 92, "bwa": 53.5, "fw": 0, "bbad": 38.5}, {"tt": "year 2016", "sp": null, "mt": 9, "pr": "year=2016", "rn": 252, "wk": 10, "ct": 3, "st": 0, "hs": "74", "hn": 0, "bbi": "3/36", "bta": 31.5, "bwa": 31.5, "fw": 0, "bbad": 0}, {"tt": "year 2017", "sp": null, "mt": 13, "pr": "year=2017", "rn": 321, "wk": 4, "ct": 7, "st": 0, "hs": "71*", "hn": 0, "bbi": "2/68", "bta": 29.18, "bwa": 72.75, "fw": 0, "bbad": -43.56}, {"tt": "year 2019", "sp": null, "mt": 18, "pr": "year=2019", "rn": 436, "wk": 25, "ct": 6, "st": 0, "hs": "97*", "hn": 0, "bbi": "5/31", "bta": 43.6, "bwa": 20.84, "fw": 1, "bbad": 22.76}, {"tt": "year 2020", "sp": null, "mt": 4, "pr": "year=2020", "rn": 39, "wk": 2, "ct": 0, "st": 0, "hs": "19", "hn": 0, "bbi": "1/50", "bta": 9.75, "bwa": 99, "fw": 0, "bbad": -89.25}, {"tt": "year 2021", "sp": null, "mt": 3, "pr": "year=2021", "rn": 34, "wk": 7, "ct": 1, "st": 0, "hs": "30", "hn": 0, "bbi": "5/27", "bta": 17, "bwa": 18.14, "fw": 1, "bbad": -1.14}]}, {"type": "SEASON", "stats": [{"tt": "season 2012/13", "sp": null, "mt": 3, "pr": "season=2012/13", "rn": 18, "wk": 1, "ct": 0, "st": 0, "hs": "13", "hn": 0, "bbi": "1/20", "bta": 6, "bwa": 64, "fw": 0, "bbad": -58}, {"tt": "season 2013/14", "sp": null, "mt": 8, "pr": "season=2013/14", "rn": 99, "wk": 13, "ct": 5, "st": 0, "hs": "42*", "hn": 0, "bbi": "4/42", "bta": 33, "bwa": 23.53, "fw": 0, "bbad": 9.46}, {"tt": "season 2014/15", "sp": null, "mt": 5, "pr": "season=2014/15", "rn": 29, "wk": 4, "ct": 0, "st": 0, "hs": "16", "hn": 0, "bbi": "2/62", "bta": 7.25, "bwa": 52.5, "fw": 0, "bbad": -45.25}, {"tt": "season 2015", "sp": null, "mt": 3, "pr": "season=2015", "rn": 92, "wk": 2, "ct": 2, "st": 0, "hs": "41", "hn": 0, "bbi": "1/16", "bta": 92, "bwa": 53.5, "fw": 0, "bbad": 38.5}, {"tt": "season 2016/17", "sp": null, "mt": 16, "pr": "season=2016/17", "rn": 438, "wk": 12, "ct": 9, "st": 0, "hs": "74", "hn": 0, "bbi": "3/36", "bta": 33.69, "bwa": 35.5, "fw": 0, "bbad": -1.8}, {"tt": "season 2017", "sp": null, "mt": 6, "pr": "season=2017", "rn": 135, "wk": 2, "ct": 1, "st": 0, "hs": "52", "hn": 0, "bbi": "2/68", "bta": 22.5, "bwa": 90, "fw": 0, "bbad": -67.5}, {"tt": "season 2018/19", "sp": null, "mt": 8, "pr": "season=2018/19", "rn": 204, "wk": 10, "ct": 2, "st": 0, "hs": "64", "hn": 0, "bbi": "3/38", "bta": 68, "bwa": 22.9, "fw": 0, "bbad": 45.1}, {"tt": "season 2019", "sp": null, "mt": 10, "pr": "season=2019", "rn": 232, "wk": 15, "ct": 4, "st": 0, "hs": "97*", "hn": 0, "bbi": "5/31", "bta": 33.14, "bwa": 19.46, "fw": 1, "bbad": 13.67}, {"tt": "season 2019/20", "sp": null, "mt": 4, "pr": "season=2019/20", "rn": 39, "wk": 2, "ct": 0, "st": 0, "hs": "19", "hn": 0, "bbi": "1/50", "bta": 9.75, "bwa": 99, "fw": 0, "bbad": -89.25}, {"tt": "season 2020/21", "sp": null, "mt": 3, "pr": "season=2020/21", "rn": 34, "wk": 7, "ct": 1, "st": 0, "hs": "30", "hn": 0, "bbi": "5/27", "bta": 17, "bwa": 18.14, "fw": 1, "bbad": -1.14}]}, {"type": "CAPTAINS_INVOLVED", "stats": [{"tt": "*TWM Latham", "sp": "2017-2021", "mt": 9, "pr": "captain_involve=59148", "rn": 171, "wk": 10, "ct": 2, "st": 0, "hs": "52", "hn": 0, "bbi": "5/27", "bta": 21.37, "bwa": 38.8, "fw": 1, "bbad": -17.42}, {"tt": "*BB McCullum", "sp": "2013-2014", "mt": 12, "pr": "captain_involve=10384", "rn": 96, "wk": 14, "ct": 4, "st": 0, "hs": "34*", "hn": 0, "bbi": "4/42", "bta": 12, "bwa": 28.35, "fw": 0, "bbad": -16.35}, {"tt": "*KD Mills", "sp": "2013-2013", "mt": 2, "pr": "captain_involve=10303", "rn": 47, "wk": 2, "ct": 1, "st": 0, "hs": "42*", "hn": 0, "bbi": "2/26", "bta": null, "bwa": 25.5, "fw": 0, "bbad": null}, {"tt": "*KS Williamson", "sp": "2014-2020", "mt": 43, "pr": "captain_involve=51088", "rn": 1006, "wk": 42, "ct": 17, "st": 0, "hs": "97*", "hn": 0, "bbi": "5/31", "bta": 33.53, "bwa": 31.02, "fw": 1, "bbad": 2.5}]}, {"type": "CAPTAIN", "stats": [{"tt": "is not captain", "sp": "2013-2021", "mt": 66, "pr": "captain=0", "rn": 1320, "wk": 68, "ct": 24, "st": 0, "hs": "97*", "hn": 0, "bbi": "5/27", "bta": 28.69, "bwa": 31.45, "fw": 2, "bbad": -2.76}]}, {"type": "KEEPER", "stats": [{"tt": "is not keeper", "sp": "2013-2021", "mt": 66, "pr": "keeper=0", "rn": 1320, "wk": 68, "ct": 24, "st": 0, "hs": "97*", "hn": 0, "bbi": "5/27", "bta": 28.69, "bwa": 31.45, "fw": 2, "bbad": -2.76}]}, {"type": "TOSS", "stats": [{"tt": "won the toss", "sp": "2013-2021", "mt": 31, "pr": "toss=1", "rn": 647, "wk": 42, "ct": 6, "st": 0, "hs": "97*", "hn": 0, "bbi": "5/27", "bta": 29.4, "bwa": 22.78, "fw": 2, "bbad": 6.62}, {"tt": "lost the toss", "sp": "2013-2020", "mt": 35, "pr": "toss=2", "rn": 673, "wk": 26, "ct": 18, "st": 0, "hs": "71*", "hn": 0, "bbi": "4/53", "bta": 28.04, "bwa": 45.46, "fw": 0, "bbad": -17.41}]}, {"type": "BATTING_FIELDING_SEQUENCE_AND_TOSS", "stats": [{"tt": "won toss &amp; batted", "sp": "2013-2021", "mt": 12, "pr": "batting_fielding_first=1;toss=1", "rn": 304, "wk": 19, "ct": 3, "st": 0, "hs": "97*", "hn": 0, "bbi": "5/27", "bta": 30.4, "bwa": 19.36, "fw": 1, "bbad": 11.03}, {"tt": "won toss &amp; fielded", "sp": "2013-2021", "mt": 19, "pr": "batting_fielding_first=2;toss=1", "rn": 343, "wk": 23, "ct": 3, "st": 0, "hs": "74", "hn": 0, "bbi": "5/31", "bta": 28.58, "bwa": 25.6, "fw": 1, "bbad": 2.97}, {"tt": "lost toss &amp; sent in", "sp": "2013-2020", "mt": 21, "pr": "batting_fielding_first=1;toss=2", "rn": 500, "wk": 12, "ct": 10, "st": 0, "hs": "71*", "hn": 0, "bbi": "2/62", "bta": 33.33, "bwa": 56, "fw": 0, "bbad": -22.66}, {"tt": "lost toss &amp; fielded", "sp": "2013-2020", "mt": 14, "pr": "batting_fielding_first=2;toss=2", "rn": 173, "wk": 14, "ct": 8, "st": 0, "hs": "44", "hn": 0, "bbi": "4/53", "bta": 19.22, "bwa": 36.42, "fw": 0, "bbad": -17.2}]}, {"type": "BATTING_FIELDING_SEQUENCE", "stats": [{"tt": "matches batting first", "sp": "2013-2021", "mt": 33, "pr": "batting_fielding_first=1", "rn": 804, "wk": 31, "ct": 13, "st": 0, "hs": "97*", "hn": 0, "bbi": "5/27", "bta": 32.16, "bwa": 33.54, "fw": 1, "bbad": -1.38}, {"tt": "matches fielding first", "sp": "2013-2021", "mt": 33, "pr": "batting_fielding_first=2", "rn": 516, "wk": 37, "ct": 11, "st": 0, "hs": "74", "hn": 0, "bbi": "5/31", "bta": 24.57, "bwa": 29.7, "fw": 1, "bbad": -5.13}]}, {"type": "TEAM_INNINGS", "stats": [{"tt": "1st team innings", "sp": "2013-2021", "mt": 66, "pr": "innings_number=2;innings_number=1", "rn": 1320, "wk": 68, "ct": 24, "st": 0, "hs": "97*", "hn": 0, "bbi": "5/27", "bta": 28.69, "bwa": 31.45, "fw": 2, "bbad": -2.76}]}, {"type": "MATCH_INNINGS", "stats": [{"tt": "1st match innings", "sp": "2013-2021", "mt": 66, "pr": "innings_number=1", "rn": 804, "wk": 37, "ct": 11, "st": 0, "hs": "97*", "hn": 0, "bbi": "5/31", "bta": 32.16, "bwa": 29.7, "fw": 1, "bbad": 2.45}, {"tt": "2nd match innings", "sp": "2013-2021", "mt": 65, "pr": "innings_number=2", "rn": 516, "wk": 31, "ct": 13, "st": 0, "hs": "74", "hn": 0, "bbi": "5/27", "bta": 24.57, "bwa": 33.54, "fw": 1, "bbad": -8.97}]}, {"type": "FLOODLIT", "stats": [{"tt": "day match", "sp": "2013-2021", "mt": 31, "pr": "floodlit=1", "rn": 665, "wk": 29, "ct": 15, "st": 0, "hs": "97*", "hn": 0, "bbi": "5/27", "bta": 35, "bwa": 29.55, "fw": 1, "bbad": 5.44}, {"tt": "day/night match", "sp": "2013-2021", "mt": 35, "pr": "floodlit=2", "rn": 655, "wk": 39, "ct": 9, "st": 0, "hs": "74", "hn": 0, "bbi": "5/31", "bta": 24.25, "bwa": 32.87, "fw": 1, "bbad": -8.61}]}, {"type": "RESULT", "stats": [{"tt": "won match", "sp": "2013-2021", "mt": 36, "pr": "result=1", "rn": 670, "wk": 39, "ct": 20, "st": 0, "hs": "71*", "hn": 0, "bbi": "5/27", "bta": 33.5, "bwa": 29.89, "fw": 2, "bbad": 3.6}, {"tt": "lost match", "sp": "2013-2020", "mt": 27, "pr": "result=2", "rn": 625, "wk": 25, "ct": 4, "st": 0, "hs": "97*", "hn": 0, "bbi": "4/42", "bta": 26.04, "bwa": 36.44, "fw": 0, "bbad": -10.39}, {"tt": "tied match", "sp": "2019-2019", "mt": 1, "pr": "result=3", "rn": 19, "wk": 3, "ct": 0, "st": 0, "hs": "19", "hn": 0, "bbi": "3/43", "bta": 19, "bwa": 14.33, "fw": 0, "bbad": 4.66}, {"tt": "no result", "sp": "2014-2017", "mt": 2, "pr": "result=5", "rn": 6, "wk": 1, "ct": 0, "st": 0, "hs": "6", "hn": 0, "bbi": "1/19", "bta": 6, "bwa": 19, "fw": 0, "bbad": -13}]}, {"type": "BATTING_FIELDING_SEQUENCE_AND_RESULT", "stats": [{"tt": "won batting first", "sp": "2013-2021", "mt": 19, "pr": "batting_fielding_first=1;result=1", "rn": 479, "wk": 23, "ct": 13, "st": 0, "hs": "71*", "hn": 0, "bbi": "5/27", "bta": 36.84, "bwa": 26.91, "fw": 1, "bbad": 9.93}, {"tt": "won fielding first", "sp": "2013-2021", "mt": 17, "pr": "batting_fielding_first=2;result=1", "rn": 191, "wk": 16, "ct": 7, "st": 0, "hs": "52", "hn": 0, "bbi": "5/31", "bta": 27.28, "bwa": 34.18, "fw": 1, "bbad": -6.9}, {"tt": "lost batting first", "sp": "2013-2019", "mt": 12, "pr": "batting_fielding_first=1;result=2", "rn": 300, "wk": 5, "ct": 0, "st": 0, "hs": "97*", "hn": 0, "bbi": "2/62", "bta": 30, "bwa": 75.6, "fw": 0, "bbad": -45.6}, {"tt": "lost fielding first", "sp": "2013-2020", "mt": 15, "pr": "batting_fielding_first=2;result=2", "rn": 325, "wk": 20, "ct": 4, "st": 0, "hs": "74", "hn": 0, "bbi": "4/42", "bta": 23.21, "bwa": 26.65, "fw": 0, "bbad": -3.43}, {"tt": "tied batting first", "sp": "2019-2019", "mt": 1, "pr": "batting_fielding_first=1;result=3", "rn": 19, "wk": 3, "ct": 0, "st": 0, "hs": "19", "hn": 0, "bbi": "3/43", "bta": 19, "bwa": 14.33, "fw": 0, "bbad": 4.66}, {"tt": "no result batting first", "sp": "2017-2017", "mt": 1, "pr": "batting_fielding_first=1;result=5", "rn": 6, "wk": null, "ct": 0, "st": 0, "hs": "6", "hn": 0, "bbi": null, "bta": 6, "bwa": null, "fw": null, "bbad": null}, {"tt": "no result fielding first", "sp": "2014-2014", "mt": 1, "pr": "batting_fielding_first=2;result=5", "rn": null, "wk": 1, "ct": 0, "st": 0, "hs": null, "hn": null, "bbi": "1/19", "bta": null, "bwa": 19, "fw": 0, "bbad": null}]}, {"type": "TOURNAMENT_TYPE", "stats": [{"tt": "2 team series", "sp": "2013-2021", "mt": 50, "pr": "tournament_type=2", "rn": 953, "wk": 51, "ct": 19, "st": 0, "hs": "74", "hn": 0, "bbi": "5/27", "bta": 28.87, "bwa": 32.68, "fw": 1, "bbad": -3.8}, {"tt": "3-4 team tournaments", "sp": "2017-2017", "mt": 3, "pr": "tournament_type=3", "rn": 88, "wk": 2, "ct": 1, "st": 0, "hs": "52", "hn": 0, "bbi": "2/68", "bta": 29.33, "bwa": 66.5, "fw": 0, "bbad": -37.16}, {"tt": "5+ team tournaments", "sp": "2017-2021", "mt": 16, "pr": "tournament_type=5", "rn": 313, "wk": 22, "ct": 5, "st": 0, "hs": "97*", "hn": 0, "bbi": "5/27", "bta": 26.08, "bwa": 21.18, "fw": 2, "bbad": 4.9}]}, {"type": "MATCH_NUMBER", "stats": [{"tt": "1st match in series", "sp": "2013-2021", "mt": 17, "pr": "match_number=1", "rn": 279, "wk": 19, "ct": 3, "st": 0, "hs": "48", "hn": 0, "bbi": "4/42", "bta": 21.46, "bwa": 34.15, "fw": 0, "bbad": -12.69}, {"tt": "2nd match in series", "sp": "2013-2021", "mt": 11, "pr": "match_number=2", "rn": 298, "wk": 11, "ct": 4, "st": 0, "hs": "74", "hn": 0, "bbi": "4/53", "bta": 37.25, "bwa": 33.54, "fw": 0, "bbad": 3.7}, {"tt": "3rd match in series", "sp": "2013-2021", "mt": 14, "pr": "match_number=3", "rn": 265, "wk": 13, "ct": 9, "st": 0, "hs": "57", "hn": 0, "bbi": "5/27", "bta": 33.12, "bwa": 31.84, "fw": 1, "bbad": 1.27}, {"tt": "4th match in series", "sp": "2014-2019", "mt": 4, "pr": "match_number=4", "rn": 6, "wk": 4, "ct": 1, "st": 0, "hs": "6", "hn": 0, "bbi": "2/38", "bta": 6, "bwa": 29.25, "fw": 0, "bbad": -23.25}, {"tt": "5th match in series", "sp": "2014-2019", "mt": 4, "pr": "match_number=5", "rn": 105, "wk": 4, "ct": 2, "st": 0, "hs": "44", "hn": 0, "bbi": "1/10", "bta": 35, "bwa": 29.5, "fw": 0, "bbad": 5.5}]}, {"type": "MAJOR_TROPHY", "stats": [{"tt": "World Cup", "sp": "2019-2019", "mt": 10, "pr": "trophy=12", "rn": 232, "wk": 15, "ct": 4, "st": 0, "hs": "97*", "hn": 0, "bbi": "5/31", "bta": 33.14, "bwa": 19.46, "fw": 1, "bbad": 13.67}, {"tt": "Chappell-Hadlee", "sp": "2016-2020", "mt": 5, "pr": "trophy=65", "rn": 165, "wk": 2, "ct": 3, "st": 0, "hs": "74", "hn": 0, "bbi": "2/58", "bta": 33, "bwa": 90, "fw": 0, "bbad": -57}, {"tt": "ICC Champions Trophy", "sp": "2017-2017", "mt": 3, "pr": "trophy=44", "rn": 47, "wk": 0, "ct": 0, "st": 0, "hs": "23", "hn": 0, "bbi": "-", "bta": 15.66, "bwa": null, "fw": 0, "bbad": null}]}, {"type": "FINAL_TYPE", "stats": [{"tt": "tournament finals", "sp": "2019-2019", "mt": 1, "pr": "final_type=1", "rn": 19, "wk": 3, "ct": 0, "st": 0, "hs": "19", "hn": 0, "bbi": "3/43", "bta": 19, "bwa": 14.33, "fw": 0, "bbad": 4.66}, {"tt": "tournament semi-finals", "sp": "2019-2019", "mt": 1, "pr": "final_type=3", "rn": 12, "wk": 1, "ct": 1, "st": 0, "hs": "12", "hn": 0, "bbi": "1/49", "bta": 12, "bwa": 49, "fw": 0, "bbad": -37}, {"tt": "preliminary matches", "sp": "2017-2021", "mt": 17, "pr": "final_type=0", "rn": 370, "wk": 20, "ct": 5, "st": 0, "hs": "97*", "hn": 0, "bbi": "5/27", "bta": 28.46, "bwa": 25.35, "fw": 2, "bbad": 3.11}]}]}}