{"summary": {"recordClassId": 2, "type": "BATTING", "groups": [{"type": "CAREER_AVERAGES", "stats": [{"tt": "overview", "sp": "2013-2021", "mt": 66, "in": 56, "pr": null, "rn": 1320, "fo": 117, "si": 30, "ft": 6, "hn": 0, "bf": 1352, "dk": 2, "no": 10, "hs": "97*", "bta": 28.69, "btsr": 97.63}]}, {"type": "OPPOSITION_TEAM", "stats": [{"tt": "vs Afghanistan", "sp": "2019-2019", "mt": 1, "in": null, "pr": "opposition=40", "rn": null, "fo": null, "si": null, "ft": null, "hn": null, "bf": null, "dk": null, "no": null, "hs": null, "bta": null, "btsr": null}, {"tt": "vs Australia", "sp": "2016-2020", "mt": 7, "in": 7, "pr": "opposition=2", "rn": 180, "fo": 18, "si": 2, "ft": 1, "hn": 0, "bf": 213, "dk": 0, "no": 0, "hs": "74", "bta": 25.71, "btsr": 84.5}, {"tt": "vs Bangladesh", "sp": "2013-2021", "mt": 15, "in": 12, "pr": "opposition=25", "rn": 253, "fo": 24, "si": 6, "ft": 1, "hn": 0, "bf": 256, "dk": 1, "no": 1, "hs": "52", "bta": 23, "btsr": 98.82}, {"tt": "vs England", "sp": "2017-2019", "mt": 3, "in": 3, "pr": "opposition=1", "rn": 56, "fo": 5, "si": 1, "ft": 0, "hn": 0, "bf": 66, "dk": 0, "no": 0, "hs": "19", "bta": 18.66, "btsr": 84.84}, {"tt": "vs India", "sp": "2014-2020", "mt": 12, "in": 10, "pr": "opposition=6", "rn": 197, "fo": 19, "si": 5, "ft": 1, "hn": 0, "bf": 207, "dk": 0, "no": 1, "hs": "57", "bta": 21.88, "btsr": 95.16}, {"tt": "vs Ireland", "sp": "2017-2017", "mt": 1, "in": 1, "pr": "opposition=29", "rn": 30, "fo": 2, "si": 0, "ft": 0, "hn": 0, "bf": 29, "dk": 0, "no": 0, "hs": "30", "bta": 30, "btsr": 103.44}, {"tt": "vs Pakistan", "sp": "2014-2019", "mt": 3, "in": 3, "pr": "opposition=7", "rn": 100, "fo": 5, "si": 3, "ft": 1, "hn": 0, "bf": 124, "dk": 0, "no": 1, "hs": "97*", "bta": 50, "btsr": 80.64}, {"tt": "vs South Africa", "sp": "2013-2019", "mt": 13, "in": 11, "pr": "opposition=3", "rn": 245, "fo": 30, "si": 1, "ft": 1, "hn": 0, "bf": 260, "dk": 1, "no": 1, "hs": "71*", "bta": 24.5, "btsr": 94.23}, {"tt": "vs Sri Lanka", "sp": "2013-2019", "mt": 6, "in": 5, "pr": "opposition=8", "rn": 170, "fo": 9, "si": 10, "ft": 1, "hn": 0, "bf": 106, "dk": 0, "no": 4, "hs": "64", "bta": 170, "btsr": 160.37}, {"tt": "vs West Indies", "sp": "2013-2019", "mt": 3, "in": 2, "pr": "opposition=4", "rn": 38, "fo": 2, "si": 1, "ft": 0, "hn": 0, "bf": 51, "dk": 0, "no": 0, "hs": "28", "bta": 19, "btsr": 74.5}, {"tt": "vs Zimbabwe", "sp": "2015-2015", "mt": 2, "in": 2, "pr": "opposition=9", "rn": 51, "fo": 3, "si": 1, "ft": 0, "hn": 0, "bf": 40, "dk": 0, "no": 2, "hs": "37*", "bta": null, "btsr": 127.5}]}, {"type": "HOST_COUNTRY", "stats": [{"tt": "in Australia", "sp": "2016-2020", "mt": 3, "in": 3, "pr": "host=2", "rn": 116, "fo": 12, "si": 2, "ft": 1, "hn": 0, "bf": 129, "dk": 0, "no": 0, "hs": "74", "bta": 38.66, "btsr": 89.92}, {"tt": "in Bangladesh", "sp": "2013-2013", "mt": 2, "in": 2, "pr": "host=25", "rn": 8, "fo": 1, "si": 0, "ft": 0, "hn": 0, "bf": 12, "dk": 1, "no": 0, "hs": "8", "bta": 4, "btsr": 66.66}, {"tt": "in England", "sp": "2017-2019", "mt": 13, "in": 11, "pr": "host=1", "rn": 279, "fo": 20, "si": 6, "ft": 1, "hn": 0, "bf": 342, "dk": 0, "no": 1, "hs": "97*", "bta": 27.9, "btsr": 81.57}, {"tt": "in India", "sp": "2016-2016", "mt": 4, "in": 4, "pr": "host=6", "rn": 76, "fo": 9, "si": 0, "ft": 1, "hn": 0, "bf": 94, "dk": 0, "no": 0, "hs": "57", "bta": 19, "btsr": 80.85}, {"tt": "in Ireland", "sp": "2017-2017", "mt": 3, "in": 3, "pr": "host=29", "rn": 88, "fo": 7, "si": 1, "ft": 1, "hn": 0, "bf": 87, "dk": 0, "no": 0, "hs": "52", "bta": 29.33, "btsr": 101.14}, {"tt": "in New Zealand", "sp": "2013-2021", "mt": 31, "in": 23, "pr": "host=5", "rn": 593, "fo": 52, "si": 20, "ft": 2, "hn": 0, "bf": 531, "dk": 0, "no": 5, "hs": "71*", "bta": 32.94, "btsr": 111.67}, {"tt": "in South Africa", "sp": "2013-2015", "mt": 4, "in": 4, "pr": "host=3", "rn": 59, "fo": 10, "si": 0, "ft": 0, "hn": 0, "bf": 55, "dk": 1, "no": 0, "hs": "41", "bta": 14.75, "btsr": 107.27}, {"tt": "in Sri Lanka", "sp": "2013-2013", "mt": 2, "in": 2, "pr": "host=8", "rn": 47, "fo": 3, "si": 0, "ft": 0, "hn": 0, "bf": 50, "dk": 0, "no": 2, "hs": "42*", "bta": null, "btsr": 94}, {"tt": "in U.A.E.", "sp": "2014-2014", "mt": 2, "in": 2, "pr": "host=27", "rn": 3, "fo": 0, "si": 0, "ft": 0, "hn": 0, "bf": 12, "dk": 0, "no": 0, "hs": "2", "bta": 1.5, "btsr": 25}, {"tt": "in Zimbabwe", "sp": "2015-2015", "mt": 2, "in": 2, "pr": "host=9", "rn": 51, "fo": 3, "si": 1, "ft": 0, "hn": 0, "bf": 40, "dk": 0, "no": 2, "hs": "37*", "bta": null, "btsr": 127.5}]}, {"type": "CONTINENT", "stats": [{"tt": "in Africa", "sp": "2013-2015", "mt": 6, "in": 6, "pr": "continent=1", "rn": 110, "fo": 13, "si": 1, "ft": 0, "hn": 0, "bf": 95, "dk": 1, "no": 2, "hs": "41", "bta": 27.5, "btsr": 115.78}, {"tt": "in Asia", "sp": "2013-2016", "mt": 10, "in": 10, "pr": "continent=2", "rn": 134, "fo": 13, "si": 0, "ft": 1, "hn": 0, "bf": 168, "dk": 1, "no": 2, "hs": "57", "bta": 16.75, "btsr": 79.76}, {"tt": "in Europe", "sp": "2017-2019", "mt": 16, "in": 14, "pr": "continent=4", "rn": 367, "fo": 27, "si": 7, "ft": 2, "hn": 0, "bf": 429, "dk": 0, "no": 1, "hs": "97*", "bta": 28.23, "btsr": 85.54}, {"tt": "in Oceania", "sp": "2013-2021", "mt": 34, "in": 26, "pr": "continent=5", "rn": 709, "fo": 64, "si": 22, "ft": 3, "hn": 0, "bf": 660, "dk": 0, "no": 5, "hs": "74", "bta": 33.76, "btsr": 107.42}]}, {"type": "HOME_OR_AWAY", "stats": [{"tt": "home", "sp": "2013-2021", "mt": 31, "in": 23, "pr": "home_or_away=1", "rn": 593, "fo": 52, "si": 20, "ft": 2, "hn": 0, "bf": 531, "dk": 0, "no": 5, "hs": "71*", "bta": 32.94, "btsr": 111.67}, {"tt": "away", "sp": "2013-2020", "mt": 21, "in": 21, "pr": "home_or_away=2", "rn": 443, "fo": 45, "si": 4, "ft": 2, "hn": 0, "bf": 475, "dk": 2, "no": 4, "hs": "74", "bta": 26.05, "btsr": 93.26}, {"tt": "neutral", "sp": "2014-2019", "mt": 14, "in": 12, "pr": "home_or_away=3", "rn": 284, "fo": 20, "si": 6, "ft": 2, "hn": 0, "bf": 346, "dk": 0, "no": 1, "hs": "97*", "bta": 25.81, "btsr": 82.08}]}, {"type": "YEAR", "stats": [{"tt": "year 2013", "sp": null, "mt": 8, "in": 8, "pr": "year=2013", "rn": 83, "fo": 9, "si": 0, "ft": 0, "hn": 0, "bf": 104, "dk": 2, "no": 2, "hs": "42*", "bta": 13.83, "btsr": 79.8}, {"tt": "year 2014", "sp": null, "mt": 8, "in": 5, "pr": "year=2014", "rn": 63, "fo": 7, "si": 2, "ft": 0, "hn": 0, "bf": 64, "dk": 0, "no": 1, "hs": "34*", "bta": 15.75, "btsr": 98.43}, {"tt": "year 2015", "sp": null, "mt": 3, "in": 3, "pr": "year=2015", "rn": 92, "fo": 9, "si": 1, "ft": 0, "hn": 0, "bf": 81, "dk": 0, "no": 2, "hs": "41", "bta": 92, "btsr": 113.58}, {"tt": "year 2016", "sp": null, "mt": 9, "in": 9, "pr": "year=2016", "rn": 252, "fo": 29, "si": 3, "ft": 2, "hn": 0, "bf": 280, "dk": 0, "no": 1, "hs": "74", "bta": 31.5, "btsr": 90}, {"tt": "year 2017", "sp": null, "mt": 13, "in": 12, "pr": "year=2017", "rn": 321, "fo": 30, "si": 3, "ft": 2, "hn": 0, "bf": 325, "dk": 0, "no": 1, "hs": "71*", "bta": 29.18, "btsr": 98.76}, {"tt": "year 2019", "sp": null, "mt": 18, "in": 13, "pr": "year=2019", "rn": 436, "fo": 29, "si": 19, "ft": 2, "hn": 0, "bf": 406, "dk": 0, "no": 3, "hs": "97*", "bta": 43.6, "btsr": 107.38}, {"tt": "year 2020", "sp": null, "mt": 4, "in": 4, "pr": "year=2020", "rn": 39, "fo": 2, "si": 2, "ft": 0, "hn": 0, "bf": 54, "dk": 0, "no": 0, "hs": "19", "bta": 9.75, "btsr": 72.22}, {"tt": "year 2021", "sp": null, "mt": 3, "in": 2, "pr": "year=2021", "rn": 34, "fo": 2, "si": 0, "ft": 0, "hn": 0, "bf": 38, "dk": 0, "no": 0, "hs": "30", "bta": 17, "btsr": 89.47}]}, {"type": "SEASON", "stats": [{"tt": "season 2012/13", "sp": null, "mt": 3, "in": 3, "pr": "season=NaN", "rn": 18, "fo": 4, "si": 0, "ft": 0, "hn": 0, "bf": 14, "dk": 1, "no": 0, "hs": "13", "bta": 6, "btsr": 128.57}, {"tt": "season 2013/14", "sp": null, "mt": 8, "in": 6, "pr": "season=NaN", "rn": 99, "fo": 8, "si": 2, "ft": 0, "hn": 0, "bf": 109, "dk": 1, "no": 3, "hs": "42*", "bta": 33, "btsr": 90.82}, {"tt": "season 2014/15", "sp": null, "mt": 5, "in": 4, "pr": "season=NaN", "rn": 29, "fo": 4, "si": 0, "ft": 0, "hn": 0, "bf": 45, "dk": 0, "no": 0, "hs": "16", "bta": 7.25, "btsr": 64.44}, {"tt": "season 2015", "sp": null, "mt": 3, "in": 3, "pr": "season=2015", "rn": 92, "fo": 9, "si": 1, "ft": 0, "hn": 0, "bf": 81, "dk": 0, "no": 2, "hs": "41", "bta": 92, "btsr": 113.58}, {"tt": "season 2016/17", "sp": null, "mt": 16, "in": 15, "pr": "season=NaN", "rn": 438, "fo": 48, "si": 4, "ft": 3, "hn": 0, "bf": 470, "dk": 0, "no": 2, "hs": "74", "bta": 33.69, "btsr": 93.19}, {"tt": "season 2017", "sp": null, "mt": 6, "in": 6, "pr": "season=2017", "rn": 135, "fo": 11, "si": 2, "ft": 1, "hn": 0, "bf": 135, "dk": 0, "no": 0, "hs": "52", "bta": 22.5, "btsr": 100}, {"tt": "season 2018/19", "sp": null, "mt": 8, "in": 5, "pr": "season=NaN", "rn": 204, "fo": 13, "si": 14, "ft": 1, "hn": 0, "bf": 112, "dk": 0, "no": 2, "hs": "64", "bta": 68, "btsr": 182.14}, {"tt": "season 2019", "sp": null, "mt": 10, "in": 8, "pr": "season=2019", "rn": 232, "fo": 16, "si": 5, "ft": 1, "hn": 0, "bf": 294, "dk": 0, "no": 1, "hs": "97*", "bta": 33.14, "btsr": 78.91}, {"tt": "season 2019/20", "sp": null, "mt": 4, "in": 4, "pr": "season=NaN", "rn": 39, "fo": 2, "si": 2, "ft": 0, "hn": 0, "bf": 54, "dk": 0, "no": 0, "hs": "19", "bta": 9.75, "btsr": 72.22}, {"tt": "season 2020/21", "sp": null, "mt": 3, "in": 2, "pr": "season=NaN", "rn": 34, "fo": 2, "si": 0, "ft": 0, "hn": 0, "bf": 38, "dk": 0, "no": 0, "hs": "30", "bta": 17, "btsr": 89.47}]}, {"type": "CAPTAINS_INVOLVED", "stats": [{"tt": "*TWM Latham", "sp": "2017-2021", "mt": 9, "in": 8, "pr": "captain_involve=59148", "rn": 171, "fo": 13, "si": 3, "ft": 1, "hn": 0, "bf": 168, "dk": 0, "no": 0, "hs": "52", "bta": 21.37, "btsr": 101.78}, {"tt": "*BB McCullum", "sp": "2013-2014", "mt": 12, "in": 9, "pr": "captain_involve=10384", "rn": 96, "fo": 13, "si": 2, "ft": 0, "hn": 0, "bf": 106, "dk": 2, "no": 1, "hs": "34*", "bta": 12, "btsr": 90.56}, {"tt": "*KD Mills", "sp": "2013-2013", "mt": 2, "in": 2, "pr": "captain_involve=10303", "rn": 47, "fo": 3, "si": 0, "ft": 0, "hn": 0, "bf": 50, "dk": 0, "no": 2, "hs": "42*", "bta": null, "btsr": 94}, {"tt": "*KS Williamson", "sp": "2014-2020", "mt": 43, "in": 37, "pr": "captain_involve=51088", "rn": 1006, "fo": 88, "si": 25, "ft": 5, "hn": 0, "bf": 1028, "dk": 0, "no": 7, "hs": "97*", "bta": 33.53, "btsr": 97.85}]}, {"type": "CAPTAIN", "stats": [{"tt": "is not captain", "sp": "2013-2021", "mt": 66, "in": 56, "pr": "captain=0", "rn": 1320, "fo": 117, "si": 30, "ft": 6, "hn": 0, "bf": 1352, "dk": 2, "no": 10, "hs": "97*", "bta": 28.69, "btsr": 97.63}]}, {"type": "KEEPER", "stats": [{"tt": "is not keeper", "sp": "2013-2021", "mt": 66, "in": 56, "pr": "keeper=0", "rn": 1320, "fo": 117, "si": 30, "ft": 6, "hn": 0, "bf": 1352, "dk": 2, "no": 10, "hs": "97*", "bta": 28.69, "btsr": 97.63}]}, {"type": "TOSS", "stats": [{"tt": "won the toss", "sp": "2013-2021", "mt": 31, "in": 25, "pr": "toss=1", "rn": 647, "fo": 55, "si": 17, "ft": 4, "hn": 0, "bf": 673, "dk": 2, "no": 3, "hs": "97*", "bta": 29.4, "btsr": 96.13}, {"tt": "lost the toss", "sp": "2013-2020", "mt": 35, "in": 31, "pr": "toss=2", "rn": 673, "fo": 62, "si": 13, "ft": 2, "hn": 0, "bf": 679, "dk": 0, "no": 7, "hs": "71*", "bta": 28.04, "btsr": 99.11}]}, {"type": "BATTING_FIELDING_SEQUENCE_AND_TOSS", "stats": [{"tt": "won toss &amp; batted", "sp": "2013-2021", "mt": 12, "in": 12, "pr": "batting_fielding_first=1;toss=1", "rn": 304, "fo": 23, "si": 12, "ft": 2, "hn": 0, "bf": 280, "dk": 0, "no": 2, "hs": "97*", "bta": 30.4, "btsr": 108.57}, {"tt": "won toss &amp; fielded", "sp": "2013-2021", "mt": 19, "in": 13, "pr": "batting_fielding_first=2;toss=1", "rn": 343, "fo": 32, "si": 5, "ft": 2, "hn": 0, "bf": 393, "dk": 2, "no": 1, "hs": "74", "bta": 28.58, "btsr": 87.27}, {"tt": "lost toss &amp; sent in", "sp": "2013-2020", "mt": 21, "in": 20, "pr": "batting_fielding_first=1;toss=2", "rn": 500, "fo": 47, "si": 9, "ft": 2, "hn": 0, "bf": 475, "dk": 0, "no": 5, "hs": "71*", "bta": 33.33, "btsr": 105.26}, {"tt": "lost toss &amp; fielded", "sp": "2013-2020", "mt": 14, "in": 11, "pr": "batting_fielding_first=2;toss=2", "rn": 173, "fo": 15, "si": 4, "ft": 0, "hn": 0, "bf": 204, "dk": 0, "no": 2, "hs": "44", "bta": 19.22, "btsr": 84.8}]}, {"type": "BATTING_FIELDING_SEQUENCE", "stats": [{"tt": "matches batting first", "sp": "2013-2021", "mt": 33, "in": 32, "pr": "batting_fielding_first=1", "rn": 804, "fo": 70, "si": 21, "ft": 4, "hn": 0, "bf": 755, "dk": 0, "no": 7, "hs": "97*", "bta": 32.16, "btsr": 106.49}, {"tt": "matches fielding first", "sp": "2013-2021", "mt": 33, "in": 24, "pr": "batting_fielding_first=2", "rn": 516, "fo": 47, "si": 9, "ft": 2, "hn": 0, "bf": 597, "dk": 2, "no": 3, "hs": "74", "bta": 24.57, "btsr": 86.43}]}, {"type": "TEAM_INNINGS", "stats": [{"tt": "1st team innings", "sp": "2013-2021", "mt": 65, "in": 56, "pr": null, "rn": 1320, "fo": 117, "si": 30, "ft": 6, "hn": 0, "bf": 1352, "dk": 2, "no": 10, "hs": "97*", "bta": 28.69, "btsr": 97.63}]}, {"type": "MATCH_INNINGS", "stats": [{"tt": "1st match innings", "sp": "2013-2021", "mt": 33, "in": 32, "pr": "innings_number=1", "rn": 804, "fo": 70, "si": 21, "ft": 4, "hn": 0, "bf": 755, "dk": 0, "no": 7, "hs": "97*", "bta": 32.16, "btsr": 106.49}, {"tt": "2nd match innings", "sp": "2013-2021", "mt": 32, "in": 24, "pr": "innings_number=2", "rn": 516, "fo": 47, "si": 9, "ft": 2, "hn": 0, "bf": 597, "dk": 2, "no": 3, "hs": "74", "bta": 24.57, "btsr": 86.43}]}, {"type": "FLOODLIT", "stats": [{"tt": "day match", "sp": "2013-2021", "mt": 31, "in": 26, "pr": "floodlit=1", "rn": 665, "fo": 58, "si": 11, "ft": 3, "hn": 0, "bf": 682, "dk": 1, "no": 7, "hs": "97*", "bta": 35, "btsr": 97.5}, {"tt": "day/night match", "sp": "2013-2021", "mt": 35, "in": 30, "pr": "floodlit=2", "rn": 655, "fo": 59, "si": 19, "ft": 3, "hn": 0, "bf": 670, "dk": 1, "no": 3, "hs": "74", "bta": 24.25, "btsr": 97.76}]}, {"type": "RESULT", "stats": [{"tt": "won match", "sp": "2013-2021", "mt": 36, "in": 27, "pr": "result=1", "rn": 670, "fo": 54, "si": 21, "ft": 3, "hn": 0, "bf": 592, "dk": 1, "no": 7, "hs": "71*", "bta": 33.5, "btsr": 113.17}, {"tt": "lost match", "sp": "2013-2020", "mt": 27, "in": 27, "pr": "result=2", "rn": 625, "fo": 60, "si": 9, "ft": 3, "hn": 0, "bf": 725, "dk": 1, "no": 3, "hs": "97*", "bta": 26.04, "btsr": 86.2}, {"tt": "tied match", "sp": "2019-2019", "mt": 1, "in": 1, "pr": "result=3", "rn": 19, "fo": 3, "si": 0, "ft": 0, "hn": 0, "bf": 25, "dk": 0, "no": 0, "hs": "19", "bta": 19, "btsr": 76}, {"tt": "no result", "sp": "2014-2017", "mt": 2, "in": 1, "pr": "result=5", "rn": 6, "fo": 0, "si": 0, "ft": 0, "hn": 0, "bf": 10, "dk": 0, "no": 0, "hs": "6", "bta": 6, "btsr": 60}]}, {"type": "BATTING_FIELDING_SEQUENCE_AND_RESULT", "stats": [{"tt": "won batting first", "sp": "2013-2021", "mt": 19, "in": 18, "pr": "batting_fielding_first=1;result=1", "rn": 479, "fo": 37, "si": 17, "ft": 2, "hn": 0, "bf": 375, "dk": 0, "no": 5, "hs": "71*", "bta": 36.84, "btsr": 127.73}, {"tt": "won fielding first", "sp": "2013-2021", "mt": 17, "in": 9, "pr": "batting_fielding_first=2;result=1", "rn": 191, "fo": 17, "si": 4, "ft": 1, "hn": 0, "bf": 217, "dk": 1, "no": 2, "hs": "52", "bta": 27.28, "btsr": 88.01}, {"tt": "lost batting first", "sp": "2013-2019", "mt": 12, "in": 12, "pr": "batting_fielding_first=1;result=2", "rn": 300, "fo": 30, "si": 4, "ft": 2, "hn": 0, "bf": 345, "dk": 0, "no": 2, "hs": "97*", "bta": 30, "btsr": 86.95}, {"tt": "lost fielding first", "sp": "2013-2020", "mt": 15, "in": 15, "pr": "batting_fielding_first=2;result=2", "rn": 325, "fo": 30, "si": 5, "ft": 1, "hn": 0, "bf": 380, "dk": 1, "no": 1, "hs": "74", "bta": 23.21, "btsr": 85.52}, {"tt": "tied batting first", "sp": "2019-2019", "mt": 1, "in": 1, "pr": "batting_fielding_first=1;result=3", "rn": 19, "fo": 3, "si": 0, "ft": 0, "hn": 0, "bf": 25, "dk": 0, "no": 0, "hs": "19", "bta": 19, "btsr": 76}, {"tt": "no result batting first", "sp": "2017-2017", "mt": 1, "in": 1, "pr": "batting_fielding_first=1;result=5", "rn": 6, "fo": 0, "si": 0, "ft": 0, "hn": 0, "bf": 10, "dk": 0, "no": 0, "hs": "6", "bta": 6, "btsr": 60}, {"tt": "no result fielding first", "sp": "2014-2014", "mt": 1, "in": null, "pr": "batting_fielding_first=2;result=5", "rn": null, "fo": null, "si": null, "ft": null, "hn": null, "bf": null, "dk": null, "no": null, "hs": null, "bta": null, "btsr": null}]}, {"type": "TOURNAMENT_TYPE", "stats": [{"tt": "2 team series", "sp": "2013-2021", "mt": 50, "in": 42, "pr": "tournament_type=2", "rn": 953, "fo": 90, "si": 23, "ft": 4, "hn": 0, "bf": 923, "dk": 2, "no": 9, "hs": "74", "bta": 28.87, "btsr": 103.25}, {"tt": "3-4 team tournaments", "sp": "2017-2017", "mt": 3, "in": 3, "pr": "tournament_type=3", "rn": 88, "fo": 7, "si": 1, "ft": 1, "hn": 0, "bf": 87, "dk": 0, "no": 0, "hs": "52", "bta": 29.33, "btsr": 101.14}, {"tt": "5+ team tournaments", "sp": "2017-2021", "mt": 16, "in": 13, "pr": "tournament_type=5", "rn": 313, "fo": 22, "si": 6, "ft": 1, "hn": 0, "bf": 380, "dk": 0, "no": 1, "hs": "97*", "bta": 26.08, "btsr": 82.36}]}, {"type": "MATCH_NUMBER", "stats": [{"tt": "1st match in series", "sp": "2013-2021", "mt": 17, "in": 15, "pr": "match_number=1", "rn": 279, "fo": 28, "si": 7, "ft": 0, "hn": 0, "bf": 295, "dk": 2, "no": 2, "hs": "48", "bta": 21.46, "btsr": 94.57}, {"tt": "2nd match in series", "sp": "2013-2021", "mt": 11, "in": 10, "pr": "match_number=2", "rn": 298, "fo": 26, "si": 5, "ft": 3, "hn": 0, "bf": 284, "dk": 0, "no": 2, "hs": "74", "bta": 37.25, "btsr": 104.92}, {"tt": "3rd match in series", "sp": "2013-2021", "mt": 14, "in": 12, "pr": "match_number=3", "rn": 265, "fo": 24, "si": 6, "ft": 1, "hn": 0, "bf": 247, "dk": 0, "no": 4, "hs": "57", "bta": 33.12, "btsr": 107.28}, {"tt": "4th match in series", "sp": "2014-2019", "mt": 4, "in": 1, "pr": "match_number=4", "rn": 6, "fo": 1, "si": 0, "ft": 0, "hn": 0, "bf": 9, "dk": 0, "no": 0, "hs": "6", "bta": 6, "btsr": 66.66}, {"tt": "5th match in series", "sp": "2014-2019", "mt": 4, "in": 4, "pr": "match_number=5", "rn": 105, "fo": 11, "si": 5, "ft": 0, "hn": 0, "bf": 88, "dk": 0, "no": 1, "hs": "44", "bta": 35, "btsr": 119.31}]}, {"type": "MAJOR_TROPHY", "stats": [{"tt": "World Cup", "sp": "2019-2019", "mt": 10, "in": 8, "pr": "trophy=12", "rn": 232, "fo": 16, "si": 5, "ft": 1, "hn": 0, "bf": 294, "dk": 0, "no": 1, "hs": "97*", "bta": 33.14, "btsr": 78.91}, {"tt": "Chappell-Hadlee", "sp": "2016-2020", "mt": 5, "in": 5, "pr": "trophy=65", "rn": 165, "fo": 18, "si": 2, "ft": 1, "hn": 0, "bf": 181, "dk": 0, "no": 0, "hs": "74", "bta": 33, "btsr": 91.16}, {"tt": "ICC Champions Trophy", "sp": "2017-2017", "mt": 3, "in": 3, "pr": "trophy=44", "rn": 47, "fo": 4, "si": 1, "ft": 0, "hn": 0, "bf": 48, "dk": 0, "no": 0, "hs": "23", "bta": 15.66, "btsr": 97.91}]}, {"type": "FINAL_TYPE", "stats": [{"tt": "tournament finals", "sp": "2019-2019", "mt": 1, "in": 1, "pr": "final_type=1", "rn": 19, "fo": 3, "si": 0, "ft": 0, "hn": 0, "bf": 25, "dk": 0, "no": 0, "hs": "19", "bta": 19, "btsr": 76}, {"tt": "tournament semi-finals", "sp": "2019-2019", "mt": 1, "in": 1, "pr": "final_type=3", "rn": 12, "fo": 1, "si": 0, "ft": 0, "hn": 0, "bf": 18, "dk": 0, "no": 0, "hs": "12", "bta": 12, "btsr": 66.66}, {"tt": "preliminary matches", "sp": "2017-2021", "mt": 17, "in": 14, "pr": "final_type=0", "rn": 370, "fo": 25, "si": 7, "ft": 2, "hn": 0, "bf": 424, "dk": 0, "no": 1, "hs": "97*", "bta": 28.46, "btsr": 87.26}]}, {"type": "BATTING_POSITION", "stats": [{"tt": "2nd position", "sp": "2014-2014", "mt": 2, "in": 2, "pr": "batting_positionval1=batting_position;batting_positionmin1=2;batting_positionmax1=2", "rn": 26, "fo": 4, "si": 0, "ft": 0, "hn": 0, "bf": 33, "dk": 0, "no": 0, "hs": "16", "bta": 13, "btsr": 78.78}, {"tt": "4th position", "sp": "2016-2016", "mt": 2, "in": 2, "pr": "batting_positionval1=batting_position;batting_positionmin1=4;batting_positionmax1=4", "rn": 108, "fo": 12, "si": 1, "ft": 1, "hn": 0, "bf": 119, "dk": 0, "no": 0, "hs": "74", "bta": 54, "btsr": 90.75}, {"tt": "5th position", "sp": "2016-2019", "mt": 6, "in": 6, "pr": "batting_positionval1=batting_position;batting_positionmin1=5;batting_positionmax1=5", "rn": 89, "fo": 10, "si": 2, "ft": 0, "hn": 0, "bf": 107, "dk": 0, "no": 1, "hs": "28*", "bta": 17.8, "btsr": 83.17}, {"tt": "6th position", "sp": "2014-2021", "mt": 30, "in": 30, "pr": "batting_positionval1=batting_position;batting_positionmin1=6;batting_positionmax1=6", "rn": 836, "fo": 68, "si": 21, "ft": 4, "hn": 0, "bf": 822, "dk": 0, "no": 6, "hs": "97*", "bta": 34.83, "btsr": 101.7}, {"tt": "7th position", "sp": "2013-2021", "mt": 10, "in": 10, "pr": "batting_positionval1=batting_position;batting_positionmin1=7;batting_positionmax1=7", "rn": 223, "fo": 17, "si": 6, "ft": 1, "hn": 0, "bf": 214, "dk": 1, "no": 3, "hs": "57", "bta": 31.85, "btsr": 104.2}, {"tt": "8th position", "sp": "2013-2014", "mt": 5, "in": 5, "pr": "batting_positionval1=batting_position;batting_positionmin1=8;batting_positionmax1=8", "rn": 25, "fo": 3, "si": 0, "ft": 0, "hn": 0, "bf": 49, "dk": 1, "no": 0, "hs": "10", "bta": 5, "btsr": 51.02}, {"tt": "9th position", "sp": "2013-2013", "mt": 1, "in": 1, "pr": "batting_positionval1=batting_position;batting_positionmin1=9;batting_positionmax1=9", "rn": 13, "fo": 3, "si": 0, "ft": 0, "hn": 0, "bf": 8, "dk": 0, "no": 0, "hs": "13", "bta": 13, "btsr": 162.5}]}]}}