{"summary": {"recordClassId": 3, "type": "ALLROUND", "groups": [{"type": "CAREER_AVERAGES", "stats": [{"tt": "overview", "sp": "2012-2021", "mt": 29, "pr": null, "rn": 324, "wk": 18, "ct": 9, "st": 0, "hs": "48*", "hn": 0, "bbi": "3/16", "bta": 21.6, "bwa": 27.38, "fw": 0, "bbad": -5.78}]}, {"type": "OPPOSITION_TEAM", "stats": [{"tt": "v Australia", "sp": "2021-2021", "mt": 5, "pr": "opposition=2", "rn": 74, "wk": 2, "ct": 2, "st": 0, "hs": "45*", "hn": 0, "bbi": "2/10", "bta": 24.66, "bwa": 39.5, "fw": 0, "bbad": -14.83}, {"tt": "v Bangladesh", "sp": "2017-2017", "mt": 2, "pr": "opposition=25", "rn": 20, "wk": 0, "ct": 1, "st": 0, "hs": "15", "hn": 0, "bbi": "-", "bta": 10, "bwa": null, "fw": 0, "bbad": null}, {"tt": "v England", "sp": "2019-2019", "mt": 3, "pr": "opposition=1", "rn": 63, "wk": 2, "ct": 0, "st": 0, "hs": "42", "hn": 0, "bbi": "2/25", "bta": 31.5, "bwa": 32, "fw": 0, "bbad": -0.5}, {"tt": "v Netherlands", "sp": "2014-2014", "mt": 1, "pr": "opposition=15", "rn": 7, "wk": 0, "ct": 0, "st": 0, "hs": "7*", "hn": 0, "bbi": "-", "bta": null, "bwa": null, "fw": 0, "bbad": null}, {"tt": "v Pakistan", "sp": "2014-2020", "mt": 5, "pr": "opposition=7", "rn": 30, "wk": 5, "ct": 0, "st": 0, "hs": "15*", "hn": 0, "bbi": "3/25", "bta": 15, "bwa": 15.6, "fw": 0, "bbad": -0.6}, {"tt": "v South Africa", "sp": "2012-2015", "mt": 4, "pr": "opposition=3", "rn": 50, "wk": 1, "ct": 3, "st": 0, "hs": "28", "hn": 0, "bbi": "1/22", "bta": 16.66, "bwa": 59, "fw": 0, "bbad": -42.33}, {"tt": "v Sri Lanka", "sp": "2014-2014", "mt": 1, "pr": "opposition=8", "rn": 0, "wk": 3, "ct": 0, "st": 0, "hs": "0", "hn": 0, "bbi": "3/22", "bta": 0, "bwa": 7.33, "fw": 0, "bbad": -7.33}, {"tt": "v West Indies", "sp": "2014-2020", "mt": 7, "pr": "opposition=4", "rn": 80, "wk": 4, "ct": 3, "st": 0, "hs": "48*", "hn": 0, "bbi": "3/16", "bta": 40, "bwa": 36, "fw": 0, "bbad": 4}, {"tt": "v Zimbabwe", "sp": "2015-2015", "mt": 1, "pr": "opposition=9", "rn": null, "wk": 1, "ct": 0, "st": 0, "hs": null, "hn": null, "bbi": "1/21", "bta": null, "bwa": 21, "fw": 0, "bbad": null}]}, {"type": "HOST_COUNTRY", "stats": [{"tt": "in Bangladesh", "sp": "2014-2014", "mt": 2, "pr": "host=25", "rn": 7, "wk": 3, "ct": 0, "st": 0, "hs": "7*", "hn": 0, "bbi": "3/22", "bta": 7, "bwa": 10.33, "fw": 0, "bbad": -3.33}, {"tt": "in New Zealand", "sp": "2014-2021", "mt": 18, "pr": "host=5", "rn": 236, "wk": 10, "ct": 6, "st": 0, "hs": "48*", "hn": 0, "bbi": "3/16", "bta": 29.5, "bwa": 30.6, "fw": 0, "bbad": -1.1}, {"tt": "in South Africa", "sp": "2012-2015", "mt": 4, "pr": "host=3", "rn": 50, "wk": 1, "ct": 3, "st": 0, "hs": "28", "hn": 0, "bbi": "1/22", "bta": 16.66, "bwa": 59, "fw": 0, "bbad": -42.33}, {"tt": "in U.A.E.", "sp": "2014-2014", "mt": 2, "pr": "host=27", "rn": 13, "wk": 3, "ct": 0, "st": 0, "hs": "7*", "hn": 0, "bbi": "3/25", "bta": 13, "bwa": 10.33, "fw": 0, "bbad": 2.66}, {"tt": "in West Indies", "sp": "2014-2014", "mt": 2, "pr": "host=4", "rn": 18, "wk": 0, "ct": 0, "st": 0, "hs": "11", "hn": 0, "bbi": "-", "bta": 9, "bwa": null, "fw": 0, "bbad": null}, {"tt": "in Zimbabwe", "sp": "2015-2015", "mt": 1, "pr": "host=9", "rn": null, "wk": 1, "ct": 0, "st": 0, "hs": null, "hn": null, "bbi": "1/21", "bta": null, "bwa": 21, "fw": 0, "bbad": null}]}, {"type": "CONTINENT", "stats": [{"tt": "in Africa", "sp": "2012-2015", "mt": 5, "pr": "continent=1", "rn": 50, "wk": 2, "ct": 3, "st": 0, "hs": "28", "hn": 0, "bbi": "1/21", "bta": 16.66, "bwa": 40, "fw": 0, "bbad": -23.33}, {"tt": "in Americas", "sp": "2014-2014", "mt": 2, "pr": "continent=3", "rn": 18, "wk": 0, "ct": 0, "st": 0, "hs": "11", "hn": 0, "bbi": "-", "bta": 9, "bwa": null, "fw": 0, "bbad": null}, {"tt": "in Asia", "sp": "2014-2014", "mt": 4, "pr": "continent=2", "rn": 20, "wk": 6, "ct": 0, "st": 0, "hs": "7*", "hn": 0, "bbi": "3/22", "bta": 10, "bwa": 10.33, "fw": 0, "bbad": -0.33}, {"tt": "in Oceania", "sp": "2014-2021", "mt": 18, "pr": "continent=5", "rn": 236, "wk": 10, "ct": 6, "st": 0, "hs": "48*", "hn": 0, "bbi": "3/16", "bta": 29.5, "bwa": 30.6, "fw": 0, "bbad": -1.1}]}, {"type": "HOME_OR_AWAY", "stats": [{"tt": "home", "sp": "2014-2021", "mt": 18, "pr": "home_or_away=1", "rn": 236, "wk": 10, "ct": 6, "st": 0, "hs": "48*", "hn": 0, "bbi": "3/16", "bta": 29.5, "bwa": 30.6, "fw": 0, "bbad": -1.1}, {"tt": "away", "sp": "2012-2015", "mt": 7, "pr": "home_or_away=2", "rn": 68, "wk": 2, "ct": 3, "st": 0, "hs": "28", "hn": 0, "bbi": "1/21", "bta": 13.6, "bwa": 62.5, "fw": 0, "bbad": -48.9}, {"tt": "neutral", "sp": "2014-2014", "mt": 4, "pr": "home_or_away=3", "rn": 20, "wk": 6, "ct": 0, "st": 0, "hs": "7*", "hn": 0, "bbi": "3/22", "bta": 10, "bwa": 10.33, "fw": 0, "bbad": -0.33}]}, {"type": "YEAR", "stats": [{"tt": "year 2012", "sp": null, "mt": 3, "pr": "year=2012", "rn": 22, "wk": 0, "ct": 2, "st": 0, "hs": "12", "hn": 0, "bbi": "-", "bta": 11, "bwa": null, "fw": 0, "bbad": null}, {"tt": "year 2014", "sp": null, "mt": 8, "pr": "year=2014", "rn": 52, "wk": 9, "ct": 1, "st": 0, "hs": "14*", "hn": 0, "bbi": "3/16", "bta": 13, "bwa": 18, "fw": 0, "bbad": -5}, {"tt": "year 2015", "sp": null, "mt": 2, "pr": "year=2015", "rn": 28, "wk": 2, "ct": 1, "st": 0, "hs": "28", "hn": 0, "bbi": "1/21", "bta": 28, "bwa": 21.5, "fw": 0, "bbad": 6.5}, {"tt": "year 2017", "sp": null, "mt": 2, "pr": "year=2017", "rn": 20, "wk": 0, "ct": 1, "st": 0, "hs": "15", "hn": 0, "bbi": "-", "bta": 10, "bwa": null, "fw": 0, "bbad": null}, {"tt": "year 2019", "sp": null, "mt": 3, "pr": "year=2019", "rn": 63, "wk": 2, "ct": 0, "st": 0, "hs": "42", "hn": 0, "bbi": "2/25", "bta": 31.5, "bwa": 32, "fw": 0, "bbad": -0.5}, {"tt": "year 2020", "sp": null, "mt": 6, "pr": "year=2020", "rn": 65, "wk": 3, "ct": 2, "st": 0, "hs": "48*", "hn": 0, "bbi": "1/10", "bta": 65, "bwa": 30.33, "fw": 0, "bbad": 34.66}, {"tt": "year 2021", "sp": null, "mt": 5, "pr": "year=2021", "rn": 74, "wk": 2, "ct": 2, "st": 0, "hs": "45*", "hn": 0, "bbi": "2/10", "bta": 24.66, "bwa": 39.5, "fw": 0, "bbad": -14.83}]}, {"type": "SEASON", "stats": [{"tt": "season 2012/13", "sp": null, "mt": 3, "pr": "season=2012/13", "rn": 22, "wk": 0, "ct": 2, "st": 0, "hs": "12", "hn": 0, "bbi": "-", "bta": 11, "bwa": null, "fw": 0, "bbad": null}, {"tt": "season 2013/14", "sp": null, "mt": 4, "pr": "season=2013/14", "rn": 21, "wk": 6, "ct": 1, "st": 0, "hs": "14*", "hn": 0, "bbi": "3/16", "bta": 21, "bwa": 14.33, "fw": 0, "bbad": 6.66}, {"tt": "season 2014", "sp": null, "mt": 2, "pr": "season=2014", "rn": 18, "wk": 0, "ct": 0, "st": 0, "hs": "11", "hn": 0, "bbi": "-", "bta": 9, "bwa": null, "fw": 0, "bbad": null}, {"tt": "season 2014/15", "sp": null, "mt": 2, "pr": "season=2014/15", "rn": 13, "wk": 3, "ct": 0, "st": 0, "hs": "7*", "hn": 0, "bbi": "3/25", "bta": 13, "bwa": 10.33, "fw": 0, "bbad": 2.66}, {"tt": "season 2015", "sp": null, "mt": 2, "pr": "season=2015", "rn": 28, "wk": 2, "ct": 1, "st": 0, "hs": "28", "hn": 0, "bbi": "1/21", "bta": 28, "bwa": 21.5, "fw": 0, "bbad": 6.5}, {"tt": "season 2016/17", "sp": null, "mt": 2, "pr": "season=2016/17", "rn": 20, "wk": 0, "ct": 1, "st": 0, "hs": "15", "hn": 0, "bbi": "-", "bta": 10, "bwa": null, "fw": 0, "bbad": null}, {"tt": "season 2019/20", "sp": null, "mt": 3, "pr": "season=2019/20", "rn": 63, "wk": 2, "ct": 0, "st": 0, "hs": "42", "hn": 0, "bbi": "2/25", "bta": 31.5, "bwa": 32, "fw": 0, "bbad": -0.5}, {"tt": "season 2020/21", "sp": null, "mt": 11, "pr": "season=2020/21", "rn": 139, "wk": 5, "ct": 4, "st": 0, "hs": "48*", "hn": 0, "bbi": "2/10", "bta": 34.75, "bwa": 34, "fw": 0, "bbad": 0.75}]}, {"type": "CAPTAINS_INVOLVED", "stats": [{"tt": "*BB McCullum", "sp": "2012-2014", "mt": 8, "pr": "captain_involve=10384", "rn": 54, "wk": 6, "ct": 3, "st": 0, "hs": "14*", "hn": 0, "bbi": "3/16", "bta": 13.5, "bwa": 22.83, "fw": 0, "bbad": -9.33}, {"tt": "*MJ Santner", "sp": "2020-2020", "mt": 2, "pr": "captain_involve=64864", "rn": 15, "wk": null, "ct": 1, "st": 0, "hs": "15*", "hn": 0, "bbi": null, "bta": null, "bwa": null, "fw": null, "bbad": null}, {"tt": "*TG Southee", "sp": "2019-2020", "mt": 5, "pr": "captain_involve=49108", "rn": 111, "wk": 3, "ct": 1, "st": 0, "hs": "48*", "hn": 0, "bbi": "2/25", "bta": 55.5, "bwa": 36, "fw": 0, "bbad": 19.5}, {"tt": "*KS Williamson", "sp": "2014-2021", "mt": 14, "pr": "captain_involve=51088", "rn": 144, "wk": 9, "ct": 4, "st": 0, "hs": "45*", "hn": 0, "bbi": "3/25", "bta": 16, "bwa": 27.55, "fw": 0, "bbad": -11.55}]}, {"type": "CAPTAIN", "stats": [{"tt": "is not captain", "sp": "2012-2021", "mt": 29, "pr": "captain=0", "rn": 324, "wk": 18, "ct": 9, "st": 0, "hs": "48*", "hn": 0, "bbi": "3/16", "bta": 21.6, "bwa": 27.38, "fw": 0, "bbad": -5.78}]}, {"type": "KEEPER", "stats": [{"tt": "is not keeper", "sp": "2012-2021", "mt": 29, "pr": "keeper=0", "rn": 324, "wk": 18, "ct": 9, "st": 0, "hs": "48*", "hn": 0, "bbi": "3/16", "bta": 21.6, "bwa": 27.38, "fw": 0, "bbad": -5.78}]}, {"type": "TOSS", "stats": [{"tt": "won the toss", "sp": "2012-2021", "mt": 12, "pr": "toss=1", "rn": 131, "wk": 7, "ct": 5, "st": 0, "hs": "48*", "hn": 0, "bbi": "3/16", "bta": 18.71, "bwa": 32, "fw": 0, "bbad": -13.28}, {"tt": "lost the toss", "sp": "2012-2021", "mt": 17, "pr": "toss=2", "rn": 193, "wk": 11, "ct": 4, "st": 0, "hs": "45*", "hn": 0, "bbi": "3/25", "bta": 24.12, "bwa": 24.45, "fw": 0, "bbad": -0.32}]}, {"type": "BATTING_FIELDING_SEQUENCE_AND_TOSS", "stats": [{"tt": "won toss &amp; batted", "sp": "2012-2019", "mt": 4, "pr": "batting_fielding_first=1;toss=1", "rn": 58, "wk": 4, "ct": 1, "st": 0, "hs": "28", "hn": 0, "bbi": "3/16", "bta": 19.33, "bwa": 14, "fw": 0, "bbad": 5.33}, {"tt": "won toss &amp; fielded", "sp": "2012-2021", "mt": 8, "pr": "batting_fielding_first=2;toss=1", "rn": 73, "wk": 3, "ct": 4, "st": 0, "hs": "48*", "hn": 0, "bbi": "3/22", "bta": 18.25, "bwa": 56, "fw": 0, "bbad": -37.75}, {"tt": "lost toss &amp; sent in", "sp": "2014-2021", "mt": 11, "pr": "batting_fielding_first=1;toss=2", "rn": 149, "wk": 10, "ct": 3, "st": 0, "hs": "45*", "hn": 0, "bbi": "3/25", "bta": 24.83, "bwa": 18.5, "fw": 0, "bbad": 6.33}, {"tt": "lost toss &amp; fielded", "sp": "2012-2021", "mt": 6, "pr": "batting_fielding_first=2;toss=2", "rn": 44, "wk": 1, "ct": 1, "st": 0, "hs": "15*", "hn": 0, "bbi": "1/10", "bta": 22, "bwa": 84, "fw": 0, "bbad": -62}]}, {"type": "BATTING_FIELDING_SEQUENCE", "stats": [{"tt": "matches batting first", "sp": "2012-2021", "mt": 15, "pr": "batting_fielding_first=1", "rn": 207, "wk": 14, "ct": 4, "st": 0, "hs": "45*", "hn": 0, "bbi": "3/16", "bta": 23, "bwa": 17.21, "fw": 0, "bbad": 5.78}, {"tt": "matches fielding first", "sp": "2012-2021", "mt": 14, "pr": "batting_fielding_first=2", "rn": 117, "wk": 4, "ct": 5, "st": 0, "hs": "48*", "hn": 0, "bbi": "3/22", "bta": 19.5, "bwa": 63, "fw": 0, "bbad": -43.5}]}, {"type": "TEAM_INNINGS", "stats": [{"tt": "1st team innings", "sp": "2012-2021", "mt": 29, "pr": "innings_number=1;innings_number=2", "rn": 324, "wk": 18, "ct": 9, "st": 0, "hs": "48*", "hn": 0, "bbi": "3/16", "bta": 21.6, "bwa": 27.38, "fw": 0, "bbad": -5.78}]}, {"type": "MATCH_INNINGS", "stats": [{"tt": "1st match innings", "sp": "2012-2021", "mt": 29, "pr": "innings_number=1", "rn": 207, "wk": 4, "ct": 5, "st": 0, "hs": "45*", "hn": 0, "bbi": "3/22", "bta": 23, "bwa": 63, "fw": 0, "bbad": -40}, {"tt": "2nd match innings", "sp": "2012-2021", "mt": 28, "pr": "innings_number=2", "rn": 117, "wk": 14, "ct": 4, "st": 0, "hs": "48*", "hn": 0, "bbi": "3/16", "bta": 19.5, "bwa": 17.21, "fw": 0, "bbad": 2.28}]}, {"type": "FLOODLIT", "stats": [{"tt": "day match", "sp": "2012-2021", "mt": 13, "pr": "floodlit=1", "rn": 186, "wk": 7, "ct": 2, "st": 0, "hs": "45*", "hn": 0, "bbi": "2/10", "bta": 23.25, "bwa": 32.28, "fw": 0, "bbad": -9.03}, {"tt": "day/night match", "sp": "2012-2014", "mt": 5, "pr": "floodlit=2", "rn": 31, "wk": 3, "ct": 3, "st": 0, "hs": "14*", "hn": 0, "bbi": "3/16", "bta": 31, "bwa": 22, "fw": 0, "bbad": 9}, {"tt": "night match", "sp": "2014-2021", "mt": 11, "pr": "floodlit=3", "rn": 107, "wk": 8, "ct": 4, "st": 0, "hs": "48*", "hn": 0, "bbi": "3/22", "bta": 17.83, "bwa": 25.12, "fw": 0, "bbad": -7.29}]}, {"type": "RESULT", "stats": [{"tt": "won match", "sp": "2012-2021", "mt": 19, "pr": "result=1", "rn": 283, "wk": 12, "ct": 8, "st": 0, "hs": "48*", "hn": 0, "bbi": "3/16", "bta": 40.42, "bwa": 22.91, "fw": 0, "bbad": 17.51}, {"tt": "lost match", "sp": "2012-2021", "mt": 8, "pr": "result=2", "rn": 40, "wk": 4, "ct": 0, "st": 0, "hs": "12", "hn": 0, "bbi": "3/22", "bta": 5, "bwa": 48.25, "fw": 0, "bbad": -43.25}, {"tt": "tied match", "sp": "2019-2019", "mt": 1, "pr": "result=3", "rn": 1, "wk": 2, "ct": 0, "st": 0, "hs": "1*", "hn": 0, "bbi": "2/25", "bta": null, "bwa": 12.5, "fw": 0, "bbad": null}, {"tt": "no result", "sp": "2020-2020", "mt": 1, "pr": "result=5", "rn": null, "wk": null, "ct": 1, "st": 0, "hs": null, "hn": null, "bbi": null, "bta": null, "bwa": null, "fw": null, "bbad": null}]}, {"type": "BATTING_FIELDING_SEQUENCE_AND_RESULT", "stats": [{"tt": "won batting first", "sp": "2014-2021", "mt": 11, "pr": "batting_fielding_first=1;result=1", "rn": 188, "wk": 11, "ct": 4, "st": 0, "hs": "45*", "hn": 0, "bbi": "3/16", "bta": 31.33, "bwa": 15.54, "fw": 0, "bbad": 15.78}, {"tt": "won fielding first", "sp": "2012-2021", "mt": 8, "pr": "batting_fielding_first=2;result=1", "rn": 95, "wk": 1, "ct": 4, "st": 0, "hs": "48*", "hn": 0, "bbi": "1/10", "bta": 95, "bwa": 104, "fw": 0, "bbad": -9}, {"tt": "lost batting first", "sp": "2012-2020", "mt": 3, "pr": "batting_fielding_first=1;result=2", "rn": 18, "wk": 1, "ct": 0, "st": 0, "hs": "10", "hn": 0, "bbi": "1/37", "bta": 6, "bwa": 45, "fw": 0, "bbad": -39}, {"tt": "lost fielding first", "sp": "2012-2021", "mt": 5, "pr": "batting_fielding_first=2;result=2", "rn": 22, "wk": 3, "ct": 0, "st": 0, "hs": "12", "hn": 0, "bbi": "3/22", "bta": 4.4, "bwa": 49.33, "fw": 0, "bbad": -44.93}, {"tt": "tied batting first", "sp": "2019-2019", "mt": 1, "pr": "batting_fielding_first=1;result=3", "rn": 1, "wk": 2, "ct": 0, "st": 0, "hs": "1*", "hn": 0, "bbi": "2/25", "bta": null, "bwa": 12.5, "fw": 0, "bbad": null}, {"tt": "no result fielding first", "sp": "2020-2020", "mt": 1, "pr": "batting_fielding_first=2;result=5", "rn": null, "wk": null, "ct": 1, "st": 0, "hs": null, "hn": null, "bbi": null, "bta": null, "bwa": null, "fw": null, "bbad": null}]}, {"type": "TOURNAMENT_TYPE", "stats": [{"tt": "2 team series", "sp": "2012-2021", "mt": 27, "pr": "tournament_type=2", "rn": 317, "wk": 15, "ct": 9, "st": 0, "hs": "48*", "hn": 0, "bbi": "3/16", "bta": 22.64, "bwa": 30.8, "fw": 0, "bbad": -8.15}, {"tt": "5+ team tournaments", "sp": "2014-2014", "mt": 2, "pr": "tournament_type=5", "rn": 7, "wk": 3, "ct": 0, "st": 0, "hs": "7*", "hn": 0, "bbi": "3/22", "bta": 7, "bwa": 10.33, "fw": 0, "bbad": -3.33}]}, {"type": "MATCH_NUMBER", "stats": [{"tt": "only match in series", "sp": "2015-2015", "mt": 1, "pr": "match_number=0", "rn": null, "wk": 1, "ct": 0, "st": 0, "hs": null, "hn": null, "bbi": "1/21", "bta": null, "bwa": 21, "fw": 0, "bbad": null}, {"tt": "1st match in series", "sp": "2012-2021", "mt": 7, "pr": "match_number=1", "rn": 116, "wk": 3, "ct": 3, "st": 0, "hs": "48*", "hn": 0, "bbi": "3/16", "bta": 29, "bwa": 26.33, "fw": 0, "bbad": 2.66}, {"tt": "2nd match in series", "sp": "2012-2021", "mt": 10, "pr": "match_number=2", "rn": 148, "wk": 8, "ct": 5, "st": 0, "hs": "45*", "hn": 0, "bbi": "3/25", "bta": 37, "bwa": 21.5, "fw": 0, "bbad": 15.5}, {"tt": "3rd match in series", "sp": "2012-2021", "mt": 6, "pr": "match_number=3", "rn": 49, "wk": 1, "ct": 1, "st": 0, "hs": "20", "hn": 0, "bbi": "1/37", "bta": 9.8, "bwa": 165, "fw": 0, "bbad": -155.2}, {"tt": "4th match in series", "sp": "2021-2021", "mt": 1, "pr": "match_number=4", "rn": 3, "wk": null, "ct": 0, "st": 0, "hs": "3", "hn": 0, "bbi": null, "bta": 3, "bwa": null, "fw": null, "bbad": null}, {"tt": "5th match in series", "sp": "2019-2021", "mt": 2, "pr": "match_number=5", "rn": 1, "wk": 2, "ct": 0, "st": 0, "hs": "1*", "hn": 0, "bbi": "2/25", "bta": null, "bwa": 12.5, "fw": 0, "bbad": null}]}, {"type": "MAJOR_TROPHY", "stats": [{"tt": "Men's T20 World Cup", "sp": "2014-2014", "mt": 2, "pr": "trophy=89", "rn": 7, "wk": 3, "ct": 0, "st": 0, "hs": "7*", "hn": 0, "bbi": "3/22", "bta": 7, "bwa": 10.33, "fw": 0, "bbad": -3.33}]}]}}