{"summary": {"recordClassId": 3, "type": "FIELDING", "groups": [{"type": "CAREER_AVERAGES", "stats": [{"tt": "overview", "sp": "2019-2021", "mt": 15, "in": 15, "pr": null, "ds": 8, "ct": 8, "st": 0, "ck": 0, "cf": 8, "mds": "2 (2ct 0st)", "dspi": 0.533}]}, {"type": "OPPOSITION_TEAM", "stats": [{"tt": "vs Bangladesh", "sp": "2021-2021", "mt": 3, "in": 3, "pr": "opposition=25", "ds": 0, "ct": 0, "st": 0, "ck": 0, "cf": 0, "mds": "0", "dspi": 0}, {"tt": "vs England", "sp": "2019-2019", "mt": 3, "in": 3, "pr": "opposition=1", "ds": 3, "ct": 3, "st": 0, "ck": 0, "cf": 3, "mds": "2 (2ct 0st)", "dspi": 1}, {"tt": "vs India", "sp": "2019-2020", "mt": 5, "in": 5, "pr": "opposition=6", "ds": 2, "ct": 2, "st": 0, "ck": 0, "cf": 2, "mds": "1 (1ct 0st)", "dspi": 0.4}, {"tt": "vs Sri Lanka", "sp": "2019-2019", "mt": 3, "in": 3, "pr": "opposition=8", "ds": 3, "ct": 3, "st": 0, "ck": 0, "cf": 3, "mds": "2 (2ct 0st)", "dspi": 1}, {"tt": "vs West Indies", "sp": "2020-2020", "mt": 1, "in": 1, "pr": "opposition=4", "ds": 0, "ct": 0, "st": 0, "ck": 0, "cf": 0, "mds": "0", "dspi": 0}]}, {"type": "HOST_COUNTRY", "stats": [{"tt": "in New Zealand", "sp": "2019-2021", "mt": 12, "in": 12, "pr": "host=5", "ds": 5, "ct": 5, "st": 0, "ck": 0, "cf": 5, "mds": "2 (2ct 0st)", "dspi": 0.416}, {"tt": "in Sri Lanka", "sp": "2019-2019", "mt": 3, "in": 3, "pr": "host=8", "ds": 3, "ct": 3, "st": 0, "ck": 0, "cf": 3, "mds": "2 (2ct 0st)", "dspi": 1}]}, {"type": "CONTINENT", "stats": [{"tt": "in Asia", "sp": "2019-2019", "mt": 3, "in": 3, "pr": "continent=2", "ds": 3, "ct": 3, "st": 0, "ck": 0, "cf": 3, "mds": "2 (2ct 0st)", "dspi": 1}, {"tt": "in Oceania", "sp": "2019-2021", "mt": 12, "in": 12, "pr": "continent=5", "ds": 5, "ct": 5, "st": 0, "ck": 0, "cf": 5, "mds": "2 (2ct 0st)", "dspi": 0.416}]}, {"type": "HOME_OR_AWAY", "stats": [{"tt": "home", "sp": "2019-2021", "mt": 12, "in": 12, "pr": "home_or_away=1", "ds": 5, "ct": 5, "st": 0, "ck": 0, "cf": 5, "mds": "2 (2ct 0st)", "dspi": 0.416}, {"tt": "away", "sp": "2019-2019", "mt": 3, "in": 3, "pr": "home_or_away=2", "ds": 3, "ct": 3, "st": 0, "ck": 0, "cf": 3, "mds": "2 (2ct 0st)", "dspi": 1}]}, {"type": "YEAR", "stats": [{"tt": "year 2019", "sp": null, "mt": 9, "in": 9, "pr": "year=2019", "ds": 8, "ct": 8, "st": 0, "ck": 0, "cf": 8, "mds": "2 (2ct 0st)", "dspi": 0.888}, {"tt": "year 2020", "sp": null, "mt": 3, "in": 3, "pr": "year=2020", "ds": 0, "ct": 0, "st": 0, "ck": 0, "cf": 0, "mds": "0", "dspi": 0}, {"tt": "year 2021", "sp": null, "mt": 3, "in": 3, "pr": "year=2021", "ds": 0, "ct": 0, "st": 0, "ck": 0, "cf": 0, "mds": "0", "dspi": 0}]}, {"type": "SEASON", "stats": [{"tt": "season 2018/19", "sp": null, "mt": 3, "in": 3, "pr": "season=2018/19", "ds": 2, "ct": 2, "st": 0, "ck": 0, "cf": 2, "mds": "1 (1ct 0st)", "dspi": 0.666}, {"tt": "season 2019", "sp": null, "mt": 3, "in": 3, "pr": "season=2019", "ds": 3, "ct": 3, "st": 0, "ck": 0, "cf": 3, "mds": "2 (2ct 0st)", "dspi": 1}, {"tt": "season 2019/20", "sp": null, "mt": 5, "in": 5, "pr": "season=2019/20", "ds": 3, "ct": 3, "st": 0, "ck": 0, "cf": 3, "mds": "2 (2ct 0st)", "dspi": 0.6}, {"tt": "season 2020/21", "sp": null, "mt": 4, "in": 4, "pr": "season=2020/21", "ds": 0, "ct": 0, "st": 0, "ck": 0, "cf": 0, "mds": "0", "dspi": 0}]}, {"type": "CAPTAINS_INVOLVED", "stats": [{"tt": "*MJ Santner", "sp": "2020-2020", "mt": 1, "in": 1, "pr": "captain_involve=64864", "ds": 0, "ct": 0, "st": 0, "ck": 0, "cf": 0, "mds": "0", "dspi": 0}, {"tt": "*TG Southee", "sp": "2019-2021", "mt": 11, "in": 11, "pr": "captain_involve=49108", "ds": 6, "ct": 6, "st": 0, "ck": 0, "cf": 6, "mds": "2 (2ct 0st)", "dspi": 0.545}, {"tt": "*KS Williamson", "sp": "2019-2019", "mt": 3, "in": 3, "pr": "captain_involve=51088", "ds": 2, "ct": 2, "st": 0, "ck": 0, "cf": 2, "mds": "1 (1ct 0st)", "dspi": 0.666}]}, {"type": "CAPTAIN", "stats": [{"tt": "is not captain", "sp": "2019-2021", "mt": 15, "in": 15, "pr": "captain=0", "ds": 8, "ct": 8, "st": 0, "ck": 0, "cf": 8, "mds": "2 (2ct 0st)", "dspi": 0.533}]}, {"type": "KEEPER", "stats": [{"tt": "is not keeper", "sp": "2019-2021", "mt": 15, "in": 15, "pr": "keeper=0", "ds": 8, "ct": 8, "st": 0, "ck": 0, "cf": 8, "mds": "2 (2ct 0st)", "dspi": 0.533}]}, {"type": "TOSS", "stats": [{"tt": "won the toss", "sp": "2019-2021", "mt": 5, "in": 5, "pr": "toss=1", "ds": 2, "ct": 2, "st": 0, "ck": 0, "cf": 2, "mds": "2 (2ct 0st)", "dspi": 0.4}, {"tt": "lost the toss", "sp": "2019-2021", "mt": 10, "in": 10, "pr": "toss=2", "ds": 6, "ct": 6, "st": 0, "ck": 0, "cf": 6, "mds": "2 (2ct 0st)", "dspi": 0.6}]}, {"type": "BATTING_FIELDING_SEQUENCE_AND_TOSS", "stats": [{"tt": "won toss &amp; batted", "sp": "2019-2021", "mt": 2, "in": 2, "pr": "batting_fielding_first=1;toss=1", "ds": 0, "ct": 0, "st": 0, "ck": 0, "cf": 0, "mds": "0", "dspi": 0}, {"tt": "won toss &amp; fielded", "sp": "2019-2020", "mt": 3, "in": 3, "pr": "batting_fielding_first=2;toss=1", "ds": 2, "ct": 2, "st": 0, "ck": 0, "cf": 2, "mds": "2 (2ct 0st)", "dspi": 0.666}, {"tt": "lost toss &amp; sent in", "sp": "2019-2021", "mt": 6, "in": 6, "pr": "batting_fielding_first=1;toss=2", "ds": 3, "ct": 3, "st": 0, "ck": 0, "cf": 3, "mds": "1 (1ct 0st)", "dspi": 0.5}, {"tt": "lost toss &amp; fielded", "sp": "2019-2020", "mt": 4, "in": 4, "pr": "batting_fielding_first=2;toss=2", "ds": 3, "ct": 3, "st": 0, "ck": 0, "cf": 3, "mds": "2 (2ct 0st)", "dspi": 0.75}]}, {"type": "BATTING_FIELDING_SEQUENCE", "stats": [{"tt": "matches batting first", "sp": "2019-2021", "mt": 8, "in": 8, "pr": "batting_fielding_first=1", "ds": 3, "ct": 3, "st": 0, "ck": 0, "cf": 3, "mds": "1 (1ct 0st)", "dspi": 0.375}, {"tt": "matches fielding first", "sp": "2019-2020", "mt": 7, "in": 7, "pr": "batting_fielding_first=2", "ds": 5, "ct": 5, "st": 0, "ck": 0, "cf": 5, "mds": "2 (2ct 0st)", "dspi": 0.714}]}, {"type": "TEAM_INNINGS", "stats": [{"tt": "1st team innings", "sp": "2019-2021", "mt": 15, "in": 15, "pr": "innings_number=2;innings_number=1", "ds": 8, "ct": 8, "st": 0, "ck": 0, "cf": 8, "mds": "2 (2ct 0st)", "dspi": 0.533}]}, {"type": "MATCH_INNINGS", "stats": [{"tt": "1st match innings", "sp": "2019-2020", "mt": 7, "in": 7, "pr": "innings_number=1", "ds": 5, "ct": 5, "st": 0, "ck": 0, "cf": 5, "mds": "2 (2ct 0st)", "dspi": 0.714}, {"tt": "2nd match innings", "sp": "2019-2021", "mt": 8, "in": 8, "pr": "innings_number=2", "ds": 3, "ct": 3, "st": 0, "ck": 0, "cf": 3, "mds": "1 (1ct 0st)", "dspi": 0.375}]}, {"type": "FLOODLIT", "stats": [{"tt": "day match", "sp": "2019-2021", "mt": 3, "in": 3, "pr": "floodlit=1", "ds": 1, "ct": 1, "st": 0, "ck": 0, "cf": 1, "mds": "1 (1ct 0st)", "dspi": 0.333}, {"tt": "night match", "sp": "2019-2021", "mt": 12, "in": 12, "pr": "floodlit=3", "ds": 7, "ct": 7, "st": 0, "ck": 0, "cf": 7, "mds": "2 (2ct 0st)", "dspi": 0.583}]}, {"type": "RESULT", "stats": [{"tt": "won match", "sp": "2019-2021", "mt": 8, "in": 8, "pr": "result=1", "ds": 5, "ct": 5, "st": 0, "ck": 0, "cf": 5, "mds": "2 (2ct 0st)", "dspi": 0.625}, {"tt": "lost match", "sp": "2019-2020", "mt": 5, "in": 5, "pr": "result=2", "ds": 3, "ct": 3, "st": 0, "ck": 0, "cf": 3, "mds": "2 (2ct 0st)", "dspi": 0.6}, {"tt": "tied match", "sp": "2020-2020", "mt": 1, "in": 1, "pr": "result=3", "ds": 0, "ct": 0, "st": 0, "ck": 0, "cf": 0, "mds": "0", "dspi": 0}, {"tt": "no result", "sp": "2020-2020", "mt": 1, "in": 1, "pr": "result=5", "ds": 0, "ct": 0, "st": 0, "ck": 0, "cf": 0, "mds": "0", "dspi": 0}]}, {"type": "BATTING_FIELDING_SEQUENCE_AND_RESULT", "stats": [{"tt": "won batting first", "sp": "2019-2021", "mt": 6, "in": 6, "pr": "batting_fielding_first=1;result=1", "ds": 3, "ct": 3, "st": 0, "ck": 0, "cf": 3, "mds": "1 (1ct 0st)", "dspi": 0.5}, {"tt": "won fielding first", "sp": "2019-2019", "mt": 2, "in": 2, "pr": "batting_fielding_first=2;result=1", "ds": 2, "ct": 2, "st": 0, "ck": 0, "cf": 2, "mds": "2 (2ct 0st)", "dspi": 1}, {"tt": "lost batting first", "sp": "2019-2019", "mt": 2, "in": 2, "pr": "batting_fielding_first=1;result=2", "ds": 0, "ct": 0, "st": 0, "ck": 0, "cf": 0, "mds": "0", "dspi": 0}, {"tt": "lost fielding first", "sp": "2019-2020", "mt": 3, "in": 3, "pr": "batting_fielding_first=2;result=2", "ds": 3, "ct": 3, "st": 0, "ck": 0, "cf": 3, "mds": "2 (2ct 0st)", "dspi": 1}, {"tt": "tied fielding first", "sp": "2020-2020", "mt": 1, "in": 1, "pr": "batting_fielding_first=2;result=3", "ds": 0, "ct": 0, "st": 0, "ck": 0, "cf": 0, "mds": "0", "dspi": 0}, {"tt": "no result fielding first", "sp": "2020-2020", "mt": 1, "in": 1, "pr": "batting_fielding_first=2;result=5", "ds": 0, "ct": 0, "st": 0, "ck": 0, "cf": 0, "mds": "0", "dspi": 0}]}, {"type": "TOURNAMENT_TYPE", "stats": [{"tt": "2 team series", "sp": "2019-2021", "mt": 15, "in": 15, "pr": "tournament_type=2", "ds": 8, "ct": 8, "st": 0, "ck": 0, "cf": 8, "mds": "2 (2ct 0st)", "dspi": 0.533}]}, {"type": "MATCH_NUMBER", "stats": [{"tt": "1st match in series", "sp": "2019-2021", "mt": 4, "in": 4, "pr": "match_number=1", "ds": 1, "ct": 1, "st": 0, "ck": 0, "cf": 1, "mds": "1 (1ct 0st)", "dspi": 0.25}, {"tt": "2nd match in series", "sp": "2019-2021", "mt": 4, "in": 4, "pr": "match_number=2", "ds": 3, "ct": 3, "st": 0, "ck": 0, "cf": 3, "mds": "2 (2ct 0st)", "dspi": 0.75}, {"tt": "3rd match in series", "sp": "2019-2021", "mt": 4, "in": 4, "pr": "match_number=3", "ds": 2, "ct": 2, "st": 0, "ck": 0, "cf": 2, "mds": "1 (1ct 0st)", "dspi": 0.5}, {"tt": "4th match in series", "sp": "2019-2020", "mt": 2, "in": 2, "pr": "match_number=4", "ds": 2, "ct": 2, "st": 0, "ck": 0, "cf": 2, "mds": "2 (2ct 0st)", "dspi": 1}, {"tt": "5th match in series", "sp": "2020-2020", "mt": 1, "in": 1, "pr": "match_number=5", "ds": 0, "ct": 0, "st": 0, "ck": 0, "cf": 0, "mds": "0", "dspi": 0}]}]}}