{"summary": {"recordClassId": 3, "type": "BOWLING", "groups": [{"type": "CAREER_AVERAGES", "stats": [{"bl": null, "tt": "overview", "sp": "2019-2021", "mt": 15, "in": 6, "pr": null, "ov": 11.1, "cd": 110, "md": 0, "wk": 5, "fwk": 0, "fw": 0, "tw": 0, "bbi": "2/27", "bbm": "2/27", "bwa": 22, "bwe": 9.85, "bwsr": 13.4}]}, {"type": "OPPOSITION_TEAM", "stats": [{"bl": null, "tt": "vs Bangladesh", "sp": "2021-2021", "mt": 3, "in": 1, "pr": "opposition=25", "ov": 2, "cd": 21, "md": 0, "wk": 0, "fwk": 0, "fw": 0, "tw": 0, "bbi": null, "bbm": null, "bwa": null, "bwe": 10.5, "bwsr": null}, {"bl": null, "tt": "vs England", "sp": "2019-2019", "mt": 3, "in": 2, "pr": "opposition=1", "ov": 2.5, "cd": 34, "md": 0, "wk": 1, "fwk": 0, "fw": 0, "tw": 0, "bbi": "1/9", "bbm": "1/9", "bwa": 34, "bwe": 12, "bwsr": 17}, {"bl": null, "tt": "vs India", "sp": "2019-2020", "mt": 5, "in": 3, "pr": "opposition=6", "ov": 6.2, "cd": 55, "md": 0, "wk": 4, "fwk": 0, "fw": 0, "tw": 0, "bbi": "2/27", "bbm": "2/27", "bwa": 13.75, "bwe": 8.68, "bwsr": 9.5}, {"bl": null, "tt": "vs Sri Lanka", "sp": "2019-2019", "mt": 3, "in": null, "pr": "opposition=8", "ov": null, "cd": null, "md": null, "wk": null, "fwk": null, "fw": null, "tw": null, "bbi": null, "bbm": null, "bwa": null, "bwe": null, "bwsr": null}, {"bl": null, "tt": "vs West Indies", "sp": "2020-2020", "mt": 1, "in": null, "pr": "opposition=4", "ov": null, "cd": null, "md": null, "wk": null, "fwk": null, "fw": null, "tw": null, "bbi": null, "bbm": null, "bwa": null, "bwe": null, "bwsr": null}]}, {"type": "HOST_COUNTRY", "stats": [{"bl": null, "tt": "in New Zealand", "sp": "2019-2021", "mt": 12, "in": 6, "pr": "host=5", "ov": 11.1, "cd": 110, "md": 0, "wk": 5, "fwk": 0, "fw": 0, "tw": 0, "bbi": "2/27", "bbm": "2/27", "bwa": 22, "bwe": 9.85, "bwsr": 13.4}, {"bl": null, "tt": "in Sri Lanka", "sp": "2019-2019", "mt": 3, "in": null, "pr": "host=8", "ov": null, "cd": null, "md": null, "wk": null, "fwk": null, "fw": null, "tw": null, "bbi": null, "bbm": null, "bwa": null, "bwe": null, "bwsr": null}]}, {"type": "CONTINENT", "stats": [{"bl": null, "tt": "in Asia", "sp": "2019-2019", "mt": 3, "in": null, "pr": "continent=2", "ov": null, "cd": null, "md": null, "wk": null, "fwk": null, "fw": null, "tw": null, "bbi": null, "bbm": null, "bwa": null, "bwe": null, "bwsr": null}, {"bl": null, "tt": "in Oceania", "sp": "2019-2021", "mt": 12, "in": 6, "pr": "continent=5", "ov": 11.1, "cd": 110, "md": 0, "wk": 5, "fwk": 0, "fw": 0, "tw": 0, "bbi": "2/27", "bbm": "2/27", "bwa": 22, "bwe": 9.85, "bwsr": 13.4}]}, {"type": "HOME_OR_AWAY", "stats": [{"bl": null, "tt": "home", "sp": "2019-2021", "mt": 12, "in": 6, "pr": "home_or_away=1", "ov": 11.1, "cd": 110, "md": 0, "wk": 5, "fwk": 0, "fw": 0, "tw": 0, "bbi": "2/27", "bbm": "2/27", "bwa": 22, "bwe": 9.85, "bwsr": 13.4}, {"bl": null, "tt": "away", "sp": "2019-2019", "mt": 3, "in": null, "pr": "home_or_away=2", "ov": null, "cd": null, "md": null, "wk": null, "fwk": null, "fw": null, "tw": null, "bbi": null, "bbm": null, "bwa": null, "bwe": null, "bwsr": null}]}, {"type": "YEAR", "stats": [{"bl": null, "tt": "year 2019", "sp": null, "mt": 9, "in": 5, "pr": "year=2019", "ov": 9.1, "cd": 89, "md": 0, "wk": 5, "fwk": 0, "fw": 0, "tw": 0, "bbi": "2/27", "bbm": "2/27", "bwa": 17.8, "bwe": 9.7, "bwsr": 11}, {"bl": null, "tt": "year 2020", "sp": null, "mt": 3, "in": null, "pr": "year=2020", "ov": null, "cd": null, "md": null, "wk": null, "fwk": null, "fw": null, "tw": null, "bbi": null, "bbm": null, "bwa": null, "bwe": null, "bwsr": null}, {"bl": null, "tt": "year 2021", "sp": null, "mt": 3, "in": 1, "pr": "year=2021", "ov": 2, "cd": 21, "md": 0, "wk": 0, "fwk": 0, "fw": 0, "tw": 0, "bbi": null, "bbm": null, "bwa": null, "bwe": 10.5, "bwsr": null}]}, {"type": "SEASON", "stats": [{"bl": null, "tt": "season 2018/19", "sp": null, "mt": 3, "in": 3, "pr": "season=2018/19", "ov": 6.2, "cd": 55, "md": 0, "wk": 4, "fwk": 0, "fw": 0, "tw": 0, "bbi": "2/27", "bbm": "2/27", "bwa": 13.75, "bwe": 8.68, "bwsr": 9.5}, {"bl": null, "tt": "season 2019", "sp": null, "mt": 3, "in": null, "pr": "season=2019", "ov": null, "cd": null, "md": null, "wk": null, "fwk": null, "fw": null, "tw": null, "bbi": null, "bbm": null, "bwa": null, "bwe": null, "bwsr": null}, {"bl": null, "tt": "season 2019/20", "sp": null, "mt": 5, "in": 2, "pr": "season=2019/20", "ov": 2.5, "cd": 34, "md": 0, "wk": 1, "fwk": 0, "fw": 0, "tw": 0, "bbi": "1/9", "bbm": "1/9", "bwa": 34, "bwe": 12, "bwsr": 17}, {"bl": null, "tt": "season 2020/21", "sp": null, "mt": 4, "in": 1, "pr": "season=2020/21", "ov": 2, "cd": 21, "md": 0, "wk": 0, "fwk": 0, "fw": 0, "tw": 0, "bbi": null, "bbm": null, "bwa": null, "bwe": 10.5, "bwsr": null}]}, {"type": "CAPTAINS_INVOLVED", "stats": [{"bl": null, "tt": "*MJ Santner", "sp": "2020-2020", "mt": 1, "in": null, "pr": "captain_involve=64864", "ov": null, "cd": null, "md": null, "wk": null, "fwk": null, "fw": null, "tw": null, "bbi": null, "bbm": null, "bwa": null, "bwe": null, "bwsr": null}, {"bl": null, "tt": "*TG Southee", "sp": "2019-2021", "mt": 11, "in": 3, "pr": "captain_involve=49108", "ov": 4.5, "cd": 55, "md": 0, "wk": 1, "fwk": 0, "fw": 0, "tw": 0, "bbi": "1/9", "bbm": "1/9", "bwa": 55, "bwe": 11.37, "bwsr": 29}, {"bl": null, "tt": "*KS Williamson", "sp": "2019-2019", "mt": 3, "in": 3, "pr": "captain_involve=51088", "ov": 6.2, "cd": 55, "md": 0, "wk": 4, "fwk": 0, "fw": 0, "tw": 0, "bbi": "2/27", "bbm": "2/27", "bwa": 13.75, "bwe": 8.68, "bwsr": 9.5}]}, {"type": "CAPTAIN", "stats": [{"bl": null, "tt": "is not captain", "sp": "2019-2021", "mt": 15, "in": 6, "pr": "captain=0", "ov": 11.1, "cd": 110, "md": 0, "wk": 5, "fwk": 0, "fw": 0, "tw": 0, "bbi": "2/27", "bbm": "2/27", "bwa": 22, "bwe": 9.85, "bwsr": 13.4}]}, {"type": "KEEPER", "stats": [{"bl": null, "tt": "is not keeper", "sp": "2019-2021", "mt": 15, "in": 6, "pr": "keeper=0", "ov": 11.1, "cd": 110, "md": 0, "wk": 5, "fwk": 0, "fw": 0, "tw": 0, "bbi": "2/27", "bbm": "2/27", "bwa": 22, "bwe": 9.85, "bwsr": 13.4}]}, {"type": "TOSS", "stats": [{"bl": null, "tt": "won the toss", "sp": "2019-2021", "mt": 5, "in": 3, "pr": "toss=1", "ov": 4, "cd": 61, "md": 0, "wk": 1, "fwk": 0, "fw": 0, "tw": 0, "bbi": "1/15", "bbm": "1/15", "bwa": 61, "bwe": 15.25, "bwsr": 24}, {"bl": null, "tt": "lost the toss", "sp": "2019-2021", "mt": 10, "in": 3, "pr": "toss=2", "ov": 7.1, "cd": 49, "md": 0, "wk": 4, "fwk": 0, "fw": 0, "tw": 0, "bbi": "2/27", "bbm": "2/27", "bwa": 12.25, "bwe": 6.83, "bwsr": 10.7}]}, {"type": "BATTING_FIELDING_SEQUENCE_AND_TOSS", "stats": [{"bl": null, "tt": "won toss &amp; batted", "sp": "2019-2021", "mt": 2, "in": 2, "pr": "batting_fielding_first=1;toss=1", "ov": 3, "cd": 36, "md": 0, "wk": 1, "fwk": 0, "fw": 0, "tw": 0, "bbi": "1/15", "bbm": "1/15", "bwa": 36, "bwe": 12, "bwsr": 18}, {"bl": null, "tt": "won toss &amp; fielded", "sp": "2019-2020", "mt": 3, "in": 1, "pr": "batting_fielding_first=2;toss=1", "ov": 1, "cd": 25, "md": 0, "wk": 0, "fwk": 0, "fw": 0, "tw": 0, "bbi": null, "bbm": null, "bwa": null, "bwe": 25, "bwsr": null}, {"bl": null, "tt": "lost toss &amp; sent in", "sp": "2019-2021", "mt": 6, "in": 3, "pr": "batting_fielding_first=1;toss=2", "ov": 7.1, "cd": 49, "md": 0, "wk": 4, "fwk": 0, "fw": 0, "tw": 0, "bbi": "2/27", "bbm": "2/27", "bwa": 12.25, "bwe": 6.83, "bwsr": 10.7}, {"bl": null, "tt": "lost toss &amp; fielded", "sp": "2019-2020", "mt": 4, "in": null, "pr": "batting_fielding_first=2;toss=2", "ov": null, "cd": null, "md": null, "wk": null, "fwk": null, "fw": null, "tw": null, "bbi": null, "bbm": null, "bwa": null, "bwe": null, "bwsr": null}]}, {"type": "BATTING_FIELDING_SEQUENCE", "stats": [{"bl": null, "tt": "matches batting first", "sp": "2019-2021", "mt": 8, "in": 5, "pr": "batting_fielding_first=1", "ov": 10.1, "cd": 85, "md": 0, "wk": 5, "fwk": 0, "fw": 0, "tw": 0, "bbi": "2/27", "bbm": "2/27", "bwa": 17, "bwe": 8.36, "bwsr": 12.2}, {"bl": null, "tt": "matches fielding first", "sp": "2019-2020", "mt": 7, "in": 1, "pr": "batting_fielding_first=2", "ov": 1, "cd": 25, "md": 0, "wk": 0, "fwk": 0, "fw": 0, "tw": 0, "bbi": null, "bbm": null, "bwa": null, "bwe": 25, "bwsr": null}]}, {"type": "TEAM_INNINGS", "stats": [{"bl": null, "tt": "1st team innings", "sp": "2019-2021", "mt": 15, "in": 6, "pr": "innings_number=2;innings_number=1", "ov": 11.1, "cd": 110, "md": 0, "wk": 5, "fwk": 0, "fw": 0, "tw": 0, "bbi": "2/27", "bbm": "2/27", "bwa": 22, "bwe": 9.85, "bwsr": 13.4}]}, {"type": "MATCH_INNINGS", "stats": [{"bl": null, "tt": "1st match innings", "sp": "2019-2020", "mt": 7, "in": 1, "pr": "innings_number=1", "ov": 1, "cd": 25, "md": 0, "wk": 0, "fwk": 0, "fw": 0, "tw": 0, "bbi": null, "bbm": null, "bwa": null, "bwe": 25, "bwsr": null}, {"bl": null, "tt": "2nd match innings", "sp": "2019-2021", "mt": 8, "in": 5, "pr": "innings_number=2", "ov": 10.1, "cd": 85, "md": 0, "wk": 5, "fwk": 0, "fw": 0, "tw": 0, "bbi": "2/27", "bbm": "2/27", "bwa": 17, "bwe": 8.36, "bwsr": 12.2}]}, {"type": "FLOODLIT", "stats": [{"bl": null, "tt": "day match", "sp": "2019-2021", "mt": 3, "in": 2, "pr": "floodlit=1", "ov": 3.5, "cd": 30, "md": 0, "wk": 1, "fwk": 0, "fw": 0, "tw": 0, "bbi": "1/9", "bbm": "1/9", "bwa": 30, "bwe": 7.82, "bwsr": 23}, {"bl": null, "tt": "night match", "sp": "2019-2021", "mt": 12, "in": 4, "pr": "floodlit=3", "ov": 7.2, "cd": 80, "md": 0, "wk": 4, "fwk": 0, "fw": 0, "tw": 0, "bbi": "2/27", "bbm": "2/27", "bwa": 20, "bwe": 10.9, "bwsr": 11}]}, {"type": "RESULT", "stats": [{"bl": null, "tt": "won match", "sp": "2019-2021", "mt": 8, "in": 4, "pr": "result=1", "ov": 9.1, "cd": 70, "md": 0, "wk": 4, "fwk": 0, "fw": 0, "tw": 0, "bbi": "2/27", "bbm": "2/27", "bwa": 17.5, "bwe": 7.63, "bwsr": 13.7}, {"bl": null, "tt": "lost match", "sp": "2019-2020", "mt": 5, "in": 2, "pr": "result=2", "ov": 2, "cd": 40, "md": 0, "wk": 1, "fwk": 0, "fw": 0, "tw": 0, "bbi": "1/15", "bbm": "1/15", "bwa": 40, "bwe": 20, "bwsr": 12}, {"bl": null, "tt": "tied match", "sp": "2020-2020", "mt": 1, "in": null, "pr": "result=3", "ov": null, "cd": null, "md": null, "wk": null, "fwk": null, "fw": null, "tw": null, "bbi": null, "bbm": null, "bwa": null, "bwe": null, "bwsr": null}, {"bl": null, "tt": "no result", "sp": "2020-2020", "mt": 1, "in": null, "pr": "result=5", "ov": null, "cd": null, "md": null, "wk": null, "fwk": null, "fw": null, "tw": null, "bbi": null, "bbm": null, "bwa": null, "bwe": null, "bwsr": null}]}, {"type": "BATTING_FIELDING_SEQUENCE_AND_RESULT", "stats": [{"bl": null, "tt": "won batting first", "sp": "2019-2021", "mt": 6, "in": 4, "pr": "batting_fielding_first=1;result=1", "ov": 9.1, "cd": 70, "md": 0, "wk": 4, "fwk": 0, "fw": 0, "tw": 0, "bbi": "2/27", "bbm": "2/27", "bwa": 17.5, "bwe": 7.63, "bwsr": 13.7}, {"bl": null, "tt": "won fielding first", "sp": "2019-2019", "mt": 2, "in": null, "pr": "batting_fielding_first=2;result=1", "ov": null, "cd": null, "md": null, "wk": null, "fwk": null, "fw": null, "tw": null, "bbi": null, "bbm": null, "bwa": null, "bwe": null, "bwsr": null}, {"bl": null, "tt": "lost batting first", "sp": "2019-2019", "mt": 2, "in": 1, "pr": "batting_fielding_first=1;result=2", "ov": 1, "cd": 15, "md": 0, "wk": 1, "fwk": 0, "fw": 0, "tw": 0, "bbi": "1/15", "bbm": "1/15", "bwa": 15, "bwe": 15, "bwsr": 6}, {"bl": null, "tt": "lost fielding first", "sp": "2019-2020", "mt": 3, "in": 1, "pr": "batting_fielding_first=2;result=2", "ov": 1, "cd": 25, "md": 0, "wk": 0, "fwk": 0, "fw": 0, "tw": 0, "bbi": null, "bbm": null, "bwa": null, "bwe": 25, "bwsr": null}, {"bl": null, "tt": "tied fielding first", "sp": "2020-2020", "mt": 1, "in": null, "pr": "batting_fielding_first=2;result=3", "ov": null, "cd": null, "md": null, "wk": null, "fwk": null, "fw": null, "tw": null, "bbi": null, "bbm": null, "bwa": null, "bwe": null, "bwsr": null}, {"bl": null, "tt": "no result fielding first", "sp": "2020-2020", "mt": 1, "in": null, "pr": "batting_fielding_first=2;result=5", "ov": null, "cd": null, "md": null, "wk": null, "fwk": null, "fw": null, "tw": null, "bbi": null, "bbm": null, "bwa": null, "bwe": null, "bwsr": null}]}, {"type": "TOURNAMENT_TYPE", "stats": [{"bl": null, "tt": "2 team series", "sp": "2019-2021", "mt": 15, "in": 6, "pr": "tournament_type=2", "ov": 11.1, "cd": 110, "md": 0, "wk": 5, "fwk": 0, "fw": 0, "tw": 0, "bbi": "2/27", "bbm": "2/27", "bwa": 22, "bwe": 9.85, "bwsr": 13.4}]}, {"type": "MATCH_NUMBER", "stats": [{"bl": null, "tt": "1st match in series", "sp": "2019-2021", "mt": 4, "in": 2, "pr": "match_number=1", "ov": 4.2, "cd": 34, "md": 0, "wk": 1, "fwk": 0, "fw": 0, "tw": 0, "bbi": "1/13", "bbm": "1/13", "bwa": 34, "bwe": 7.84, "bwsr": 26}, {"bl": null, "tt": "2nd match in series", "sp": "2019-2021", "mt": 4, "in": 2, "pr": "match_number=2", "ov": 2.5, "cd": 24, "md": 0, "wk": 2, "fwk": 0, "fw": 0, "tw": 0, "bbi": "1/9", "bbm": "1/9", "bwa": 12, "bwe": 8.47, "bwsr": 8.5}, {"bl": null, "tt": "3rd match in series", "sp": "2019-2021", "mt": 4, "in": 1, "pr": "match_number=3", "ov": 3, "cd": 27, "md": 0, "wk": 2, "fwk": 0, "fw": 0, "tw": 0, "bbi": "2/27", "bbm": "2/27", "bwa": 13.5, "bwe": 9, "bwsr": 9}, {"bl": null, "tt": "4th match in series", "sp": "2019-2020", "mt": 2, "in": 1, "pr": "match_number=4", "ov": 1, "cd": 25, "md": 0, "wk": 0, "fwk": 0, "fw": 0, "tw": 0, "bbi": null, "bbm": null, "bwa": null, "bwe": 25, "bwsr": null}, {"bl": null, "tt": "5th match in series", "sp": "2020-2020", "mt": 1, "in": null, "pr": "match_number=5", "ov": null, "cd": null, "md": null, "wk": null, "fwk": null, "fw": null, "tw": null, "bbi": null, "bbm": null, "bwa": null, "bwe": null, "bwsr": null}]}, {"type": "BOWLING_POSITION", "stats": [{"bl": null, "tt": "5th position", "sp": "2019-2019", "mt": 1, "in": 1, "pr": "bowling_positionval1=bowling_position;bowling_positionmin1=5;bowling_positionmax1=5", "ov": 2.2, "cd": 13, "md": 0, "wk": 1, "fwk": 0, "fw": 0, "tw": 0, "bbi": "1/13", "bbm": "1/13", "bwa": 13, "bwe": 5.57, "bwsr": 14}, {"bl": null, "tt": "6th position", "sp": "2019-2019", "mt": 4, "in": 4, "pr": "bowling_positionval1=bowling_position;bowling_positionmin1=6;bowling_positionmax1=6", "ov": 6.5, "cd": 76, "md": 0, "wk": 4, "fwk": 0, "fw": 0, "tw": 0, "bbi": "2/27", "bbm": "2/27", "bwa": 19, "bwe": 11.12, "bwsr": 10.2}, {"bl": null, "tt": "7th position", "sp": "2021-2021", "mt": 1, "in": 1, "pr": "bowling_positionval1=bowling_position;bowling_positionmin1=7;bowling_positionmax1=7", "ov": 2, "cd": 21, "md": 0, "wk": 0, "fwk": 0, "fw": 0, "tw": 0, "bbi": null, "bbm": null, "bwa": null, "bwe": 10.5, "bwsr": null}]}]}}