{"summary": {"recordClassId": 2, "type": "BATTING", "groups": [{"type": "CAREER_AVERAGES", "stats": [{"tt": "overview", "sp": null, "mt": 3, "in": 2, "pr": null, "rn": 112, "fo": 11, "si": 2, "ft": 0, "hn": 1, "bf": 98, "dk": 0, "no": 2, "hs": "100*", "bta": null, "btsr": 114.28}]}, {"type": "OPPOSITION_TEAM", "stats": [{"tt": "vs Bangladesh", "sp": null, "mt": 3, "in": 2, "pr": "opposition=25", "rn": 112, "fo": 11, "si": 2, "ft": 0, "hn": 1, "bf": 98, "dk": 0, "no": 2, "hs": "100*", "bta": null, "btsr": 114.28}]}, {"type": "HOST_COUNTRY", "stats": [{"tt": "in New Zealand", "sp": null, "mt": 3, "in": 2, "pr": "host=5", "rn": 112, "fo": 11, "si": 2, "ft": 0, "hn": 1, "bf": 98, "dk": 0, "no": 2, "hs": "100*", "bta": null, "btsr": 114.28}]}, {"type": "CONTINENT", "stats": [{"tt": "in Oceania", "sp": null, "mt": 3, "in": 2, "pr": "continent=5", "rn": 112, "fo": 11, "si": 2, "ft": 0, "hn": 1, "bf": 98, "dk": 0, "no": 2, "hs": "100*", "bta": null, "btsr": 114.28}]}, {"type": "HOME_OR_AWAY", "stats": [{"tt": "home", "sp": null, "mt": 3, "in": 2, "pr": "home_or_away=1", "rn": 112, "fo": 11, "si": 2, "ft": 0, "hn": 1, "bf": 98, "dk": 0, "no": 2, "hs": "100*", "bta": null, "btsr": 114.28}]}, {"type": "YEAR", "stats": [{"tt": "year 2021", "sp": null, "mt": 3, "in": 2, "pr": "year=2021", "rn": 112, "fo": 11, "si": 2, "ft": 0, "hn": 1, "bf": 98, "dk": 0, "no": 2, "hs": "100*", "bta": null, "btsr": 114.28}]}, {"type": "SEASON", "stats": [{"tt": "season 2020/21", "sp": null, "mt": 3, "in": 2, "pr": "season=NaN", "rn": 112, "fo": 11, "si": 2, "ft": 0, "hn": 1, "bf": 98, "dk": 0, "no": 2, "hs": "100*", "bta": null, "btsr": 114.28}]}, {"type": "CAPTAINS_INVOLVED", "stats": [{"tt": "*TWM Latham", "sp": null, "mt": 3, "in": 2, "pr": "captain_involve=59148", "rn": 112, "fo": 11, "si": 2, "ft": 0, "hn": 1, "bf": 98, "dk": 0, "no": 2, "hs": "100*", "bta": null, "btsr": 114.28}]}, {"type": "CAPTAIN", "stats": [{"tt": "is not captain", "sp": null, "mt": 3, "in": 2, "pr": "captain=0", "rn": 112, "fo": 11, "si": 2, "ft": 0, "hn": 1, "bf": 98, "dk": 0, "no": 2, "hs": "100*", "bta": null, "btsr": 114.28}]}, {"type": "KEEPER", "stats": [{"tt": "is not keeper", "sp": null, "mt": 3, "in": 2, "pr": "keeper=0", "rn": 112, "fo": 11, "si": 2, "ft": 0, "hn": 1, "bf": 98, "dk": 0, "no": 2, "hs": "100*", "bta": null, "btsr": 114.28}]}, {"type": "TOSS", "stats": [{"tt": "won the toss", "sp": null, "mt": 3, "in": 2, "pr": "toss=1", "rn": 112, "fo": 11, "si": 2, "ft": 0, "hn": 1, "bf": 98, "dk": 0, "no": 2, "hs": "100*", "bta": null, "btsr": 114.28}]}, {"type": "BATTING_FIELDING_SEQUENCE_AND_TOSS", "stats": [{"tt": "won toss &amp; batted", "sp": null, "mt": 1, "in": 1, "pr": "batting_fielding_first=1;toss=1", "rn": 100, "fo": 9, "si": 2, "ft": 0, "hn": 1, "bf": 92, "dk": 0, "no": 1, "hs": "100*", "bta": null, "btsr": 108.69}, {"tt": "won toss &amp; fielded", "sp": null, "mt": 2, "in": 1, "pr": "batting_fielding_first=2;toss=1", "rn": 12, "fo": 2, "si": 0, "ft": 0, "hn": 0, "bf": 6, "dk": 0, "no": 1, "hs": "12*", "bta": null, "btsr": 200}]}, {"type": "BATTING_FIELDING_SEQUENCE", "stats": [{"tt": "matches batting first", "sp": null, "mt": 1, "in": 1, "pr": "batting_fielding_first=1", "rn": 100, "fo": 9, "si": 2, "ft": 0, "hn": 1, "bf": 92, "dk": 0, "no": 1, "hs": "100*", "bta": null, "btsr": 108.69}, {"tt": "matches fielding first", "sp": null, "mt": 2, "in": 1, "pr": "batting_fielding_first=2", "rn": 12, "fo": 2, "si": 0, "ft": 0, "hn": 0, "bf": 6, "dk": 0, "no": 1, "hs": "12*", "bta": null, "btsr": 200}]}, {"type": "TEAM_INNINGS", "stats": [{"tt": "1st team innings", "sp": null, "mt": 3, "in": 2, "pr": null, "rn": 112, "fo": 11, "si": 2, "ft": 0, "hn": 1, "bf": 98, "dk": 0, "no": 2, "hs": "100*", "bta": null, "btsr": 114.28}]}, {"type": "MATCH_INNINGS", "stats": [{"tt": "1st match innings", "sp": null, "mt": 1, "in": 1, "pr": "innings_number=1", "rn": 100, "fo": 9, "si": 2, "ft": 0, "hn": 1, "bf": 92, "dk": 0, "no": 1, "hs": "100*", "bta": null, "btsr": 108.69}, {"tt": "2nd match innings", "sp": null, "mt": 2, "in": 1, "pr": "innings_number=2", "rn": 12, "fo": 2, "si": 0, "ft": 0, "hn": 0, "bf": 6, "dk": 0, "no": 1, "hs": "12*", "bta": null, "btsr": 200}]}, {"type": "FLOODLIT", "stats": [{"tt": "day match", "sp": null, "mt": 2, "in": 1, "pr": "floodlit=1", "rn": 100, "fo": 9, "si": 2, "ft": 0, "hn": 1, "bf": 92, "dk": 0, "no": 1, "hs": "100*", "bta": null, "btsr": 108.69}, {"tt": "day/night match", "sp": null, "mt": 1, "in": 1, "pr": "floodlit=2", "rn": 12, "fo": 2, "si": 0, "ft": 0, "hn": 0, "bf": 6, "dk": 0, "no": 1, "hs": "12*", "bta": null, "btsr": 200}]}, {"type": "RESULT", "stats": [{"tt": "won match", "sp": null, "mt": 3, "in": 2, "pr": "result=1", "rn": 112, "fo": 11, "si": 2, "ft": 0, "hn": 1, "bf": 98, "dk": 0, "no": 2, "hs": "100*", "bta": null, "btsr": 114.28}]}, {"type": "BATTING_FIELDING_SEQUENCE_AND_RESULT", "stats": [{"tt": "won batting first", "sp": null, "mt": 1, "in": 1, "pr": "batting_fielding_first=1;result=1", "rn": 100, "fo": 9, "si": 2, "ft": 0, "hn": 1, "bf": 92, "dk": 0, "no": 1, "hs": "100*", "bta": null, "btsr": 108.69}, {"tt": "won fielding first", "sp": null, "mt": 2, "in": 1, "pr": "batting_fielding_first=2;result=1", "rn": 12, "fo": 2, "si": 0, "ft": 0, "hn": 0, "bf": 6, "dk": 0, "no": 1, "hs": "12*", "bta": null, "btsr": 200}]}, {"type": "TOURNAMENT_TYPE", "stats": [{"tt": "2 team series", "sp": null, "mt": 3, "in": 2, "pr": "tournament_type=2", "rn": 112, "fo": 11, "si": 2, "ft": 0, "hn": 1, "bf": 98, "dk": 0, "no": 2, "hs": "100*", "bta": null, "btsr": 114.28}, {"tt": "5+ team tournaments", "sp": null, "mt": 3, "in": 2, "pr": "tournament_type=5", "rn": 112, "fo": 11, "si": 2, "ft": 0, "hn": 1, "bf": 98, "dk": 0, "no": 2, "hs": "100*", "bta": null, "btsr": 114.28}]}, {"type": "MATCH_NUMBER", "stats": [{"tt": "1st match in series", "sp": null, "mt": 1, "in": null, "pr": "match_number=1", "rn": null, "fo": null, "si": null, "ft": null, "hn": null, "bf": null, "dk": null, "no": null, "hs": null, "bta": null, "btsr": null}, {"tt": "2nd match in series", "sp": null, "mt": 1, "in": 1, "pr": "match_number=2", "rn": 12, "fo": 2, "si": 0, "ft": 0, "hn": 0, "bf": 6, "dk": 0, "no": 1, "hs": "12*", "bta": null, "btsr": 200}, {"tt": "3rd match in series", "sp": null, "mt": 1, "in": 1, "pr": "match_number=3", "rn": 100, "fo": 9, "si": 2, "ft": 0, "hn": 1, "bf": 92, "dk": 0, "no": 1, "hs": "100*", "bta": null, "btsr": 108.69}]}, {"type": "BATTING_POSITION", "stats": [{"tt": "6th position", "sp": null, "mt": 1, "in": 1, "pr": "batting_positionval1=batting_position;batting_positionmin1=6;batting_positionmax1=6", "rn": 100, "fo": 9, "si": 2, "ft": 0, "hn": 1, "bf": 92, "dk": 0, "no": 1, "hs": "100*", "bta": null, "btsr": 108.69}, {"tt": "7th position", "sp": null, "mt": 1, "in": 1, "pr": "batting_positionval1=batting_position;batting_positionmin1=7;batting_positionmax1=7", "rn": 12, "fo": 2, "si": 0, "ft": 0, "hn": 0, "bf": 6, "dk": 0, "no": 1, "hs": "12*", "bta": null, "btsr": 200}]}]}}