{"summary": {"recordClassId": 3, "type": "BATTING", "groups": [{"type": "CAREER_AVERAGES", "stats": [{"tt": "overview", "sp": "2019-2021", "mt": 15, "in": 13, "pr": null, "rn": 148, "fo": 13, "si": 4, "ft": 0, "hn": 0, "bf": 108, "dk": 0, "no": 4, "hs": "34*", "bta": 16.44, "btsr": 137.03}]}, {"type": "OPPOSITION_TEAM", "stats": [{"tt": "vs Bangladesh", "sp": "2021-2021", "mt": 3, "in": 2, "pr": "opposition=25", "rn": 45, "fo": 7, "si": 0, "ft": 0, "hn": 0, "bf": 22, "dk": 0, "no": 1, "hs": "34*", "bta": 45, "btsr": 204.54}, {"tt": "vs England", "sp": "2019-2019", "mt": 3, "in": 3, "pr": "opposition=1", "rn": 37, "fo": 1, "si": 2, "ft": 0, "hn": 0, "bf": 31, "dk": 0, "no": 1, "hs": "30*", "bta": 18.5, "btsr": 119.35}, {"tt": "vs India", "sp": "2019-2020", "mt": 5, "in": 5, "pr": "opposition=6", "rn": 34, "fo": 5, "si": 0, "ft": 0, "hn": 0, "bf": 26, "dk": 0, "no": 1, "hs": "19*", "bta": 8.5, "btsr": 130.76}, {"tt": "vs Sri Lanka", "sp": "2019-2019", "mt": 3, "in": 3, "pr": "opposition=8", "rn": 32, "fo": 0, "si": 2, "ft": 0, "hn": 0, "bf": 29, "dk": 0, "no": 1, "hs": "25*", "bta": 16, "btsr": 110.34}, {"tt": "vs West Indies", "sp": "2020-2020", "mt": 1, "in": null, "pr": "opposition=4", "rn": null, "fo": null, "si": null, "ft": null, "hn": null, "bf": null, "dk": null, "no": null, "hs": null, "bta": null, "btsr": null}]}, {"type": "HOST_COUNTRY", "stats": [{"tt": "in New Zealand", "sp": "2019-2021", "mt": 12, "in": 10, "pr": "host=5", "rn": 116, "fo": 13, "si": 2, "ft": 0, "hn": 0, "bf": 79, "dk": 0, "no": 3, "hs": "34*", "bta": 16.57, "btsr": 146.83}, {"tt": "in Sri Lanka", "sp": "2019-2019", "mt": 3, "in": 3, "pr": "host=8", "rn": 32, "fo": 0, "si": 2, "ft": 0, "hn": 0, "bf": 29, "dk": 0, "no": 1, "hs": "25*", "bta": 16, "btsr": 110.34}]}, {"type": "CONTINENT", "stats": [{"tt": "in Asia", "sp": "2019-2019", "mt": 3, "in": 3, "pr": "continent=2", "rn": 32, "fo": 0, "si": 2, "ft": 0, "hn": 0, "bf": 29, "dk": 0, "no": 1, "hs": "25*", "bta": 16, "btsr": 110.34}, {"tt": "in Oceania", "sp": "2019-2021", "mt": 12, "in": 10, "pr": "continent=5", "rn": 116, "fo": 13, "si": 2, "ft": 0, "hn": 0, "bf": 79, "dk": 0, "no": 3, "hs": "34*", "bta": 16.57, "btsr": 146.83}]}, {"type": "HOME_OR_AWAY", "stats": [{"tt": "home", "sp": "2019-2021", "mt": 12, "in": 10, "pr": "home_or_away=1", "rn": 116, "fo": 13, "si": 2, "ft": 0, "hn": 0, "bf": 79, "dk": 0, "no": 3, "hs": "34*", "bta": 16.57, "btsr": 146.83}, {"tt": "away", "sp": "2019-2019", "mt": 3, "in": 3, "pr": "home_or_away=2", "rn": 32, "fo": 0, "si": 2, "ft": 0, "hn": 0, "bf": 29, "dk": 0, "no": 1, "hs": "25*", "bta": 16, "btsr": 110.34}]}, {"type": "YEAR", "stats": [{"tt": "year 2019", "sp": null, "mt": 9, "in": 9, "pr": "year=2019", "rn": 97, "fo": 5, "si": 4, "ft": 0, "hn": 0, "bf": 79, "dk": 0, "no": 3, "hs": "30*", "bta": 16.16, "btsr": 122.78}, {"tt": "year 2020", "sp": null, "mt": 3, "in": 2, "pr": "year=2020", "rn": 6, "fo": 1, "si": 0, "ft": 0, "hn": 0, "bf": 7, "dk": 0, "no": 0, "hs": "4", "bta": 3, "btsr": 85.71}, {"tt": "year 2021", "sp": null, "mt": 3, "in": 2, "pr": "year=2021", "rn": 45, "fo": 7, "si": 0, "ft": 0, "hn": 0, "bf": 22, "dk": 0, "no": 1, "hs": "34*", "bta": 45, "btsr": 204.54}]}, {"type": "SEASON", "stats": [{"tt": "season 2018/19", "sp": null, "mt": 3, "in": 3, "pr": "season=NaN", "rn": 28, "fo": 4, "si": 0, "ft": 0, "hn": 0, "bf": 19, "dk": 0, "no": 1, "hs": "19*", "bta": 14, "btsr": 147.36}, {"tt": "season 2019", "sp": null, "mt": 3, "in": 3, "pr": "season=2019", "rn": 32, "fo": 0, "si": 2, "ft": 0, "hn": 0, "bf": 29, "dk": 0, "no": 1, "hs": "25*", "bta": 16, "btsr": 110.34}, {"tt": "season 2019/20", "sp": null, "mt": 5, "in": 5, "pr": "season=NaN", "rn": 43, "fo": 2, "si": 2, "ft": 0, "hn": 0, "bf": 38, "dk": 0, "no": 1, "hs": "30*", "bta": 10.75, "btsr": 113.15}, {"tt": "season 2020/21", "sp": null, "mt": 4, "in": 2, "pr": "season=NaN", "rn": 45, "fo": 7, "si": 0, "ft": 0, "hn": 0, "bf": 22, "dk": 0, "no": 1, "hs": "34*", "bta": 45, "btsr": 204.54}]}, {"type": "CAPTAINS_INVOLVED", "stats": [{"tt": "*MJ Santner", "sp": "2020-2020", "mt": 1, "in": null, "pr": "captain_involve=64864", "rn": null, "fo": null, "si": null, "ft": null, "hn": null, "bf": null, "dk": null, "no": null, "hs": null, "bta": null, "btsr": null}, {"tt": "*TG Southee", "sp": "2019-2021", "mt": 11, "in": 10, "pr": "captain_involve=49108", "rn": 120, "fo": 9, "si": 4, "ft": 0, "hn": 0, "bf": 89, "dk": 0, "no": 3, "hs": "34*", "bta": 17.14, "btsr": 134.83}, {"tt": "*KS Williamson", "sp": "2019-2019", "mt": 3, "in": 3, "pr": "captain_involve=51088", "rn": 28, "fo": 4, "si": 0, "ft": 0, "hn": 0, "bf": 19, "dk": 0, "no": 1, "hs": "19*", "bta": 14, "btsr": 147.36}]}, {"type": "CAPTAIN", "stats": [{"tt": "is not captain", "sp": "2019-2021", "mt": 15, "in": 13, "pr": "captain=0", "rn": 148, "fo": 13, "si": 4, "ft": 0, "hn": 0, "bf": 108, "dk": 0, "no": 4, "hs": "34*", "bta": 16.44, "btsr": 137.03}]}, {"type": "KEEPER", "stats": [{"tt": "is not keeper", "sp": "2019-2021", "mt": 15, "in": 13, "pr": "keeper=0", "rn": 148, "fo": 13, "si": 4, "ft": 0, "hn": 0, "bf": 108, "dk": 0, "no": 4, "hs": "34*", "bta": 16.44, "btsr": 137.03}]}, {"type": "TOSS", "stats": [{"tt": "won the toss", "sp": "2019-2021", "mt": 5, "in": 3, "pr": "toss=1", "rn": 7, "fo": 1, "si": 0, "ft": 0, "hn": 0, "bf": 10, "dk": 0, "no": 0, "hs": "4", "bta": 2.33, "btsr": 70}, {"tt": "lost the toss", "sp": "2019-2021", "mt": 10, "in": 10, "pr": "toss=2", "rn": 141, "fo": 12, "si": 4, "ft": 0, "hn": 0, "bf": 98, "dk": 0, "no": 4, "hs": "34*", "bta": 23.5, "btsr": 143.87}]}, {"type": "BATTING_FIELDING_SEQUENCE_AND_TOSS", "stats": [{"tt": "won toss &amp; batted", "sp": "2019-2021", "mt": 2, "in": 1, "pr": "batting_fielding_first=1;toss=1", "rn": 1, "fo": 0, "si": 0, "ft": 0, "hn": 0, "bf": 2, "dk": 0, "no": 0, "hs": "1", "bta": 1, "btsr": 50}, {"tt": "won toss &amp; fielded", "sp": "2019-2020", "mt": 3, "in": 2, "pr": "batting_fielding_first=2;toss=1", "rn": 6, "fo": 1, "si": 0, "ft": 0, "hn": 0, "bf": 8, "dk": 0, "no": 0, "hs": "4", "bta": 3, "btsr": 75}, {"tt": "lost toss &amp; sent in", "sp": "2019-2021", "mt": 6, "in": 6, "pr": "batting_fielding_first=1;toss=2", "rn": 107, "fo": 12, "si": 2, "ft": 0, "hn": 0, "bf": 65, "dk": 0, "no": 3, "hs": "34*", "bta": 35.66, "btsr": 164.61}, {"tt": "lost toss &amp; fielded", "sp": "2019-2020", "mt": 4, "in": 4, "pr": "batting_fielding_first=2;toss=2", "rn": 34, "fo": 0, "si": 2, "ft": 0, "hn": 0, "bf": 33, "dk": 0, "no": 1, "hs": "25*", "bta": 11.33, "btsr": 103.03}]}, {"type": "BATTING_FIELDING_SEQUENCE", "stats": [{"tt": "matches batting first", "sp": "2019-2021", "mt": 8, "in": 7, "pr": "batting_fielding_first=1", "rn": 108, "fo": 12, "si": 2, "ft": 0, "hn": 0, "bf": 67, "dk": 0, "no": 3, "hs": "34*", "bta": 27, "btsr": 161.19}, {"tt": "matches fielding first", "sp": "2019-2020", "mt": 7, "in": 6, "pr": "batting_fielding_first=2", "rn": 40, "fo": 1, "si": 2, "ft": 0, "hn": 0, "bf": 41, "dk": 0, "no": 1, "hs": "25*", "bta": 8, "btsr": 97.56}]}, {"type": "TEAM_INNINGS", "stats": [{"tt": "1st team innings", "sp": "2019-2021", "mt": 14, "in": 13, "pr": null, "rn": 148, "fo": 13, "si": 4, "ft": 0, "hn": 0, "bf": 108, "dk": 0, "no": 4, "hs": "34*", "bta": 16.44, "btsr": 137.03}]}, {"type": "MATCH_INNINGS", "stats": [{"tt": "1st match innings", "sp": "2019-2021", "mt": 8, "in": 7, "pr": "innings_number=1", "rn": 108, "fo": 12, "si": 2, "ft": 0, "hn": 0, "bf": 67, "dk": 0, "no": 3, "hs": "34*", "bta": 27, "btsr": 161.19}, {"tt": "2nd match innings", "sp": "2019-2020", "mt": 6, "in": 6, "pr": "innings_number=2", "rn": 40, "fo": 1, "si": 2, "ft": 0, "hn": 0, "bf": 41, "dk": 0, "no": 1, "hs": "25*", "bta": 8, "btsr": 97.56}]}, {"type": "FLOODLIT", "stats": [{"tt": "day match", "sp": "2019-2021", "mt": 3, "in": 2, "pr": "floodlit=1", "rn": 35, "fo": 1, "si": 2, "ft": 0, "hn": 0, "bf": 26, "dk": 0, "no": 1, "hs": "30*", "bta": 35, "btsr": 134.61}, {"tt": "night match", "sp": "2019-2021", "mt": 12, "in": 11, "pr": "floodlit=3", "rn": 113, "fo": 12, "si": 2, "ft": 0, "hn": 0, "bf": 82, "dk": 0, "no": 3, "hs": "34*", "bta": 14.12, "btsr": 137.8}]}, {"type": "RESULT", "stats": [{"tt": "won match", "sp": "2019-2021", "mt": 8, "in": 7, "pr": "result=1", "rn": 103, "fo": 11, "si": 2, "ft": 0, "hn": 0, "bf": 70, "dk": 0, "no": 3, "hs": "34*", "bta": 25.75, "btsr": 147.14}, {"tt": "lost match", "sp": "2019-2020", "mt": 5, "in": 5, "pr": "result=2", "rn": 41, "fo": 1, "si": 2, "ft": 0, "hn": 0, "bf": 35, "dk": 0, "no": 1, "hs": "30*", "bta": 10.25, "btsr": 117.14}, {"tt": "tied match", "sp": "2020-2020", "mt": 1, "in": 1, "pr": "result=3", "rn": 4, "fo": 1, "si": 0, "ft": 0, "hn": 0, "bf": 3, "dk": 0, "no": 0, "hs": "4", "bta": 4, "btsr": 133.33}, {"tt": "no result", "sp": "2020-2020", "mt": 1, "in": null, "pr": "result=5", "rn": null, "fo": null, "si": null, "ft": null, "hn": null, "bf": null, "dk": null, "no": null, "hs": null, "bta": null, "btsr": null}]}, {"type": "BATTING_FIELDING_SEQUENCE_AND_RESULT", "stats": [{"tt": "won batting first", "sp": "2019-2021", "mt": 6, "in": 5, "pr": "batting_fielding_first=1;result=1", "rn": 77, "fo": 11, "si": 0, "ft": 0, "hn": 0, "bf": 48, "dk": 0, "no": 2, "hs": "34*", "bta": 25.66, "btsr": 160.41}, {"tt": "won fielding first", "sp": "2019-2019", "mt": 2, "in": 2, "pr": "batting_fielding_first=2;result=1", "rn": 26, "fo": 0, "si": 2, "ft": 0, "hn": 0, "bf": 22, "dk": 0, "no": 1, "hs": "25*", "bta": 26, "btsr": 118.18}, {"tt": "lost batting first", "sp": "2019-2019", "mt": 2, "in": 2, "pr": "batting_fielding_first=1;result=2", "rn": 31, "fo": 1, "si": 2, "ft": 0, "hn": 0, "bf": 19, "dk": 0, "no": 1, "hs": "30*", "bta": 31, "btsr": 163.15}, {"tt": "lost fielding first", "sp": "2019-2020", "mt": 3, "in": 3, "pr": "batting_fielding_first=2;result=2", "rn": 10, "fo": 0, "si": 0, "ft": 0, "hn": 0, "bf": 16, "dk": 0, "no": 0, "hs": "6", "bta": 3.33, "btsr": 62.5}, {"tt": "tied fielding first", "sp": "2020-2020", "mt": 1, "in": 1, "pr": "batting_fielding_first=2;result=3", "rn": 4, "fo": 1, "si": 0, "ft": 0, "hn": 0, "bf": 3, "dk": 0, "no": 0, "hs": "4", "bta": 4, "btsr": 133.33}, {"tt": "no result fielding first", "sp": "2020-2020", "mt": 1, "in": null, "pr": "batting_fielding_first=2;result=5", "rn": null, "fo": null, "si": null, "ft": null, "hn": null, "bf": null, "dk": null, "no": null, "hs": null, "bta": null, "btsr": null}]}, {"type": "TOURNAMENT_TYPE", "stats": [{"tt": "2 team series", "sp": "2019-2021", "mt": 15, "in": 13, "pr": "tournament_type=2", "rn": 148, "fo": 13, "si": 4, "ft": 0, "hn": 0, "bf": 108, "dk": 0, "no": 4, "hs": "34*", "bta": 16.44, "btsr": 137.03}]}, {"type": "MATCH_NUMBER", "stats": [{"tt": "1st match in series", "sp": "2019-2021", "mt": 4, "in": 3, "pr": "match_number=1", "rn": 63, "fo": 2, "si": 4, "ft": 0, "hn": 0, "bf": 42, "dk": 0, "no": 2, "hs": "30*", "bta": 63, "btsr": 150}, {"tt": "2nd match in series", "sp": "2019-2021", "mt": 4, "in": 4, "pr": "match_number=2", "rn": 41, "fo": 6, "si": 0, "ft": 0, "hn": 0, "bf": 30, "dk": 0, "no": 1, "hs": "34*", "bta": 13.66, "btsr": 136.66}, {"tt": "3rd match in series", "sp": "2019-2021", "mt": 4, "in": 3, "pr": "match_number=3", "rn": 36, "fo": 4, "si": 0, "ft": 0, "hn": 0, "bf": 24, "dk": 0, "no": 1, "hs": "19*", "bta": 18, "btsr": 150}, {"tt": "4th match in series", "sp": "2019-2020", "mt": 2, "in": 2, "pr": "match_number=4", "rn": 6, "fo": 1, "si": 0, "ft": 0, "hn": 0, "bf": 8, "dk": 0, "no": 0, "hs": "4", "bta": 3, "btsr": 75}, {"tt": "5th match in series", "sp": "2020-2020", "mt": 1, "in": 1, "pr": "match_number=5", "rn": 2, "fo": 0, "si": 0, "ft": 0, "hn": 0, "bf": 4, "dk": 0, "no": 0, "hs": "2", "bta": 2, "btsr": 50}]}, {"type": "BATTING_POSITION", "stats": [{"tt": "4th position", "sp": "2019-2021", "mt": 3, "in": 3, "pr": "batting_positionval1=batting_position;batting_positionmin1=4;batting_positionmax1=4", "rn": 20, "fo": 2, "si": 0, "ft": 0, "hn": 0, "bf": 14, "dk": 0, "no": 0, "hs": "11", "bta": 6.66, "btsr": 142.85}, {"tt": "5th position", "sp": "2019-2019", "mt": 1, "in": 1, "pr": "batting_positionval1=batting_position;batting_positionmin1=5;batting_positionmax1=5", "rn": 19, "fo": 3, "si": 0, "ft": 0, "hn": 0, "bf": 11, "dk": 0, "no": 1, "hs": "19*", "bta": null, "btsr": 172.72}, {"tt": "6th position", "sp": "2019-2020", "mt": 8, "in": 8, "pr": "batting_positionval1=batting_position;batting_positionmin1=6;batting_positionmax1=6", "rn": 75, "fo": 2, "si": 4, "ft": 0, "hn": 0, "bf": 67, "dk": 0, "no": 2, "hs": "30*", "bta": 12.5, "btsr": 111.94}, {"tt": "7th position", "sp": "2021-2021", "mt": 1, "in": 1, "pr": "batting_positionval1=batting_position;batting_positionmin1=7;batting_positionmax1=7", "rn": 34, "fo": 6, "si": 0, "ft": 0, "hn": 0, "bf": 16, "dk": 0, "no": 1, "hs": "34*", "bta": null, "btsr": 212.5}]}]}}