{"summary": {"recordClassId": 2, "type": "FIELDING", "groups": [{"type": "CAREER_AVERAGES", "stats": [{"tt": "overview", "sp": "2021-2021", "mt": 3, "in": 3, "pr": null, "ds": 0, "ct": 0, "st": 0, "ck": 0, "cf": 0, "mds": "0", "dspi": 0}]}, {"type": "OPPOSITION_TEAM", "stats": [{"tt": "vs Bangladesh", "sp": "2021-2021", "mt": 3, "in": 3, "pr": "opposition=25", "ds": 0, "ct": 0, "st": 0, "ck": 0, "cf": 0, "mds": "0", "dspi": 0}]}, {"type": "HOST_COUNTRY", "stats": [{"tt": "in New Zealand", "sp": "2021-2021", "mt": 3, "in": 3, "pr": "host=5", "ds": 0, "ct": 0, "st": 0, "ck": 0, "cf": 0, "mds": "0", "dspi": 0}]}, {"type": "CONTINENT", "stats": [{"tt": "in Oceania", "sp": "2021-2021", "mt": 3, "in": 3, "pr": "continent=5", "ds": 0, "ct": 0, "st": 0, "ck": 0, "cf": 0, "mds": "0", "dspi": 0}]}, {"type": "HOME_OR_AWAY", "stats": [{"tt": "home", "sp": "2021-2021", "mt": 3, "in": 3, "pr": "home_or_away=1", "ds": 0, "ct": 0, "st": 0, "ck": 0, "cf": 0, "mds": "0", "dspi": 0}]}, {"type": "YEAR", "stats": [{"tt": "year 2021", "sp": null, "mt": 3, "in": 3, "pr": "year=2021", "ds": 0, "ct": 0, "st": 0, "ck": 0, "cf": 0, "mds": "0", "dspi": 0}]}, {"type": "SEASON", "stats": [{"tt": "season 2020/21", "sp": null, "mt": 3, "in": 3, "pr": "season=2020/21", "ds": 0, "ct": 0, "st": 0, "ck": 0, "cf": 0, "mds": "0", "dspi": 0}]}, {"type": "CAPTAINS_INVOLVED", "stats": [{"tt": "*TWM Latham", "sp": "2021-2021", "mt": 3, "in": 3, "pr": "captain_involve=59148", "ds": 0, "ct": 0, "st": 0, "ck": 0, "cf": 0, "mds": "0", "dspi": 0}]}, {"type": "CAPTAIN", "stats": [{"tt": "is not captain", "sp": "2021-2021", "mt": 3, "in": 3, "pr": "captain=0", "ds": 0, "ct": 0, "st": 0, "ck": 0, "cf": 0, "mds": "0", "dspi": 0}]}, {"type": "KEEPER", "stats": [{"tt": "is not keeper", "sp": "2021-2021", "mt": 3, "in": 3, "pr": "keeper=0", "ds": 0, "ct": 0, "st": 0, "ck": 0, "cf": 0, "mds": "0", "dspi": 0}]}, {"type": "TOSS", "stats": [{"tt": "won the toss", "sp": "2021-2021", "mt": 3, "in": 3, "pr": "toss=1", "ds": 0, "ct": 0, "st": 0, "ck": 0, "cf": 0, "mds": "0", "dspi": 0}]}, {"type": "BATTING_FIELDING_SEQUENCE_AND_TOSS", "stats": [{"tt": "won toss &amp; batted", "sp": "2021-2021", "mt": 1, "in": 1, "pr": "batting_fielding_first=1;toss=1", "ds": 0, "ct": 0, "st": 0, "ck": 0, "cf": 0, "mds": "0", "dspi": 0}, {"tt": "won toss &amp; fielded", "sp": "2021-2021", "mt": 2, "in": 2, "pr": "batting_fielding_first=2;toss=1", "ds": 0, "ct": 0, "st": 0, "ck": 0, "cf": 0, "mds": "0", "dspi": 0}]}, {"type": "BATTING_FIELDING_SEQUENCE", "stats": [{"tt": "matches batting first", "sp": "2021-2021", "mt": 1, "in": 1, "pr": "batting_fielding_first=1", "ds": 0, "ct": 0, "st": 0, "ck": 0, "cf": 0, "mds": "0", "dspi": 0}, {"tt": "matches fielding first", "sp": "2021-2021", "mt": 2, "in": 2, "pr": "batting_fielding_first=2", "ds": 0, "ct": 0, "st": 0, "ck": 0, "cf": 0, "mds": "0", "dspi": 0}]}, {"type": "TEAM_INNINGS", "stats": [{"tt": "1st team innings", "sp": "2021-2021", "mt": 3, "in": 3, "pr": "innings_number=1;innings_number=2", "ds": 0, "ct": 0, "st": 0, "ck": 0, "cf": 0, "mds": "0", "dspi": 0}]}, {"type": "MATCH_INNINGS", "stats": [{"tt": "1st match innings", "sp": "2021-2021", "mt": 2, "in": 2, "pr": "innings_number=1", "ds": 0, "ct": 0, "st": 0, "ck": 0, "cf": 0, "mds": "0", "dspi": 0}, {"tt": "2nd match innings", "sp": "2021-2021", "mt": 1, "in": 1, "pr": "innings_number=2", "ds": 0, "ct": 0, "st": 0, "ck": 0, "cf": 0, "mds": "0", "dspi": 0}]}, {"type": "FLOODLIT", "stats": [{"tt": "day match", "sp": "2021-2021", "mt": 2, "in": 2, "pr": "floodlit=1", "ds": 0, "ct": 0, "st": 0, "ck": 0, "cf": 0, "mds": "0", "dspi": 0}, {"tt": "day/night match", "sp": "2021-2021", "mt": 1, "in": 1, "pr": "floodlit=2", "ds": 0, "ct": 0, "st": 0, "ck": 0, "cf": 0, "mds": "0", "dspi": 0}]}, {"type": "RESULT", "stats": [{"tt": "won match", "sp": "2021-2021", "mt": 3, "in": 3, "pr": "result=1", "ds": 0, "ct": 0, "st": 0, "ck": 0, "cf": 0, "mds": "0", "dspi": 0}]}, {"type": "BATTING_FIELDING_SEQUENCE_AND_RESULT", "stats": [{"tt": "won batting first", "sp": "2021-2021", "mt": 1, "in": 1, "pr": "batting_fielding_first=1;result=1", "ds": 0, "ct": 0, "st": 0, "ck": 0, "cf": 0, "mds": "0", "dspi": 0}, {"tt": "won fielding first", "sp": "2021-2021", "mt": 2, "in": 2, "pr": "batting_fielding_first=2;result=1", "ds": 0, "ct": 0, "st": 0, "ck": 0, "cf": 0, "mds": "0", "dspi": 0}]}, {"type": "TOURNAMENT_TYPE", "stats": [{"tt": "2 team series", "sp": "2021-2021", "mt": 3, "in": 3, "pr": "tournament_type=2", "ds": 0, "ct": 0, "st": 0, "ck": 0, "cf": 0, "mds": "0", "dspi": 0}, {"tt": "5+ team tournaments", "sp": "2021-2021", "mt": 3, "in": 3, "pr": "tournament_type=5", "ds": 0, "ct": 0, "st": 0, "ck": 0, "cf": 0, "mds": "0", "dspi": 0}]}, {"type": "MATCH_NUMBER", "stats": [{"tt": "1st match in series", "sp": "2021-2021", "mt": 1, "in": 1, "pr": "match_number=1", "ds": 0, "ct": 0, "st": 0, "ck": 0, "cf": 0, "mds": "0", "dspi": 0}, {"tt": "2nd match in series", "sp": "2021-2021", "mt": 1, "in": 1, "pr": "match_number=2", "ds": 0, "ct": 0, "st": 0, "ck": 0, "cf": 0, "mds": "0", "dspi": 0}, {"tt": "3rd match in series", "sp": "2021-2021", "mt": 1, "in": 1, "pr": "match_number=3", "ds": 0, "ct": 0, "st": 0, "ck": 0, "cf": 0, "mds": "0", "dspi": 0}]}]}}