{"player": {"id": 58772, "objectId": 381743, "name": "DJ Mitchell", "longName": "Daryl Mitchell", "mobileName": "Mitchell", "indexName": "Mitchell, DJ", "battingName": "DJ Mitchell", "fieldingName": "Mitchell", "slug": "daryl-mitchell", "gender": "M", "playingRole": "allrounder", "battingStyles": ["rhb"], "bowlingStyles": ["rm"], "longBattingStyles": ["right-hand bat"], "longBowlingStyles": ["right-arm medium"], "image": {"id": 303598, "objectId": 1222372, "slug": "daryl-mitchell-portrait", "url": "/db/PICTURES/CMS/303500/303598.jpg", "width": 160, "height": 200, "caption": "Daryl Mitchell portrait", "longCaption": "Daryl Mitchell portrait, May 2020", "credit": "Getty Images", "photographer": null, "peerUrls": null}, "countryTeamId": 5, "playingRoleType": "P", "playingRoles": ["allrounder"], "dateOfBirth": {"year": 1991, "month": 5, "date": 20}, "dateOfDeath": null, "fullName": "Daryl Joseph Mitchell", "nickNames": "Moose", "alsoKnownAs": "", "height": 0, "heightUnit": null, "education": "", "country": {"id": 5, "objectId": 5, "name": "New Zealand", "shortName": "New Zealand", "image": {"id": 313127, "objectId": 1241586, "slug": "new-zealand-logo", "url": "/db/PICTURES/CMS/313100/313127.logo.png", "width": 500, "height": 500, "caption": "New Zealand logo", "longCaption": "New Zealand logo", "credit": null, "photographer": null, "peerUrls": null}}, "altCountryTeamId": 2, "placeOfBirth": "Hamilton", "dobText": null, "dodText": null, "placeOfDeath": "", "intlCareerSpan": "2019 - 2021", "headshotImage": {"id": 321212, "objectId": 1262780, "slug": "daryl-mitchell-player-page-headshot-cutout-2021", "url": "/db/PICTURES/CMS/321200/321212.png", "width": 600, "height": 436, "caption": "Daryl Mitchell player page headshot cutout, 2021", "longCaption": "Daryl Mitchell player page headshot cutout, 2021", "credit": "", "photographer": null, "peerUrls": {"FILM": null, "WIDE": null, "SQUARE": "/db/PICTURES/CMS/321200/321212.square.png"}}, "backgroundImage": {"id": 322827, "objectId": 1265836, "slug": "daryl-mitchell-hits-his-delivery-stride", "url": "/db/PICTURES/CMS/322800/322827.jpg", "width": 1400, "height": 925, "caption": "Daryl Mitchell hits his delivery stride", "longCaption": "Daryl Mitchell hits his delivery stride, England vs New Zealand, 2nd Test, Day 1, Birmingham, June 10, 2021", "credit": "PA Images via Getty Images", "photographer": null, "peerUrls": {"FILM": "/db/PICTURES/CMS/322800/322827.jpg", "WIDE": "/db/PICTURES/CMS/322800/322827.6.jpg", "SQUARE": "/db/PICTURES/CMS/322800/322827.10.jpg"}}, "externalLinks": [], "fieldingStyles": [], "otherStyles": [], "matchPlayerTypes": [1], "hasRecords": true, "hasStats": true, "hasMatches": true, "totalStories": 36, "totalVideos": 0, "totalImages": 32}, "teams": [{"team": {"id": 5, "objectId": 5, "scribeId": 5, "slug": "new-zealand", "name": "New Zealand", "longName": "New Zealand", "abbreviation": "NZ", "isCountry": true, "primaryColor": "#000000", "image": {"id": 313127, "objectId": 1241586, "slug": "new-zealand-logo", "url": "/db/PICTURES/CMS/313100/313127.logo.png", "width": 500, "height": 500, "caption": "New Zealand logo", "longCaption": "New Zealand logo", "credit": null, "photographer": null, "peerUrls": null}}, "current": true}, {"team": {"id": 2591, "objectId": 2540, "scribeId": 2540, "slug": "new-zealand-a", "name": "NZ A", "longName": "New Zealand A", "abbreviation": "NZ-A", "isCountry": false, "primaryColor": null, "image": {"id": 313333, "objectId": 1241792, "slug": "new-zealand-a-logo", "url": "/db/PICTURES/CMS/313300/313333.logo.png", "width": 500, "height": 500, "caption": "New Zealand A logo", "longCaption": "New Zealand A logo", "credit": null, "photographer": null, "peerUrls": null}}, "current": false}, {"team": {"id": 2567, "objectId": 2516, "scribeId": 2516, "slug": "northern-districts", "name": "Northern Dis", "longName": "Northern Districts", "abbreviation": "ND", "isCountry": false, "primaryColor": null, "image": {"id": 313332, "objectId": 1241791, "slug": "northern-districts-logo", "url": "/db/PICTURES/CMS/313300/313332.logo.png", "width": 500, "height": 500, "caption": "Northern Districts logo", "longCaption": "Northern Districts logo", "credit": null, "photographer": null, "peerUrls": null}}, "current": false}, {"team": {"id": 677, "objectId": 626, "scribeId": 626, "slug": "western-australia-under-19s", "name": "WA U19", "longName": "Western Australia Under-19s", "abbreviation": "WA19", "isCountry": false, "primaryColor": null, "image": null}, "current": false}]}