{"summary": {"recordClassId": 3, "type": "ALLROUND", "groups": [{"type": "CAREER_AVERAGES", "stats": [{"tt": "overview", "sp": "2019-2021", "mt": 15, "pr": null, "rn": 148, "wk": 5, "ct": 8, "st": 0, "hs": "34*", "hn": 0, "bbi": "2/27", "bta": 16.44, "bwa": 22, "fw": 0, "bbad": -5.55}]}, {"type": "OPPOSITION_TEAM", "stats": [{"tt": "v Bangladesh", "sp": "2021-2021", "mt": 3, "pr": "opposition=25", "rn": 45, "wk": 0, "ct": 0, "st": 0, "hs": "34*", "hn": 0, "bbi": "-", "bta": 45, "bwa": null, "fw": 0, "bbad": null}, {"tt": "v England", "sp": "2019-2019", "mt": 3, "pr": "opposition=1", "rn": 37, "wk": 1, "ct": 3, "st": 0, "hs": "30*", "hn": 0, "bbi": "1/9", "bta": 18.5, "bwa": 34, "fw": 0, "bbad": -15.5}, {"tt": "v India", "sp": "2019-2020", "mt": 5, "pr": "opposition=6", "rn": 34, "wk": 4, "ct": 2, "st": 0, "hs": "19*", "hn": 0, "bbi": "2/27", "bta": 8.5, "bwa": 13.75, "fw": 0, "bbad": -5.25}, {"tt": "v Sri Lanka", "sp": "2019-2019", "mt": 3, "pr": "opposition=8", "rn": 32, "wk": null, "ct": 3, "st": 0, "hs": "25*", "hn": 0, "bbi": null, "bta": 16, "bwa": null, "fw": null, "bbad": null}, {"tt": "v West Indies", "sp": "2020-2020", "mt": 1, "pr": "opposition=4", "rn": null, "wk": null, "ct": 0, "st": 0, "hs": null, "hn": null, "bbi": null, "bta": null, "bwa": null, "fw": null, "bbad": null}]}, {"type": "HOST_COUNTRY", "stats": [{"tt": "in New Zealand", "sp": "2019-2021", "mt": 12, "pr": "host=5", "rn": 116, "wk": 5, "ct": 5, "st": 0, "hs": "34*", "hn": 0, "bbi": "2/27", "bta": 16.57, "bwa": 22, "fw": 0, "bbad": -5.42}, {"tt": "in Sri Lanka", "sp": "2019-2019", "mt": 3, "pr": "host=8", "rn": 32, "wk": null, "ct": 3, "st": 0, "hs": "25*", "hn": 0, "bbi": null, "bta": 16, "bwa": null, "fw": null, "bbad": null}]}, {"type": "CONTINENT", "stats": [{"tt": "in Asia", "sp": "2019-2019", "mt": 3, "pr": "continent=2", "rn": 32, "wk": null, "ct": 3, "st": 0, "hs": "25*", "hn": 0, "bbi": null, "bta": 16, "bwa": null, "fw": null, "bbad": null}, {"tt": "in Oceania", "sp": "2019-2021", "mt": 12, "pr": "continent=5", "rn": 116, "wk": 5, "ct": 5, "st": 0, "hs": "34*", "hn": 0, "bbi": "2/27", "bta": 16.57, "bwa": 22, "fw": 0, "bbad": -5.42}]}, {"type": "HOME_OR_AWAY", "stats": [{"tt": "home", "sp": "2019-2021", "mt": 12, "pr": "home_or_away=1", "rn": 116, "wk": 5, "ct": 5, "st": 0, "hs": "34*", "hn": 0, "bbi": "2/27", "bta": 16.57, "bwa": 22, "fw": 0, "bbad": -5.42}, {"tt": "away", "sp": "2019-2019", "mt": 3, "pr": "home_or_away=2", "rn": 32, "wk": null, "ct": 3, "st": 0, "hs": "25*", "hn": 0, "bbi": null, "bta": 16, "bwa": null, "fw": null, "bbad": null}]}, {"type": "YEAR", "stats": [{"tt": "year 2019", "sp": null, "mt": 9, "pr": "year=2019", "rn": 97, "wk": 5, "ct": 8, "st": 0, "hs": "30*", "hn": 0, "bbi": "2/27", "bta": 16.16, "bwa": 17.8, "fw": 0, "bbad": -1.63}, {"tt": "year 2020", "sp": null, "mt": 3, "pr": "year=2020", "rn": 6, "wk": null, "ct": 0, "st": 0, "hs": "4", "hn": 0, "bbi": null, "bta": 3, "bwa": null, "fw": null, "bbad": null}, {"tt": "year 2021", "sp": null, "mt": 3, "pr": "year=2021", "rn": 45, "wk": 0, "ct": 0, "st": 0, "hs": "34*", "hn": 0, "bbi": "-", "bta": 45, "bwa": null, "fw": 0, "bbad": null}]}, {"type": "SEASON", "stats": [{"tt": "season 2018/19", "sp": null, "mt": 3, "pr": "season=2018/19", "rn": 28, "wk": 4, "ct": 2, "st": 0, "hs": "19*", "hn": 0, "bbi": "2/27", "bta": 14, "bwa": 13.75, "fw": 0, "bbad": 0.25}, {"tt": "season 2019", "sp": null, "mt": 3, "pr": "season=2019", "rn": 32, "wk": null, "ct": 3, "st": 0, "hs": "25*", "hn": 0, "bbi": null, "bta": 16, "bwa": null, "fw": null, "bbad": null}, {"tt": "season 2019/20", "sp": null, "mt": 5, "pr": "season=2019/20", "rn": 43, "wk": 1, "ct": 3, "st": 0, "hs": "30*", "hn": 0, "bbi": "1/9", "bta": 10.75, "bwa": 34, "fw": 0, "bbad": -23.25}, {"tt": "season 2020/21", "sp": null, "mt": 4, "pr": "season=2020/21", "rn": 45, "wk": 0, "ct": 0, "st": 0, "hs": "34*", "hn": 0, "bbi": "-", "bta": 45, "bwa": null, "fw": 0, "bbad": null}]}, {"type": "CAPTAINS_INVOLVED", "stats": [{"tt": "*MJ Santner", "sp": "2020-2020", "mt": 1, "pr": "captain_involve=64864", "rn": null, "wk": null, "ct": 0, "st": 0, "hs": null, "hn": null, "bbi": null, "bta": null, "bwa": null, "fw": null, "bbad": null}, {"tt": "*TG Southee", "sp": "2019-2021", "mt": 11, "pr": "captain_involve=49108", "rn": 120, "wk": 1, "ct": 6, "st": 0, "hs": "34*", "hn": 0, "bbi": "1/9", "bta": 17.14, "bwa": 55, "fw": 0, "bbad": -37.85}, {"tt": "*KS Williamson", "sp": "2019-2019", "mt": 3, "pr": "captain_involve=51088", "rn": 28, "wk": 4, "ct": 2, "st": 0, "hs": "19*", "hn": 0, "bbi": "2/27", "bta": 14, "bwa": 13.75, "fw": 0, "bbad": 0.25}]}, {"type": "CAPTAIN", "stats": [{"tt": "is not captain", "sp": "2019-2021", "mt": 15, "pr": "captain=0", "rn": 148, "wk": 5, "ct": 8, "st": 0, "hs": "34*", "hn": 0, "bbi": "2/27", "bta": 16.44, "bwa": 22, "fw": 0, "bbad": -5.55}]}, {"type": "KEEPER", "stats": [{"tt": "is not keeper", "sp": "2019-2021", "mt": 15, "pr": "keeper=0", "rn": 148, "wk": 5, "ct": 8, "st": 0, "hs": "34*", "hn": 0, "bbi": "2/27", "bta": 16.44, "bwa": 22, "fw": 0, "bbad": -5.55}]}, {"type": "TOSS", "stats": [{"tt": "won the toss", "sp": "2019-2021", "mt": 5, "pr": "toss=1", "rn": 7, "wk": 1, "ct": 2, "st": 0, "hs": "4", "hn": 0, "bbi": "1/15", "bta": 2.33, "bwa": 61, "fw": 0, "bbad": -58.66}, {"tt": "lost the toss", "sp": "2019-2021", "mt": 10, "pr": "toss=2", "rn": 141, "wk": 4, "ct": 6, "st": 0, "hs": "34*", "hn": 0, "bbi": "2/27", "bta": 23.5, "bwa": 12.25, "fw": 0, "bbad": 11.25}]}, {"type": "BATTING_FIELDING_SEQUENCE_AND_TOSS", "stats": [{"tt": "won toss &amp; batted", "sp": "2019-2021", "mt": 2, "pr": "batting_fielding_first=1;toss=1", "rn": 1, "wk": 1, "ct": 0, "st": 0, "hs": "1", "hn": 0, "bbi": "1/15", "bta": 1, "bwa": 36, "fw": 0, "bbad": -35}, {"tt": "won toss &amp; fielded", "sp": "2019-2020", "mt": 3, "pr": "batting_fielding_first=2;toss=1", "rn": 6, "wk": 0, "ct": 2, "st": 0, "hs": "4", "hn": 0, "bbi": "-", "bta": 3, "bwa": null, "fw": 0, "bbad": null}, {"tt": "lost toss &amp; sent in", "sp": "2019-2021", "mt": 6, "pr": "batting_fielding_first=1;toss=2", "rn": 107, "wk": 4, "ct": 3, "st": 0, "hs": "34*", "hn": 0, "bbi": "2/27", "bta": 35.66, "bwa": 12.25, "fw": 0, "bbad": 23.41}, {"tt": "lost toss &amp; fielded", "sp": "2019-2020", "mt": 4, "pr": "batting_fielding_first=2;toss=2", "rn": 34, "wk": null, "ct": 3, "st": 0, "hs": "25*", "hn": 0, "bbi": null, "bta": 11.33, "bwa": null, "fw": null, "bbad": null}]}, {"type": "BATTING_FIELDING_SEQUENCE", "stats": [{"tt": "matches batting first", "sp": "2019-2021", "mt": 8, "pr": "batting_fielding_first=1", "rn": 108, "wk": 5, "ct": 3, "st": 0, "hs": "34*", "hn": 0, "bbi": "2/27", "bta": 27, "bwa": 17, "fw": 0, "bbad": 10}, {"tt": "matches fielding first", "sp": "2019-2020", "mt": 7, "pr": "batting_fielding_first=2", "rn": 40, "wk": 0, "ct": 5, "st": 0, "hs": "25*", "hn": 0, "bbi": "-", "bta": 8, "bwa": null, "fw": 0, "bbad": null}]}, {"type": "TEAM_INNINGS", "stats": [{"tt": "1st team innings", "sp": "2019-2021", "mt": 15, "pr": "innings_number=1;innings_number=2", "rn": 148, "wk": 5, "ct": 8, "st": 0, "hs": "34*", "hn": 0, "bbi": "2/27", "bta": 16.44, "bwa": 22, "fw": 0, "bbad": -5.55}]}, {"type": "MATCH_INNINGS", "stats": [{"tt": "1st match innings", "sp": "2019-2021", "mt": 15, "pr": "innings_number=1", "rn": 108, "wk": 0, "ct": 5, "st": 0, "hs": "34*", "hn": 0, "bbi": "-", "bta": 27, "bwa": null, "fw": 0, "bbad": null}, {"tt": "2nd match innings", "sp": "2019-2021", "mt": 14, "pr": "innings_number=2", "rn": 40, "wk": 5, "ct": 3, "st": 0, "hs": "25*", "hn": 0, "bbi": "2/27", "bta": 8, "bwa": 17, "fw": 0, "bbad": -9}]}, {"type": "FLOODLIT", "stats": [{"tt": "day match", "sp": "2019-2021", "mt": 3, "pr": "floodlit=1", "rn": 35, "wk": 1, "ct": 1, "st": 0, "hs": "30*", "hn": 0, "bbi": "1/9", "bta": 35, "bwa": 30, "fw": 0, "bbad": 5}, {"tt": "night match", "sp": "2019-2021", "mt": 12, "pr": "floodlit=3", "rn": 113, "wk": 4, "ct": 7, "st": 0, "hs": "34*", "hn": 0, "bbi": "2/27", "bta": 14.12, "bwa": 20, "fw": 0, "bbad": -5.87}]}, {"type": "RESULT", "stats": [{"tt": "won match", "sp": "2019-2021", "mt": 8, "pr": "result=1", "rn": 103, "wk": 4, "ct": 5, "st": 0, "hs": "34*", "hn": 0, "bbi": "2/27", "bta": 25.75, "bwa": 17.5, "fw": 0, "bbad": 8.25}, {"tt": "lost match", "sp": "2019-2020", "mt": 5, "pr": "result=2", "rn": 41, "wk": 1, "ct": 3, "st": 0, "hs": "30*", "hn": 0, "bbi": "1/15", "bta": 10.25, "bwa": 40, "fw": 0, "bbad": -29.75}, {"tt": "tied match", "sp": "2020-2020", "mt": 1, "pr": "result=3", "rn": 4, "wk": null, "ct": 0, "st": 0, "hs": "4", "hn": 0, "bbi": null, "bta": 4, "bwa": null, "fw": null, "bbad": null}, {"tt": "no result", "sp": "2020-2020", "mt": 1, "pr": "result=5", "rn": null, "wk": null, "ct": 0, "st": 0, "hs": null, "hn": null, "bbi": null, "bta": null, "bwa": null, "fw": null, "bbad": null}]}, {"type": "BATTING_FIELDING_SEQUENCE_AND_RESULT", "stats": [{"tt": "won batting first", "sp": "2019-2021", "mt": 6, "pr": "batting_fielding_first=1;result=1", "rn": 77, "wk": 4, "ct": 3, "st": 0, "hs": "34*", "hn": 0, "bbi": "2/27", "bta": 25.66, "bwa": 17.5, "fw": 0, "bbad": 8.16}, {"tt": "won fielding first", "sp": "2019-2019", "mt": 2, "pr": "batting_fielding_first=2;result=1", "rn": 26, "wk": null, "ct": 2, "st": 0, "hs": "25*", "hn": 0, "bbi": null, "bta": 26, "bwa": null, "fw": null, "bbad": null}, {"tt": "lost batting first", "sp": "2019-2019", "mt": 2, "pr": "batting_fielding_first=1;result=2", "rn": 31, "wk": 1, "ct": 0, "st": 0, "hs": "30*", "hn": 0, "bbi": "1/15", "bta": 31, "bwa": 15, "fw": 0, "bbad": 16}, {"tt": "lost fielding first", "sp": "2019-2020", "mt": 3, "pr": "batting_fielding_first=2;result=2", "rn": 10, "wk": 0, "ct": 3, "st": 0, "hs": "6", "hn": 0, "bbi": "-", "bta": 3.33, "bwa": null, "fw": 0, "bbad": null}, {"tt": "tied fielding first", "sp": "2020-2020", "mt": 1, "pr": "batting_fielding_first=2;result=3", "rn": 4, "wk": null, "ct": 0, "st": 0, "hs": "4", "hn": 0, "bbi": null, "bta": 4, "bwa": null, "fw": null, "bbad": null}, {"tt": "no result fielding first", "sp": "2020-2020", "mt": 1, "pr": "batting_fielding_first=2;result=5", "rn": null, "wk": null, "ct": 0, "st": 0, "hs": null, "hn": null, "bbi": null, "bta": null, "bwa": null, "fw": null, "bbad": null}]}, {"type": "TOURNAMENT_TYPE", "stats": [{"tt": "2 team series", "sp": "2019-2021", "mt": 15, "pr": "tournament_type=2", "rn": 148, "wk": 5, "ct": 8, "st": 0, "hs": "34*", "hn": 0, "bbi": "2/27", "bta": 16.44, "bwa": 22, "fw": 0, "bbad": -5.55}]}, {"type": "MATCH_NUMBER", "stats": [{"tt": "1st match in series", "sp": "2019-2021", "mt": 4, "pr": "match_number=1", "rn": 63, "wk": 1, "ct": 1, "st": 0, "hs": "30*", "hn": 0, "bbi": "1/13", "bta": 63, "bwa": 34, "fw": 0, "bbad": 29}, {"tt": "2nd match in series", "sp": "2019-2021", "mt": 4, "pr": "match_number=2", "rn": 41, "wk": 2, "ct": 3, "st": 0, "hs": "34*", "hn": 0, "bbi": "1/9", "bta": 13.66, "bwa": 12, "fw": 0, "bbad": 1.66}, {"tt": "3rd match in series", "sp": "2019-2021", "mt": 4, "pr": "match_number=3", "rn": 36, "wk": 2, "ct": 2, "st": 0, "hs": "19*", "hn": 0, "bbi": "2/27", "bta": 18, "bwa": 13.5, "fw": 0, "bbad": 4.5}, {"tt": "4th match in series", "sp": "2019-2020", "mt": 2, "pr": "match_number=4", "rn": 6, "wk": 0, "ct": 2, "st": 0, "hs": "4", "hn": 0, "bbi": "-", "bta": 3, "bwa": null, "fw": 0, "bbad": null}, {"tt": "5th match in series", "sp": "2020-2020", "mt": 1, "pr": "match_number=5", "rn": 2, "wk": null, "ct": 0, "st": 0, "hs": "2", "hn": 0, "bbi": null, "bta": 2, "bwa": null, "fw": null, "bbad": null}]}]}}