{"player": {"id": 54128, "objectId": 324353, "name": "NC Dodd", "longName": "Natalie Dodd", "mobileName": "Dodd", "indexName": "Dodd, NC", "battingName": "NC Dodd", "fieldingName": "Dodd", "slug": "natalie-dodd", "gender": "F", "playingRole": "", "battingStyles": ["rhb"], "bowlingStyles": ["ob"], "longBattingStyles": ["right-hand bat"], "longBowlingStyles": ["right-arm offbreak"], "image": {"id": 305792, "objectId": 1225749, "slug": "natalie-dodd-portrait", "url": "/db/PICTURES/CMS/305700/305792.png", "width": 160, "height": 201, "caption": "Natalie Dodd portrait", "longCaption": "Natalie Dodd portrait, June 2020", "credit": "Getty Images", "photographer": null, "peerUrls": null}, "countryTeamId": 5, "playingRoleType": "P", "playingRoles": [], "dateOfBirth": {"year": 1992, "month": 11, "date": 22}, "dateOfDeath": null, "fullName": "Natalie Claire Dodd", "nickNames": "", "alsoKnownAs": "", "height": 0, "heightUnit": null, "education": "", "country": {"id": 5, "objectId": 5, "name": "New Zealand", "shortName": "New Zealand", "image": {"id": 313127, "objectId": 1241586, "slug": "new-zealand-logo", "url": "/db/PICTURES/CMS/313100/313127.logo.png", "width": 500, "height": 500, "caption": "New Zealand logo", "longCaption": "New Zealand logo", "credit": null, "photographer": null, "peerUrls": null}}, "altCountryTeamId": null, "placeOfBirth": "Hamilton", "dobText": null, "dodText": null, "placeOfDeath": "", "intlCareerSpan": "2010 - 2021", "headshotImage": null, "backgroundImage": {"id": 316962, "objectId": 1252003, "slug": "natalie-dodd-made-a-fluent-half-century", "url": "/db/PICTURES/CMS/316900/316962.jpg", "width": 1400, "height": 933, "caption": "Natalie Dodd made a fluent half-century", "longCaption": "Natalie Dodd made a fluent half-century, New Zealand Women XI and England Women, second 50-over warm-up, Queenstown, February 16, 2021", "credit": "Getty Images", "photographer": null, "peerUrls": {"FILM": "/db/PICTURES/CMS/316900/316962.jpg", "WIDE": "/db/PICTURES/CMS/316900/316962.6.jpg", "SQUARE": "/db/PICTURES/CMS/316900/316962.10.jpg"}}, "externalLinks": [], "fieldingStyles": ["wicketkeeper"], "otherStyles": [], "matchPlayerTypes": [1], "hasRecords": true, "hasStats": true, "hasMatches": true, "totalStories": 6, "totalVideos": 0, "totalImages": 9}, "teams": [{"team": {"id": 2573, "objectId": 2522, "scribeId": 2522, "slug": "northern-districts-women", "name": "ND Women", "longName": "Northern Districts Women", "abbreviation": "ND-W", "isCountry": false, "primaryColor": null, "image": null}, "current": false}]}