{"summary": {"recordClassId": 2, "type": "ALLROUND", "groups": [{"type": "CAREER_AVERAGES", "stats": [{"tt": "overview", "sp": "2012-2017", "mt": 40, "pr": null, "rn": 168, "wk": 41, "ct": 21, "st": 0, "hs": "36", "hn": 0, "bbi": "3/49", "bta": 16.8, "bwa": 38.56, "fw": 0, "bbad": -21.76}]}, {"type": "OPPOSITION_TEAM", "stats": [{"tt": "v Afghanistan", "sp": "2015-2015", "mt": 1, "pr": "opposition=40", "rn": null, "wk": 1, "ct": 1, "st": 0, "hs": null, "hn": null, "bbi": "1/38", "bta": null, "bwa": 38, "fw": 0, "bbad": null}, {"tt": "v Australia", "sp": "2015-2017", "mt": 5, "pr": "opposition=2", "rn": 66, "wk": 4, "ct": 2, "st": 0, "hs": "36", "hn": 0, "bbi": "2/9", "bta": 13.2, "bwa": 40.25, "fw": 0, "bbad": -27.05}, {"tt": "v Bangladesh", "sp": "2013-2017", "mt": 2, "pr": "opposition=25", "rn": 7, "wk": 1, "ct": 1, "st": 0, "hs": "7", "hn": 0, "bbi": "1/58", "bta": 7, "bwa": 104, "fw": 0, "bbad": -97}, {"tt": "v England", "sp": "2015-2017", "mt": 2, "pr": "opposition=1", "rn": 10, "wk": 4, "ct": 2, "st": 0, "hs": "10", "hn": 0, "bbi": "3/79", "bta": 10, "bwa": 26, "fw": 0, "bbad": -16}, {"tt": "v India", "sp": "2014-2017", "mt": 4, "pr": "opposition=6", "rn": 0, "wk": 4, "ct": 1, "st": 0, "hs": "0", "hn": 0, "bbi": "2/64", "bta": 0, "bwa": 46.75, "fw": 0, "bbad": -46.75}, {"tt": "v Ireland", "sp": "2017-2017", "mt": 1, "pr": "opposition=29", "rn": 10, "wk": 1, "ct": 2, "st": 0, "hs": "10*", "hn": 0, "bbi": "1/29", "bta": null, "bwa": 29, "fw": 0, "bbad": null}, {"tt": "v Pakistan", "sp": "2014-2016", "mt": 7, "pr": "opposition=7", "rn": 0, "wk": 10, "ct": 4, "st": 0, "hs": "0*", "hn": 0, "bbi": "3/49", "bta": null, "bwa": 30.8, "fw": 0, "bbad": null}, {"tt": "v Scotland", "sp": "2015-2015", "mt": 1, "pr": "opposition=30", "rn": 1, "wk": 0, "ct": 1, "st": 0, "hs": "1*", "hn": 0, "bbi": "-", "bta": null, "bwa": null, "fw": 0, "bbad": null}, {"tt": "v South Africa", "sp": "2015-2015", "mt": 3, "pr": "opposition=3", "rn": 19, "wk": 5, "ct": 1, "st": 0, "hs": "15*", "hn": 0, "bbi": "2/39", "bta": 19, "bwa": 26.8, "fw": 0, "bbad": -7.8}, {"tt": "v Sri Lanka", "sp": "2012-2016", "mt": 12, "pr": "opposition=8", "rn": 55, "wk": 10, "ct": 3, "st": 0, "hs": "19", "hn": 0, "bbi": "2/28", "bta": 55, "bwa": 41.5, "fw": 0, "bbad": 13.5}, {"tt": "v West Indies", "sp": "2014-2015", "mt": 2, "pr": "opposition=4", "rn": null, "wk": 1, "ct": 3, "st": 0, "hs": null, "hn": null, "bbi": "1/42", "bta": null, "bwa": 69, "fw": 0, "bbad": null}]}, {"type": "HOST_COUNTRY", "stats": [{"tt": "in Bangladesh", "sp": "2013-2013", "mt": 1, "pr": "host=25", "rn": null, "wk": 0, "ct": 1, "st": 0, "hs": null, "hn": null, "bbi": "-", "bta": null, "bwa": null, "fw": 0, "bbad": null}, {"tt": "in England", "sp": "2017-2017", "mt": 3, "pr": "host=1", "rn": 28, "wk": 6, "ct": 2, "st": 0, "hs": "11", "hn": 0, "bbi": "3/79", "bta": 9.33, "bwa": 24.33, "fw": 0, "bbad": -15}, {"tt": "in India", "sp": "2017-2017", "mt": 3, "pr": "host=6", "rn": 0, "wk": 3, "ct": 1, "st": 0, "hs": "0", "hn": 0, "bbi": "2/64", "bta": 0, "bwa": 49, "fw": 0, "bbad": -49}, {"tt": "in Ireland", "sp": "2017-2017", "mt": 1, "pr": "host=29", "rn": 10, "wk": 1, "ct": 2, "st": 0, "hs": "10*", "hn": 0, "bbi": "1/29", "bta": null, "bwa": 29, "fw": 0, "bbad": null}, {"tt": "in New Zealand", "sp": "2014-2016", "mt": 21, "pr": "host=5", "rn": 99, "wk": 21, "ct": 12, "st": 0, "hs": "36", "hn": 0, "bbi": "3/49", "bta": 19.8, "bwa": 38.85, "fw": 0, "bbad": -19.05}, {"tt": "in South Africa", "sp": "2015-2015", "mt": 3, "pr": "host=3", "rn": 19, "wk": 5, "ct": 1, "st": 0, "hs": "15*", "hn": 0, "bbi": "2/39", "bta": 19, "bwa": 26.8, "fw": 0, "bbad": -7.8}, {"tt": "in Sri Lanka", "sp": "2012-2013", "mt": 4, "pr": "host=8", "rn": 12, "wk": 1, "ct": 1, "st": 0, "hs": "12*", "hn": 0, "bbi": "1/17", "bta": null, "bwa": 99, "fw": 0, "bbad": null}, {"tt": "in U.A.E.", "sp": "2014-2014", "mt": 4, "pr": "host=27", "rn": null, "wk": 4, "ct": 1, "st": 0, "hs": null, "hn": null, "bbi": "2/53", "bta": null, "bwa": 41, "fw": 0, "bbad": null}]}, {"type": "CONTINENT", "stats": [{"tt": "in Africa", "sp": "2015-2015", "mt": 3, "pr": "continent=1", "rn": 19, "wk": 5, "ct": 1, "st": 0, "hs": "15*", "hn": 0, "bbi": "2/39", "bta": 19, "bwa": 26.8, "fw": 0, "bbad": -7.8}, {"tt": "in Asia", "sp": "2012-2017", "mt": 12, "pr": "continent=2", "rn": 12, "wk": 8, "ct": 4, "st": 0, "hs": "12*", "hn": 0, "bbi": "2/53", "bta": 12, "bwa": 57, "fw": 0, "bbad": -45}, {"tt": "in Europe", "sp": "2017-2017", "mt": 4, "pr": "continent=4", "rn": 38, "wk": 7, "ct": 4, "st": 0, "hs": "11", "hn": 0, "bbi": "3/79", "bta": 12.66, "bwa": 25, "fw": 0, "bbad": -12.33}, {"tt": "in Oceania", "sp": "2014-2016", "mt": 21, "pr": "continent=5", "rn": 99, "wk": 21, "ct": 12, "st": 0, "hs": "36", "hn": 0, "bbi": "3/49", "bta": 19.8, "bwa": 38.85, "fw": 0, "bbad": -19.05}]}, {"type": "HOME_OR_AWAY", "stats": [{"tt": "home", "sp": "2014-2016", "mt": 21, "pr": "home_or_away=1", "rn": 99, "wk": 21, "ct": 12, "st": 0, "hs": "36", "hn": 0, "bbi": "3/49", "bta": 19.8, "bwa": 38.85, "fw": 0, "bbad": -19.05}, {"tt": "away", "sp": "2012-2017", "mt": 13, "pr": "home_or_away=2", "rn": 51, "wk": 13, "ct": 7, "st": 0, "hs": "15*", "hn": 0, "bbi": "3/79", "bta": 17, "bwa": 41.07, "fw": 0, "bbad": -24.07}, {"tt": "neutral", "sp": "2014-2017", "mt": 6, "pr": "home_or_away=3", "rn": 18, "wk": 7, "ct": 2, "st": 0, "hs": "11", "hn": 0, "bbi": "2/9", "bta": 9, "bwa": 33, "fw": 0, "bbad": -24}]}, {"type": "YEAR", "stats": [{"tt": "year 2012", "sp": null, "mt": 2, "pr": "year=2012", "rn": 12, "wk": 1, "ct": 1, "st": 0, "hs": "12*", "hn": 0, "bbi": "1/17", "bta": null, "bwa": 38, "fw": 0, "bbad": null}, {"tt": "year 2013", "sp": null, "mt": 3, "pr": "year=2013", "rn": null, "wk": 0, "ct": 1, "st": 0, "hs": null, "hn": null, "bbi": "-", "bta": null, "bwa": null, "fw": 0, "bbad": null}, {"tt": "year 2014", "sp": null, "mt": 6, "pr": "year=2014", "rn": null, "wk": 5, "ct": 4, "st": 0, "hs": null, "hn": null, "bbi": "2/53", "bta": null, "bwa": 46.2, "fw": 0, "bbad": null}, {"tt": "year 2015", "sp": null, "mt": 16, "pr": "year=2015", "rn": 63, "wk": 19, "ct": 7, "st": 0, "hs": "19", "hn": 0, "bbi": "2/28", "bta": 21, "bwa": 33.36, "fw": 0, "bbad": -12.36}, {"tt": "year 2016", "sp": null, "mt": 6, "pr": "year=2016", "rn": 55, "wk": 6, "ct": 3, "st": 0, "hs": "36", "hn": 0, "bbi": "3/49", "bta": 18.33, "bwa": 41.5, "fw": 0, "bbad": -23.16}, {"tt": "year 2017", "sp": null, "mt": 7, "pr": "year=2017", "rn": 38, "wk": 10, "ct": 5, "st": 0, "hs": "11", "hn": 0, "bbi": "3/79", "bta": 9.5, "bwa": 32.2, "fw": 0, "bbad": -22.7}]}, {"type": "SEASON", "stats": [{"tt": "season 2012/13", "sp": null, "mt": 2, "pr": "season=2012/13", "rn": 12, "wk": 1, "ct": 1, "st": 0, "hs": "12*", "hn": 0, "bbi": "1/17", "bta": null, "bwa": 38, "fw": 0, "bbad": null}, {"tt": "season 2013/14", "sp": null, "mt": 5, "pr": "season=2013/14", "rn": null, "wk": 1, "ct": 4, "st": 0, "hs": null, "hn": null, "bbi": "1/40", "bta": null, "bwa": 174, "fw": 0, "bbad": null}, {"tt": "season 2014/15", "sp": null, "mt": 15, "pr": "season=2014/15", "rn": 27, "wk": 17, "ct": 7, "st": 0, "hs": "19", "hn": 0, "bbi": "2/28", "bta": 13.5, "bwa": 34.35, "fw": 0, "bbad": -20.85}, {"tt": "season 2015", "sp": null, "mt": 3, "pr": "season=2015", "rn": 19, "wk": 5, "ct": 1, "st": 0, "hs": "15*", "hn": 0, "bbi": "2/39", "bta": 19, "bwa": 26.8, "fw": 0, "bbad": -7.8}, {"tt": "season 2015/16", "sp": null, "mt": 8, "pr": "season=2015/16", "rn": 72, "wk": 7, "ct": 3, "st": 0, "hs": "36", "hn": 0, "bbi": "3/49", "bta": 24, "bwa": 47, "fw": 0, "bbad": -23}, {"tt": "season 2017", "sp": null, "mt": 4, "pr": "season=2017", "rn": 38, "wk": 7, "ct": 4, "st": 0, "hs": "11", "hn": 0, "bbi": "3/79", "bta": 12.66, "bwa": 25, "fw": 0, "bbad": -12.33}, {"tt": "season 2017/18", "sp": null, "mt": 3, "pr": "season=2017/18", "rn": 0, "wk": 3, "ct": 1, "st": 0, "hs": "0", "hn": 0, "bbi": "2/64", "bta": 0, "bwa": 49, "fw": 0, "bbad": -49}]}, {"type": "CAPTAINS_INVOLVED", "stats": [{"tt": "*TWM Latham", "sp": "2017-2017", "mt": 1, "pr": "captain_involve=59148", "rn": 10, "wk": 1, "ct": 2, "st": 0, "hs": "10*", "hn": 0, "bbi": "1/29", "bta": null, "bwa": 29, "fw": 0, "bbad": null}, {"tt": "*BB McCullum", "sp": "2014-2016", "mt": 18, "pr": "captain_involve=10384", "rn": 82, "wk": 20, "ct": 11, "st": 0, "hs": "36", "hn": 0, "bbi": "3/49", "bta": 16.4, "bwa": 35.6, "fw": 0, "bbad": -19.2}, {"tt": "*KD Mills", "sp": "2013-2013", "mt": 3, "pr": "captain_involve=10303", "rn": null, "wk": 0, "ct": 1, "st": 0, "hs": null, "hn": null, "bbi": "-", "bta": null, "bwa": null, "fw": 0, "bbad": null}, {"tt": "*LRPL Taylor", "sp": "2012-2012", "mt": 2, "pr": "captain_involve=44930", "rn": 12, "wk": 1, "ct": 1, "st": 0, "hs": "12*", "hn": 0, "bbi": "1/17", "bta": null, "bwa": 38, "fw": 0, "bbad": null}, {"tt": "*KS Williamson", "sp": "2014-2017", "mt": 16, "pr": "captain_involve=51088", "rn": 64, "wk": 19, "ct": 6, "st": 0, "hs": "17*", "hn": 0, "bbi": "3/79", "bta": 12.8, "bwa": 36.57, "fw": 0, "bbad": -23.77}]}, {"type": "CAPTAIN", "stats": [{"tt": "is not captain", "sp": "2012-2017", "mt": 40, "pr": "captain=0", "rn": 168, "wk": 41, "ct": 21, "st": 0, "hs": "36", "hn": 0, "bbi": "3/49", "bta": 16.8, "bwa": 38.56, "fw": 0, "bbad": -21.76}]}, {"type": "KEEPER", "stats": [{"tt": "is not keeper", "sp": "2012-2017", "mt": 40, "pr": "keeper=0", "rn": 168, "wk": 41, "ct": 21, "st": 0, "hs": "36", "hn": 0, "bbi": "3/49", "bta": 16.8, "bwa": 38.56, "fw": 0, "bbad": -21.76}]}, {"type": "TOSS", "stats": [{"tt": "won the toss", "sp": "2012-2017", "mt": 17, "pr": "toss=1", "rn": 116, "wk": 19, "ct": 9, "st": 0, "hs": "36", "hn": 0, "bbi": "3/79", "bta": 19.33, "bwa": 39.31, "fw": 0, "bbad": -19.98}, {"tt": "lost the toss", "sp": "2012-2017", "mt": 23, "pr": "toss=2", "rn": 52, "wk": 22, "ct": 12, "st": 0, "hs": "14", "hn": 0, "bbi": "3/49", "bta": 13, "bwa": 37.9, "fw": 0, "bbad": -24.9}]}, {"type": "BATTING_FIELDING_SEQUENCE_AND_TOSS", "stats": [{"tt": "won toss &amp; batted", "sp": "2014-2017", "mt": 10, "pr": "batting_fielding_first=1;toss=1", "rn": 90, "wk": 10, "ct": 5, "st": 0, "hs": "36", "hn": 0, "bbi": "2/9", "bta": 18, "bwa": 42, "fw": 0, "bbad": -24}, {"tt": "won toss &amp; fielded", "sp": "2012-2017", "mt": 7, "pr": "batting_fielding_first=2;toss=1", "rn": 26, "wk": 9, "ct": 4, "st": 0, "hs": "15*", "hn": 0, "bbi": "3/79", "bta": 26, "bwa": 36.33, "fw": 0, "bbad": -10.33}, {"tt": "lost toss &amp; sent in", "sp": "2012-2017", "mt": 11, "pr": "batting_fielding_first=1;toss=2", "rn": 41, "wk": 7, "ct": 9, "st": 0, "hs": "14", "hn": 0, "bbi": "2/56", "bta": 20.5, "bwa": 57.57, "fw": 0, "bbad": -37.07}, {"tt": "lost toss &amp; fielded", "sp": "2013-2017", "mt": 12, "pr": "batting_fielding_first=2;toss=2", "rn": 11, "wk": 15, "ct": 3, "st": 0, "hs": "7*", "hn": 0, "bbi": "3/49", "bta": 5.5, "bwa": 28.73, "fw": 0, "bbad": -23.23}]}, {"type": "BATTING_FIELDING_SEQUENCE", "stats": [{"tt": "matches batting first", "sp": "2012-2017", "mt": 21, "pr": "batting_fielding_first=1", "rn": 131, "wk": 17, "ct": 14, "st": 0, "hs": "36", "hn": 0, "bbi": "2/9", "bta": 18.71, "bwa": 48.41, "fw": 0, "bbad": -29.69}, {"tt": "matches fielding first", "sp": "2012-2017", "mt": 19, "pr": "batting_fielding_first=2", "rn": 37, "wk": 24, "ct": 7, "st": 0, "hs": "15*", "hn": 0, "bbi": "3/49", "bta": 12.33, "bwa": 31.58, "fw": 0, "bbad": -19.25}]}, {"type": "TEAM_INNINGS", "stats": [{"tt": "1st team innings", "sp": "2012-2017", "mt": 40, "pr": "innings_number=1;innings_number=2", "rn": 168, "wk": 41, "ct": 21, "st": 0, "hs": "36", "hn": 0, "bbi": "3/49", "bta": 16.8, "bwa": 38.56, "fw": 0, "bbad": -21.76}]}, {"type": "MATCH_INNINGS", "stats": [{"tt": "1st match innings", "sp": "2012-2017", "mt": 40, "pr": "innings_number=1", "rn": 131, "wk": 24, "ct": 7, "st": 0, "hs": "36", "hn": 0, "bbi": "3/49", "bta": 18.71, "bwa": 31.58, "fw": 0, "bbad": -12.86}, {"tt": "2nd match innings", "sp": "2012-2017", "mt": 38, "pr": "innings_number=2", "rn": 37, "wk": 17, "ct": 14, "st": 0, "hs": "15*", "hn": 0, "bbi": "2/9", "bta": 12.33, "bwa": 48.41, "fw": 0, "bbad": -36.07}]}, {"type": "FLOODLIT", "stats": [{"tt": "day match", "sp": "2013-2017", "mt": 17, "pr": "floodlit=1", "rn": 63, "wk": 21, "ct": 13, "st": 0, "hs": "17*", "hn": 0, "bbi": "3/49", "bta": 21, "bwa": 31.47, "fw": 0, "bbad": -10.47}, {"tt": "day/night match", "sp": "2012-2017", "mt": 23, "pr": "floodlit=2", "rn": 105, "wk": 20, "ct": 8, "st": 0, "hs": "36", "hn": 0, "bbi": "2/51", "bta": 15, "bwa": 46, "fw": 0, "bbad": -31}]}, {"type": "RESULT", "stats": [{"tt": "won match", "sp": "2013-2017", "mt": 24, "pr": "result=1", "rn": 37, "wk": 27, "ct": 13, "st": 0, "hs": "14", "hn": 0, "bbi": "3/49", "bta": 12.33, "bwa": 34.03, "fw": 0, "bbad": -21.7}, {"tt": "lost match", "sp": "2012-2017", "mt": 12, "pr": "result=2", "rn": 120, "wk": 11, "ct": 6, "st": 0, "hs": "36", "hn": 0, "bbi": "3/79", "bta": 20, "bwa": 54.09, "fw": 0, "bbad": -34.09}, {"tt": "no result", "sp": "2012-2017", "mt": 4, "pr": "result=5", "rn": 11, "wk": 3, "ct": 2, "st": 0, "hs": "11", "hn": 0, "bbi": "2/9", "bta": 11, "bwa": 22.33, "fw": 0, "bbad": -11.33}]}, {"type": "BATTING_FIELDING_SEQUENCE_AND_RESULT", "stats": [{"tt": "won batting first", "sp": "2014-2017", "mt": 11, "pr": "batting_fielding_first=1;result=1", "rn": 29, "wk": 12, "ct": 9, "st": 0, "hs": "14", "hn": 0, "bbi": "2/52", "bta": 14.5, "bwa": 38.08, "fw": 0, "bbad": -23.58}, {"tt": "won fielding first", "sp": "2013-2017", "mt": 13, "pr": "batting_fielding_first=2;result=1", "rn": 8, "wk": 15, "ct": 4, "st": 0, "hs": "7*", "hn": 0, "bbi": "3/49", "bta": 8, "bwa": 30.8, "fw": 0, "bbad": -22.8}, {"tt": "lost batting first", "sp": "2012-2017", "mt": 8, "pr": "batting_fielding_first=1;result=2", "rn": 91, "wk": 3, "ct": 4, "st": 0, "hs": "36", "hn": 0, "bbi": "1/21", "bta": 22.75, "bwa": 119, "fw": 0, "bbad": -96.25}, {"tt": "lost fielding first", "sp": "2015-2017", "mt": 4, "pr": "batting_fielding_first=2;result=2", "rn": 29, "wk": 8, "ct": 2, "st": 0, "hs": "15*", "hn": 0, "bbi": "3/79", "bta": 14.5, "bwa": 29.75, "fw": 0, "bbad": -15.25}, {"tt": "no result batting first", "sp": "2016-2017", "mt": 2, "pr": "batting_fielding_first=1;result=5", "rn": 11, "wk": 2, "ct": 1, "st": 0, "hs": "11", "hn": 0, "bbi": "2/9", "bta": 11, "bwa": 4.5, "fw": 0, "bbad": 6.5}, {"tt": "no result fielding first", "sp": "2012-2013", "mt": 2, "pr": "batting_fielding_first=2;result=5", "rn": null, "wk": 1, "ct": 1, "st": 0, "hs": null, "hn": null, "bbi": "1/17", "bta": null, "bwa": 58, "fw": 0, "bbad": null}]}, {"type": "TOURNAMENT_TYPE", "stats": [{"tt": "2 team series", "sp": "2012-2017", "mt": 31, "pr": "tournament_type=2", "rn": 129, "wk": 29, "ct": 13, "st": 0, "hs": "36", "hn": 0, "bbi": "3/49", "bta": 18.42, "bwa": 41.82, "fw": 0, "bbad": -23.39}, {"tt": "3-4 team tournaments", "sp": "2017-2017", "mt": 1, "pr": "tournament_type=3", "rn": 10, "wk": 1, "ct": 2, "st": 0, "hs": "10*", "hn": 0, "bbi": "1/29", "bta": null, "bwa": 29, "fw": 0, "bbad": null}, {"tt": "5+ team tournaments", "sp": "2015-2017", "mt": 9, "pr": "tournament_type=5", "rn": 29, "wk": 11, "ct": 6, "st": 0, "hs": "11", "hn": 0, "bbi": "3/79", "bta": 7.25, "bwa": 31.36, "fw": 0, "bbad": -24.11}]}, {"type": "MATCH_NUMBER", "stats": [{"tt": "only match in series", "sp": "2015-2015", "mt": 1, "pr": "match_number=0", "rn": 0, "wk": 0, "ct": 0, "st": 0, "hs": "0", "hn": 0, "bbi": "-", "bta": 0, "bwa": null, "fw": 0, "bbad": null}, {"tt": "1st match in series", "sp": "2013-2017", "mt": 9, "pr": "match_number=1", "rn": 36, "wk": 8, "ct": 2, "st": 0, "hs": "15*", "hn": 0, "bbi": "2/37", "bta": 36, "bwa": 49, "fw": 0, "bbad": -13}, {"tt": "2nd match in series", "sp": "2013-2017", "mt": 7, "pr": "match_number=2", "rn": 55, "wk": 8, "ct": 4, "st": 0, "hs": "36", "hn": 0, "bbi": "2/39", "bta": 18.33, "bwa": 38, "fw": 0, "bbad": -19.66}, {"tt": "3rd match in series", "sp": "2013-2017", "mt": 7, "pr": "match_number=3", "rn": 26, "wk": 7, "ct": 5, "st": 0, "hs": "17*", "hn": 0, "bbi": "3/49", "bta": 13, "bwa": 46, "fw": 0, "bbad": -33}, {"tt": "4th match in series", "sp": "2012-2016", "mt": 4, "pr": "match_number=4", "rn": 12, "wk": 3, "ct": 0, "st": 0, "hs": "12*", "hn": 0, "bbi": "2/28", "bta": null, "bwa": 29.33, "fw": 0, "bbad": null}, {"tt": "5th match in series", "sp": "2012-2016", "mt": 3, "pr": "match_number=5", "rn": null, "wk": 3, "ct": 2, "st": 0, "hs": null, "hn": null, "bbi": "1/17", "bta": null, "bwa": 33.66, "fw": 0, "bbad": null}]}, {"type": "MAJOR_TROPHY", "stats": [{"tt": "World Cup", "sp": "2015-2015", "mt": 6, "pr": "trophy=12", "rn": 1, "wk": 5, "ct": 4, "st": 0, "hs": "1*", "hn": 0, "bbi": "2/56", "bta": 1, "bwa": 39.8, "fw": 0, "bbad": -38.8}, {"tt": "Chappell-Hadlee", "sp": "2015-2016", "mt": 4, "pr": "trophy=65", "rn": 55, "wk": 2, "ct": 1, "st": 0, "hs": "36", "hn": 0, "bbi": "1/42", "bta": 13.75, "bwa": 76, "fw": 0, "bbad": -62.25}, {"tt": "ICC Champions Trophy", "sp": "2017-2017", "mt": 3, "pr": "trophy=44", "rn": 28, "wk": 6, "ct": 2, "st": 0, "hs": "11", "hn": 0, "bbi": "3/79", "bta": 9.33, "bwa": 24.33, "fw": 0, "bbad": -15}]}, {"type": "FINAL_TYPE", "stats": [{"tt": "tournament quarter-finals", "sp": "2015-2015", "mt": 1, "pr": "final_type=4", "rn": null, "wk": 1, "ct": 0, "st": 0, "hs": null, "hn": null, "bbi": "1/42", "bta": null, "bwa": 42, "fw": 0, "bbad": null}, {"tt": "preliminary matches", "sp": "2015-2017", "mt": 9, "pr": "final_type=0", "rn": 39, "wk": 11, "ct": 8, "st": 0, "hs": "11", "hn": 0, "bbi": "3/79", "bta": 9.75, "bwa": 30.18, "fw": 0, "bbad": -20.43}]}]}}