{"summary": {"recordClassId": 2, "type": "BATTING", "groups": [{"type": "CAREER_AVERAGES", "stats": [{"tt": "overview", "sp": "2012-2017", "mt": 40, "in": 17, "pr": null, "rn": 168, "fo": 11, "si": 4, "ft": 0, "hn": 0, "bf": 165, "dk": 2, "no": 7, "hs": "36", "bta": 16.8, "btsr": 101.81}]}, {"type": "OPPOSITION_TEAM", "stats": [{"tt": "vs Afghanistan", "sp": "2015-2015", "mt": 1, "in": null, "pr": "opposition=40", "rn": null, "fo": null, "si": null, "ft": null, "hn": null, "bf": null, "dk": null, "no": null, "hs": null, "bta": null, "btsr": null}, {"tt": "vs Australia", "sp": "2015-2017", "mt": 5, "in": 5, "pr": "opposition=2", "rn": 66, "fo": 6, "si": 2, "ft": 0, "hn": 0, "bf": 50, "dk": 1, "no": 0, "hs": "36", "bta": 13.2, "btsr": 132}, {"tt": "vs Bangladesh", "sp": "2013-2017", "mt": 2, "in": 1, "pr": "opposition=25", "rn": 7, "fo": 0, "si": 0, "ft": 0, "hn": 0, "bf": 8, "dk": 0, "no": 0, "hs": "7", "bta": 7, "btsr": 87.5}, {"tt": "vs England", "sp": "2015-2017", "mt": 2, "in": 1, "pr": "opposition=1", "rn": 10, "fo": 1, "si": 0, "ft": 0, "hn": 0, "bf": 11, "dk": 0, "no": 0, "hs": "10", "bta": 10, "btsr": 90.9}, {"tt": "vs India", "sp": "2014-2017", "mt": 4, "in": 1, "pr": "opposition=6", "rn": 0, "fo": 0, "si": 0, "ft": 0, "hn": 0, "bf": 1, "dk": 1, "no": 0, "hs": "0", "bta": 0, "btsr": 0}, {"tt": "vs Ireland", "sp": "2017-2017", "mt": 1, "in": 1, "pr": "opposition=29", "rn": 10, "fo": 1, "si": 0, "ft": 0, "hn": 0, "bf": 6, "dk": 0, "no": 1, "hs": "10*", "bta": null, "btsr": 166.66}, {"tt": "vs Pakistan", "sp": "2014-2016", "mt": 7, "in": 1, "pr": "opposition=7", "rn": 0, "fo": 0, "si": 0, "ft": 0, "hn": 0, "bf": 1, "dk": 0, "no": 1, "hs": "0*", "bta": null, "btsr": 0}, {"tt": "vs Scotland", "sp": "2015-2015", "mt": 1, "in": 1, "pr": "opposition=30", "rn": 1, "fo": 0, "si": 0, "ft": 0, "hn": 0, "bf": 3, "dk": 0, "no": 1, "hs": "1*", "bta": null, "btsr": 33.33}, {"tt": "vs South Africa", "sp": "2015-2015", "mt": 3, "in": 2, "pr": "opposition=3", "rn": 19, "fo": 1, "si": 0, "ft": 0, "hn": 0, "bf": 21, "dk": 0, "no": 1, "hs": "15*", "bta": 19, "btsr": 90.47}, {"tt": "vs Sri Lanka", "sp": "2012-2016", "mt": 12, "in": 4, "pr": "opposition=8", "rn": 55, "fo": 2, "si": 2, "ft": 0, "hn": 0, "bf": 64, "dk": 0, "no": 3, "hs": "19", "bta": 55, "btsr": 85.93}, {"tt": "vs West Indies", "sp": "2014-2015", "mt": 2, "in": null, "pr": "opposition=4", "rn": null, "fo": null, "si": null, "ft": null, "hn": null, "bf": null, "dk": null, "no": null, "hs": null, "bta": null, "btsr": null}]}, {"type": "HOST_COUNTRY", "stats": [{"tt": "in Bangladesh", "sp": "2013-2013", "mt": 1, "in": null, "pr": "host=25", "rn": null, "fo": null, "si": null, "ft": null, "hn": null, "bf": null, "dk": null, "no": null, "hs": null, "bta": null, "btsr": null}, {"tt": "in England", "sp": "2017-2017", "mt": 3, "in": 3, "pr": "host=1", "rn": 28, "fo": 3, "si": 0, "ft": 0, "hn": 0, "bf": 26, "dk": 0, "no": 0, "hs": "11", "bta": 9.33, "btsr": 107.69}, {"tt": "in India", "sp": "2017-2017", "mt": 3, "in": 1, "pr": "host=6", "rn": 0, "fo": 0, "si": 0, "ft": 0, "hn": 0, "bf": 1, "dk": 1, "no": 0, "hs": "0", "bta": 0, "btsr": 0}, {"tt": "in Ireland", "sp": "2017-2017", "mt": 1, "in": 1, "pr": "host=29", "rn": 10, "fo": 1, "si": 0, "ft": 0, "hn": 0, "bf": 6, "dk": 0, "no": 1, "hs": "10*", "bta": null, "btsr": 166.66}, {"tt": "in New Zealand", "sp": "2014-2016", "mt": 21, "in": 9, "pr": "host=5", "rn": 99, "fo": 5, "si": 3, "ft": 0, "hn": 0, "bf": 108, "dk": 1, "no": 4, "hs": "36", "bta": 19.8, "btsr": 91.66}, {"tt": "in South Africa", "sp": "2015-2015", "mt": 3, "in": 2, "pr": "host=3", "rn": 19, "fo": 1, "si": 0, "ft": 0, "hn": 0, "bf": 21, "dk": 0, "no": 1, "hs": "15*", "bta": 19, "btsr": 90.47}, {"tt": "in Sri Lanka", "sp": "2012-2013", "mt": 4, "in": 1, "pr": "host=8", "rn": 12, "fo": 1, "si": 1, "ft": 0, "hn": 0, "bf": 3, "dk": 0, "no": 1, "hs": "12*", "bta": null, "btsr": 400}, {"tt": "in U.A.E.", "sp": "2014-2014", "mt": 4, "in": null, "pr": "host=27", "rn": null, "fo": null, "si": null, "ft": null, "hn": null, "bf": null, "dk": null, "no": null, "hs": null, "bta": null, "btsr": null}]}, {"type": "CONTINENT", "stats": [{"tt": "in Africa", "sp": "2015-2015", "mt": 3, "in": 2, "pr": "continent=1", "rn": 19, "fo": 1, "si": 0, "ft": 0, "hn": 0, "bf": 21, "dk": 0, "no": 1, "hs": "15*", "bta": 19, "btsr": 90.47}, {"tt": "in Asia", "sp": "2012-2017", "mt": 12, "in": 2, "pr": "continent=2", "rn": 12, "fo": 1, "si": 1, "ft": 0, "hn": 0, "bf": 4, "dk": 1, "no": 1, "hs": "12*", "bta": 12, "btsr": 300}, {"tt": "in Europe", "sp": "2017-2017", "mt": 4, "in": 4, "pr": "continent=4", "rn": 38, "fo": 4, "si": 0, "ft": 0, "hn": 0, "bf": 32, "dk": 0, "no": 1, "hs": "11", "bta": 12.66, "btsr": 118.75}, {"tt": "in Oceania", "sp": "2014-2016", "mt": 21, "in": 9, "pr": "continent=5", "rn": 99, "fo": 5, "si": 3, "ft": 0, "hn": 0, "bf": 108, "dk": 1, "no": 4, "hs": "36", "bta": 19.8, "btsr": 91.66}]}, {"type": "HOME_OR_AWAY", "stats": [{"tt": "home", "sp": "2014-2016", "mt": 21, "in": 9, "pr": "home_or_away=1", "rn": 99, "fo": 5, "si": 3, "ft": 0, "hn": 0, "bf": 108, "dk": 1, "no": 4, "hs": "36", "bta": 19.8, "btsr": 91.66}, {"tt": "away", "sp": "2012-2017", "mt": 13, "in": 6, "pr": "home_or_away=2", "rn": 51, "fo": 4, "si": 1, "ft": 0, "hn": 0, "bf": 42, "dk": 1, "no": 3, "hs": "15*", "bta": 17, "btsr": 121.42}, {"tt": "neutral", "sp": "2014-2017", "mt": 6, "in": 2, "pr": "home_or_away=3", "rn": 18, "fo": 2, "si": 0, "ft": 0, "hn": 0, "bf": 15, "dk": 0, "no": 0, "hs": "11", "bta": 9, "btsr": 120}]}, {"type": "YEAR", "stats": [{"tt": "year 2012", "sp": null, "mt": 2, "in": 1, "pr": "year=2012", "rn": 12, "fo": 1, "si": 1, "ft": 0, "hn": 0, "bf": 3, "dk": 0, "no": 1, "hs": "12*", "bta": null, "btsr": 400}, {"tt": "year 2013", "sp": null, "mt": 3, "in": null, "pr": "year=2013", "rn": null, "fo": null, "si": null, "ft": null, "hn": null, "bf": null, "dk": null, "no": null, "hs": null, "bta": null, "btsr": null}, {"tt": "year 2014", "sp": null, "mt": 6, "in": null, "pr": "year=2014", "rn": null, "fo": null, "si": null, "ft": null, "hn": null, "bf": null, "dk": null, "no": null, "hs": null, "bta": null, "btsr": null}, {"tt": "year 2015", "sp": null, "mt": 16, "in": 7, "pr": "year=2015", "rn": 63, "fo": 2, "si": 1, "ft": 0, "hn": 0, "bf": 87, "dk": 1, "no": 4, "hs": "19", "bta": 21, "btsr": 72.41}, {"tt": "year 2016", "sp": null, "mt": 6, "in": 4, "pr": "year=2016", "rn": 55, "fo": 4, "si": 2, "ft": 0, "hn": 0, "bf": 42, "dk": 0, "no": 1, "hs": "36", "bta": 18.33, "btsr": 130.95}, {"tt": "year 2017", "sp": null, "mt": 7, "in": 5, "pr": "year=2017", "rn": 38, "fo": 4, "si": 0, "ft": 0, "hn": 0, "bf": 33, "dk": 1, "no": 1, "hs": "11", "bta": 9.5, "btsr": 115.15}]}, {"type": "SEASON", "stats": [{"tt": "season 2012/13", "sp": null, "mt": 2, "in": 1, "pr": "season=NaN", "rn": 12, "fo": 1, "si": 1, "ft": 0, "hn": 0, "bf": 3, "dk": 0, "no": 1, "hs": "12*", "bta": null, "btsr": 400}, {"tt": "season 2013/14", "sp": null, "mt": 5, "in": null, "pr": "season=NaN", "rn": null, "fo": null, "si": null, "ft": null, "hn": null, "bf": null, "dk": null, "no": null, "hs": null, "bta": null, "btsr": null}, {"tt": "season 2014/15", "sp": null, "mt": 15, "in": 4, "pr": "season=NaN", "rn": 27, "fo": 1, "si": 0, "ft": 0, "hn": 0, "bf": 43, "dk": 1, "no": 2, "hs": "19", "bta": 13.5, "btsr": 62.79}, {"tt": "season 2015", "sp": null, "mt": 3, "in": 2, "pr": "season=2015", "rn": 19, "fo": 1, "si": 0, "ft": 0, "hn": 0, "bf": 21, "dk": 0, "no": 1, "hs": "15*", "bta": 19, "btsr": 90.47}, {"tt": "season 2015/16", "sp": null, "mt": 8, "in": 5, "pr": "season=NaN", "rn": 72, "fo": 4, "si": 3, "ft": 0, "hn": 0, "bf": 65, "dk": 0, "no": 2, "hs": "36", "bta": 24, "btsr": 110.76}, {"tt": "season 2017", "sp": null, "mt": 4, "in": 4, "pr": "season=2017", "rn": 38, "fo": 4, "si": 0, "ft": 0, "hn": 0, "bf": 32, "dk": 0, "no": 1, "hs": "11", "bta": 12.66, "btsr": 118.75}, {"tt": "season 2017/18", "sp": null, "mt": 3, "in": 1, "pr": "season=NaN", "rn": 0, "fo": 0, "si": 0, "ft": 0, "hn": 0, "bf": 1, "dk": 1, "no": 0, "hs": "0", "bta": 0, "btsr": 0}]}, {"type": "CAPTAINS_INVOLVED", "stats": [{"tt": "*TWM Latham", "sp": "2017-2017", "mt": 1, "in": 1, "pr": "captain_involve=59148", "rn": 10, "fo": 1, "si": 0, "ft": 0, "hn": 0, "bf": 6, "dk": 0, "no": 1, "hs": "10*", "bta": null, "btsr": 166.66}, {"tt": "*BB McCullum", "sp": "2014-2016", "mt": 18, "in": 8, "pr": "captain_involve=10384", "rn": 82, "fo": 5, "si": 2, "ft": 0, "hn": 0, "bf": 85, "dk": 1, "no": 3, "hs": "36", "bta": 16.4, "btsr": 96.47}, {"tt": "*KD Mills", "sp": "2013-2013", "mt": 3, "in": null, "pr": "captain_involve=10303", "rn": null, "fo": null, "si": null, "ft": null, "hn": null, "bf": null, "dk": null, "no": null, "hs": null, "bta": null, "btsr": null}, {"tt": "*LRPL Taylor", "sp": "2012-2012", "mt": 2, "in": 1, "pr": "captain_involve=44930", "rn": 12, "fo": 1, "si": 1, "ft": 0, "hn": 0, "bf": 3, "dk": 0, "no": 1, "hs": "12*", "bta": null, "btsr": 400}, {"tt": "*KS Williamson", "sp": "2014-2017", "mt": 16, "in": 7, "pr": "captain_involve=51088", "rn": 64, "fo": 4, "si": 1, "ft": 0, "hn": 0, "bf": 71, "dk": 1, "no": 2, "hs": "17*", "bta": 12.8, "btsr": 90.14}]}, {"type": "CAPTAIN", "stats": [{"tt": "is not captain", "sp": "2012-2017", "mt": 40, "in": 17, "pr": "captain=0", "rn": 168, "fo": 11, "si": 4, "ft": 0, "hn": 0, "bf": 165, "dk": 2, "no": 7, "hs": "36", "bta": 16.8, "btsr": 101.81}]}, {"type": "KEEPER", "stats": [{"tt": "is not keeper", "sp": "2012-2017", "mt": 40, "in": 17, "pr": "keeper=0", "rn": 168, "fo": 11, "si": 4, "ft": 0, "hn": 0, "bf": 165, "dk": 2, "no": 7, "hs": "36", "bta": 16.8, "btsr": 101.81}]}, {"type": "TOSS", "stats": [{"tt": "won the toss", "sp": "2012-2017", "mt": 17, "in": 9, "pr": "toss=1", "rn": 116, "fo": 6, "si": 2, "ft": 0, "hn": 0, "bf": 119, "dk": 1, "no": 3, "hs": "36", "bta": 19.33, "btsr": 97.47}, {"tt": "lost the toss", "sp": "2012-2017", "mt": 23, "in": 8, "pr": "toss=2", "rn": 52, "fo": 5, "si": 2, "ft": 0, "hn": 0, "bf": 46, "dk": 1, "no": 4, "hs": "14", "bta": 13, "btsr": 113.04}]}, {"type": "BATTING_FIELDING_SEQUENCE_AND_TOSS", "stats": [{"tt": "won toss &amp; batted", "sp": "2014-2017", "mt": 10, "in": 6, "pr": "batting_fielding_first=1;toss=1", "rn": 90, "fo": 4, "si": 2, "ft": 0, "hn": 0, "bf": 93, "dk": 1, "no": 1, "hs": "36", "bta": 18, "btsr": 96.77}, {"tt": "won toss &amp; fielded", "sp": "2012-2017", "mt": 7, "in": 3, "pr": "batting_fielding_first=2;toss=1", "rn": 26, "fo": 2, "si": 0, "ft": 0, "hn": 0, "bf": 26, "dk": 0, "no": 2, "hs": "15*", "bta": 26, "btsr": 100}, {"tt": "lost toss &amp; sent in", "sp": "2012-2017", "mt": 11, "in": 4, "pr": "batting_fielding_first=1;toss=2", "rn": 41, "fo": 4, "si": 2, "ft": 0, "hn": 0, "bf": 23, "dk": 0, "no": 2, "hs": "14", "bta": 20.5, "btsr": 178.26}, {"tt": "lost toss &amp; fielded", "sp": "2013-2017", "mt": 12, "in": 4, "pr": "batting_fielding_first=2;toss=2", "rn": 11, "fo": 1, "si": 0, "ft": 0, "hn": 0, "bf": 23, "dk": 1, "no": 2, "hs": "7*", "bta": 5.5, "btsr": 47.82}]}, {"type": "BATTING_FIELDING_SEQUENCE", "stats": [{"tt": "matches batting first", "sp": "2012-2017", "mt": 21, "in": 10, "pr": "batting_fielding_first=1", "rn": 131, "fo": 8, "si": 4, "ft": 0, "hn": 0, "bf": 116, "dk": 1, "no": 3, "hs": "36", "bta": 18.71, "btsr": 112.93}, {"tt": "matches fielding first", "sp": "2012-2017", "mt": 19, "in": 7, "pr": "batting_fielding_first=2", "rn": 37, "fo": 3, "si": 0, "ft": 0, "hn": 0, "bf": 49, "dk": 1, "no": 4, "hs": "15*", "bta": 12.33, "btsr": 75.51}]}, {"type": "TEAM_INNINGS", "stats": [{"tt": "1st team innings", "sp": "2012-2017", "mt": 39, "in": 17, "pr": null, "rn": 168, "fo": 11, "si": 4, "ft": 0, "hn": 0, "bf": 165, "dk": 2, "no": 7, "hs": "36", "bta": 16.8, "btsr": 101.81}]}, {"type": "MATCH_INNINGS", "stats": [{"tt": "1st match innings", "sp": "2012-2017", "mt": 21, "in": 10, "pr": "innings_number=1", "rn": 131, "fo": 8, "si": 4, "ft": 0, "hn": 0, "bf": 116, "dk": 1, "no": 3, "hs": "36", "bta": 18.71, "btsr": 112.93}, {"tt": "2nd match innings", "sp": "2013-2017", "mt": 18, "in": 7, "pr": "innings_number=2", "rn": 37, "fo": 3, "si": 0, "ft": 0, "hn": 0, "bf": 49, "dk": 1, "no": 4, "hs": "15*", "bta": 12.33, "btsr": 75.51}]}, {"type": "FLOODLIT", "stats": [{"tt": "day match", "sp": "2013-2017", "mt": 17, "in": 8, "pr": "floodlit=1", "rn": 63, "fo": 5, "si": 1, "ft": 0, "hn": 0, "bf": 70, "dk": 0, "no": 5, "hs": "17*", "bta": 21, "btsr": 90}, {"tt": "day/night match", "sp": "2012-2017", "mt": 23, "in": 9, "pr": "floodlit=2", "rn": 105, "fo": 6, "si": 3, "ft": 0, "hn": 0, "bf": 95, "dk": 2, "no": 2, "hs": "36", "bta": 15, "btsr": 110.52}]}, {"type": "RESULT", "stats": [{"tt": "won match", "sp": "2013-2017", "mt": 24, "in": 7, "pr": "result=1", "rn": 37, "fo": 4, "si": 1, "ft": 0, "hn": 0, "bf": 37, "dk": 1, "no": 4, "hs": "14", "bta": 12.33, "btsr": 100}, {"tt": "lost match", "sp": "2012-2017", "mt": 12, "in": 9, "pr": "result=2", "rn": 120, "fo": 5, "si": 3, "ft": 0, "hn": 0, "bf": 121, "dk": 1, "no": 3, "hs": "36", "bta": 20, "btsr": 99.17}, {"tt": "no result", "sp": "2012-2017", "mt": 4, "in": 1, "pr": "result=5", "rn": 11, "fo": 2, "si": 0, "ft": 0, "hn": 0, "bf": 7, "dk": 0, "no": 0, "hs": "11", "bta": 11, "btsr": 157.14}]}, {"type": "BATTING_FIELDING_SEQUENCE_AND_RESULT", "stats": [{"tt": "won batting first", "sp": "2014-2017", "mt": 11, "in": 3, "pr": "batting_fielding_first=1;result=1", "rn": 29, "fo": 3, "si": 1, "ft": 0, "hn": 0, "bf": 20, "dk": 0, "no": 1, "hs": "14", "bta": 14.5, "btsr": 145}, {"tt": "won fielding first", "sp": "2013-2017", "mt": 13, "in": 4, "pr": "batting_fielding_first=2;result=1", "rn": 8, "fo": 1, "si": 0, "ft": 0, "hn": 0, "bf": 17, "dk": 1, "no": 3, "hs": "7*", "bta": 8, "btsr": 47.05}, {"tt": "lost batting first", "sp": "2012-2017", "mt": 8, "in": 6, "pr": "batting_fielding_first=1;result=2", "rn": 91, "fo": 3, "si": 3, "ft": 0, "hn": 0, "bf": 89, "dk": 1, "no": 2, "hs": "36", "bta": 22.75, "btsr": 102.24}, {"tt": "lost fielding first", "sp": "2015-2017", "mt": 4, "in": 3, "pr": "batting_fielding_first=2;result=2", "rn": 29, "fo": 2, "si": 0, "ft": 0, "hn": 0, "bf": 32, "dk": 0, "no": 1, "hs": "15*", "bta": 14.5, "btsr": 90.62}, {"tt": "no result batting first", "sp": "2016-2017", "mt": 2, "in": 1, "pr": "batting_fielding_first=1;result=5", "rn": 11, "fo": 2, "si": 0, "ft": 0, "hn": 0, "bf": 7, "dk": 0, "no": 0, "hs": "11", "bta": 11, "btsr": 157.14}, {"tt": "no result fielding first", "sp": "2012-2013", "mt": 2, "in": null, "pr": "batting_fielding_first=2;result=5", "rn": null, "fo": null, "si": null, "ft": null, "hn": null, "bf": null, "dk": null, "no": null, "hs": null, "bta": null, "btsr": null}]}, {"type": "TOURNAMENT_TYPE", "stats": [{"tt": "2 team series", "sp": "2012-2017", "mt": 31, "in": 12, "pr": "tournament_type=2", "rn": 129, "fo": 7, "si": 4, "ft": 0, "hn": 0, "bf": 130, "dk": 2, "no": 5, "hs": "36", "bta": 18.42, "btsr": 99.23}, {"tt": "3-4 team tournaments", "sp": "2017-2017", "mt": 1, "in": 1, "pr": "tournament_type=3", "rn": 10, "fo": 1, "si": 0, "ft": 0, "hn": 0, "bf": 6, "dk": 0, "no": 1, "hs": "10*", "bta": null, "btsr": 166.66}, {"tt": "5+ team tournaments", "sp": "2015-2017", "mt": 9, "in": 5, "pr": "tournament_type=5", "rn": 29, "fo": 3, "si": 0, "ft": 0, "hn": 0, "bf": 31, "dk": 1, "no": 1, "hs": "11", "bta": 7.25, "btsr": 93.54}]}, {"type": "MATCH_NUMBER", "stats": [{"tt": "only match in series", "sp": "2015-2015", "mt": 1, "in": 1, "pr": "match_number=0", "rn": 0, "fo": 0, "si": 0, "ft": 0, "hn": 0, "bf": 2, "dk": 1, "no": 0, "hs": "0", "bta": 0, "btsr": 0}, {"tt": "1st match in series", "sp": "2013-2017", "mt": 9, "in": 3, "pr": "match_number=1", "rn": 36, "fo": 3, "si": 1, "ft": 0, "hn": 0, "bf": 33, "dk": 0, "no": 2, "hs": "15*", "bta": 36, "btsr": 109.09}, {"tt": "2nd match in series", "sp": "2013-2017", "mt": 7, "in": 3, "pr": "match_number=2", "rn": 55, "fo": 2, "si": 1, "ft": 0, "hn": 0, "bf": 55, "dk": 1, "no": 0, "hs": "36", "bta": 18.33, "btsr": 100}, {"tt": "3rd match in series", "sp": "2013-2017", "mt": 7, "in": 4, "pr": "match_number=3", "rn": 26, "fo": 1, "si": 1, "ft": 0, "hn": 0, "bf": 37, "dk": 0, "no": 2, "hs": "17*", "bta": 13, "btsr": 70.27}, {"tt": "4th match in series", "sp": "2012-2016", "mt": 4, "in": 1, "pr": "match_number=4", "rn": 12, "fo": 1, "si": 1, "ft": 0, "hn": 0, "bf": 3, "dk": 0, "no": 1, "hs": "12*", "bta": null, "btsr": 400}, {"tt": "5th match in series", "sp": "2012-2016", "mt": 3, "in": null, "pr": "match_number=5", "rn": null, "fo": null, "si": null, "ft": null, "hn": null, "bf": null, "dk": null, "no": null, "hs": null, "bta": null, "btsr": null}]}, {"type": "MAJOR_TROPHY", "stats": [{"tt": "World Cup", "sp": "2015-2015", "mt": 6, "in": 2, "pr": "trophy=12", "rn": 1, "fo": 0, "si": 0, "ft": 0, "hn": 0, "bf": 5, "dk": 1, "no": 1, "hs": "1*", "bta": 1, "btsr": 20}, {"tt": "Chappell-Hadlee", "sp": "2015-2016", "mt": 4, "in": 4, "pr": "trophy=65", "rn": 55, "fo": 4, "si": 2, "ft": 0, "hn": 0, "bf": 43, "dk": 1, "no": 0, "hs": "36", "bta": 13.75, "btsr": 127.9}, {"tt": "ICC Champions Trophy", "sp": "2017-2017", "mt": 3, "in": 3, "pr": "trophy=44", "rn": 28, "fo": 3, "si": 0, "ft": 0, "hn": 0, "bf": 26, "dk": 0, "no": 0, "hs": "11", "bta": 9.33, "btsr": 107.69}]}, {"type": "FINAL_TYPE", "stats": [{"tt": "tournament quarter-finals", "sp": "2015-2015", "mt": 1, "in": null, "pr": "final_type=4", "rn": null, "fo": null, "si": null, "ft": null, "hn": null, "bf": null, "dk": null, "no": null, "hs": null, "bta": null, "btsr": null}, {"tt": "preliminary matches", "sp": "2015-2017", "mt": 9, "in": 6, "pr": "final_type=0", "rn": 39, "fo": 4, "si": 0, "ft": 0, "hn": 0, "bf": 37, "dk": 1, "no": 2, "hs": "11", "bta": 9.75, "btsr": 105.4}]}, {"type": "BATTING_POSITION", "stats": [{"tt": "8th position", "sp": "2017-2017", "mt": 1, "in": 1, "pr": "batting_positionval1=batting_position;batting_positionmin1=8;batting_positionmax1=8", "rn": 10, "fo": 1, "si": 0, "ft": 0, "hn": 0, "bf": 6, "dk": 0, "no": 1, "hs": "10*", "bta": null, "btsr": 166.66}, {"tt": "9th position", "sp": "2015-2017", "mt": 15, "in": 15, "pr": "batting_positionval1=batting_position;batting_positionmin1=9;batting_positionmax1=9", "rn": 146, "fo": 9, "si": 3, "ft": 0, "hn": 0, "bf": 156, "dk": 2, "no": 5, "hs": "36", "bta": 14.6, "btsr": 93.58}, {"tt": "10th position", "sp": "2012-2012", "mt": 1, "in": 1, "pr": "batting_positionval1=batting_position;batting_positionmin1=10;batting_positionmax1=10", "rn": 12, "fo": 1, "si": 1, "ft": 0, "hn": 0, "bf": 3, "dk": 0, "no": 1, "hs": "12*", "bta": null, "btsr": 400}]}]}}