{"summary": {"recordClassId": 3, "type": "FIELDING", "groups": [{"type": "CAREER_AVERAGES", "stats": [{"tt": "overview", "sp": "2010-2021", "mt": 23, "in": 23, "pr": null, "ds": 6, "ct": 6, "st": 0, "ck": 0, "cf": 6, "mds": "1 (1ct 0st)", "dspi": 0.26}]}, {"type": "OPPOSITION_TEAM", "stats": [{"tt": "vs Australia", "sp": "2016-2016", "mt": 1, "in": 1, "pr": "opposition=2", "ds": 1, "ct": 1, "st": 0, "ck": 0, "cf": 1, "mds": "1 (1ct 0st)", "dspi": 1}, {"tt": "vs Bangladesh", "sp": "2021-2021", "mt": 2, "in": 2, "pr": "opposition=25", "ds": 1, "ct": 1, "st": 0, "ck": 0, "cf": 1, "mds": "1 (1ct 0st)", "dspi": 0.5}, {"tt": "vs England", "sp": "2016-2016", "mt": 1, "in": 1, "pr": "opposition=1", "ds": 0, "ct": 0, "st": 0, "ck": 0, "cf": 0, "mds": "0", "dspi": 0}, {"tt": "vs India", "sp": "2012-2017", "mt": 3, "in": 3, "pr": "opposition=6", "ds": 0, "ct": 0, "st": 0, "ck": 0, "cf": 0, "mds": "0", "dspi": 0}, {"tt": "vs Pakistan", "sp": "2010-2018", "mt": 10, "in": 10, "pr": "opposition=7", "ds": 2, "ct": 2, "st": 0, "ck": 0, "cf": 2, "mds": "1 (1ct 0st)", "dspi": 0.2}, {"tt": "vs South Africa", "sp": "2015-2015", "mt": 2, "in": 2, "pr": "opposition=3", "ds": 0, "ct": 0, "st": 0, "ck": 0, "cf": 0, "mds": "0", "dspi": 0}, {"tt": "vs Sri Lanka", "sp": "2016-2016", "mt": 1, "in": 1, "pr": "opposition=8", "ds": 1, "ct": 1, "st": 0, "ck": 0, "cf": 1, "mds": "1 (1ct 0st)", "dspi": 1}, {"tt": "vs West Indies", "sp": "2014-2014", "mt": 2, "in": 2, "pr": "opposition=4", "ds": 1, "ct": 1, "st": 0, "ck": 0, "cf": 1, "mds": "1 (1ct 0st)", "dspi": 0.5}, {"tt": "vs Zimbabwe", "sp": "2015-2015", "mt": 1, "in": 1, "pr": "opposition=9", "ds": 0, "ct": 0, "st": 0, "ck": 0, "cf": 0, "mds": "0", "dspi": 0}]}, {"type": "HOST_COUNTRY", "stats": [{"tt": "in India", "sp": "2012-2017", "mt": 6, "in": 6, "pr": "host=6", "ds": 1, "ct": 1, "st": 0, "ck": 0, "cf": 1, "mds": "1 (1ct 0st)", "dspi": 0.166}, {"tt": "in New Zealand", "sp": "2010-2021", "mt": 10, "in": 10, "pr": "host=5", "ds": 5, "ct": 5, "st": 0, "ck": 0, "cf": 5, "mds": "1 (1ct 0st)", "dspi": 0.5}, {"tt": "in South Africa", "sp": "2015-2015", "mt": 2, "in": 2, "pr": "host=3", "ds": 0, "ct": 0, "st": 0, "ck": 0, "cf": 0, "mds": "0", "dspi": 0}, {"tt": "in Sri Lanka", "sp": "2012-2012", "mt": 1, "in": 1, "pr": "host=8", "ds": 0, "ct": 0, "st": 0, "ck": 0, "cf": 0, "mds": "0", "dspi": 0}, {"tt": "in U.A.E.", "sp": "2014-2018", "mt": 3, "in": 3, "pr": "host=27", "ds": 0, "ct": 0, "st": 0, "ck": 0, "cf": 0, "mds": "0", "dspi": 0}, {"tt": "in Zimbabwe", "sp": "2015-2015", "mt": 1, "in": 1, "pr": "host=9", "ds": 0, "ct": 0, "st": 0, "ck": 0, "cf": 0, "mds": "0", "dspi": 0}]}, {"type": "CONTINENT", "stats": [{"tt": "in Africa", "sp": "2015-2015", "mt": 3, "in": 3, "pr": "continent=1", "ds": 0, "ct": 0, "st": 0, "ck": 0, "cf": 0, "mds": "0", "dspi": 0}, {"tt": "in Asia", "sp": "2012-2018", "mt": 10, "in": 10, "pr": "continent=2", "ds": 1, "ct": 1, "st": 0, "ck": 0, "cf": 1, "mds": "1 (1ct 0st)", "dspi": 0.1}, {"tt": "in Oceania", "sp": "2010-2021", "mt": 10, "in": 10, "pr": "continent=5", "ds": 5, "ct": 5, "st": 0, "ck": 0, "cf": 5, "mds": "1 (1ct 0st)", "dspi": 0.5}]}, {"type": "HOME_OR_AWAY", "stats": [{"tt": "home", "sp": "2010-2021", "mt": 10, "in": 10, "pr": "home_or_away=1", "ds": 5, "ct": 5, "st": 0, "ck": 0, "cf": 5, "mds": "1 (1ct 0st)", "dspi": 0.5}, {"tt": "away", "sp": "2012-2017", "mt": 6, "in": 6, "pr": "home_or_away=2", "ds": 0, "ct": 0, "st": 0, "ck": 0, "cf": 0, "mds": "0", "dspi": 0}, {"tt": "neutral", "sp": "2012-2018", "mt": 7, "in": 7, "pr": "home_or_away=3", "ds": 1, "ct": 1, "st": 0, "ck": 0, "cf": 1, "mds": "1 (1ct 0st)", "dspi": 0.142}]}, {"type": "YEAR", "stats": [{"tt": "year 2010", "sp": null, "mt": 2, "in": 2, "pr": "year=2010", "ds": 0, "ct": 0, "st": 0, "ck": 0, "cf": 0, "mds": "0", "dspi": 0}, {"tt": "year 2012", "sp": null, "mt": 2, "in": 2, "pr": "year=2012", "ds": 0, "ct": 0, "st": 0, "ck": 0, "cf": 0, "mds": "0", "dspi": 0}, {"tt": "year 2014", "sp": null, "mt": 3, "in": 3, "pr": "year=2014", "ds": 1, "ct": 1, "st": 0, "ck": 0, "cf": 1, "mds": "1 (1ct 0st)", "dspi": 0.333}, {"tt": "year 2015", "sp": null, "mt": 3, "in": 3, "pr": "year=2015", "ds": 0, "ct": 0, "st": 0, "ck": 0, "cf": 0, "mds": "0", "dspi": 0}, {"tt": "year 2016", "sp": null, "mt": 8, "in": 8, "pr": "year=2016", "ds": 4, "ct": 4, "st": 0, "ck": 0, "cf": 4, "mds": "1 (1ct 0st)", "dspi": 0.5}, {"tt": "year 2017", "sp": null, "mt": 1, "in": 1, "pr": "year=2017", "ds": 0, "ct": 0, "st": 0, "ck": 0, "cf": 0, "mds": "0", "dspi": 0}, {"tt": "year 2018", "sp": null, "mt": 2, "in": 2, "pr": "year=2018", "ds": 0, "ct": 0, "st": 0, "ck": 0, "cf": 0, "mds": "0", "dspi": 0}, {"tt": "year 2021", "sp": null, "mt": 2, "in": 2, "pr": "year=2021", "ds": 1, "ct": 1, "st": 0, "ck": 0, "cf": 1, "mds": "1 (1ct 0st)", "dspi": 0.5}]}, {"type": "SEASON", "stats": [{"tt": "season 2010/11", "sp": null, "mt": 2, "in": 2, "pr": "season=2010/11", "ds": 0, "ct": 0, "st": 0, "ck": 0, "cf": 0, "mds": "0", "dspi": 0}, {"tt": "season 2012", "sp": null, "mt": 1, "in": 1, "pr": "season=2012", "ds": 0, "ct": 0, "st": 0, "ck": 0, "cf": 0, "mds": "0", "dspi": 0}, {"tt": "season 2012/13", "sp": null, "mt": 1, "in": 1, "pr": "season=2012/13", "ds": 0, "ct": 0, "st": 0, "ck": 0, "cf": 0, "mds": "0", "dspi": 0}, {"tt": "season 2013/14", "sp": null, "mt": 2, "in": 2, "pr": "season=2013/14", "ds": 1, "ct": 1, "st": 0, "ck": 0, "cf": 1, "mds": "1 (1ct 0st)", "dspi": 0.5}, {"tt": "season 2014/15", "sp": null, "mt": 1, "in": 1, "pr": "season=2014/15", "ds": 0, "ct": 0, "st": 0, "ck": 0, "cf": 0, "mds": "0", "dspi": 0}, {"tt": "season 2015", "sp": null, "mt": 3, "in": 3, "pr": "season=2015", "ds": 0, "ct": 0, "st": 0, "ck": 0, "cf": 0, "mds": "0", "dspi": 0}, {"tt": "season 2015/16", "sp": null, "mt": 8, "in": 8, "pr": "season=2015/16", "ds": 4, "ct": 4, "st": 0, "ck": 0, "cf": 4, "mds": "1 (1ct 0st)", "dspi": 0.5}, {"tt": "season 2017/18", "sp": null, "mt": 1, "in": 1, "pr": "season=2017/18", "ds": 0, "ct": 0, "st": 0, "ck": 0, "cf": 0, "mds": "0", "dspi": 0}, {"tt": "season 2018/19", "sp": null, "mt": 2, "in": 2, "pr": "season=2018/19", "ds": 0, "ct": 0, "st": 0, "ck": 0, "cf": 0, "mds": "0", "dspi": 0}, {"tt": "season 2020/21", "sp": null, "mt": 2, "in": 2, "pr": "season=2020/21", "ds": 1, "ct": 1, "st": 0, "ck": 0, "cf": 1, "mds": "1 (1ct 0st)", "dspi": 0.5}]}, {"type": "CAPTAINS_INVOLVED", "stats": [{"tt": "*BB McCullum", "sp": "2014-2014", "mt": 2, "in": 2, "pr": "captain_involve=10384", "ds": 1, "ct": 1, "st": 0, "ck": 0, "cf": 1, "mds": "1 (1ct 0st)", "dspi": 0.5}, {"tt": "*TG Southee", "sp": "2021-2021", "mt": 2, "in": 2, "pr": "captain_involve=49108", "ds": 1, "ct": 1, "st": 0, "ck": 0, "cf": 1, "mds": "1 (1ct 0st)", "dspi": 0.5}, {"tt": "*LRPL Taylor", "sp": "2010-2012", "mt": 4, "in": 4, "pr": "captain_involve=44930", "ds": 0, "ct": 0, "st": 0, "ck": 0, "cf": 0, "mds": "0", "dspi": 0}, {"tt": "*KS Williamson", "sp": "2014-2018", "mt": 15, "in": 15, "pr": "captain_involve=51088", "ds": 4, "ct": 4, "st": 0, "ck": 0, "cf": 4, "mds": "1 (1ct 0st)", "dspi": 0.266}]}, {"type": "CAPTAIN", "stats": [{"tt": "is not captain", "sp": "2010-2021", "mt": 23, "in": 23, "pr": "captain=0", "ds": 6, "ct": 6, "st": 0, "ck": 0, "cf": 6, "mds": "1 (1ct 0st)", "dspi": 0.26}]}, {"type": "KEEPER", "stats": [{"tt": "is not keeper", "sp": "2010-2021", "mt": 23, "in": 23, "pr": "keeper=0", "ds": 6, "ct": 6, "st": 0, "ck": 0, "cf": 6, "mds": "1 (1ct 0st)", "dspi": 0.26}]}, {"type": "TOSS", "stats": [{"tt": "won the toss", "sp": "2010-2018", "mt": 10, "in": 10, "pr": "toss=1", "ds": 3, "ct": 3, "st": 0, "ck": 0, "cf": 3, "mds": "1 (1ct 0st)", "dspi": 0.3}, {"tt": "lost the toss", "sp": "2010-2021", "mt": 13, "in": 13, "pr": "toss=2", "ds": 3, "ct": 3, "st": 0, "ck": 0, "cf": 3, "mds": "1 (1ct 0st)", "dspi": 0.23}]}, {"type": "BATTING_FIELDING_SEQUENCE_AND_TOSS", "stats": [{"tt": "won toss &amp; batted", "sp": "2014-2018", "mt": 7, "in": 7, "pr": "batting_fielding_first=1;toss=1", "ds": 2, "ct": 2, "st": 0, "ck": 0, "cf": 2, "mds": "1 (1ct 0st)", "dspi": 0.285}, {"tt": "won toss &amp; fielded", "sp": "2010-2016", "mt": 3, "in": 3, "pr": "batting_fielding_first=2;toss=1", "ds": 1, "ct": 1, "st": 0, "ck": 0, "cf": 1, "mds": "1 (1ct 0st)", "dspi": 0.333}, {"tt": "lost toss &amp; sent in", "sp": "2012-2021", "mt": 8, "in": 8, "pr": "batting_fielding_first=1;toss=2", "ds": 2, "ct": 2, "st": 0, "ck": 0, "cf": 2, "mds": "1 (1ct 0st)", "dspi": 0.25}, {"tt": "lost toss &amp; fielded", "sp": "2010-2018", "mt": 5, "in": 5, "pr": "batting_fielding_first=2;toss=2", "ds": 1, "ct": 1, "st": 0, "ck": 0, "cf": 1, "mds": "1 (1ct 0st)", "dspi": 0.2}]}, {"type": "BATTING_FIELDING_SEQUENCE", "stats": [{"tt": "matches batting first", "sp": "2012-2021", "mt": 15, "in": 15, "pr": "batting_fielding_first=1", "ds": 4, "ct": 4, "st": 0, "ck": 0, "cf": 4, "mds": "1 (1ct 0st)", "dspi": 0.266}, {"tt": "matches fielding first", "sp": "2010-2018", "mt": 8, "in": 8, "pr": "batting_fielding_first=2", "ds": 2, "ct": 2, "st": 0, "ck": 0, "cf": 2, "mds": "1 (1ct 0st)", "dspi": 0.25}]}, {"type": "TEAM_INNINGS", "stats": [{"tt": "1st team innings", "sp": "2010-2021", "mt": 23, "in": 23, "pr": "innings_number=1;innings_number=2", "ds": 6, "ct": 6, "st": 0, "ck": 0, "cf": 6, "mds": "1 (1ct 0st)", "dspi": 0.26}]}, {"type": "MATCH_INNINGS", "stats": [{"tt": "1st match innings", "sp": "2010-2018", "mt": 8, "in": 8, "pr": "innings_number=1", "ds": 2, "ct": 2, "st": 0, "ck": 0, "cf": 2, "mds": "1 (1ct 0st)", "dspi": 0.25}, {"tt": "2nd match innings", "sp": "2012-2021", "mt": 15, "in": 15, "pr": "innings_number=2", "ds": 4, "ct": 4, "st": 0, "ck": 0, "cf": 4, "mds": "1 (1ct 0st)", "dspi": 0.266}]}, {"type": "FLOODLIT", "stats": [{"tt": "day match", "sp": "2010-2016", "mt": 4, "in": 4, "pr": "floodlit=1", "ds": 1, "ct": 1, "st": 0, "ck": 0, "cf": 1, "mds": "1 (1ct 0st)", "dspi": 0.25}, {"tt": "day/night match", "sp": "2012-2016", "mt": 8, "in": 8, "pr": "floodlit=2", "ds": 4, "ct": 4, "st": 0, "ck": 0, "cf": 4, "mds": "1 (1ct 0st)", "dspi": 0.5}, {"tt": "night match", "sp": "2010-2021", "mt": 11, "in": 11, "pr": "floodlit=3", "ds": 1, "ct": 1, "st": 0, "ck": 0, "cf": 1, "mds": "1 (1ct 0st)", "dspi": 0.09}]}, {"type": "RESULT", "stats": [{"tt": "won match", "sp": "2010-2021", "mt": 15, "in": 15, "pr": "result=1", "ds": 6, "ct": 6, "st": 0, "ck": 0, "cf": 6, "mds": "1 (1ct 0st)", "dspi": 0.4}, {"tt": "lost match", "sp": "2010-2018", "mt": 8, "in": 8, "pr": "result=2", "ds": 0, "ct": 0, "st": 0, "ck": 0, "cf": 0, "mds": "0", "dspi": 0}]}, {"type": "BATTING_FIELDING_SEQUENCE_AND_RESULT", "stats": [{"tt": "won batting first", "sp": "2012-2021", "mt": 11, "in": 11, "pr": "batting_fielding_first=1;result=1", "ds": 4, "ct": 4, "st": 0, "ck": 0, "cf": 4, "mds": "1 (1ct 0st)", "dspi": 0.363}, {"tt": "won fielding first", "sp": "2010-2016", "mt": 4, "in": 4, "pr": "batting_fielding_first=2;result=1", "ds": 2, "ct": 2, "st": 0, "ck": 0, "cf": 2, "mds": "1 (1ct 0st)", "dspi": 0.5}, {"tt": "lost batting first", "sp": "2014-2018", "mt": 4, "in": 4, "pr": "batting_fielding_first=1;result=2", "ds": 0, "ct": 0, "st": 0, "ck": 0, "cf": 0, "mds": "0", "dspi": 0}, {"tt": "lost fielding first", "sp": "2010-2018", "mt": 4, "in": 4, "pr": "batting_fielding_first=2;result=2", "ds": 0, "ct": 0, "st": 0, "ck": 0, "cf": 0, "mds": "0", "dspi": 0}]}, {"type": "TOURNAMENT_TYPE", "stats": [{"tt": "2 team series", "sp": "2010-2021", "mt": 18, "in": 18, "pr": "tournament_type=2", "ds": 5, "ct": 5, "st": 0, "ck": 0, "cf": 5, "mds": "1 (1ct 0st)", "dspi": 0.277}, {"tt": "5+ team tournaments", "sp": "2012-2016", "mt": 5, "in": 5, "pr": "tournament_type=5", "ds": 1, "ct": 1, "st": 0, "ck": 0, "cf": 1, "mds": "1 (1ct 0st)", "dspi": 0.2}]}, {"type": "MATCH_NUMBER", "stats": [{"tt": "only match in series", "sp": "2015-2015", "mt": 1, "in": 1, "pr": "match_number=0", "ds": 0, "ct": 0, "st": 0, "ck": 0, "cf": 0, "mds": "0", "dspi": 0}, {"tt": "1st match in series", "sp": "2010-2018", "mt": 6, "in": 6, "pr": "match_number=1", "ds": 1, "ct": 1, "st": 0, "ck": 0, "cf": 1, "mds": "1 (1ct 0st)", "dspi": 0.166}, {"tt": "2nd match in series", "sp": "2012-2021", "mt": 8, "in": 8, "pr": "match_number=2", "ds": 3, "ct": 3, "st": 0, "ck": 0, "cf": 3, "mds": "1 (1ct 0st)", "dspi": 0.375}, {"tt": "3rd match in series", "sp": "2010-2021", "mt": 3, "in": 3, "pr": "match_number=3", "ds": 1, "ct": 1, "st": 0, "ck": 0, "cf": 1, "mds": "1 (1ct 0st)", "dspi": 0.333}]}, {"type": "MAJOR_TROPHY", "stats": [{"tt": "Men's T20 World Cup", "sp": "2012-2016", "mt": 5, "in": 5, "pr": "trophy=89", "ds": 1, "ct": 1, "st": 0, "ck": 0, "cf": 1, "mds": "1 (1ct 0st)", "dspi": 0.2}]}, {"type": "FINAL_TYPE", "stats": [{"tt": "tournament semi-finals", "sp": "2016-2016", "mt": 1, "in": 1, "pr": "final_type=3", "ds": 0, "ct": 0, "st": 0, "ck": 0, "cf": 0, "mds": "0", "dspi": 0}, {"tt": "preliminary matches", "sp": "2012-2016", "mt": 4, "in": 4, "pr": "final_type=0", "ds": 1, "ct": 1, "st": 0, "ck": 0, "cf": 1, "mds": "1 (1ct 0st)", "dspi": 0.25}]}]}}