{"player": {"id": 62153, "objectId": 450860, "name": "AF Milne", "longName": "Adam Milne", "mobileName": "Milne", "indexName": "Milne, AF", "battingName": "AF Milne", "fieldingName": "Milne", "slug": "adam-milne", "gender": "M", "playingRole": "bowler", "battingStyles": ["rhb"], "bowlingStyles": ["rf"], "longBattingStyles": ["right-hand bat"], "longBowlingStyles": ["right-arm fast"], "image": {"id": 303779, "objectId": 1222606, "slug": "adam-milne-portrait", "url": "/db/PICTURES/CMS/303700/303779.png", "width": 160, "height": 200, "caption": "Adam Milne portrait", "longCaption": "Adam Milne, May 2020", "credit": "Getty Images", "photographer": null, "peerUrls": null}, "countryTeamId": 5, "playingRoleType": "P", "playingRoles": ["bowler"], "dateOfBirth": {"year": 1992, "month": 4, "date": 13}, "dateOfDeath": null, "fullName": "Adam Fraser Milne", "nickNames": "", "alsoKnownAs": "", "height": 0, "heightUnit": null, "education": "", "country": {"id": 5, "objectId": 5, "name": "New Zealand", "shortName": "New Zealand", "image": {"id": 313127, "objectId": 1241586, "slug": "new-zealand-logo", "url": "/db/PICTURES/CMS/313100/313127.logo.png", "width": 500, "height": 500, "caption": "New Zealand logo", "longCaption": "New Zealand logo", "credit": null, "photographer": null, "peerUrls": null}}, "altCountryTeamId": null, "placeOfBirth": "Palmerston North", "dobText": null, "dodText": null, "placeOfDeath": "", "intlCareerSpan": "2010 - 2021", "headshotImage": {"id": 316689, "objectId": 1251322, "slug": "af-milne-headshot", "url": "/db/PICTURES/CMS/316600/316689.png", "width": 600, "height": 436, "caption": "AF Milne headshot", "longCaption": "AF Milne headshot", "credit": null, "photographer": null, "peerUrls": {"FILM": null, "WIDE": null, "SQUARE": null}}, "backgroundImage": {"id": 176691, "objectId": 709985, "slug": "adam-milne-picked-up-two-wickets", "url": "/db/PICTURES/CMS/176600/176691.jpg", "width": 900, "height": 600, "caption": "Adam Milne picked up two wickets", "longCaption": "Adam Milne picked up two wickets, New Zealand v West Indies, 2nd T20, Wellington, January 15, 2014", "credit": "Getty Images", "photographer": null, "peerUrls": {"FILM": "/db/PICTURES/CMS/176600/176691.jpg", "WIDE": "/db/PICTURES/CMS/176600/176691.3.jpg", "SQUARE": null}}, "externalLinks": [], "fieldingStyles": [], "otherStyles": [], "matchPlayerTypes": [1], "hasRecords": true, "hasStats": true, "hasMatches": true, "totalStories": 66, "totalVideos": 2, "totalImages": 43}, "teams": [{"team": {"id": 5, "objectId": 5, "scribeId": 5, "slug": "new-zealand", "name": "New Zealand", "longName": "New Zealand", "abbreviation": "NZ", "isCountry": true, "primaryColor": "#000000", "image": {"id": 313127, "objectId": 1241586, "slug": "new-zealand-logo", "url": "/db/PICTURES/CMS/313100/313127.logo.png", "width": 500, "height": 500, "caption": "New Zealand logo", "longCaption": "New Zealand logo", "credit": null, "photographer": null, "peerUrls": null}}, "current": false}, {"team": {"id": 6681, "objectId": 1204501, "scribeId": 1204501, "slug": "birmingham-phoenix-men", "name": "Phoenix", "longName": "Birmingham Phoenix (Men)", "abbreviation": "BP-M", "isCountry": false, "primaryColor": null, "image": {"id": 317118, "objectId": 1252754, "slug": "birmingham-phoenix-team-logo", "url": "/db/PICTURES/CMS/317100/317118.png", "width": 500, "height": 500, "caption": "Birmingham Phoenix team logo", "longCaption": "Birmingham Phoenix team logo", "credit": "Unknown", "photographer": null, "peerUrls": null}}, "current": false}, {"team": {"id": 2533, "objectId": 2482, "scribeId": 2482, "slug": "central-districts", "name": "Central D", "longName": "Central Districts", "abbreviation": "CD", "isCountry": false, "primaryColor": null, "image": {"id": 313331, "objectId": 1241790, "slug": "central-districts-logo", "url": "/db/PICTURES/CMS/313300/313331.logo.png", "width": 500, "height": 500, "caption": "Central Districts logo", "longCaption": "Central Districts logo", "credit": null, "photographer": null, "peerUrls": null}}, "current": false}, {"team": {"id": 1149, "objectId": 1098, "scribeId": 1098, "slug": "kent", "name": "Kent", "longName": "Kent", "abbreviation": "KENT", "isCountry": false, "primaryColor": null, "image": {"id": 313268, "objectId": 1241727, "slug": "kent-logo", "url": "/db/PICTURES/CMS/313200/313268.logo.png", "width": 500, "height": 500, "caption": "Kent logo", "longCaption": "Kent logo", "credit": null, "photographer": null, "peerUrls": null}}, "current": false}, {"team": {"id": 4346, "objectId": 335978, "scribeId": 335978, "slug": "mumbai-indians", "name": "Mum Indians", "longName": "Mumbai Indians", "abbreviation": "MI", "isCountry": false, "primaryColor": "#005ea0", "image": {"id": 317995, "objectId": 1254984, "slug": "mumbai-indians-team-logo", "url": "/db/PICTURES/CMS/317900/317995.png", "width": 500, "height": 500, "caption": "Mumbai Indians team logo", "longCaption": "Mumbai Indians team logo", "credit": "Unknown", "photographer": null, "peerUrls": null}}, "current": false}, {"team": {"id": 2591, "objectId": 2540, "scribeId": 2540, "slug": "new-zealand-a", "name": "NZ A", "longName": "New Zealand A", "abbreviation": "NZ-A", "isCountry": false, "primaryColor": null, "image": {"id": 313333, "objectId": 1241792, "slug": "new-zealand-a-logo", "url": "/db/PICTURES/CMS/313300/313333.logo.png", "width": 500, "height": 500, "caption": "New Zealand A logo", "longCaption": "New Zealand A logo", "credit": null, "photographer": null, "peerUrls": null}}, "current": false}, {"team": {"id": 2616, "objectId": 2565, "scribeId": 2565, "slug": "new-zealand-xi", "name": "NZ XI", "longName": "New Zealand XI", "abbreviation": "NZ-XI", "isCountry": false, "primaryColor": null, "image": {"id": 313336, "objectId": 1241795, "slug": "new-zealand-xi-logo", "url": "/db/PICTURES/CMS/313300/313336.logo.png", "width": 500, "height": 500, "caption": "New Zealand XI logo", "longCaption": "New Zealand XI logo", "credit": null, "photographer": null, "peerUrls": null}}, "current": false}, {"team": {"id": 4340, "objectId": 335970, "scribeId": 335970, "slug": "royal-challengers-bangalore", "name": "RCB", "longName": "Royal Challengers Bangalore", "abbreviation": "RCB", "isCountry": false, "primaryColor": "#ef4022", "image": {"id": 313418, "objectId": 1241877, "slug": "royal-challengers-bangalore-logo", "url": "/db/PICTURES/CMS/313400/313418.logo.png", "width": 500, "height": 500, "caption": "Royal Challengers Bangalore logo", "longCaption": "Royal Challengers Bangalore logo", "credit": null, "photographer": null, "peerUrls": null}}, "current": false}, {"team": {"id": 4850, "objectId": 509674, "scribeId": 509674, "slug": "sydney-thunder", "name": "Thunder", "longName": "Sydney Thunder", "abbreviation": "ST", "isCountry": false, "primaryColor": null, "image": {"id": 313472, "objectId": 1241931, "slug": "sydney-thunder-logo", "url": "/db/PICTURES/CMS/313400/313472.logo.png", "width": 500, "height": 500, "caption": "Sydney Thunder logo", "longCaption": "Sydney Thunder logo", "credit": null, "photographer": null, "peerUrls": null}}, "current": false}]}