{"summary": {"recordClassId": 3, "type": "BATTING", "groups": [{"type": "CAREER_AVERAGES", "stats": [{"tt": "overview", "sp": "2010-2021", "mt": 23, "in": 8, "pr": null, "rn": 21, "fo": 1, "si": 0, "ft": 0, "hn": 0, "bf": 23, "dk": 0, "no": 8, "hs": "10*", "bta": null, "btsr": 91.3}]}, {"type": "OPPOSITION_TEAM", "stats": [{"tt": "vs Australia", "sp": "2016-2016", "mt": 1, "in": 1, "pr": "opposition=2", "rn": 2, "fo": 0, "si": 0, "ft": 0, "hn": 0, "bf": 2, "dk": 0, "no": 1, "hs": "2*", "bta": null, "btsr": 100}, {"tt": "vs Bangladesh", "sp": "2021-2021", "mt": 2, "in": null, "pr": "opposition=25", "rn": null, "fo": null, "si": null, "ft": null, "hn": null, "bf": null, "dk": null, "no": null, "hs": null, "bta": null, "btsr": null}, {"tt": "vs England", "sp": "2016-2016", "mt": 1, "in": null, "pr": "opposition=1", "rn": null, "fo": null, "si": null, "ft": null, "hn": null, "bf": null, "dk": null, "no": null, "hs": null, "bta": null, "btsr": null}, {"tt": "vs India", "sp": "2012-2017", "mt": 3, "in": null, "pr": "opposition=6", "rn": null, "fo": null, "si": null, "ft": null, "hn": null, "bf": null, "dk": null, "no": null, "hs": null, "bta": null, "btsr": null}, {"tt": "vs Pakistan", "sp": "2010-2018", "mt": 10, "in": 5, "pr": "opposition=7", "rn": 7, "fo": 0, "si": 0, "ft": 0, "hn": 0, "bf": 12, "dk": 0, "no": 5, "hs": "3*", "bta": null, "btsr": 58.33}, {"tt": "vs South Africa", "sp": "2015-2015", "mt": 2, "in": 2, "pr": "opposition=3", "rn": 12, "fo": 1, "si": 0, "ft": 0, "hn": 0, "bf": 9, "dk": 0, "no": 2, "hs": "10*", "bta": null, "btsr": 133.33}, {"tt": "vs Sri Lanka", "sp": "2016-2016", "mt": 1, "in": null, "pr": "opposition=8", "rn": null, "fo": null, "si": null, "ft": null, "hn": null, "bf": null, "dk": null, "no": null, "hs": null, "bta": null, "btsr": null}, {"tt": "vs West Indies", "sp": "2014-2014", "mt": 2, "in": null, "pr": "opposition=4", "rn": null, "fo": null, "si": null, "ft": null, "hn": null, "bf": null, "dk": null, "no": null, "hs": null, "bta": null, "btsr": null}, {"tt": "vs Zimbabwe", "sp": "2015-2015", "mt": 1, "in": null, "pr": "opposition=9", "rn": null, "fo": null, "si": null, "ft": null, "hn": null, "bf": null, "dk": null, "no": null, "hs": null, "bta": null, "btsr": null}]}, {"type": "HOST_COUNTRY", "stats": [{"tt": "in India", "sp": "2012-2017", "mt": 6, "in": 1, "pr": "host=6", "rn": 2, "fo": 0, "si": 0, "ft": 0, "hn": 0, "bf": 2, "dk": 0, "no": 1, "hs": "2*", "bta": null, "btsr": 100}, {"tt": "in New Zealand", "sp": "2010-2021", "mt": 10, "in": 2, "pr": "host=5", "rn": 5, "fo": 0, "si": 0, "ft": 0, "hn": 0, "bf": 9, "dk": 0, "no": 2, "hs": "3*", "bta": null, "btsr": 55.55}, {"tt": "in South Africa", "sp": "2015-2015", "mt": 2, "in": 2, "pr": "host=3", "rn": 12, "fo": 1, "si": 0, "ft": 0, "hn": 0, "bf": 9, "dk": 0, "no": 2, "hs": "10*", "bta": null, "btsr": 133.33}, {"tt": "in Sri Lanka", "sp": "2012-2012", "mt": 1, "in": 1, "pr": "host=8", "rn": 0, "fo": 0, "si": 0, "ft": 0, "hn": 0, "bf": 0, "dk": 0, "no": 1, "hs": "0*", "bta": null, "btsr": null}, {"tt": "in U.A.E.", "sp": "2014-2018", "mt": 3, "in": 2, "pr": "host=27", "rn": 2, "fo": 0, "si": 0, "ft": 0, "hn": 0, "bf": 3, "dk": 0, "no": 2, "hs": "2*", "bta": null, "btsr": 66.66}, {"tt": "in Zimbabwe", "sp": "2015-2015", "mt": 1, "in": null, "pr": "host=9", "rn": null, "fo": null, "si": null, "ft": null, "hn": null, "bf": null, "dk": null, "no": null, "hs": null, "bta": null, "btsr": null}]}, {"type": "CONTINENT", "stats": [{"tt": "in Africa", "sp": "2015-2015", "mt": 3, "in": 2, "pr": "continent=1", "rn": 12, "fo": 1, "si": 0, "ft": 0, "hn": 0, "bf": 9, "dk": 0, "no": 2, "hs": "10*", "bta": null, "btsr": 133.33}, {"tt": "in Asia", "sp": "2012-2018", "mt": 10, "in": 4, "pr": "continent=2", "rn": 4, "fo": 0, "si": 0, "ft": 0, "hn": 0, "bf": 5, "dk": 0, "no": 4, "hs": "2*", "bta": null, "btsr": 80}, {"tt": "in Oceania", "sp": "2010-2021", "mt": 10, "in": 2, "pr": "continent=5", "rn": 5, "fo": 0, "si": 0, "ft": 0, "hn": 0, "bf": 9, "dk": 0, "no": 2, "hs": "3*", "bta": null, "btsr": 55.55}]}, {"type": "HOME_OR_AWAY", "stats": [{"tt": "home", "sp": "2010-2021", "mt": 10, "in": 2, "pr": "home_or_away=1", "rn": 5, "fo": 0, "si": 0, "ft": 0, "hn": 0, "bf": 9, "dk": 0, "no": 2, "hs": "3*", "bta": null, "btsr": 55.55}, {"tt": "away", "sp": "2012-2017", "mt": 6, "in": 2, "pr": "home_or_away=2", "rn": 12, "fo": 1, "si": 0, "ft": 0, "hn": 0, "bf": 9, "dk": 0, "no": 2, "hs": "10*", "bta": null, "btsr": 133.33}, {"tt": "neutral", "sp": "2012-2018", "mt": 7, "in": 4, "pr": "home_or_away=3", "rn": 4, "fo": 0, "si": 0, "ft": 0, "hn": 0, "bf": 5, "dk": 0, "no": 4, "hs": "2*", "bta": null, "btsr": 80}]}, {"type": "YEAR", "stats": [{"tt": "year 2010", "sp": null, "mt": 2, "in": 1, "pr": "year=2010", "rn": 3, "fo": 0, "si": 0, "ft": 0, "hn": 0, "bf": 7, "dk": 0, "no": 1, "hs": "3*", "bta": null, "btsr": 42.85}, {"tt": "year 2012", "sp": null, "mt": 2, "in": 1, "pr": "year=2012", "rn": 0, "fo": 0, "si": 0, "ft": 0, "hn": 0, "bf": 0, "dk": 0, "no": 1, "hs": "0*", "bta": null, "btsr": null}, {"tt": "year 2014", "sp": null, "mt": 3, "in": 1, "pr": "year=2014", "rn": 2, "fo": 0, "si": 0, "ft": 0, "hn": 0, "bf": 3, "dk": 0, "no": 1, "hs": "2*", "bta": null, "btsr": 66.66}, {"tt": "year 2015", "sp": null, "mt": 3, "in": 2, "pr": "year=2015", "rn": 12, "fo": 1, "si": 0, "ft": 0, "hn": 0, "bf": 9, "dk": 0, "no": 2, "hs": "10*", "bta": null, "btsr": 133.33}, {"tt": "year 2016", "sp": null, "mt": 8, "in": 2, "pr": "year=2016", "rn": 4, "fo": 0, "si": 0, "ft": 0, "hn": 0, "bf": 4, "dk": 0, "no": 2, "hs": "2*", "bta": null, "btsr": 100}, {"tt": "year 2017", "sp": null, "mt": 1, "in": null, "pr": "year=2017", "rn": null, "fo": null, "si": null, "ft": null, "hn": null, "bf": null, "dk": null, "no": null, "hs": null, "bta": null, "btsr": null}, {"tt": "year 2018", "sp": null, "mt": 2, "in": 1, "pr": "year=2018", "rn": 0, "fo": 0, "si": 0, "ft": 0, "hn": 0, "bf": 0, "dk": 0, "no": 1, "hs": "0*", "bta": null, "btsr": null}, {"tt": "year 2021", "sp": null, "mt": 2, "in": null, "pr": "year=2021", "rn": null, "fo": null, "si": null, "ft": null, "hn": null, "bf": null, "dk": null, "no": null, "hs": null, "bta": null, "btsr": null}]}, {"type": "SEASON", "stats": [{"tt": "season 2010/11", "sp": null, "mt": 2, "in": 1, "pr": "season=NaN", "rn": 3, "fo": 0, "si": 0, "ft": 0, "hn": 0, "bf": 7, "dk": 0, "no": 1, "hs": "3*", "bta": null, "btsr": 42.85}, {"tt": "season 2012", "sp": null, "mt": 1, "in": null, "pr": "season=2012", "rn": null, "fo": null, "si": null, "ft": null, "hn": null, "bf": null, "dk": null, "no": null, "hs": null, "bta": null, "btsr": null}, {"tt": "season 2012/13", "sp": null, "mt": 1, "in": 1, "pr": "season=NaN", "rn": 0, "fo": 0, "si": 0, "ft": 0, "hn": 0, "bf": 0, "dk": 0, "no": 1, "hs": "0*", "bta": null, "btsr": null}, {"tt": "season 2013/14", "sp": null, "mt": 2, "in": null, "pr": "season=NaN", "rn": null, "fo": null, "si": null, "ft": null, "hn": null, "bf": null, "dk": null, "no": null, "hs": null, "bta": null, "btsr": null}, {"tt": "season 2014/15", "sp": null, "mt": 1, "in": 1, "pr": "season=NaN", "rn": 2, "fo": 0, "si": 0, "ft": 0, "hn": 0, "bf": 3, "dk": 0, "no": 1, "hs": "2*", "bta": null, "btsr": 66.66}, {"tt": "season 2015", "sp": null, "mt": 3, "in": 2, "pr": "season=2015", "rn": 12, "fo": 1, "si": 0, "ft": 0, "hn": 0, "bf": 9, "dk": 0, "no": 2, "hs": "10*", "bta": null, "btsr": 133.33}, {"tt": "season 2015/16", "sp": null, "mt": 8, "in": 2, "pr": "season=NaN", "rn": 4, "fo": 0, "si": 0, "ft": 0, "hn": 0, "bf": 4, "dk": 0, "no": 2, "hs": "2*", "bta": null, "btsr": 100}, {"tt": "season 2017/18", "sp": null, "mt": 1, "in": null, "pr": "season=NaN", "rn": null, "fo": null, "si": null, "ft": null, "hn": null, "bf": null, "dk": null, "no": null, "hs": null, "bta": null, "btsr": null}, {"tt": "season 2018/19", "sp": null, "mt": 2, "in": 1, "pr": "season=NaN", "rn": 0, "fo": 0, "si": 0, "ft": 0, "hn": 0, "bf": 0, "dk": 0, "no": 1, "hs": "0*", "bta": null, "btsr": null}, {"tt": "season 2020/21", "sp": null, "mt": 2, "in": null, "pr": "season=NaN", "rn": null, "fo": null, "si": null, "ft": null, "hn": null, "bf": null, "dk": null, "no": null, "hs": null, "bta": null, "btsr": null}]}, {"type": "CAPTAINS_INVOLVED", "stats": [{"tt": "*BB McCullum", "sp": "2014-2014", "mt": 2, "in": null, "pr": "captain_involve=10384", "rn": null, "fo": null, "si": null, "ft": null, "hn": null, "bf": null, "dk": null, "no": null, "hs": null, "bta": null, "btsr": null}, {"tt": "*TG Southee", "sp": "2021-2021", "mt": 2, "in": null, "pr": "captain_involve=49108", "rn": null, "fo": null, "si": null, "ft": null, "hn": null, "bf": null, "dk": null, "no": null, "hs": null, "bta": null, "btsr": null}, {"tt": "*LRPL Taylor", "sp": "2010-2012", "mt": 4, "in": 2, "pr": "captain_involve=44930", "rn": 3, "fo": 0, "si": 0, "ft": 0, "hn": 0, "bf": 7, "dk": 0, "no": 2, "hs": "3*", "bta": null, "btsr": 42.85}, {"tt": "*KS Williamson", "sp": "2014-2018", "mt": 15, "in": 6, "pr": "captain_involve=51088", "rn": 18, "fo": 1, "si": 0, "ft": 0, "hn": 0, "bf": 16, "dk": 0, "no": 6, "hs": "10*", "bta": null, "btsr": 112.5}]}, {"type": "CAPTAIN", "stats": [{"tt": "is not captain", "sp": "2010-2021", "mt": 23, "in": 8, "pr": "captain=0", "rn": 21, "fo": 1, "si": 0, "ft": 0, "hn": 0, "bf": 23, "dk": 0, "no": 8, "hs": "10*", "bta": null, "btsr": 91.3}]}, {"type": "KEEPER", "stats": [{"tt": "is not keeper", "sp": "2010-2021", "mt": 23, "in": 8, "pr": "keeper=0", "rn": 21, "fo": 1, "si": 0, "ft": 0, "hn": 0, "bf": 23, "dk": 0, "no": 8, "hs": "10*", "bta": null, "btsr": 91.3}]}, {"type": "TOSS", "stats": [{"tt": "won the toss", "sp": "2010-2018", "mt": 10, "in": 4, "pr": "toss=1", "rn": 14, "fo": 1, "si": 0, "ft": 0, "hn": 0, "bf": 11, "dk": 0, "no": 4, "hs": "10*", "bta": null, "btsr": 127.27}, {"tt": "lost the toss", "sp": "2010-2021", "mt": 13, "in": 4, "pr": "toss=2", "rn": 7, "fo": 0, "si": 0, "ft": 0, "hn": 0, "bf": 12, "dk": 0, "no": 4, "hs": "3*", "bta": null, "btsr": 58.33}]}, {"type": "BATTING_FIELDING_SEQUENCE_AND_TOSS", "stats": [{"tt": "won toss &amp; batted", "sp": "2014-2018", "mt": 7, "in": 3, "pr": "batting_fielding_first=1;toss=1", "rn": 12, "fo": 1, "si": 0, "ft": 0, "hn": 0, "bf": 9, "dk": 0, "no": 3, "hs": "10*", "bta": null, "btsr": 133.33}, {"tt": "won toss &amp; fielded", "sp": "2010-2016", "mt": 3, "in": 1, "pr": "batting_fielding_first=2;toss=1", "rn": 2, "fo": 0, "si": 0, "ft": 0, "hn": 0, "bf": 2, "dk": 0, "no": 1, "hs": "2*", "bta": null, "btsr": 100}, {"tt": "lost toss &amp; sent in", "sp": "2012-2021", "mt": 8, "in": 2, "pr": "batting_fielding_first=1;toss=2", "rn": 4, "fo": 0, "si": 0, "ft": 0, "hn": 0, "bf": 5, "dk": 0, "no": 2, "hs": "2*", "bta": null, "btsr": 80}, {"tt": "lost toss &amp; fielded", "sp": "2010-2018", "mt": 5, "in": 2, "pr": "batting_fielding_first=2;toss=2", "rn": 3, "fo": 0, "si": 0, "ft": 0, "hn": 0, "bf": 7, "dk": 0, "no": 2, "hs": "3*", "bta": null, "btsr": 42.85}]}, {"type": "BATTING_FIELDING_SEQUENCE", "stats": [{"tt": "matches batting first", "sp": "2012-2021", "mt": 15, "in": 5, "pr": "batting_fielding_first=1", "rn": 16, "fo": 1, "si": 0, "ft": 0, "hn": 0, "bf": 14, "dk": 0, "no": 5, "hs": "10*", "bta": null, "btsr": 114.28}, {"tt": "matches fielding first", "sp": "2010-2018", "mt": 8, "in": 3, "pr": "batting_fielding_first=2", "rn": 5, "fo": 0, "si": 0, "ft": 0, "hn": 0, "bf": 9, "dk": 0, "no": 3, "hs": "3*", "bta": null, "btsr": 55.55}]}, {"type": "TEAM_INNINGS", "stats": [{"tt": "1st team innings", "sp": "2010-2021", "mt": 23, "in": 8, "pr": null, "rn": 21, "fo": 1, "si": 0, "ft": 0, "hn": 0, "bf": 23, "dk": 0, "no": 8, "hs": "10*", "bta": null, "btsr": 91.3}]}, {"type": "MATCH_INNINGS", "stats": [{"tt": "1st match innings", "sp": "2012-2021", "mt": 15, "in": 5, "pr": "innings_number=1", "rn": 16, "fo": 1, "si": 0, "ft": 0, "hn": 0, "bf": 14, "dk": 0, "no": 5, "hs": "10*", "bta": null, "btsr": 114.28}, {"tt": "2nd match innings", "sp": "2010-2018", "mt": 8, "in": 3, "pr": "innings_number=2", "rn": 5, "fo": 0, "si": 0, "ft": 0, "hn": 0, "bf": 9, "dk": 0, "no": 3, "hs": "3*", "bta": null, "btsr": 55.55}]}, {"type": "FLOODLIT", "stats": [{"tt": "day match", "sp": "2010-2016", "mt": 4, "in": 1, "pr": "floodlit=1", "rn": 10, "fo": 1, "si": 0, "ft": 0, "hn": 0, "bf": 7, "dk": 0, "no": 1, "hs": "10*", "bta": null, "btsr": 142.85}, {"tt": "day/night match", "sp": "2012-2016", "mt": 8, "in": 3, "pr": "floodlit=2", "rn": 4, "fo": 0, "si": 0, "ft": 0, "hn": 0, "bf": 4, "dk": 0, "no": 3, "hs": "2*", "bta": null, "btsr": 100}, {"tt": "night match", "sp": "2010-2021", "mt": 11, "in": 4, "pr": "floodlit=3", "rn": 7, "fo": 0, "si": 0, "ft": 0, "hn": 0, "bf": 12, "dk": 0, "no": 4, "hs": "3*", "bta": null, "btsr": 58.33}]}, {"type": "RESULT", "stats": [{"tt": "won match", "sp": "2010-2021", "mt": 15, "in": 2, "pr": "result=1", "rn": 12, "fo": 1, "si": 0, "ft": 0, "hn": 0, "bf": 9, "dk": 0, "no": 2, "hs": "10*", "bta": null, "btsr": 133.33}, {"tt": "lost match", "sp": "2010-2018", "mt": 8, "in": 6, "pr": "result=2", "rn": 9, "fo": 0, "si": 0, "ft": 0, "hn": 0, "bf": 14, "dk": 0, "no": 6, "hs": "3*", "bta": null, "btsr": 64.28}]}, {"type": "BATTING_FIELDING_SEQUENCE_AND_RESULT", "stats": [{"tt": "won batting first", "sp": "2012-2021", "mt": 11, "in": 2, "pr": "batting_fielding_first=1;result=1", "rn": 12, "fo": 1, "si": 0, "ft": 0, "hn": 0, "bf": 9, "dk": 0, "no": 2, "hs": "10*", "bta": null, "btsr": 133.33}, {"tt": "won fielding first", "sp": "2010-2016", "mt": 4, "in": null, "pr": "batting_fielding_first=2;result=1", "rn": null, "fo": null, "si": null, "ft": null, "hn": null, "bf": null, "dk": null, "no": null, "hs": null, "bta": null, "btsr": null}, {"tt": "lost batting first", "sp": "2014-2018", "mt": 4, "in": 3, "pr": "batting_fielding_first=1;result=2", "rn": 4, "fo": 0, "si": 0, "ft": 0, "hn": 0, "bf": 5, "dk": 0, "no": 3, "hs": "2*", "bta": null, "btsr": 80}, {"tt": "lost fielding first", "sp": "2010-2018", "mt": 4, "in": 3, "pr": "batting_fielding_first=2;result=2", "rn": 5, "fo": 0, "si": 0, "ft": 0, "hn": 0, "bf": 9, "dk": 0, "no": 3, "hs": "3*", "bta": null, "btsr": 55.55}]}, {"type": "TOURNAMENT_TYPE", "stats": [{"tt": "2 team series", "sp": "2010-2021", "mt": 18, "in": 6, "pr": "tournament_type=2", "rn": 19, "fo": 1, "si": 0, "ft": 0, "hn": 0, "bf": 21, "dk": 0, "no": 6, "hs": "10*", "bta": null, "btsr": 90.47}, {"tt": "5+ team tournaments", "sp": "2012-2016", "mt": 5, "in": 2, "pr": "tournament_type=5", "rn": 2, "fo": 0, "si": 0, "ft": 0, "hn": 0, "bf": 2, "dk": 0, "no": 2, "hs": "2*", "bta": null, "btsr": 100}]}, {"type": "MATCH_NUMBER", "stats": [{"tt": "only match in series", "sp": "2015-2015", "mt": 1, "in": null, "pr": "match_number=0", "rn": null, "fo": null, "si": null, "ft": null, "hn": null, "bf": null, "dk": null, "no": null, "hs": null, "bta": null, "btsr": null}, {"tt": "1st match in series", "sp": "2010-2018", "mt": 6, "in": 3, "pr": "match_number=1", "rn": 6, "fo": 0, "si": 0, "ft": 0, "hn": 0, "bf": 7, "dk": 0, "no": 3, "hs": "2*", "bta": null, "btsr": 85.71}, {"tt": "2nd match in series", "sp": "2012-2021", "mt": 8, "in": 2, "pr": "match_number=2", "rn": 10, "fo": 1, "si": 0, "ft": 0, "hn": 0, "bf": 7, "dk": 0, "no": 2, "hs": "10*", "bta": null, "btsr": 142.85}, {"tt": "3rd match in series", "sp": "2010-2021", "mt": 3, "in": 1, "pr": "match_number=3", "rn": 3, "fo": 0, "si": 0, "ft": 0, "hn": 0, "bf": 7, "dk": 0, "no": 1, "hs": "3*", "bta": null, "btsr": 42.85}]}, {"type": "MAJOR_TROPHY", "stats": [{"tt": "Men's T20 World Cup", "sp": "2012-2016", "mt": 5, "in": 2, "pr": "trophy=89", "rn": 2, "fo": 0, "si": 0, "ft": 0, "hn": 0, "bf": 2, "dk": 0, "no": 2, "hs": "2*", "bta": null, "btsr": 100}]}, {"type": "FINAL_TYPE", "stats": [{"tt": "tournament semi-finals", "sp": "2016-2016", "mt": 1, "in": null, "pr": "final_type=3", "rn": null, "fo": null, "si": null, "ft": null, "hn": null, "bf": null, "dk": null, "no": null, "hs": null, "bta": null, "btsr": null}, {"tt": "preliminary matches", "sp": "2012-2016", "mt": 4, "in": 2, "pr": "final_type=0", "rn": 2, "fo": 0, "si": 0, "ft": 0, "hn": 0, "bf": 2, "dk": 0, "no": 2, "hs": "2*", "bta": null, "btsr": 100}]}, {"type": "BATTING_POSITION", "stats": [{"tt": "9th position", "sp": "2014-2018", "mt": 4, "in": 4, "pr": "batting_positionval1=batting_position;batting_positionmin1=9;batting_positionmax1=9", "rn": 14, "fo": 1, "si": 0, "ft": 0, "hn": 0, "bf": 12, "dk": 0, "no": 4, "hs": "10*", "bta": null, "btsr": 116.66}, {"tt": "10th position", "sp": "2015-2016", "mt": 2, "in": 2, "pr": "batting_positionval1=batting_position;batting_positionmin1=10;batting_positionmax1=10", "rn": 4, "fo": 0, "si": 0, "ft": 0, "hn": 0, "bf": 4, "dk": 0, "no": 2, "hs": "2*", "bta": null, "btsr": 100}, {"tt": "11th position", "sp": "2010-2012", "mt": 2, "in": 2, "pr": "batting_positionval1=batting_position;batting_positionmin1=11;batting_positionmax1=11", "rn": 3, "fo": 0, "si": 0, "ft": 0, "hn": 0, "bf": 7, "dk": 0, "no": 2, "hs": "3*", "bta": null, "btsr": 42.85}]}]}}