{"summary": {"recordClassId": 3, "type": "ALLROUND", "groups": [{"type": "CAREER_AVERAGES", "stats": [{"tt": "overview", "sp": "2010-2021", "mt": 23, "pr": null, "rn": 21, "wk": 28, "ct": 6, "st": 0, "hs": "10*", "hn": 0, "bbi": "4/37", "bta": null, "bwa": 21.39, "fw": 0, "bbad": null}]}, {"type": "OPPOSITION_TEAM", "stats": [{"tt": "v Australia", "sp": "2016-2016", "mt": 1, "pr": "opposition=2", "rn": 2, "wk": 0, "ct": 1, "st": 0, "hs": "2*", "hn": 0, "bbi": "-", "bta": null, "bwa": null, "fw": 0, "bbad": null}, {"tt": "v Bangladesh", "sp": "2021-2021", "mt": 2, "pr": "opposition=25", "rn": null, "wk": 3, "ct": 1, "st": 0, "hs": null, "hn": null, "bbi": "2/34", "bta": null, "bwa": 19.33, "fw": 0, "bbad": null}, {"tt": "v England", "sp": "2016-2016", "mt": 1, "pr": "opposition=1", "rn": null, "wk": 0, "ct": 0, "st": 0, "hs": null, "hn": null, "bbi": "-", "bta": null, "bwa": null, "fw": 0, "bbad": null}, {"tt": "v India", "sp": "2012-2017", "mt": 3, "pr": "opposition=6", "rn": null, "wk": 1, "ct": 0, "st": 0, "hs": null, "hn": null, "bbi": "1/8", "bta": null, "bwa": 74, "fw": 0, "bbad": null}, {"tt": "v Pakistan", "sp": "2010-2018", "mt": 10, "pr": "opposition=7", "rn": 7, "wk": 15, "ct": 2, "st": 0, "hs": "3*", "hn": 0, "bbi": "4/37", "bta": null, "bwa": 19, "fw": 0, "bbad": null}, {"tt": "v South Africa", "sp": "2015-2015", "mt": 2, "pr": "opposition=3", "rn": 12, "wk": 2, "ct": 0, "st": 0, "hs": "10*", "hn": 0, "bbi": "1/23", "bta": null, "bwa": 25, "fw": 0, "bbad": null}, {"tt": "v Sri Lanka", "sp": "2016-2016", "mt": 1, "pr": "opposition=8", "rn": null, "wk": 2, "ct": 1, "st": 0, "hs": null, "hn": null, "bbi": "2/36", "bta": null, "bwa": 18, "fw": 0, "bbad": null}, {"tt": "v West Indies", "sp": "2014-2014", "mt": 2, "pr": "opposition=4", "rn": null, "wk": 3, "ct": 1, "st": 0, "hs": null, "hn": null, "bbi": "2/22", "bta": null, "bwa": 12.33, "fw": 0, "bbad": null}, {"tt": "v Zimbabwe", "sp": "2015-2015", "mt": 1, "pr": "opposition=9", "rn": null, "wk": 2, "ct": 0, "st": 0, "hs": null, "hn": null, "bbi": "2/10", "bta": null, "bwa": 5, "fw": 0, "bbad": null}]}, {"type": "HOST_COUNTRY", "stats": [{"tt": "in India", "sp": "2012-2017", "mt": 6, "pr": "host=6", "rn": 2, "wk": 3, "ct": 1, "st": 0, "hs": "2*", "hn": 0, "bbi": "2/26", "bta": null, "bwa": 49.66, "fw": 0, "bbad": null}, {"tt": "in New Zealand", "sp": "2010-2021", "mt": 10, "pr": "host=5", "rn": 5, "wk": 17, "ct": 5, "st": 0, "hs": "3*", "hn": 0, "bbi": "4/37", "bta": null, "bwa": 18.05, "fw": 0, "bbad": null}, {"tt": "in South Africa", "sp": "2015-2015", "mt": 2, "pr": "host=3", "rn": 12, "wk": 2, "ct": 0, "st": 0, "hs": "10*", "hn": 0, "bbi": "1/23", "bta": null, "bwa": 25, "fw": 0, "bbad": null}, {"tt": "in Sri Lanka", "sp": "2012-2012", "mt": 1, "pr": "host=8", "rn": 0, "wk": 0, "ct": 0, "st": 0, "hs": "0*", "hn": 0, "bbi": "-", "bta": null, "bwa": null, "fw": 0, "bbad": null}, {"tt": "in U.A.E.", "sp": "2014-2018", "mt": 3, "pr": "host=27", "rn": 2, "wk": 4, "ct": 0, "st": 0, "hs": "2*", "hn": 0, "bbi": "2/25", "bta": null, "bwa": 17.75, "fw": 0, "bbad": null}, {"tt": "in Zimbabwe", "sp": "2015-2015", "mt": 1, "pr": "host=9", "rn": null, "wk": 2, "ct": 0, "st": 0, "hs": null, "hn": null, "bbi": "2/10", "bta": null, "bwa": 5, "fw": 0, "bbad": null}]}, {"type": "CONTINENT", "stats": [{"tt": "in Africa", "sp": "2015-2015", "mt": 3, "pr": "continent=1", "rn": 12, "wk": 4, "ct": 0, "st": 0, "hs": "10*", "hn": 0, "bbi": "2/10", "bta": null, "bwa": 15, "fw": 0, "bbad": null}, {"tt": "in Asia", "sp": "2012-2018", "mt": 10, "pr": "continent=2", "rn": 4, "wk": 7, "ct": 1, "st": 0, "hs": "2*", "hn": 0, "bbi": "2/25", "bta": null, "bwa": 33.14, "fw": 0, "bbad": null}, {"tt": "in Oceania", "sp": "2010-2021", "mt": 10, "pr": "continent=5", "rn": 5, "wk": 17, "ct": 5, "st": 0, "hs": "3*", "hn": 0, "bbi": "4/37", "bta": null, "bwa": 18.05, "fw": 0, "bbad": null}]}, {"type": "HOME_OR_AWAY", "stats": [{"tt": "home", "sp": "2010-2021", "mt": 10, "pr": "home_or_away=1", "rn": 5, "wk": 17, "ct": 5, "st": 0, "hs": "3*", "hn": 0, "bbi": "4/37", "bta": null, "bwa": 18.05, "fw": 0, "bbad": null}, {"tt": "away", "sp": "2012-2017", "mt": 6, "pr": "home_or_away=2", "rn": 12, "wk": 5, "ct": 0, "st": 0, "hs": "10*", "hn": 0, "bbi": "2/10", "bta": null, "bwa": 26.8, "fw": 0, "bbad": null}, {"tt": "neutral", "sp": "2012-2018", "mt": 7, "pr": "home_or_away=3", "rn": 4, "wk": 6, "ct": 1, "st": 0, "hs": "2*", "hn": 0, "bbi": "2/25", "bta": null, "bwa": 26.33, "fw": 0, "bbad": null}]}, {"type": "YEAR", "stats": [{"tt": "year 2010", "sp": null, "mt": 2, "pr": "year=2010", "rn": 3, "wk": 1, "ct": 0, "st": 0, "hs": "3*", "hn": 0, "bbi": "1/48", "bta": null, "bwa": 94, "fw": 0, "bbad": null}, {"tt": "year 2012", "sp": null, "mt": 2, "pr": "year=2012", "rn": 0, "wk": 0, "ct": 0, "st": 0, "hs": "0*", "hn": 0, "bbi": "-", "bta": null, "bwa": null, "fw": 0, "bbad": null}, {"tt": "year 2014", "sp": null, "mt": 3, "pr": "year=2014", "rn": 2, "wk": 3, "ct": 1, "st": 0, "hs": "2*", "hn": 0, "bbi": "2/22", "bta": null, "bwa": 18.33, "fw": 0, "bbad": null}, {"tt": "year 2015", "sp": null, "mt": 3, "pr": "year=2015", "rn": 12, "wk": 4, "ct": 0, "st": 0, "hs": "10*", "hn": 0, "bbi": "2/10", "bta": null, "bwa": 15, "fw": 0, "bbad": null}, {"tt": "year 2016", "sp": null, "mt": 8, "pr": "year=2016", "rn": 4, "wk": 13, "ct": 4, "st": 0, "hs": "2*", "hn": 0, "bbi": "4/37", "bta": null, "bwa": 15.46, "fw": 0, "bbad": null}, {"tt": "year 2017", "sp": null, "mt": 1, "pr": "year=2017", "rn": null, "wk": 0, "ct": 0, "st": 0, "hs": null, "hn": null, "bbi": "-", "bta": null, "bwa": null, "fw": 0, "bbad": null}, {"tt": "year 2018", "sp": null, "mt": 2, "pr": "year=2018", "rn": 0, "wk": 4, "ct": 0, "st": 0, "hs": "0*", "hn": 0, "bbi": "2/25", "bta": null, "bwa": 13.25, "fw": 0, "bbad": null}, {"tt": "year 2021", "sp": null, "mt": 2, "pr": "year=2021", "rn": null, "wk": 3, "ct": 1, "st": 0, "hs": null, "hn": null, "bbi": "2/34", "bta": null, "bwa": 19.33, "fw": 0, "bbad": null}]}, {"type": "SEASON", "stats": [{"tt": "season 2010/11", "sp": null, "mt": 2, "pr": "season=2010/11", "rn": 3, "wk": 1, "ct": 0, "st": 0, "hs": "3*", "hn": 0, "bbi": "1/48", "bta": null, "bwa": 94, "fw": 0, "bbad": null}, {"tt": "season 2012", "sp": null, "mt": 1, "pr": "season=2012", "rn": null, "wk": 0, "ct": 0, "st": 0, "hs": null, "hn": null, "bbi": "-", "bta": null, "bwa": null, "fw": 0, "bbad": null}, {"tt": "season 2012/13", "sp": null, "mt": 1, "pr": "season=2012/13", "rn": 0, "wk": 0, "ct": 0, "st": 0, "hs": "0*", "hn": 0, "bbi": "-", "bta": null, "bwa": null, "fw": 0, "bbad": null}, {"tt": "season 2013/14", "sp": null, "mt": 2, "pr": "season=2013/14", "rn": null, "wk": 3, "ct": 1, "st": 0, "hs": null, "hn": null, "bbi": "2/22", "bta": null, "bwa": 12.33, "fw": 0, "bbad": null}, {"tt": "season 2014/15", "sp": null, "mt": 1, "pr": "season=2014/15", "rn": 2, "wk": 0, "ct": 0, "st": 0, "hs": "2*", "hn": 0, "bbi": "-", "bta": null, "bwa": null, "fw": 0, "bbad": null}, {"tt": "season 2015", "sp": null, "mt": 3, "pr": "season=2015", "rn": 12, "wk": 4, "ct": 0, "st": 0, "hs": "10*", "hn": 0, "bbi": "2/10", "bta": null, "bwa": 15, "fw": 0, "bbad": null}, {"tt": "season 2015/16", "sp": null, "mt": 8, "pr": "season=2015/16", "rn": 4, "wk": 13, "ct": 4, "st": 0, "hs": "2*", "hn": 0, "bbi": "4/37", "bta": null, "bwa": 15.46, "fw": 0, "bbad": null}, {"tt": "season 2017/18", "sp": null, "mt": 1, "pr": "season=2017/18", "rn": null, "wk": 0, "ct": 0, "st": 0, "hs": null, "hn": null, "bbi": "-", "bta": null, "bwa": null, "fw": 0, "bbad": null}, {"tt": "season 2018/19", "sp": null, "mt": 2, "pr": "season=2018/19", "rn": 0, "wk": 4, "ct": 0, "st": 0, "hs": "0*", "hn": 0, "bbi": "2/25", "bta": null, "bwa": 13.25, "fw": 0, "bbad": null}, {"tt": "season 2020/21", "sp": null, "mt": 2, "pr": "season=2020/21", "rn": null, "wk": 3, "ct": 1, "st": 0, "hs": null, "hn": null, "bbi": "2/34", "bta": null, "bwa": 19.33, "fw": 0, "bbad": null}]}, {"type": "CAPTAINS_INVOLVED", "stats": [{"tt": "*BB McCullum", "sp": "2014-2014", "mt": 2, "pr": "captain_involve=10384", "rn": null, "wk": 3, "ct": 1, "st": 0, "hs": null, "hn": null, "bbi": "2/22", "bta": null, "bwa": 12.33, "fw": 0, "bbad": null}, {"tt": "*TG Southee", "sp": "2021-2021", "mt": 2, "pr": "captain_involve=49108", "rn": null, "wk": 3, "ct": 1, "st": 0, "hs": null, "hn": null, "bbi": "2/34", "bta": null, "bwa": 19.33, "fw": 0, "bbad": null}, {"tt": "*LRPL Taylor", "sp": "2010-2012", "mt": 4, "pr": "captain_involve=44930", "rn": 3, "wk": 1, "ct": 0, "st": 0, "hs": "3*", "hn": 0, "bbi": "1/48", "bta": null, "bwa": 142, "fw": 0, "bbad": null}, {"tt": "*KS Williamson", "sp": "2014-2018", "mt": 15, "pr": "captain_involve=51088", "rn": 18, "wk": 21, "ct": 4, "st": 0, "hs": "10*", "hn": 0, "bbi": "4/37", "bta": null, "bwa": 17.23, "fw": 0, "bbad": null}]}, {"type": "CAPTAIN", "stats": [{"tt": "is not captain", "sp": "2010-2021", "mt": 23, "pr": "captain=0", "rn": 21, "wk": 28, "ct": 6, "st": 0, "hs": "10*", "hn": 0, "bbi": "4/37", "bta": null, "bwa": 21.39, "fw": 0, "bbad": null}]}, {"type": "KEEPER", "stats": [{"tt": "is not keeper", "sp": "2010-2021", "mt": 23, "pr": "keeper=0", "rn": 21, "wk": 28, "ct": 6, "st": 0, "hs": "10*", "hn": 0, "bbi": "4/37", "bta": null, "bwa": 21.39, "fw": 0, "bbad": null}]}, {"type": "TOSS", "stats": [{"tt": "won the toss", "sp": "2010-2018", "mt": 10, "pr": "toss=1", "rn": 14, "wk": 13, "ct": 3, "st": 0, "hs": "10*", "hn": 0, "bbi": "4/37", "bta": null, "bwa": 20.92, "fw": 0, "bbad": null}, {"tt": "lost the toss", "sp": "2010-2021", "mt": 13, "pr": "toss=2", "rn": 7, "wk": 15, "ct": 3, "st": 0, "hs": "3*", "hn": 0, "bbi": "3/8", "bta": null, "bwa": 21.8, "fw": 0, "bbad": null}]}, {"type": "BATTING_FIELDING_SEQUENCE_AND_TOSS", "stats": [{"tt": "won toss &amp; batted", "sp": "2014-2018", "mt": 7, "pr": "batting_fielding_first=1;toss=1", "rn": 12, "wk": 7, "ct": 2, "st": 0, "hs": "10*", "hn": 0, "bbi": "2/25", "bta": null, "bwa": 21.85, "fw": 0, "bbad": null}, {"tt": "won toss &amp; fielded", "sp": "2010-2016", "mt": 3, "pr": "batting_fielding_first=2;toss=1", "rn": 2, "wk": 6, "ct": 1, "st": 0, "hs": "2*", "hn": 0, "bbi": "4/37", "bta": null, "bwa": 19.83, "fw": 0, "bbad": null}, {"tt": "lost toss &amp; sent in", "sp": "2012-2021", "mt": 8, "pr": "batting_fielding_first=1;toss=2", "rn": 4, "wk": 9, "ct": 2, "st": 0, "hs": "2*", "hn": 0, "bbi": "3/8", "bta": null, "bwa": 20, "fw": 0, "bbad": null}, {"tt": "lost toss &amp; fielded", "sp": "2010-2018", "mt": 5, "pr": "batting_fielding_first=2;toss=2", "rn": 3, "wk": 6, "ct": 1, "st": 0, "hs": "3*", "hn": 0, "bbi": "2/22", "bta": null, "bwa": 24.5, "fw": 0, "bbad": null}]}, {"type": "BATTING_FIELDING_SEQUENCE", "stats": [{"tt": "matches batting first", "sp": "2012-2021", "mt": 15, "pr": "batting_fielding_first=1", "rn": 16, "wk": 16, "ct": 4, "st": 0, "hs": "10*", "hn": 0, "bbi": "3/8", "bta": null, "bwa": 20.81, "fw": 0, "bbad": null}, {"tt": "matches fielding first", "sp": "2010-2018", "mt": 8, "pr": "batting_fielding_first=2", "rn": 5, "wk": 12, "ct": 2, "st": 0, "hs": "3*", "hn": 0, "bbi": "4/37", "bta": null, "bwa": 22.16, "fw": 0, "bbad": null}]}, {"type": "TEAM_INNINGS", "stats": [{"tt": "1st team innings", "sp": "2010-2021", "mt": 23, "pr": "innings_number=1;innings_number=2", "rn": 21, "wk": 28, "ct": 6, "st": 0, "hs": "10*", "hn": 0, "bbi": "4/37", "bta": null, "bwa": 21.39, "fw": 0, "bbad": null}]}, {"type": "MATCH_INNINGS", "stats": [{"tt": "1st match innings", "sp": "2010-2021", "mt": 23, "pr": "innings_number=1", "rn": 16, "wk": 12, "ct": 2, "st": 0, "hs": "10*", "hn": 0, "bbi": "4/37", "bta": null, "bwa": 22.16, "fw": 0, "bbad": null}, {"tt": "2nd match innings", "sp": "2010-2021", "mt": 23, "pr": "innings_number=2", "rn": 5, "wk": 16, "ct": 4, "st": 0, "hs": "3*", "hn": 0, "bbi": "3/8", "bta": null, "bwa": 20.81, "fw": 0, "bbad": null}]}, {"type": "FLOODLIT", "stats": [{"tt": "day match", "sp": "2010-2016", "mt": 4, "pr": "floodlit=1", "rn": 10, "wk": 5, "ct": 1, "st": 0, "hs": "10*", "hn": 0, "bbi": "2/10", "bta": null, "bwa": 23.8, "fw": 0, "bbad": null}, {"tt": "day/night match", "sp": "2012-2016", "mt": 8, "pr": "floodlit=2", "rn": 4, "wk": 11, "ct": 4, "st": 0, "hs": "2*", "hn": 0, "bbi": "4/37", "bta": null, "bwa": 17.18, "fw": 0, "bbad": null}, {"tt": "night match", "sp": "2010-2021", "mt": 11, "pr": "floodlit=3", "rn": 7, "wk": 12, "ct": 1, "st": 0, "hs": "3*", "hn": 0, "bbi": "2/25", "bta": null, "bwa": 24.25, "fw": 0, "bbad": null}]}, {"type": "RESULT", "stats": [{"tt": "won match", "sp": "2010-2021", "mt": 15, "pr": "result=1", "rn": 12, "wk": 18, "ct": 6, "st": 0, "hs": "10*", "hn": 0, "bbi": "3/8", "bta": null, "bwa": 21.16, "fw": 0, "bbad": null}, {"tt": "lost match", "sp": "2010-2018", "mt": 8, "pr": "result=2", "rn": 9, "wk": 10, "ct": 0, "st": 0, "hs": "3*", "hn": 0, "bbi": "4/37", "bta": null, "bwa": 21.8, "fw": 0, "bbad": null}]}, {"type": "BATTING_FIELDING_SEQUENCE_AND_RESULT", "stats": [{"tt": "won batting first", "sp": "2012-2021", "mt": 11, "pr": "batting_fielding_first=1;result=1", "rn": 12, "wk": 13, "ct": 4, "st": 0, "hs": "10*", "hn": 0, "bbi": "3/8", "bta": null, "bwa": 18.46, "fw": 0, "bbad": null}, {"tt": "won fielding first", "sp": "2010-2016", "mt": 4, "pr": "batting_fielding_first=2;result=1", "rn": null, "wk": 5, "ct": 2, "st": 0, "hs": null, "hn": null, "bbi": "2/22", "bta": null, "bwa": 28.2, "fw": 0, "bbad": null}, {"tt": "lost batting first", "sp": "2014-2018", "mt": 4, "pr": "batting_fielding_first=1;result=2", "rn": 4, "wk": 3, "ct": 0, "st": 0, "hs": "2*", "hn": 0, "bbi": "2/25", "bta": null, "bwa": 31, "fw": 0, "bbad": null}, {"tt": "lost fielding first", "sp": "2010-2018", "mt": 4, "pr": "batting_fielding_first=2;result=2", "rn": 5, "wk": 7, "ct": 0, "st": 0, "hs": "3*", "hn": 0, "bbi": "4/37", "bta": null, "bwa": 17.85, "fw": 0, "bbad": null}]}, {"type": "TOURNAMENT_TYPE", "stats": [{"tt": "2 team series", "sp": "2010-2021", "mt": 18, "pr": "tournament_type=2", "rn": 19, "wk": 25, "ct": 5, "st": 0, "hs": "10*", "hn": 0, "bbi": "4/37", "bta": null, "bwa": 20.16, "fw": 0, "bbad": null}, {"tt": "5+ team tournaments", "sp": "2012-2016", "mt": 5, "pr": "tournament_type=5", "rn": 2, "wk": 3, "ct": 1, "st": 0, "hs": "2*", "hn": 0, "bbi": "2/26", "bta": null, "bwa": 31.66, "fw": 0, "bbad": null}]}, {"type": "MATCH_NUMBER", "stats": [{"tt": "only match in series", "sp": "2015-2015", "mt": 1, "pr": "match_number=0", "rn": null, "wk": 2, "ct": 0, "st": 0, "hs": null, "hn": null, "bbi": "2/10", "bta": null, "bwa": 5, "fw": 0, "bbad": null}, {"tt": "1st match in series", "sp": "2010-2018", "mt": 6, "pr": "match_number=1", "rn": 6, "wk": 8, "ct": 1, "st": 0, "hs": "2*", "hn": 0, "bbi": "4/37", "bta": null, "bwa": 20.87, "fw": 0, "bbad": null}, {"tt": "2nd match in series", "sp": "2012-2021", "mt": 8, "pr": "match_number=2", "rn": 10, "wk": 10, "ct": 3, "st": 0, "hs": "10*", "hn": 0, "bbi": "2/22", "bta": null, "bwa": 24.7, "fw": 0, "bbad": null}, {"tt": "3rd match in series", "sp": "2010-2021", "mt": 3, "pr": "match_number=3", "rn": 3, "wk": 5, "ct": 1, "st": 0, "hs": "3*", "hn": 0, "bbi": "3/8", "bta": null, "bwa": 16, "fw": 0, "bbad": null}]}, {"type": "MAJOR_TROPHY", "stats": [{"tt": "Men's T20 World Cup", "sp": "2012-2016", "mt": 5, "pr": "trophy=89", "rn": 2, "wk": 3, "ct": 1, "st": 0, "hs": "2*", "hn": 0, "bbi": "2/26", "bta": null, "bwa": 31.66, "fw": 0, "bbad": null}]}, {"type": "FINAL_TYPE", "stats": [{"tt": "tournament semi-finals", "sp": "2016-2016", "mt": 1, "pr": "final_type=3", "rn": null, "wk": 0, "ct": 0, "st": 0, "hs": null, "hn": null, "bbi": "-", "bta": null, "bwa": null, "fw": 0, "bbad": null}, {"tt": "preliminary matches", "sp": "2012-2016", "mt": 4, "pr": "final_type=0", "rn": 2, "wk": 3, "ct": 1, "st": 0, "hs": "2*", "hn": 0, "bbi": "2/26", "bta": null, "bwa": 22.66, "fw": 0, "bbad": null}]}]}}