{"summary": {"recordClassId": 2, "type": "BOWLING", "groups": [{"type": "CAREER_AVERAGES", "stats": [{"bl": null, "tt": "overview", "sp": "2012-2017", "mt": 40, "in": 39, "pr": null, "ov": 300.1, "cd": 1581, "md": 7, "wk": 41, "fwk": 0, "fw": 0, "tw": 0, "bbi": "3/49", "bbm": "3/49", "bwa": 38.56, "bwe": 5.26, "bwsr": 43.9}]}, {"type": "OPPOSITION_TEAM", "stats": [{"bl": null, "tt": "vs Afghanistan", "sp": "2015-2015", "mt": 1, "in": 1, "pr": "opposition=40", "ov": 10, "cd": 38, "md": 0, "wk": 1, "fwk": 0, "fw": 0, "tw": 0, "bbi": "1/38", "bbm": "1/38", "bwa": 38, "bwe": 3.8, "bwsr": 60}, {"bl": null, "tt": "vs Australia", "sp": "2015-2017", "mt": 5, "in": 5, "pr": "opposition=2", "ov": 28.4, "cd": 161, "md": 0, "wk": 4, "fwk": 0, "fw": 0, "tw": 0, "bbi": "2/9", "bbm": "2/9", "bwa": 40.25, "bwe": 5.61, "bwsr": 43}, {"bl": null, "tt": "vs Bangladesh", "sp": "2013-2017", "mt": 2, "in": 2, "pr": "opposition=25", "ov": 16.2, "cd": 104, "md": 0, "wk": 1, "fwk": 0, "fw": 0, "tw": 0, "bbi": "1/58", "bbm": "1/58", "bwa": 104, "bwe": 6.36, "bwsr": 98}, {"bl": null, "tt": "vs England", "sp": "2015-2017", "mt": 2, "in": 2, "pr": "opposition=1", "ov": 15.2, "cd": 104, "md": 1, "wk": 4, "fwk": 0, "fw": 0, "tw": 0, "bbi": "3/79", "bbm": "3/79", "bwa": 26, "bwe": 6.78, "bwsr": 23}, {"bl": null, "tt": "vs India", "sp": "2014-2017", "mt": 4, "in": 4, "pr": "opposition=6", "ov": 34.3, "cd": 187, "md": 1, "wk": 4, "fwk": 0, "fw": 0, "tw": 0, "bbi": "2/64", "bbm": "2/64", "bwa": 46.75, "bwe": 5.42, "bwsr": 51.7}, {"bl": null, "tt": "vs Ireland", "sp": "2017-2017", "mt": 1, "in": 1, "pr": "opposition=29", "ov": 8, "cd": 29, "md": 1, "wk": 1, "fwk": 0, "fw": 0, "tw": 0, "bbi": "1/29", "bbm": "1/29", "bwa": 29, "bwe": 3.62, "bwsr": 48}, {"bl": null, "tt": "vs Pakistan", "sp": "2014-2016", "mt": 7, "in": 7, "pr": "opposition=7", "ov": 64, "cd": 308, "md": 2, "wk": 10, "fwk": 0, "fw": 0, "tw": 0, "bbi": "3/49", "bbm": "3/49", "bwa": 30.8, "bwe": 4.81, "bwsr": 38.4}, {"bl": null, "tt": "vs Scotland", "sp": "2015-2015", "mt": 1, "in": 1, "pr": "opposition=30", "ov": 7, "cd": 32, "md": 0, "wk": 0, "fwk": 0, "fw": 0, "tw": 0, "bbi": null, "bbm": null, "bwa": null, "bwe": 4.57, "bwsr": null}, {"bl": null, "tt": "vs South Africa", "sp": "2015-2015", "mt": 3, "in": 3, "pr": "opposition=3", "ov": 30, "cd": 134, "md": 1, "wk": 5, "fwk": 0, "fw": 0, "tw": 0, "bbi": "2/39", "bbm": "2/39", "bwa": 26.8, "bwe": 4.46, "bwsr": 36}, {"bl": null, "tt": "vs Sri Lanka", "sp": "2012-2016", "mt": 12, "in": 11, "pr": "opposition=8", "ov": 80.2, "cd": 415, "md": 1, "wk": 10, "fwk": 0, "fw": 0, "tw": 0, "bbi": "2/28", "bbm": "2/28", "bwa": 41.5, "bwe": 5.16, "bwsr": 48.2}, {"bl": null, "tt": "vs West Indies", "sp": "2014-2015", "mt": 2, "in": 2, "pr": "opposition=4", "ov": 6, "cd": 69, "md": 0, "wk": 1, "fwk": 0, "fw": 0, "tw": 0, "bbi": "1/42", "bbm": "1/42", "bwa": 69, "bwe": 11.5, "bwsr": 36}]}, {"type": "HOST_COUNTRY", "stats": [{"bl": null, "tt": "in Bangladesh", "sp": "2013-2013", "mt": 1, "in": 1, "pr": "host=25", "ov": 7, "cd": 46, "md": 0, "wk": 0, "fwk": 0, "fw": 0, "tw": 0, "bbi": null, "bbm": null, "bwa": null, "bwe": 6.57, "bwsr": null}, {"bl": null, "tt": "in England", "sp": "2017-2017", "mt": 3, "in": 3, "pr": "host=1", "ov": 21.2, "cd": 146, "md": 0, "wk": 6, "fwk": 0, "fw": 0, "tw": 0, "bbi": "3/79", "bbm": "3/79", "bwa": 24.33, "bwe": 6.84, "bwsr": 21.3}, {"bl": null, "tt": "in India", "sp": "2017-2017", "mt": 3, "in": 3, "pr": "host=6", "ov": 27, "cd": 147, "md": 1, "wk": 3, "fwk": 0, "fw": 0, "tw": 0, "bbi": "2/64", "bbm": "2/64", "bwa": 49, "bwe": 5.44, "bwsr": 54}, {"bl": null, "tt": "in Ireland", "sp": "2017-2017", "mt": 1, "in": 1, "pr": "host=29", "ov": 8, "cd": 29, "md": 1, "wk": 1, "fwk": 0, "fw": 0, "tw": 0, "bbi": "1/29", "bbm": "1/29", "bwa": 29, "bwe": 3.62, "bwsr": 48}, {"bl": null, "tt": "in New Zealand", "sp": "2014-2016", "mt": 21, "in": 20, "pr": "host=5", "ov": 150, "cd": 816, "md": 2, "wk": 21, "fwk": 0, "fw": 0, "tw": 0, "bbi": "3/49", "bbm": "3/49", "bwa": 38.85, "bwe": 5.44, "bwsr": 42.8}, {"bl": null, "tt": "in South Africa", "sp": "2015-2015", "mt": 3, "in": 3, "pr": "host=3", "ov": 30, "cd": 134, "md": 1, "wk": 5, "fwk": 0, "fw": 0, "tw": 0, "bbi": "2/39", "bbm": "2/39", "bwa": 26.8, "bwe": 4.46, "bwsr": 36}, {"bl": null, "tt": "in Sri Lanka", "sp": "2012-2013", "mt": 4, "in": 4, "pr": "host=8", "ov": 20.2, "cd": 99, "md": 0, "wk": 1, "fwk": 0, "fw": 0, "tw": 0, "bbi": "1/17", "bbm": "1/17", "bwa": 99, "bwe": 4.86, "bwsr": 122}, {"bl": null, "tt": "in U.A.E.", "sp": "2014-2014", "mt": 4, "in": 4, "pr": "host=27", "ov": 36.3, "cd": 164, "md": 2, "wk": 4, "fwk": 0, "fw": 0, "tw": 0, "bbi": "2/53", "bbm": "2/53", "bwa": 41, "bwe": 4.49, "bwsr": 54.7}]}, {"type": "CONTINENT", "stats": [{"bl": null, "tt": "in Africa", "sp": "2015-2015", "mt": 3, "in": 3, "pr": "continent=1", "ov": 30, "cd": 134, "md": 1, "wk": 5, "fwk": 0, "fw": 0, "tw": 0, "bbi": "2/39", "bbm": "2/39", "bwa": 26.8, "bwe": 4.46, "bwsr": 36}, {"bl": null, "tt": "in Asia", "sp": "2012-2017", "mt": 12, "in": 12, "pr": "continent=2", "ov": 90.5, "cd": 456, "md": 3, "wk": 8, "fwk": 0, "fw": 0, "tw": 0, "bbi": "2/53", "bbm": "2/53", "bwa": 57, "bwe": 5.02, "bwsr": 68.1}, {"bl": null, "tt": "in Europe", "sp": "2017-2017", "mt": 4, "in": 4, "pr": "continent=4", "ov": 29.2, "cd": 175, "md": 1, "wk": 7, "fwk": 0, "fw": 0, "tw": 0, "bbi": "3/79", "bbm": "3/79", "bwa": 25, "bwe": 5.96, "bwsr": 25.1}, {"bl": null, "tt": "in Oceania", "sp": "2014-2016", "mt": 21, "in": 20, "pr": "continent=5", "ov": 150, "cd": 816, "md": 2, "wk": 21, "fwk": 0, "fw": 0, "tw": 0, "bbi": "3/49", "bbm": "3/49", "bwa": 38.85, "bwe": 5.44, "bwsr": 42.8}]}, {"type": "HOME_OR_AWAY", "stats": [{"bl": null, "tt": "home", "sp": "2014-2016", "mt": 21, "in": 20, "pr": "home_or_away=1", "ov": 150, "cd": 816, "md": 2, "wk": 21, "fwk": 0, "fw": 0, "tw": 0, "bbi": "3/49", "bbm": "3/49", "bwa": 38.85, "bwe": 5.44, "bwsr": 42.8}, {"bl": null, "tt": "away", "sp": "2012-2017", "mt": 13, "in": 13, "pr": "home_or_away=2", "ov": 102.2, "cd": 534, "md": 3, "wk": 13, "fwk": 0, "fw": 0, "tw": 0, "bbi": "3/79", "bbm": "3/79", "bwa": 41.07, "bwe": 5.21, "bwsr": 47.2}, {"bl": null, "tt": "neutral", "sp": "2014-2017", "mt": 6, "in": 6, "pr": "home_or_away=3", "ov": 47.5, "cd": 231, "md": 2, "wk": 7, "fwk": 0, "fw": 0, "tw": 0, "bbi": "2/9", "bbm": "2/9", "bwa": 33, "bwe": 4.82, "bwsr": 41}]}, {"type": "YEAR", "stats": [{"bl": null, "tt": "year 2012", "sp": null, "mt": 2, "in": 2, "pr": "year=2012", "ov": 9.2, "cd": 38, "md": 0, "wk": 1, "fwk": 0, "fw": 0, "tw": 0, "bbi": "1/17", "bbm": "1/17", "bwa": 38, "bwe": 4.07, "bwsr": 56}, {"bl": null, "tt": "year 2013", "sp": null, "mt": 3, "in": 3, "pr": "year=2013", "ov": 18, "cd": 107, "md": 0, "wk": 0, "fwk": 0, "fw": 0, "tw": 0, "bbi": null, "bbm": null, "bwa": null, "bwe": 5.94, "bwsr": null}, {"bl": null, "tt": "year 2014", "sp": null, "mt": 6, "in": 6, "pr": "year=2014", "ov": 46, "cd": 231, "md": 2, "wk": 5, "fwk": 0, "fw": 0, "tw": 0, "bbi": "2/53", "bbm": "2/53", "bwa": 46.2, "bwe": 5.02, "bwsr": 55.2}, {"bl": null, "tt": "year 2015", "sp": null, "mt": 16, "in": 16, "pr": "year=2015", "ov": 128.2, "cd": 634, "md": 3, "wk": 19, "fwk": 0, "fw": 0, "tw": 0, "bbi": "2/28", "bbm": "2/28", "bwa": 33.36, "bwe": 4.94, "bwsr": 40.5}, {"bl": null, "tt": "year 2016", "sp": null, "mt": 6, "in": 5, "pr": "year=2016", "ov": 42.1, "cd": 249, "md": 0, "wk": 6, "fwk": 0, "fw": 0, "tw": 0, "bbi": "3/49", "bbm": "3/49", "bwa": 41.5, "bwe": 5.9, "bwsr": 42.1}, {"bl": null, "tt": "year 2017", "sp": null, "mt": 7, "in": 7, "pr": "year=2017", "ov": 56.2, "cd": 322, "md": 2, "wk": 10, "fwk": 0, "fw": 0, "tw": 0, "bbi": "3/79", "bbm": "3/79", "bwa": 32.2, "bwe": 5.71, "bwsr": 33.8}]}, {"type": "SEASON", "stats": [{"bl": null, "tt": "season 2012/13", "sp": null, "mt": 2, "in": 2, "pr": "season=2012/13", "ov": 9.2, "cd": 38, "md": 0, "wk": 1, "fwk": 0, "fw": 0, "tw": 0, "bbi": "1/17", "bbm": "1/17", "bwa": 38, "bwe": 4.07, "bwsr": 56}, {"bl": null, "tt": "season 2013/14", "sp": null, "mt": 5, "in": 5, "pr": "season=2013/14", "ov": 27.3, "cd": 174, "md": 0, "wk": 1, "fwk": 0, "fw": 0, "tw": 0, "bbi": "1/40", "bbm": "1/40", "bwa": 174, "bwe": 6.32, "bwsr": 165}, {"bl": null, "tt": "season 2014/15", "sp": null, "mt": 15, "in": 15, "pr": "season=2014/15", "ov": 118.5, "cd": 584, "md": 4, "wk": 17, "fwk": 0, "fw": 0, "tw": 0, "bbi": "2/28", "bbm": "2/28", "bwa": 34.35, "bwe": 4.91, "bwsr": 41.9}, {"bl": null, "tt": "season 2015", "sp": null, "mt": 3, "in": 3, "pr": "season=2015", "ov": 30, "cd": 134, "md": 1, "wk": 5, "fwk": 0, "fw": 0, "tw": 0, "bbi": "2/39", "bbm": "2/39", "bwa": 26.8, "bwe": 4.46, "bwsr": 36}, {"bl": null, "tt": "season 2015/16", "sp": null, "mt": 8, "in": 7, "pr": "season=2015/16", "ov": 58.1, "cd": 329, "md": 0, "wk": 7, "fwk": 0, "fw": 0, "tw": 0, "bbi": "3/49", "bbm": "3/49", "bwa": 47, "bwe": 5.65, "bwsr": 49.8}, {"bl": null, "tt": "season 2017", "sp": null, "mt": 4, "in": 4, "pr": "season=2017", "ov": 29.2, "cd": 175, "md": 1, "wk": 7, "fwk": 0, "fw": 0, "tw": 0, "bbi": "3/79", "bbm": "3/79", "bwa": 25, "bwe": 5.96, "bwsr": 25.1}, {"bl": null, "tt": "season 2017/18", "sp": null, "mt": 3, "in": 3, "pr": "season=2017/18", "ov": 27, "cd": 147, "md": 1, "wk": 3, "fwk": 0, "fw": 0, "tw": 0, "bbi": "2/64", "bbm": "2/64", "bwa": 49, "bwe": 5.44, "bwsr": 54}]}, {"type": "CAPTAINS_INVOLVED", "stats": [{"bl": null, "tt": "*TWM Latham", "sp": "2017-2017", "mt": 1, "in": 1, "pr": "captain_involve=59148", "ov": 8, "cd": 29, "md": 1, "wk": 1, "fwk": 0, "fw": 0, "tw": 0, "bbi": "1/29", "bbm": "1/29", "bwa": 29, "bwe": 3.62, "bwsr": 48}, {"bl": null, "tt": "*BB McCullum", "sp": "2014-2016", "mt": 18, "in": 18, "pr": "captain_involve=10384", "ov": 135, "cd": 712, "md": 2, "wk": 20, "fwk": 0, "fw": 0, "tw": 0, "bbi": "3/49", "bbm": "3/49", "bwa": 35.6, "bwe": 5.27, "bwsr": 40.5}, {"bl": null, "tt": "*KD Mills", "sp": "2013-2013", "mt": 3, "in": 3, "pr": "captain_involve=10303", "ov": 18, "cd": 107, "md": 0, "wk": 0, "fwk": 0, "fw": 0, "tw": 0, "bbi": null, "bbm": null, "bwa": null, "bwe": 5.94, "bwsr": null}, {"bl": null, "tt": "*LRPL Taylor", "sp": "2012-2012", "mt": 2, "in": 2, "pr": "captain_involve=44930", "ov": 9.2, "cd": 38, "md": 0, "wk": 1, "fwk": 0, "fw": 0, "tw": 0, "bbi": "1/17", "bbm": "1/17", "bwa": 38, "bwe": 4.07, "bwsr": 56}, {"bl": null, "tt": "*KS Williamson", "sp": "2014-2017", "mt": 16, "in": 15, "pr": "captain_involve=51088", "ov": 129.5, "cd": 695, "md": 4, "wk": 19, "fwk": 0, "fw": 0, "tw": 0, "bbi": "3/79", "bbm": "3/79", "bwa": 36.57, "bwe": 5.35, "bwsr": 41}]}, {"type": "CAPTAIN", "stats": [{"bl": null, "tt": "is not captain", "sp": "2012-2017", "mt": 40, "in": 39, "pr": "captain=0", "ov": 300.1, "cd": 1581, "md": 7, "wk": 41, "fwk": 0, "fw": 0, "tw": 0, "bbi": "3/49", "bbm": "3/49", "bwa": 38.56, "bwe": 5.26, "bwsr": 43.9}]}, {"type": "KEEPER", "stats": [{"bl": null, "tt": "is not keeper", "sp": "2012-2017", "mt": 40, "in": 39, "pr": "keeper=0", "ov": 300.1, "cd": 1581, "md": 7, "wk": 41, "fwk": 0, "fw": 0, "tw": 0, "bbi": "3/49", "bbm": "3/49", "bwa": 38.56, "bwe": 5.26, "bwsr": 43.9}]}, {"type": "TOSS", "stats": [{"bl": null, "tt": "won the toss", "sp": "2012-2017", "mt": 17, "in": 17, "pr": "toss=1", "ov": 130.5, "cd": 747, "md": 3, "wk": 19, "fwk": 0, "fw": 0, "tw": 0, "bbi": "3/79", "bbm": "3/79", "bwa": 39.31, "bwe": 5.7, "bwsr": 41.3}, {"bl": null, "tt": "lost the toss", "sp": "2012-2017", "mt": 23, "in": 22, "pr": "toss=2", "ov": 169.2, "cd": 834, "md": 4, "wk": 22, "fwk": 0, "fw": 0, "tw": 0, "bbi": "3/49", "bbm": "3/49", "bwa": 37.9, "bwe": 4.92, "bwsr": 46.1}]}, {"type": "BATTING_FIELDING_SEQUENCE_AND_TOSS", "stats": [{"bl": null, "tt": "won toss &amp; batted", "sp": "2014-2017", "mt": 10, "in": 10, "pr": "batting_fielding_first=1;toss=1", "ov": 70.5, "cd": 420, "md": 3, "wk": 10, "fwk": 0, "fw": 0, "tw": 0, "bbi": "2/9", "bbm": "2/9", "bwa": 42, "bwe": 5.92, "bwsr": 42.5}, {"bl": null, "tt": "won toss &amp; fielded", "sp": "2012-2017", "mt": 7, "in": 7, "pr": "batting_fielding_first=2;toss=1", "ov": 60, "cd": 327, "md": 0, "wk": 9, "fwk": 0, "fw": 0, "tw": 0, "bbi": "3/79", "bbm": "3/79", "bwa": 36.33, "bwe": 5.45, "bwsr": 40}, {"bl": null, "tt": "lost toss &amp; sent in", "sp": "2012-2017", "mt": 11, "in": 10, "pr": "batting_fielding_first=1;toss=2", "ov": 72.3, "cd": 403, "md": 1, "wk": 7, "fwk": 0, "fw": 0, "tw": 0, "bbi": "2/56", "bbm": "2/56", "bwa": 57.57, "bwe": 5.55, "bwsr": 62.1}, {"bl": null, "tt": "lost toss &amp; fielded", "sp": "2013-2017", "mt": 12, "in": 12, "pr": "batting_fielding_first=2;toss=2", "ov": 96.5, "cd": 431, "md": 3, "wk": 15, "fwk": 0, "fw": 0, "tw": 0, "bbi": "3/49", "bbm": "3/49", "bwa": 28.73, "bwe": 4.45, "bwsr": 38.7}]}, {"type": "BATTING_FIELDING_SEQUENCE", "stats": [{"bl": null, "tt": "matches batting first", "sp": "2012-2017", "mt": 21, "in": 20, "pr": "batting_fielding_first=1", "ov": 143.2, "cd": 823, "md": 4, "wk": 17, "fwk": 0, "fw": 0, "tw": 0, "bbi": "2/9", "bbm": "2/9", "bwa": 48.41, "bwe": 5.74, "bwsr": 50.5}, {"bl": null, "tt": "matches fielding first", "sp": "2012-2017", "mt": 19, "in": 19, "pr": "batting_fielding_first=2", "ov": 156.5, "cd": 758, "md": 3, "wk": 24, "fwk": 0, "fw": 0, "tw": 0, "bbi": "3/49", "bbm": "3/49", "bwa": 31.58, "bwe": 4.83, "bwsr": 39.2}]}, {"type": "TEAM_INNINGS", "stats": [{"bl": null, "tt": "1st team innings", "sp": "2012-2017", "mt": 39, "in": 39, "pr": "innings_number=2;innings_number=1", "ov": 300.1, "cd": 1581, "md": 7, "wk": 41, "fwk": 0, "fw": 0, "tw": 0, "bbi": "3/49", "bbm": "3/49", "bwa": 38.56, "bwe": 5.26, "bwsr": 43.9}]}, {"type": "MATCH_INNINGS", "stats": [{"bl": null, "tt": "1st match innings", "sp": "2012-2017", "mt": 19, "in": 19, "pr": "innings_number=1", "ov": 156.5, "cd": 758, "md": 3, "wk": 24, "fwk": 0, "fw": 0, "tw": 0, "bbi": "3/49", "bbm": "3/49", "bwa": 31.58, "bwe": 4.83, "bwsr": 39.2}, {"bl": null, "tt": "2nd match innings", "sp": "2012-2017", "mt": 20, "in": 20, "pr": "innings_number=2", "ov": 143.2, "cd": 823, "md": 4, "wk": 17, "fwk": 0, "fw": 0, "tw": 0, "bbi": "2/9", "bbm": "2/9", "bwa": 48.41, "bwe": 5.74, "bwsr": 50.5}]}, {"type": "FLOODLIT", "stats": [{"bl": null, "tt": "day match", "sp": "2013-2017", "mt": 17, "in": 16, "pr": "floodlit=1", "ov": 126.5, "cd": 661, "md": 2, "wk": 21, "fwk": 0, "fw": 0, "tw": 0, "bbi": "3/49", "bbm": "3/49", "bwa": 31.47, "bwe": 5.21, "bwsr": 36.2}, {"bl": null, "tt": "day/night match", "sp": "2012-2017", "mt": 23, "in": 23, "pr": "floodlit=2", "ov": 173.2, "cd": 920, "md": 5, "wk": 20, "fwk": 0, "fw": 0, "tw": 0, "bbi": "2/51", "bbm": "2/51", "bwa": 46, "bwe": 5.3, "bwsr": 52}]}, {"type": "RESULT", "stats": [{"bl": null, "tt": "won match", "sp": "2013-2017", "mt": 24, "in": 24, "pr": "result=1", "ov": 183.3, "cd": 919, "md": 5, "wk": 27, "fwk": 0, "fw": 0, "tw": 0, "bbi": "3/49", "bbm": "3/49", "bwa": 34.03, "bwe": 5, "bwsr": 40.7}, {"bl": null, "tt": "lost match", "sp": "2012-2017", "mt": 12, "in": 12, "pr": "result=2", "ov": 101.4, "cd": 595, "md": 2, "wk": 11, "fwk": 0, "fw": 0, "tw": 0, "bbi": "3/79", "bbm": "3/79", "bwa": 54.09, "bwe": 5.85, "bwsr": 55.4}, {"bl": null, "tt": "no result", "sp": "2012-2017", "mt": 4, "in": 3, "pr": "result=5", "ov": 15, "cd": 67, "md": 0, "wk": 3, "fwk": 0, "fw": 0, "tw": 0, "bbi": "2/9", "bbm": "2/9", "bwa": 22.33, "bwe": 4.46, "bwsr": 30}]}, {"type": "BATTING_FIELDING_SEQUENCE_AND_RESULT", "stats": [{"bl": null, "tt": "won batting first", "sp": "2014-2017", "mt": 11, "in": 11, "pr": "batting_fielding_first=1;result=1", "ov": 79.4, "cd": 457, "md": 3, "wk": 12, "fwk": 0, "fw": 0, "tw": 0, "bbi": "2/52", "bbm": "2/52", "bwa": 38.08, "bwe": 5.73, "bwsr": 39.8}, {"bl": null, "tt": "won fielding first", "sp": "2013-2017", "mt": 13, "in": 13, "pr": "batting_fielding_first=2;result=1", "ov": 103.5, "cd": 462, "md": 2, "wk": 15, "fwk": 0, "fw": 0, "tw": 0, "bbi": "3/49", "bbm": "3/49", "bwa": 30.8, "bwe": 4.44, "bwsr": 41.5}, {"bl": null, "tt": "lost batting first", "sp": "2012-2017", "mt": 8, "in": 8, "pr": "batting_fielding_first=1;result=2", "ov": 61.4, "cd": 357, "md": 1, "wk": 3, "fwk": 0, "fw": 0, "tw": 0, "bbi": "1/21", "bbm": "1/21", "bwa": 119, "bwe": 5.78, "bwsr": 123.3}, {"bl": null, "tt": "lost fielding first", "sp": "2015-2017", "mt": 4, "in": 4, "pr": "batting_fielding_first=2;result=2", "ov": 40, "cd": 238, "md": 1, "wk": 8, "fwk": 0, "fw": 0, "tw": 0, "bbi": "3/79", "bbm": "3/79", "bwa": 29.75, "bwe": 5.95, "bwsr": 30}, {"bl": null, "tt": "no result batting first", "sp": "2016-2017", "mt": 2, "in": 1, "pr": "batting_fielding_first=1;result=5", "ov": 2, "cd": 9, "md": 0, "wk": 2, "fwk": 0, "fw": 0, "tw": 0, "bbi": "2/9", "bbm": "2/9", "bwa": 4.5, "bwe": 4.5, "bwsr": 6}, {"bl": null, "tt": "no result fielding first", "sp": "2012-2013", "mt": 2, "in": 2, "pr": "batting_fielding_first=2;result=5", "ov": 13, "cd": 58, "md": 0, "wk": 1, "fwk": 0, "fw": 0, "tw": 0, "bbi": "1/17", "bbm": "1/17", "bwa": 58, "bwe": 4.46, "bwsr": 78}]}, {"type": "TOURNAMENT_TYPE", "stats": [{"bl": null, "tt": "2 team series", "sp": "2012-2017", "mt": 31, "in": 30, "pr": "tournament_type=2", "ov": 234.3, "cd": 1213, "md": 5, "wk": 29, "fwk": 0, "fw": 0, "tw": 0, "bbi": "3/49", "bbm": "3/49", "bwa": 41.82, "bwe": 5.17, "bwsr": 48.5}, {"bl": null, "tt": "3-4 team tournaments", "sp": "2017-2017", "mt": 1, "in": 1, "pr": "tournament_type=3", "ov": 8, "cd": 29, "md": 1, "wk": 1, "fwk": 0, "fw": 0, "tw": 0, "bbi": "1/29", "bbm": "1/29", "bwa": 29, "bwe": 3.62, "bwsr": 48}, {"bl": null, "tt": "5+ team tournaments", "sp": "2015-2017", "mt": 9, "in": 9, "pr": "tournament_type=5", "ov": 60.4, "cd": 345, "md": 1, "wk": 11, "fwk": 0, "fw": 0, "tw": 0, "bbi": "3/79", "bbm": "3/79", "bwa": 31.36, "bwe": 5.68, "bwsr": 33}]}, {"type": "MATCH_NUMBER", "stats": [{"bl": null, "tt": "only match in series", "sp": "2015-2015", "mt": 1, "in": 1, "pr": "match_number=0", "ov": 3, "cd": 6, "md": 0, "wk": 0, "fwk": 0, "fw": 0, "tw": 0, "bbi": null, "bbm": null, "bwa": null, "bwe": 2, "bwsr": null}, {"bl": null, "tt": "1st match in series", "sp": "2013-2017", "mt": 9, "in": 9, "pr": "match_number=1", "ov": 80.3, "cd": 392, "md": 1, "wk": 8, "fwk": 0, "fw": 0, "tw": 0, "bbi": "2/37", "bbm": "2/37", "bwa": 49, "bwe": 4.86, "bwsr": 60.3}, {"bl": null, "tt": "2nd match in series", "sp": "2013-2017", "mt": 7, "in": 7, "pr": "match_number=2", "ov": 56, "cd": 304, "md": 1, "wk": 8, "fwk": 0, "fw": 0, "tw": 0, "bbi": "2/39", "bbm": "2/39", "bwa": 38, "bwe": 5.42, "bwsr": 42}, {"bl": null, "tt": "3rd match in series", "sp": "2013-2017", "mt": 7, "in": 7, "pr": "match_number=3", "ov": 53.1, "cd": 322, "md": 1, "wk": 7, "fwk": 0, "fw": 0, "tw": 0, "bbi": "3/49", "bbm": "3/49", "bwa": 46, "bwe": 6.05, "bwsr": 45.5}, {"bl": null, "tt": "4th match in series", "sp": "2012-2016", "mt": 4, "in": 3, "pr": "match_number=4", "ov": 21.2, "cd": 88, "md": 2, "wk": 3, "fwk": 0, "fw": 0, "tw": 0, "bbi": "2/28", "bbm": "2/28", "bwa": 29.33, "bwe": 4.12, "bwsr": 42.6}, {"bl": null, "tt": "5th match in series", "sp": "2012-2016", "mt": 3, "in": 3, "pr": "match_number=5", "ov": 20.3, "cd": 101, "md": 0, "wk": 3, "fwk": 0, "fw": 0, "tw": 0, "bbi": "1/17", "bbm": "1/17", "bwa": 33.66, "bwe": 4.92, "bwsr": 41}]}, {"type": "MAJOR_TROPHY", "stats": [{"bl": null, "tt": "World Cup", "sp": "2015-2015", "mt": 6, "in": 6, "pr": "trophy=12", "ov": 39.2, "cd": 199, "md": 1, "wk": 5, "fwk": 0, "fw": 0, "tw": 0, "bbi": "2/56", "bbm": "2/56", "bwa": 39.8, "bwe": 5.05, "bwsr": 47.2}, {"bl": null, "tt": "Chappell-Hadlee", "sp": "2015-2016", "mt": 4, "in": 4, "pr": "trophy=65", "ov": 26.4, "cd": 152, "md": 0, "wk": 2, "fwk": 0, "fw": 0, "tw": 0, "bbi": "1/42", "bbm": "1/42", "bwa": 76, "bwe": 5.7, "bwsr": 80}, {"bl": null, "tt": "ICC Champions Trophy", "sp": "2017-2017", "mt": 3, "in": 3, "pr": "trophy=44", "ov": 21.2, "cd": 146, "md": 0, "wk": 6, "fwk": 0, "fw": 0, "tw": 0, "bbi": "3/79", "bbm": "3/79", "bwa": 24.33, "bwe": 6.84, "bwsr": 21.3}]}, {"type": "FINAL_TYPE", "stats": [{"bl": null, "tt": "tournament quarter-finals", "sp": "2015-2015", "mt": 1, "in": 1, "pr": "final_type=4", "ov": 4, "cd": 42, "md": 0, "wk": 1, "fwk": 0, "fw": 0, "tw": 0, "bbi": "1/42", "bbm": "1/42", "bwa": 42, "bwe": 10.5, "bwsr": 24}, {"bl": null, "tt": "preliminary matches", "sp": "2015-2017", "mt": 9, "in": 9, "pr": "final_type=0", "ov": 64.4, "cd": 332, "md": 2, "wk": 11, "fwk": 0, "fw": 0, "tw": 0, "bbi": "3/79", "bbm": "3/79", "bwa": 30.18, "bwe": 5.13, "bwsr": 35.2}]}, {"type": "BOWLING_POSITION", "stats": [{"bl": null, "tt": "1st position", "sp": "2015-2015", "mt": 1, "in": 1, "pr": "bowling_positionval1=bowling_position;bowling_positionmin1=1;bowling_positionmax1=1", "ov": 10, "cd": 30, "md": 0, "wk": 1, "fwk": 0, "fw": 0, "tw": 0, "bbi": "1/30", "bbm": "1/30", "bwa": 30, "bwe": 3, "bwsr": 60}, {"bl": null, "tt": "2nd position", "sp": "2013-2017", "mt": 13, "in": 13, "pr": "bowling_positionval1=bowling_position;bowling_positionmin1=2;bowling_positionmax1=2", "ov": 106.1, "cd": 497, "md": 5, "wk": 13, "fwk": 0, "fw": 0, "tw": 0, "bbi": "2/28", "bbm": "2/28", "bwa": 38.23, "bwe": 4.68, "bwsr": 49}, {"bl": null, "tt": "3rd position", "sp": "2012-2017", "mt": 18, "in": 18, "pr": "bowling_positionval1=bowling_position;bowling_positionmin1=3;bowling_positionmax1=3", "ov": 138.3, "cd": 782, "md": 2, "wk": 20, "fwk": 0, "fw": 0, "tw": 0, "bbi": "3/79", "bbm": "3/79", "bwa": 39.1, "bwe": 5.64, "bwsr": 41.5}, {"bl": null, "tt": "4th position", "sp": "2015-2016", "mt": 5, "in": 5, "pr": "bowling_positionval1=bowling_position;bowling_positionmin1=4;bowling_positionmax1=4", "ov": 34, "cd": 196, "md": 0, "wk": 4, "fwk": 0, "fw": 0, "tw": 0, "bbi": "2/52", "bbm": "2/52", "bwa": 49, "bwe": 5.76, "bwsr": 51}, {"bl": null, "tt": "5th position", "sp": "2016-2016", "mt": 1, "in": 1, "pr": "bowling_positionval1=bowling_position;bowling_positionmin1=5;bowling_positionmax1=5", "ov": 9.3, "cd": 49, "md": 0, "wk": 3, "fwk": 0, "fw": 0, "tw": 0, "bbi": "3/49", "bbm": "3/49", "bwa": 16.33, "bwe": 5.15, "bwsr": 19}, {"bl": null, "tt": "7th position", "sp": "2014-2014", "mt": 1, "in": 1, "pr": "bowling_positionval1=bowling_position;bowling_positionmin1=7;bowling_positionmax1=7", "ov": 2, "cd": 27, "md": 0, "wk": 0, "fwk": 0, "fw": 0, "tw": 0, "bbi": null, "bbm": null, "bwa": null, "bwe": 13.5, "bwsr": null}]}]}}