{"summary": {"recordClassId": 3, "type": "BOWLING", "groups": [{"type": "CAREER_AVERAGES", "stats": [{"bl": null, "tt": "overview", "sp": "2010-2021", "mt": 23, "in": 23, "pr": null, "ov": 77.5, "cd": 599, "md": 1, "wk": 28, "fwk": 1, "fw": 0, "tw": 0, "bbi": "4/37", "bbm": "4/37", "bwa": 21.39, "bwe": 7.69, "bwsr": 16.6}]}, {"type": "OPPOSITION_TEAM", "stats": [{"bl": null, "tt": "vs Australia", "sp": "2016-2016", "mt": 1, "in": 1, "pr": "opposition=2", "ov": 2, "cd": 22, "md": 0, "wk": 0, "fwk": 0, "fw": 0, "tw": 0, "bbi": null, "bbm": null, "bwa": null, "bwe": 11, "bwsr": null}, {"bl": null, "tt": "vs Bangladesh", "sp": "2021-2021", "mt": 2, "in": 2, "pr": "opposition=25", "ov": 5, "cd": 58, "md": 0, "wk": 3, "fwk": 0, "fw": 0, "tw": 0, "bbi": "2/34", "bbm": "2/34", "bwa": 19.33, "bwe": 11.6, "bwsr": 10}, {"bl": null, "tt": "vs England", "sp": "2016-2016", "mt": 1, "in": 1, "pr": "opposition=1", "ov": 3, "cd": 27, "md": 0, "wk": 0, "fwk": 0, "fw": 0, "tw": 0, "bbi": null, "bbm": null, "bwa": null, "bwe": 9, "bwsr": null}, {"bl": null, "tt": "vs India", "sp": "2012-2017", "mt": 3, "in": 3, "pr": "opposition=6", "ov": 9.1, "cd": 74, "md": 0, "wk": 1, "fwk": 0, "fw": 0, "tw": 0, "bbi": "1/8", "bbm": "1/8", "bwa": 74, "bwe": 8.07, "bwsr": 55}, {"bl": null, "tt": "vs Pakistan", "sp": "2010-2018", "mt": 10, "in": 10, "pr": "opposition=7", "ov": 34.5, "cd": 285, "md": 1, "wk": 15, "fwk": 1, "fw": 0, "tw": 0, "bbi": "4/37", "bbm": "4/37", "bwa": 19, "bwe": 8.18, "bwsr": 13.9}, {"bl": null, "tt": "vs South Africa", "sp": "2015-2015", "mt": 2, "in": 2, "pr": "opposition=3", "ov": 7.5, "cd": 50, "md": 0, "wk": 2, "fwk": 0, "fw": 0, "tw": 0, "bbi": "1/23", "bbm": "1/23", "bwa": 25, "bwe": 6.38, "bwsr": 23.5}, {"bl": null, "tt": "vs Sri Lanka", "sp": "2016-2016", "mt": 1, "in": 1, "pr": "opposition=8", "ov": 4, "cd": 36, "md": 0, "wk": 2, "fwk": 0, "fw": 0, "tw": 0, "bbi": "2/36", "bbm": "2/36", "bwa": 18, "bwe": 9, "bwsr": 12}, {"bl": null, "tt": "vs West Indies", "sp": "2014-2014", "mt": 2, "in": 2, "pr": "opposition=4", "ov": 8, "cd": 37, "md": 0, "wk": 3, "fwk": 0, "fw": 0, "tw": 0, "bbi": "2/22", "bbm": "2/22", "bwa": 12.33, "bwe": 4.62, "bwsr": 16}, {"bl": null, "tt": "vs Zimbabwe", "sp": "2015-2015", "mt": 1, "in": 1, "pr": "opposition=9", "ov": 4, "cd": 10, "md": 0, "wk": 2, "fwk": 0, "fw": 0, "tw": 0, "bbi": "2/10", "bbm": "2/10", "bwa": 5, "bwe": 2.5, "bwsr": 12}]}, {"type": "HOST_COUNTRY", "stats": [{"bl": null, "tt": "in India", "sp": "2012-2017", "mt": 6, "in": 6, "pr": "host=6", "ov": 18.1, "cd": 149, "md": 0, "wk": 3, "fwk": 0, "fw": 0, "tw": 0, "bbi": "2/26", "bbm": "2/26", "bwa": 49.66, "bwe": 8.2, "bwsr": 36.3}, {"bl": null, "tt": "in New Zealand", "sp": "2010-2021", "mt": 10, "in": 10, "pr": "host=5", "ov": 36.1, "cd": 307, "md": 1, "wk": 17, "fwk": 1, "fw": 0, "tw": 0, "bbi": "4/37", "bbm": "4/37", "bwa": 18.05, "bwe": 8.48, "bwsr": 12.7}, {"bl": null, "tt": "in South Africa", "sp": "2015-2015", "mt": 2, "in": 2, "pr": "host=3", "ov": 7.5, "cd": 50, "md": 0, "wk": 2, "fwk": 0, "fw": 0, "tw": 0, "bbi": "1/23", "bbm": "1/23", "bwa": 25, "bwe": 6.38, "bwsr": 23.5}, {"bl": null, "tt": "in Sri Lanka", "sp": "2012-2012", "mt": 1, "in": 1, "pr": "host=8", "ov": 1, "cd": 12, "md": 0, "wk": 0, "fwk": 0, "fw": 0, "tw": 0, "bbi": null, "bbm": null, "bwa": null, "bwe": 12, "bwsr": null}, {"bl": null, "tt": "in U.A.E.", "sp": "2014-2018", "mt": 3, "in": 3, "pr": "host=27", "ov": 10.4, "cd": 71, "md": 0, "wk": 4, "fwk": 0, "fw": 0, "tw": 0, "bbi": "2/25", "bbm": "2/25", "bwa": 17.75, "bwe": 6.65, "bwsr": 16}, {"bl": null, "tt": "in Zimbabwe", "sp": "2015-2015", "mt": 1, "in": 1, "pr": "host=9", "ov": 4, "cd": 10, "md": 0, "wk": 2, "fwk": 0, "fw": 0, "tw": 0, "bbi": "2/10", "bbm": "2/10", "bwa": 5, "bwe": 2.5, "bwsr": 12}]}, {"type": "CONTINENT", "stats": [{"bl": null, "tt": "in Africa", "sp": "2015-2015", "mt": 3, "in": 3, "pr": "continent=1", "ov": 11.5, "cd": 60, "md": 0, "wk": 4, "fwk": 0, "fw": 0, "tw": 0, "bbi": "2/10", "bbm": "2/10", "bwa": 15, "bwe": 5.07, "bwsr": 17.7}, {"bl": null, "tt": "in Asia", "sp": "2012-2018", "mt": 10, "in": 10, "pr": "continent=2", "ov": 29.5, "cd": 232, "md": 0, "wk": 7, "fwk": 0, "fw": 0, "tw": 0, "bbi": "2/25", "bbm": "2/25", "bwa": 33.14, "bwe": 7.77, "bwsr": 25.5}, {"bl": null, "tt": "in Oceania", "sp": "2010-2021", "mt": 10, "in": 10, "pr": "continent=5", "ov": 36.1, "cd": 307, "md": 1, "wk": 17, "fwk": 1, "fw": 0, "tw": 0, "bbi": "4/37", "bbm": "4/37", "bwa": 18.05, "bwe": 8.48, "bwsr": 12.7}]}, {"type": "HOME_OR_AWAY", "stats": [{"bl": null, "tt": "home", "sp": "2010-2021", "mt": 10, "in": 10, "pr": "home_or_away=1", "ov": 36.1, "cd": 307, "md": 1, "wk": 17, "fwk": 1, "fw": 0, "tw": 0, "bbi": "4/37", "bbm": "4/37", "bwa": 18.05, "bwe": 8.48, "bwsr": 12.7}, {"bl": null, "tt": "away", "sp": "2012-2017", "mt": 6, "in": 6, "pr": "home_or_away=2", "ov": 21, "cd": 134, "md": 0, "wk": 5, "fwk": 0, "fw": 0, "tw": 0, "bbi": "2/10", "bbm": "2/10", "bwa": 26.8, "bwe": 6.38, "bwsr": 25.2}, {"bl": null, "tt": "neutral", "sp": "2012-2018", "mt": 7, "in": 7, "pr": "home_or_away=3", "ov": 20.4, "cd": 158, "md": 0, "wk": 6, "fwk": 0, "fw": 0, "tw": 0, "bbi": "2/25", "bbm": "2/25", "bwa": 26.33, "bwe": 7.64, "bwsr": 20.6}]}, {"type": "YEAR", "stats": [{"bl": null, "tt": "year 2010", "sp": null, "mt": 2, "in": 2, "pr": "year=2010", "ov": 8, "cd": 94, "md": 0, "wk": 1, "fwk": 0, "fw": 0, "tw": 0, "bbi": "1/48", "bbm": "1/48", "bwa": 94, "bwe": 11.75, "bwsr": 48}, {"bl": null, "tt": "year 2012", "sp": null, "mt": 2, "in": 2, "pr": "year=2012", "ov": 4, "cd": 48, "md": 0, "wk": 0, "fwk": 0, "fw": 0, "tw": 0, "bbi": null, "bbm": null, "bwa": null, "bwe": 12, "bwsr": null}, {"bl": null, "tt": "year 2014", "sp": null, "mt": 3, "in": 3, "pr": "year=2014", "ov": 12, "cd": 55, "md": 0, "wk": 3, "fwk": 0, "fw": 0, "tw": 0, "bbi": "2/22", "bbm": "2/22", "bwa": 18.33, "bwe": 4.58, "bwsr": 24}, {"bl": null, "tt": "year 2015", "sp": null, "mt": 3, "in": 3, "pr": "year=2015", "ov": 11.5, "cd": 60, "md": 0, "wk": 4, "fwk": 0, "fw": 0, "tw": 0, "bbi": "2/10", "bbm": "2/10", "bwa": 15, "bwe": 5.07, "bwsr": 17.7}, {"bl": null, "tt": "year 2016", "sp": null, "mt": 8, "in": 8, "pr": "year=2016", "ov": 26.2, "cd": 201, "md": 1, "wk": 13, "fwk": 1, "fw": 0, "tw": 0, "bbi": "4/37", "bbm": "4/37", "bwa": 15.46, "bwe": 7.63, "bwsr": 12.1}, {"bl": null, "tt": "year 2017", "sp": null, "mt": 1, "in": 1, "pr": "year=2017", "ov": 4, "cd": 30, "md": 0, "wk": 0, "fwk": 0, "fw": 0, "tw": 0, "bbi": null, "bbm": null, "bwa": null, "bwe": 7.5, "bwsr": null}, {"bl": null, "tt": "year 2018", "sp": null, "mt": 2, "in": 2, "pr": "year=2018", "ov": 6.4, "cd": 53, "md": 0, "wk": 4, "fwk": 0, "fw": 0, "tw": 0, "bbi": "2/25", "bbm": "2/25", "bwa": 13.25, "bwe": 7.95, "bwsr": 10}, {"bl": null, "tt": "year 2021", "sp": null, "mt": 2, "in": 2, "pr": "year=2021", "ov": 5, "cd": 58, "md": 0, "wk": 3, "fwk": 0, "fw": 0, "tw": 0, "bbi": "2/34", "bbm": "2/34", "bwa": 19.33, "bwe": 11.6, "bwsr": 10}]}, {"type": "SEASON", "stats": [{"bl": null, "tt": "season 2010/11", "sp": null, "mt": 2, "in": 2, "pr": "season=2010/11", "ov": 8, "cd": 94, "md": 0, "wk": 1, "fwk": 0, "fw": 0, "tw": 0, "bbi": "1/48", "bbm": "1/48", "bwa": 94, "bwe": 11.75, "bwsr": 48}, {"bl": null, "tt": "season 2012", "sp": null, "mt": 1, "in": 1, "pr": "season=2012", "ov": 3, "cd": 36, "md": 0, "wk": 0, "fwk": 0, "fw": 0, "tw": 0, "bbi": null, "bbm": null, "bwa": null, "bwe": 12, "bwsr": null}, {"bl": null, "tt": "season 2012/13", "sp": null, "mt": 1, "in": 1, "pr": "season=2012/13", "ov": 1, "cd": 12, "md": 0, "wk": 0, "fwk": 0, "fw": 0, "tw": 0, "bbi": null, "bbm": null, "bwa": null, "bwe": 12, "bwsr": null}, {"bl": null, "tt": "season 2013/14", "sp": null, "mt": 2, "in": 2, "pr": "season=2013/14", "ov": 8, "cd": 37, "md": 0, "wk": 3, "fwk": 0, "fw": 0, "tw": 0, "bbi": "2/22", "bbm": "2/22", "bwa": 12.33, "bwe": 4.62, "bwsr": 16}, {"bl": null, "tt": "season 2014/15", "sp": null, "mt": 1, "in": 1, "pr": "season=2014/15", "ov": 4, "cd": 18, "md": 0, "wk": 0, "fwk": 0, "fw": 0, "tw": 0, "bbi": null, "bbm": null, "bwa": null, "bwe": 4.5, "bwsr": null}, {"bl": null, "tt": "season 2015", "sp": null, "mt": 3, "in": 3, "pr": "season=2015", "ov": 11.5, "cd": 60, "md": 0, "wk": 4, "fwk": 0, "fw": 0, "tw": 0, "bbi": "2/10", "bbm": "2/10", "bwa": 15, "bwe": 5.07, "bwsr": 17.7}, {"bl": null, "tt": "season 2015/16", "sp": null, "mt": 8, "in": 8, "pr": "season=2015/16", "ov": 26.2, "cd": 201, "md": 1, "wk": 13, "fwk": 1, "fw": 0, "tw": 0, "bbi": "4/37", "bbm": "4/37", "bwa": 15.46, "bwe": 7.63, "bwsr": 12.1}, {"bl": null, "tt": "season 2017/18", "sp": null, "mt": 1, "in": 1, "pr": "season=2017/18", "ov": 4, "cd": 30, "md": 0, "wk": 0, "fwk": 0, "fw": 0, "tw": 0, "bbi": null, "bbm": null, "bwa": null, "bwe": 7.5, "bwsr": null}, {"bl": null, "tt": "season 2018/19", "sp": null, "mt": 2, "in": 2, "pr": "season=2018/19", "ov": 6.4, "cd": 53, "md": 0, "wk": 4, "fwk": 0, "fw": 0, "tw": 0, "bbi": "2/25", "bbm": "2/25", "bwa": 13.25, "bwe": 7.95, "bwsr": 10}, {"bl": null, "tt": "season 2020/21", "sp": null, "mt": 2, "in": 2, "pr": "season=2020/21", "ov": 5, "cd": 58, "md": 0, "wk": 3, "fwk": 0, "fw": 0, "tw": 0, "bbi": "2/34", "bbm": "2/34", "bwa": 19.33, "bwe": 11.6, "bwsr": 10}]}, {"type": "CAPTAINS_INVOLVED", "stats": [{"bl": null, "tt": "*BB McCullum", "sp": "2014-2014", "mt": 2, "in": 2, "pr": "captain_involve=10384", "ov": 8, "cd": 37, "md": 0, "wk": 3, "fwk": 0, "fw": 0, "tw": 0, "bbi": "2/22", "bbm": "2/22", "bwa": 12.33, "bwe": 4.62, "bwsr": 16}, {"bl": null, "tt": "*TG Southee", "sp": "2021-2021", "mt": 2, "in": 2, "pr": "captain_involve=49108", "ov": 5, "cd": 58, "md": 0, "wk": 3, "fwk": 0, "fw": 0, "tw": 0, "bbi": "2/34", "bbm": "2/34", "bwa": 19.33, "bwe": 11.6, "bwsr": 10}, {"bl": null, "tt": "*LRPL Taylor", "sp": "2010-2012", "mt": 4, "in": 4, "pr": "captain_involve=44930", "ov": 12, "cd": 142, "md": 0, "wk": 1, "fwk": 0, "fw": 0, "tw": 0, "bbi": "1/48", "bbm": "1/48", "bwa": 142, "bwe": 11.83, "bwsr": 72}, {"bl": null, "tt": "*KS Williamson", "sp": "2014-2018", "mt": 15, "in": 15, "pr": "captain_involve=51088", "ov": 52.5, "cd": 362, "md": 1, "wk": 21, "fwk": 1, "fw": 0, "tw": 0, "bbi": "4/37", "bbm": "4/37", "bwa": 17.23, "bwe": 6.85, "bwsr": 15}]}, {"type": "CAPTAIN", "stats": [{"bl": null, "tt": "is not captain", "sp": "2010-2021", "mt": 23, "in": 23, "pr": "captain=0", "ov": 77.5, "cd": 599, "md": 1, "wk": 28, "fwk": 1, "fw": 0, "tw": 0, "bbi": "4/37", "bbm": "4/37", "bwa": 21.39, "bwe": 7.69, "bwsr": 16.6}]}, {"type": "KEEPER", "stats": [{"bl": null, "tt": "is not keeper", "sp": "2010-2021", "mt": 23, "in": 23, "pr": "keeper=0", "ov": 77.5, "cd": 599, "md": 1, "wk": 28, "fwk": 1, "fw": 0, "tw": 0, "bbi": "4/37", "bbm": "4/37", "bwa": 21.39, "bwe": 7.69, "bwsr": 16.6}]}, {"type": "TOSS", "stats": [{"bl": null, "tt": "won the toss", "sp": "2010-2018", "mt": 10, "in": 10, "pr": "toss=1", "ov": 34.5, "cd": 272, "md": 0, "wk": 13, "fwk": 1, "fw": 0, "tw": 0, "bbi": "4/37", "bbm": "4/37", "bwa": 20.92, "bwe": 7.8, "bwsr": 16}, {"bl": null, "tt": "lost the toss", "sp": "2010-2021", "mt": 13, "in": 13, "pr": "toss=2", "ov": 43, "cd": 327, "md": 1, "wk": 15, "fwk": 0, "fw": 0, "tw": 0, "bbi": "3/8", "bbm": "3/8", "bwa": 21.8, "bwe": 7.6, "bwsr": 17.2}]}, {"type": "BATTING_FIELDING_SEQUENCE_AND_TOSS", "stats": [{"bl": null, "tt": "won toss &amp; batted", "sp": "2014-2018", "mt": 7, "in": 7, "pr": "batting_fielding_first=1;toss=1", "ov": 22.5, "cd": 153, "md": 0, "wk": 7, "fwk": 0, "fw": 0, "tw": 0, "bbi": "2/25", "bbm": "2/25", "bwa": 21.85, "bwe": 6.7, "bwsr": 19.5}, {"bl": null, "tt": "won toss &amp; fielded", "sp": "2010-2016", "mt": 3, "in": 3, "pr": "batting_fielding_first=2;toss=1", "ov": 12, "cd": 119, "md": 0, "wk": 6, "fwk": 1, "fw": 0, "tw": 0, "bbi": "4/37", "bbm": "4/37", "bwa": 19.83, "bwe": 9.91, "bwsr": 12}, {"bl": null, "tt": "lost toss &amp; sent in", "sp": "2012-2021", "mt": 8, "in": 8, "pr": "batting_fielding_first=1;toss=2", "ov": 26, "cd": 180, "md": 1, "wk": 9, "fwk": 0, "fw": 0, "tw": 0, "bbi": "3/8", "bbm": "3/8", "bwa": 20, "bwe": 6.92, "bwsr": 17.3}, {"bl": null, "tt": "lost toss &amp; fielded", "sp": "2010-2018", "mt": 5, "in": 5, "pr": "batting_fielding_first=2;toss=2", "ov": 17, "cd": 147, "md": 0, "wk": 6, "fwk": 0, "fw": 0, "tw": 0, "bbi": "2/22", "bbm": "2/22", "bwa": 24.5, "bwe": 8.64, "bwsr": 17}]}, {"type": "BATTING_FIELDING_SEQUENCE", "stats": [{"bl": null, "tt": "matches batting first", "sp": "2012-2021", "mt": 15, "in": 15, "pr": "batting_fielding_first=1", "ov": 48.5, "cd": 333, "md": 1, "wk": 16, "fwk": 0, "fw": 0, "tw": 0, "bbi": "3/8", "bbm": "3/8", "bwa": 20.81, "bwe": 6.81, "bwsr": 18.3}, {"bl": null, "tt": "matches fielding first", "sp": "2010-2018", "mt": 8, "in": 8, "pr": "batting_fielding_first=2", "ov": 29, "cd": 266, "md": 0, "wk": 12, "fwk": 1, "fw": 0, "tw": 0, "bbi": "4/37", "bbm": "4/37", "bwa": 22.16, "bwe": 9.17, "bwsr": 14.5}]}, {"type": "TEAM_INNINGS", "stats": [{"bl": null, "tt": "1st team innings", "sp": "2010-2021", "mt": 23, "in": 23, "pr": "innings_number=1;innings_number=2", "ov": 77.5, "cd": 599, "md": 1, "wk": 28, "fwk": 1, "fw": 0, "tw": 0, "bbi": "4/37", "bbm": "4/37", "bwa": 21.39, "bwe": 7.69, "bwsr": 16.6}]}, {"type": "MATCH_INNINGS", "stats": [{"bl": null, "tt": "1st match innings", "sp": "2010-2018", "mt": 8, "in": 8, "pr": "innings_number=1", "ov": 29, "cd": 266, "md": 0, "wk": 12, "fwk": 1, "fw": 0, "tw": 0, "bbi": "4/37", "bbm": "4/37", "bwa": 22.16, "bwe": 9.17, "bwsr": 14.5}, {"bl": null, "tt": "2nd match innings", "sp": "2012-2021", "mt": 15, "in": 15, "pr": "innings_number=2", "ov": 48.5, "cd": 333, "md": 1, "wk": 16, "fwk": 0, "fw": 0, "tw": 0, "bbi": "3/8", "bbm": "3/8", "bwa": 20.81, "bwe": 6.81, "bwsr": 18.3}]}, {"type": "FLOODLIT", "stats": [{"bl": null, "tt": "day match", "sp": "2010-2016", "mt": 4, "in": 4, "pr": "floodlit=1", "ov": 16, "cd": 119, "md": 0, "wk": 5, "fwk": 0, "fw": 0, "tw": 0, "bbi": "2/10", "bbm": "2/10", "bwa": 23.8, "bwe": 7.43, "bwsr": 19.2}, {"bl": null, "tt": "day/night match", "sp": "2012-2016", "mt": 8, "in": 8, "pr": "floodlit=2", "ov": 25.1, "cd": 189, "md": 1, "wk": 11, "fwk": 1, "fw": 0, "tw": 0, "bbi": "4/37", "bbm": "4/37", "bwa": 17.18, "bwe": 7.5, "bwsr": 13.7}, {"bl": null, "tt": "night match", "sp": "2010-2021", "mt": 11, "in": 11, "pr": "floodlit=3", "ov": 36.4, "cd": 291, "md": 0, "wk": 12, "fwk": 0, "fw": 0, "tw": 0, "bbi": "2/25", "bbm": "2/25", "bwa": 24.25, "bwe": 7.93, "bwsr": 18.3}]}, {"type": "RESULT", "stats": [{"bl": null, "tt": "won match", "sp": "2010-2021", "mt": 15, "in": 15, "pr": "result=1", "ov": 51.2, "cd": 381, "md": 1, "wk": 18, "fwk": 0, "fw": 0, "tw": 0, "bbi": "3/8", "bbm": "3/8", "bwa": 21.16, "bwe": 7.42, "bwsr": 17.1}, {"bl": null, "tt": "lost match", "sp": "2010-2018", "mt": 8, "in": 8, "pr": "result=2", "ov": 26.3, "cd": 218, "md": 0, "wk": 10, "fwk": 1, "fw": 0, "tw": 0, "bbi": "4/37", "bbm": "4/37", "bwa": 21.8, "bwe": 8.22, "bwsr": 15.9}]}, {"type": "BATTING_FIELDING_SEQUENCE_AND_RESULT", "stats": [{"bl": null, "tt": "won batting first", "sp": "2012-2021", "mt": 11, "in": 11, "pr": "batting_fielding_first=1;result=1", "ov": 35.2, "cd": 240, "md": 1, "wk": 13, "fwk": 0, "fw": 0, "tw": 0, "bbi": "3/8", "bbm": "3/8", "bwa": 18.46, "bwe": 6.79, "bwsr": 16.3}, {"bl": null, "tt": "won fielding first", "sp": "2010-2016", "mt": 4, "in": 4, "pr": "batting_fielding_first=2;result=1", "ov": 16, "cd": 141, "md": 0, "wk": 5, "fwk": 0, "fw": 0, "tw": 0, "bbi": "2/22", "bbm": "2/22", "bwa": 28.2, "bwe": 8.81, "bwsr": 19.2}, {"bl": null, "tt": "lost batting first", "sp": "2014-2018", "mt": 4, "in": 4, "pr": "batting_fielding_first=1;result=2", "ov": 13.3, "cd": 93, "md": 0, "wk": 3, "fwk": 0, "fw": 0, "tw": 0, "bbi": "2/25", "bbm": "2/25", "bwa": 31, "bwe": 6.88, "bwsr": 27}, {"bl": null, "tt": "lost fielding first", "sp": "2010-2018", "mt": 4, "in": 4, "pr": "batting_fielding_first=2;result=2", "ov": 13, "cd": 125, "md": 0, "wk": 7, "fwk": 1, "fw": 0, "tw": 0, "bbi": "4/37", "bbm": "4/37", "bwa": 17.85, "bwe": 9.61, "bwsr": 11.1}]}, {"type": "TOURNAMENT_TYPE", "stats": [{"bl": null, "tt": "2 team series", "sp": "2010-2021", "mt": 18, "in": 18, "pr": "tournament_type=2", "ov": 65.4, "cd": 504, "md": 1, "wk": 25, "fwk": 1, "fw": 0, "tw": 0, "bbi": "4/37", "bbm": "4/37", "bwa": 20.16, "bwe": 7.67, "bwsr": 15.7}, {"bl": null, "tt": "5+ team tournaments", "sp": "2012-2016", "mt": 5, "in": 5, "pr": "tournament_type=5", "ov": 12.1, "cd": 95, "md": 0, "wk": 3, "fwk": 0, "fw": 0, "tw": 0, "bbi": "2/26", "bbm": "2/26", "bwa": 31.66, "bwe": 7.8, "bwsr": 24.3}]}, {"type": "MATCH_NUMBER", "stats": [{"bl": null, "tt": "only match in series", "sp": "2015-2015", "mt": 1, "in": 1, "pr": "match_number=0", "ov": 4, "cd": 10, "md": 0, "wk": 2, "fwk": 0, "fw": 0, "tw": 0, "bbi": "2/10", "bbm": "2/10", "bwa": 5, "bwe": 2.5, "bwsr": 12}, {"bl": null, "tt": "1st match in series", "sp": "2010-2018", "mt": 6, "in": 6, "pr": "match_number=1", "ov": 23.5, "cd": 167, "md": 0, "wk": 8, "fwk": 1, "fw": 0, "tw": 0, "bbi": "4/37", "bbm": "4/37", "bwa": 20.87, "bwe": 7, "bwsr": 17.8}, {"bl": null, "tt": "2nd match in series", "sp": "2012-2021", "mt": 8, "in": 8, "pr": "match_number=2", "ov": 28.4, "cd": 247, "md": 0, "wk": 10, "fwk": 0, "fw": 0, "tw": 0, "bbi": "2/22", "bbm": "2/22", "bwa": 24.7, "bwe": 8.61, "bwsr": 17.2}, {"bl": null, "tt": "3rd match in series", "sp": "2010-2021", "mt": 3, "in": 3, "pr": "match_number=3", "ov": 9.1, "cd": 80, "md": 1, "wk": 5, "fwk": 0, "fw": 0, "tw": 0, "bbi": "3/8", "bbm": "3/8", "bwa": 16, "bwe": 8.72, "bwsr": 11}]}, {"type": "MAJOR_TROPHY", "stats": [{"bl": null, "tt": "Men's T20 World Cup", "sp": "2012-2016", "mt": 5, "in": 5, "pr": "trophy=89", "ov": 12.1, "cd": 95, "md": 0, "wk": 3, "fwk": 0, "fw": 0, "tw": 0, "bbi": "2/26", "bbm": "2/26", "bwa": 31.66, "bwe": 7.8, "bwsr": 24.3}]}, {"type": "FINAL_TYPE", "stats": [{"bl": null, "tt": "tournament semi-finals", "sp": "2016-2016", "mt": 1, "in": 1, "pr": "final_type=3", "ov": 3, "cd": 27, "md": 0, "wk": 0, "fwk": 0, "fw": 0, "tw": 0, "bbi": null, "bbm": null, "bwa": null, "bwe": 9, "bwsr": null}, {"bl": null, "tt": "preliminary matches", "sp": "2012-2016", "mt": 4, "in": 4, "pr": "final_type=0", "ov": 9.1, "cd": 68, "md": 0, "wk": 3, "fwk": 0, "fw": 0, "tw": 0, "bbi": "2/26", "bbm": "2/26", "bwa": 22.66, "bwe": 7.41, "bwsr": 18.3}]}, {"type": "BOWLING_POSITION", "stats": [{"bl": null, "tt": "1st position", "sp": "2010-2017", "mt": 3, "in": 3, "pr": "bowling_positionval1=bowling_position;bowling_positionmin1=1;bowling_positionmax1=1", "ov": 12, "cd": 88, "md": 0, "wk": 3, "fwk": 0, "fw": 0, "tw": 0, "bbi": "2/10", "bbm": "2/10", "bwa": 29.33, "bwe": 7.33, "bwsr": 24}, {"bl": null, "tt": "2nd position", "sp": "2012-2021", "mt": 9, "in": 9, "pr": "bowling_positionval1=bowling_position;bowling_positionmin1=2;bowling_positionmax1=2", "ov": 29.5, "cd": 232, "md": 0, "wk": 8, "fwk": 0, "fw": 0, "tw": 0, "bbi": "2/22", "bbm": "2/22", "bwa": 29, "bwe": 7.77, "bwsr": 22.3}, {"bl": null, "tt": "3rd position", "sp": "2010-2021", "mt": 9, "in": 9, "pr": "bowling_positionval1=bowling_position;bowling_positionmin1=3;bowling_positionmax1=3", "ov": 32.5, "cd": 259, "md": 1, "wk": 16, "fwk": 1, "fw": 0, "tw": 0, "bbi": "4/37", "bbm": "4/37", "bwa": 16.18, "bwe": 7.88, "bwsr": 12.3}, {"bl": null, "tt": "5th position", "sp": "2016-2016", "mt": 1, "in": 1, "pr": "bowling_positionval1=bowling_position;bowling_positionmin1=5;bowling_positionmax1=5", "ov": 2.1, "cd": 8, "md": 0, "wk": 1, "fwk": 0, "fw": 0, "tw": 0, "bbi": "1/8", "bbm": "1/8", "bwa": 8, "bwe": 3.69, "bwsr": 13}, {"bl": null, "tt": "6th position", "sp": "2012-2012", "mt": 1, "in": 1, "pr": "bowling_positionval1=bowling_position;bowling_positionmin1=6;bowling_positionmax1=6", "ov": 1, "cd": 12, "md": 0, "wk": 0, "fwk": 0, "fw": 0, "tw": 0, "bbi": null, "bbm": null, "bwa": null, "bwe": 12, "bwsr": null}]}]}}