{"summary": {"recordClassId": 2, "type": "FIELDING", "groups": [{"type": "CAREER_AVERAGES", "stats": [{"tt": "overview", "sp": "2012-2017", "mt": 40, "in": 39, "pr": null, "ds": 21, "ct": 21, "st": 0, "ck": 0, "cf": 21, "mds": "3 (3ct 0st)", "dspi": 0.538}]}, {"type": "OPPOSITION_TEAM", "stats": [{"tt": "vs Afghanistan", "sp": "2015-2015", "mt": 1, "in": 1, "pr": "opposition=40", "ds": 1, "ct": 1, "st": 0, "ck": 0, "cf": 1, "mds": "1 (1ct 0st)", "dspi": 1}, {"tt": "vs Australia", "sp": "2015-2017", "mt": 5, "in": 5, "pr": "opposition=2", "ds": 2, "ct": 2, "st": 0, "ck": 0, "cf": 2, "mds": "1 (1ct 0st)", "dspi": 0.4}, {"tt": "vs Bangladesh", "sp": "2013-2017", "mt": 2, "in": 2, "pr": "opposition=25", "ds": 1, "ct": 1, "st": 0, "ck": 0, "cf": 1, "mds": "1 (1ct 0st)", "dspi": 0.5}, {"tt": "vs England", "sp": "2015-2017", "mt": 2, "in": 2, "pr": "opposition=1", "ds": 2, "ct": 2, "st": 0, "ck": 0, "cf": 2, "mds": "1 (1ct 0st)", "dspi": 1}, {"tt": "vs India", "sp": "2014-2017", "mt": 4, "in": 4, "pr": "opposition=6", "ds": 1, "ct": 1, "st": 0, "ck": 0, "cf": 1, "mds": "1 (1ct 0st)", "dspi": 0.25}, {"tt": "vs Ireland", "sp": "2017-2017", "mt": 1, "in": 1, "pr": "opposition=29", "ds": 2, "ct": 2, "st": 0, "ck": 0, "cf": 2, "mds": "2 (2ct 0st)", "dspi": 2}, {"tt": "vs Pakistan", "sp": "2014-2016", "mt": 7, "in": 7, "pr": "opposition=7", "ds": 4, "ct": 4, "st": 0, "ck": 0, "cf": 4, "mds": "2 (2ct 0st)", "dspi": 0.571}, {"tt": "vs Scotland", "sp": "2015-2015", "mt": 1, "in": 1, "pr": "opposition=30", "ds": 1, "ct": 1, "st": 0, "ck": 0, "cf": 1, "mds": "1 (1ct 0st)", "dspi": 1}, {"tt": "vs South Africa", "sp": "2015-2015", "mt": 3, "in": 3, "pr": "opposition=3", "ds": 1, "ct": 1, "st": 0, "ck": 0, "cf": 1, "mds": "1 (1ct 0st)", "dspi": 0.333}, {"tt": "vs Sri Lanka", "sp": "2012-2016", "mt": 12, "in": 11, "pr": "opposition=8", "ds": 3, "ct": 3, "st": 0, "ck": 0, "cf": 3, "mds": "1 (1ct 0st)", "dspi": 0.272}, {"tt": "vs West Indies", "sp": "2014-2015", "mt": 2, "in": 2, "pr": "opposition=4", "ds": 3, "ct": 3, "st": 0, "ck": 0, "cf": 3, "mds": "3 (3ct 0st)", "dspi": 1.5}]}, {"type": "HOST_COUNTRY", "stats": [{"tt": "in Bangladesh", "sp": "2013-2013", "mt": 1, "in": 1, "pr": "host=25", "ds": 1, "ct": 1, "st": 0, "ck": 0, "cf": 1, "mds": "1 (1ct 0st)", "dspi": 1}, {"tt": "in England", "sp": "2017-2017", "mt": 3, "in": 3, "pr": "host=1", "ds": 2, "ct": 2, "st": 0, "ck": 0, "cf": 2, "mds": "1 (1ct 0st)", "dspi": 0.666}, {"tt": "in India", "sp": "2017-2017", "mt": 3, "in": 3, "pr": "host=6", "ds": 1, "ct": 1, "st": 0, "ck": 0, "cf": 1, "mds": "1 (1ct 0st)", "dspi": 0.333}, {"tt": "in Ireland", "sp": "2017-2017", "mt": 1, "in": 1, "pr": "host=29", "ds": 2, "ct": 2, "st": 0, "ck": 0, "cf": 2, "mds": "2 (2ct 0st)", "dspi": 2}, {"tt": "in New Zealand", "sp": "2014-2016", "mt": 21, "in": 20, "pr": "host=5", "ds": 12, "ct": 12, "st": 0, "ck": 0, "cf": 12, "mds": "3 (3ct 0st)", "dspi": 0.6}, {"tt": "in South Africa", "sp": "2015-2015", "mt": 3, "in": 3, "pr": "host=3", "ds": 1, "ct": 1, "st": 0, "ck": 0, "cf": 1, "mds": "1 (1ct 0st)", "dspi": 0.333}, {"tt": "in Sri Lanka", "sp": "2012-2013", "mt": 4, "in": 4, "pr": "host=8", "ds": 1, "ct": 1, "st": 0, "ck": 0, "cf": 1, "mds": "1 (1ct 0st)", "dspi": 0.25}, {"tt": "in U.A.E.", "sp": "2014-2014", "mt": 4, "in": 4, "pr": "host=27", "ds": 1, "ct": 1, "st": 0, "ck": 0, "cf": 1, "mds": "1 (1ct 0st)", "dspi": 0.25}]}, {"type": "CONTINENT", "stats": [{"tt": "in Africa", "sp": "2015-2015", "mt": 3, "in": 3, "pr": "continent=1", "ds": 1, "ct": 1, "st": 0, "ck": 0, "cf": 1, "mds": "1 (1ct 0st)", "dspi": 0.333}, {"tt": "in Asia", "sp": "2012-2017", "mt": 12, "in": 12, "pr": "continent=2", "ds": 4, "ct": 4, "st": 0, "ck": 0, "cf": 4, "mds": "1 (1ct 0st)", "dspi": 0.333}, {"tt": "in Europe", "sp": "2017-2017", "mt": 4, "in": 4, "pr": "continent=4", "ds": 4, "ct": 4, "st": 0, "ck": 0, "cf": 4, "mds": "2 (2ct 0st)", "dspi": 1}, {"tt": "in Oceania", "sp": "2014-2016", "mt": 21, "in": 20, "pr": "continent=5", "ds": 12, "ct": 12, "st": 0, "ck": 0, "cf": 12, "mds": "3 (3ct 0st)", "dspi": 0.6}]}, {"type": "HOME_OR_AWAY", "stats": [{"tt": "home", "sp": "2014-2016", "mt": 21, "in": 20, "pr": "home_or_away=1", "ds": 12, "ct": 12, "st": 0, "ck": 0, "cf": 12, "mds": "3 (3ct 0st)", "dspi": 0.6}, {"tt": "away", "sp": "2012-2017", "mt": 13, "in": 13, "pr": "home_or_away=2", "ds": 7, "ct": 7, "st": 0, "ck": 0, "cf": 7, "mds": "2 (2ct 0st)", "dspi": 0.538}, {"tt": "neutral", "sp": "2014-2017", "mt": 6, "in": 6, "pr": "home_or_away=3", "ds": 2, "ct": 2, "st": 0, "ck": 0, "cf": 2, "mds": "1 (1ct 0st)", "dspi": 0.333}]}, {"type": "YEAR", "stats": [{"tt": "year 2012", "sp": null, "mt": 2, "in": 2, "pr": "year=2012", "ds": 1, "ct": 1, "st": 0, "ck": 0, "cf": 1, "mds": "1 (1ct 0st)", "dspi": 0.5}, {"tt": "year 2013", "sp": null, "mt": 3, "in": 3, "pr": "year=2013", "ds": 1, "ct": 1, "st": 0, "ck": 0, "cf": 1, "mds": "1 (1ct 0st)", "dspi": 0.333}, {"tt": "year 2014", "sp": null, "mt": 6, "in": 6, "pr": "year=2014", "ds": 4, "ct": 4, "st": 0, "ck": 0, "cf": 4, "mds": "3 (3ct 0st)", "dspi": 0.666}, {"tt": "year 2015", "sp": null, "mt": 16, "in": 16, "pr": "year=2015", "ds": 7, "ct": 7, "st": 0, "ck": 0, "cf": 7, "mds": "2 (2ct 0st)", "dspi": 0.437}, {"tt": "year 2016", "sp": null, "mt": 6, "in": 5, "pr": "year=2016", "ds": 3, "ct": 3, "st": 0, "ck": 0, "cf": 3, "mds": "1 (1ct 0st)", "dspi": 0.6}, {"tt": "year 2017", "sp": null, "mt": 7, "in": 7, "pr": "year=2017", "ds": 5, "ct": 5, "st": 0, "ck": 0, "cf": 5, "mds": "2 (2ct 0st)", "dspi": 0.714}]}, {"type": "SEASON", "stats": [{"tt": "season 2012/13", "sp": null, "mt": 2, "in": 2, "pr": "season=2012/13", "ds": 1, "ct": 1, "st": 0, "ck": 0, "cf": 1, "mds": "1 (1ct 0st)", "dspi": 0.5}, {"tt": "season 2013/14", "sp": null, "mt": 5, "in": 5, "pr": "season=2013/14", "ds": 4, "ct": 4, "st": 0, "ck": 0, "cf": 4, "mds": "3 (3ct 0st)", "dspi": 0.8}, {"tt": "season 2014/15", "sp": null, "mt": 15, "in": 15, "pr": "season=2014/15", "ds": 7, "ct": 7, "st": 0, "ck": 0, "cf": 7, "mds": "2 (2ct 0st)", "dspi": 0.466}, {"tt": "season 2015", "sp": null, "mt": 3, "in": 3, "pr": "season=2015", "ds": 1, "ct": 1, "st": 0, "ck": 0, "cf": 1, "mds": "1 (1ct 0st)", "dspi": 0.333}, {"tt": "season 2015/16", "sp": null, "mt": 8, "in": 7, "pr": "season=2015/16", "ds": 3, "ct": 3, "st": 0, "ck": 0, "cf": 3, "mds": "1 (1ct 0st)", "dspi": 0.428}, {"tt": "season 2017", "sp": null, "mt": 4, "in": 4, "pr": "season=2017", "ds": 4, "ct": 4, "st": 0, "ck": 0, "cf": 4, "mds": "2 (2ct 0st)", "dspi": 1}, {"tt": "season 2017/18", "sp": null, "mt": 3, "in": 3, "pr": "season=2017/18", "ds": 1, "ct": 1, "st": 0, "ck": 0, "cf": 1, "mds": "1 (1ct 0st)", "dspi": 0.333}]}, {"type": "CAPTAINS_INVOLVED", "stats": [{"tt": "*TWM Latham", "sp": "2017-2017", "mt": 1, "in": 1, "pr": "captain_involve=59148", "ds": 2, "ct": 2, "st": 0, "ck": 0, "cf": 2, "mds": "2 (2ct 0st)", "dspi": 2}, {"tt": "*BB McCullum", "sp": "2014-2016", "mt": 18, "in": 18, "pr": "captain_involve=10384", "ds": 11, "ct": 11, "st": 0, "ck": 0, "cf": 11, "mds": "3 (3ct 0st)", "dspi": 0.611}, {"tt": "*KD Mills", "sp": "2013-2013", "mt": 3, "in": 3, "pr": "captain_involve=10303", "ds": 1, "ct": 1, "st": 0, "ck": 0, "cf": 1, "mds": "1 (1ct 0st)", "dspi": 0.333}, {"tt": "*LRPL Taylor", "sp": "2012-2012", "mt": 2, "in": 2, "pr": "captain_involve=44930", "ds": 1, "ct": 1, "st": 0, "ck": 0, "cf": 1, "mds": "1 (1ct 0st)", "dspi": 0.5}, {"tt": "*KS Williamson", "sp": "2014-2017", "mt": 16, "in": 15, "pr": "captain_involve=51088", "ds": 6, "ct": 6, "st": 0, "ck": 0, "cf": 6, "mds": "1 (1ct 0st)", "dspi": 0.4}]}, {"type": "CAPTAIN", "stats": [{"tt": "is not captain", "sp": "2012-2017", "mt": 40, "in": 39, "pr": "captain=0", "ds": 21, "ct": 21, "st": 0, "ck": 0, "cf": 21, "mds": "3 (3ct 0st)", "dspi": 0.538}]}, {"type": "KEEPER", "stats": [{"tt": "is not keeper", "sp": "2012-2017", "mt": 40, "in": 39, "pr": "keeper=0", "ds": 21, "ct": 21, "st": 0, "ck": 0, "cf": 21, "mds": "3 (3ct 0st)", "dspi": 0.538}]}, {"type": "TOSS", "stats": [{"tt": "won the toss", "sp": "2012-2017", "mt": 17, "in": 17, "pr": "toss=1", "ds": 9, "ct": 9, "st": 0, "ck": 0, "cf": 9, "mds": "2 (2ct 0st)", "dspi": 0.529}, {"tt": "lost the toss", "sp": "2012-2017", "mt": 23, "in": 22, "pr": "toss=2", "ds": 12, "ct": 12, "st": 0, "ck": 0, "cf": 12, "mds": "3 (3ct 0st)", "dspi": 0.545}]}, {"type": "BATTING_FIELDING_SEQUENCE_AND_TOSS", "stats": [{"tt": "won toss &amp; batted", "sp": "2014-2017", "mt": 10, "in": 10, "pr": "batting_fielding_first=1;toss=1", "ds": 5, "ct": 5, "st": 0, "ck": 0, "cf": 5, "mds": "2 (2ct 0st)", "dspi": 0.5}, {"tt": "won toss &amp; fielded", "sp": "2012-2017", "mt": 7, "in": 7, "pr": "batting_fielding_first=2;toss=1", "ds": 4, "ct": 4, "st": 0, "ck": 0, "cf": 4, "mds": "1 (1ct 0st)", "dspi": 0.571}, {"tt": "lost toss &amp; sent in", "sp": "2012-2017", "mt": 11, "in": 10, "pr": "batting_fielding_first=1;toss=2", "ds": 9, "ct": 9, "st": 0, "ck": 0, "cf": 9, "mds": "3 (3ct 0st)", "dspi": 0.9}, {"tt": "lost toss &amp; fielded", "sp": "2013-2017", "mt": 12, "in": 12, "pr": "batting_fielding_first=2;toss=2", "ds": 3, "ct": 3, "st": 0, "ck": 0, "cf": 3, "mds": "1 (1ct 0st)", "dspi": 0.25}]}, {"type": "BATTING_FIELDING_SEQUENCE", "stats": [{"tt": "matches batting first", "sp": "2012-2017", "mt": 21, "in": 20, "pr": "batting_fielding_first=1", "ds": 14, "ct": 14, "st": 0, "ck": 0, "cf": 14, "mds": "3 (3ct 0st)", "dspi": 0.7}, {"tt": "matches fielding first", "sp": "2012-2017", "mt": 19, "in": 19, "pr": "batting_fielding_first=2", "ds": 7, "ct": 7, "st": 0, "ck": 0, "cf": 7, "mds": "1 (1ct 0st)", "dspi": 0.368}]}, {"type": "TEAM_INNINGS", "stats": [{"tt": "1st team innings", "sp": "2012-2017", "mt": 39, "in": 39, "pr": "innings_number=2;innings_number=1", "ds": 21, "ct": 21, "st": 0, "ck": 0, "cf": 21, "mds": "3 (3ct 0st)", "dspi": 0.538}]}, {"type": "MATCH_INNINGS", "stats": [{"tt": "1st match innings", "sp": "2012-2017", "mt": 19, "in": 19, "pr": "innings_number=1", "ds": 7, "ct": 7, "st": 0, "ck": 0, "cf": 7, "mds": "1 (1ct 0st)", "dspi": 0.368}, {"tt": "2nd match innings", "sp": "2012-2017", "mt": 20, "in": 20, "pr": "innings_number=2", "ds": 14, "ct": 14, "st": 0, "ck": 0, "cf": 14, "mds": "3 (3ct 0st)", "dspi": 0.7}]}, {"type": "FLOODLIT", "stats": [{"tt": "day match", "sp": "2013-2017", "mt": 17, "in": 16, "pr": "floodlit=1", "ds": 13, "ct": 13, "st": 0, "ck": 0, "cf": 13, "mds": "3 (3ct 0st)", "dspi": 0.812}, {"tt": "day/night match", "sp": "2012-2017", "mt": 23, "in": 23, "pr": "floodlit=2", "ds": 8, "ct": 8, "st": 0, "ck": 0, "cf": 8, "mds": "2 (2ct 0st)", "dspi": 0.347}]}, {"type": "RESULT", "stats": [{"tt": "won match", "sp": "2013-2017", "mt": 24, "in": 24, "pr": "result=1", "ds": 13, "ct": 13, "st": 0, "ck": 0, "cf": 13, "mds": "3 (3ct 0st)", "dspi": 0.541}, {"tt": "lost match", "sp": "2012-2017", "mt": 12, "in": 12, "pr": "result=2", "ds": 6, "ct": 6, "st": 0, "ck": 0, "cf": 6, "mds": "1 (1ct 0st)", "dspi": 0.5}, {"tt": "no result", "sp": "2012-2017", "mt": 4, "in": 3, "pr": "result=5", "ds": 2, "ct": 2, "st": 0, "ck": 0, "cf": 2, "mds": "1 (1ct 0st)", "dspi": 0.666}]}, {"type": "BATTING_FIELDING_SEQUENCE_AND_RESULT", "stats": [{"tt": "won batting first", "sp": "2014-2017", "mt": 11, "in": 11, "pr": "batting_fielding_first=1;result=1", "ds": 9, "ct": 9, "st": 0, "ck": 0, "cf": 9, "mds": "3 (3ct 0st)", "dspi": 0.818}, {"tt": "won fielding first", "sp": "2013-2017", "mt": 13, "in": 13, "pr": "batting_fielding_first=2;result=1", "ds": 4, "ct": 4, "st": 0, "ck": 0, "cf": 4, "mds": "1 (1ct 0st)", "dspi": 0.307}, {"tt": "lost batting first", "sp": "2012-2017", "mt": 8, "in": 8, "pr": "batting_fielding_first=1;result=2", "ds": 4, "ct": 4, "st": 0, "ck": 0, "cf": 4, "mds": "1 (1ct 0st)", "dspi": 0.5}, {"tt": "lost fielding first", "sp": "2015-2017", "mt": 4, "in": 4, "pr": "batting_fielding_first=2;result=2", "ds": 2, "ct": 2, "st": 0, "ck": 0, "cf": 2, "mds": "1 (1ct 0st)", "dspi": 0.5}, {"tt": "no result batting first", "sp": "2016-2017", "mt": 2, "in": 1, "pr": "batting_fielding_first=1;result=5", "ds": 1, "ct": 1, "st": 0, "ck": 0, "cf": 1, "mds": "1 (1ct 0st)", "dspi": 1}, {"tt": "no result fielding first", "sp": "2012-2013", "mt": 2, "in": 2, "pr": "batting_fielding_first=2;result=5", "ds": 1, "ct": 1, "st": 0, "ck": 0, "cf": 1, "mds": "1 (1ct 0st)", "dspi": 0.5}]}, {"type": "TOURNAMENT_TYPE", "stats": [{"tt": "2 team series", "sp": "2012-2017", "mt": 31, "in": 30, "pr": "tournament_type=2", "ds": 13, "ct": 13, "st": 0, "ck": 0, "cf": 13, "mds": "3 (3ct 0st)", "dspi": 0.433}, {"tt": "3-4 team tournaments", "sp": "2017-2017", "mt": 1, "in": 1, "pr": "tournament_type=3", "ds": 2, "ct": 2, "st": 0, "ck": 0, "cf": 2, "mds": "2 (2ct 0st)", "dspi": 2}, {"tt": "5+ team tournaments", "sp": "2015-2017", "mt": 9, "in": 9, "pr": "tournament_type=5", "ds": 6, "ct": 6, "st": 0, "ck": 0, "cf": 6, "mds": "1 (1ct 0st)", "dspi": 0.666}]}, {"type": "MATCH_NUMBER", "stats": [{"tt": "only match in series", "sp": "2015-2015", "mt": 1, "in": 1, "pr": "match_number=0", "ds": 0, "ct": 0, "st": 0, "ck": 0, "cf": 0, "mds": "0", "dspi": 0}, {"tt": "1st match in series", "sp": "2013-2017", "mt": 9, "in": 9, "pr": "match_number=1", "ds": 2, "ct": 2, "st": 0, "ck": 0, "cf": 2, "mds": "1 (1ct 0st)", "dspi": 0.222}, {"tt": "2nd match in series", "sp": "2013-2017", "mt": 7, "in": 7, "pr": "match_number=2", "ds": 4, "ct": 4, "st": 0, "ck": 0, "cf": 4, "mds": "2 (2ct 0st)", "dspi": 0.571}, {"tt": "3rd match in series", "sp": "2013-2017", "mt": 7, "in": 7, "pr": "match_number=3", "ds": 5, "ct": 5, "st": 0, "ck": 0, "cf": 5, "mds": "3 (3ct 0st)", "dspi": 0.714}, {"tt": "4th match in series", "sp": "2012-2016", "mt": 4, "in": 3, "pr": "match_number=4", "ds": 0, "ct": 0, "st": 0, "ck": 0, "cf": 0, "mds": "0", "dspi": 0}, {"tt": "5th match in series", "sp": "2012-2016", "mt": 3, "in": 3, "pr": "match_number=5", "ds": 2, "ct": 2, "st": 0, "ck": 0, "cf": 2, "mds": "1 (1ct 0st)", "dspi": 0.666}]}, {"type": "MAJOR_TROPHY", "stats": [{"tt": "World Cup", "sp": "2015-2015", "mt": 6, "in": 6, "pr": "trophy=12", "ds": 4, "ct": 4, "st": 0, "ck": 0, "cf": 4, "mds": "1 (1ct 0st)", "dspi": 0.666}, {"tt": "Chappell-Hadlee", "sp": "2015-2016", "mt": 4, "in": 4, "pr": "trophy=65", "ds": 1, "ct": 1, "st": 0, "ck": 0, "cf": 1, "mds": "1 (1ct 0st)", "dspi": 0.25}, {"tt": "ICC Champions Trophy", "sp": "2017-2017", "mt": 3, "in": 3, "pr": "trophy=44", "ds": 2, "ct": 2, "st": 0, "ck": 0, "cf": 2, "mds": "1 (1ct 0st)", "dspi": 0.666}]}, {"type": "FINAL_TYPE", "stats": [{"tt": "tournament quarter-finals", "sp": "2015-2015", "mt": 1, "in": 1, "pr": "final_type=4", "ds": 0, "ct": 0, "st": 0, "ck": 0, "cf": 0, "mds": "0", "dspi": 0}, {"tt": "preliminary matches", "sp": "2015-2017", "mt": 9, "in": 9, "pr": "final_type=0", "ds": 8, "ct": 8, "st": 0, "ck": 0, "cf": 8, "mds": "2 (2ct 0st)", "dspi": 0.888}]}]}}