{"player": {"id": 61787, "objectId": 438265, "name": "ML Green", "longName": "Maddy Green", "mobileName": "Green", "indexName": "Green, ML", "battingName": "ML Green", "fieldingName": "Green", "slug": "maddy-green", "gender": "F", "playingRole": "middle-order batter", "battingStyles": ["rhb"], "bowlingStyles": ["ob"], "longBattingStyles": ["right-hand bat"], "longBowlingStyles": ["right-arm offbreak"], "image": {"id": 305788, "objectId": 1225745, "slug": "maddy-green-portrait", "url": "/db/PICTURES/CMS/305700/305788.png", "width": 160, "height": 200, "caption": "Maddy Green portrait", "longCaption": "Maddy Green portrait, June 2020", "credit": "Getty Images", "photographer": null, "peerUrls": null}, "countryTeamId": 5, "playingRoleType": "P", "playingRoles": ["middle-order batter"], "dateOfBirth": {"year": 1992, "month": 10, "date": 20}, "dateOfDeath": null, "fullName": "Madeline Lee Green", "nickNames": "", "alsoKnownAs": "", "height": 0, "heightUnit": null, "education": "", "country": {"id": 5, "objectId": 5, "name": "New Zealand", "shortName": "New Zealand", "image": {"id": 313127, "objectId": 1241586, "slug": "new-zealand-logo", "url": "/db/PICTURES/CMS/313100/313127.logo.png", "width": 500, "height": 500, "caption": "New Zealand logo", "longCaption": "New Zealand logo", "credit": null, "photographer": null, "peerUrls": null}}, "altCountryTeamId": null, "placeOfBirth": "Auckland", "dobText": null, "dodText": null, "placeOfDeath": "", "intlCareerSpan": "2012 - 2021", "headshotImage": {"id": 320545, "objectId": 1261428, "slug": "maddy-green-player-page-headshot-cutout-2021", "url": "/db/PICTURES/CMS/320500/320545.png", "width": 600, "height": 436, "caption": "Maddy Green player page headshot cutout, 2021", "longCaption": "Maddy Green player page headshot cutout, 2021", "credit": null, "photographer": null, "peerUrls": {"FILM": null, "WIDE": null, "SQUARE": "/db/PICTURES/CMS/320500/320545.square.png"}}, "backgroundImage": {"id": 318701, "objectId": 1257240, "slug": "hannah-rowe-and-maddy-green-took-new-zealand-to-victory", "url": "/db/PICTURES/CMS/318700/318701.jpg", "width": 1400, "height": 933, "caption": "Hannah Rowe and Maddy Green took New Zealand to victory", "longCaption": "Hannah Rowe and Maddy Green took New Zealand to victory, New Zealand vs Australia, 2nd T20I, Napier, March 30, 2021", "credit": "Getty Images", "photographer": null, "peerUrls": {"FILM": "/db/PICTURES/CMS/318700/318701.jpg", "WIDE": "/db/PICTURES/CMS/318700/318701.6.jpg", "SQUARE": "/db/PICTURES/CMS/318700/318701.10.jpg"}}, "externalLinks": [], "fieldingStyles": [], "otherStyles": [], "matchPlayerTypes": [1], "hasRecords": true, "hasStats": true, "hasMatches": true, "totalStories": 15, "totalVideos": 0, "totalImages": 6}, "teams": [{"team": {"id": 2518, "objectId": 2467, "scribeId": 2467, "slug": "auckland-women", "name": "AK Women", "longName": "Auckland Women", "abbreviation": "AK-W", "isCountry": false, "primaryColor": null, "image": null}, "current": false}, {"team": {"id": 2614, "objectId": 2563, "scribeId": 2563, "slug": "new-zealand-women", "name": "NZ Women", "longName": "New Zealand Women", "abbreviation": "NZ-W", "isCountry": false, "primaryColor": null, "image": {"id": 313335, "objectId": 1241794, "slug": "new-zealand-women-logo", "url": "/db/PICTURES/CMS/313300/313335.logo.png", "width": 500, "height": 500, "caption": "New Zealand Women logo", "longCaption": "New Zealand Women logo", "credit": null, "photographer": null, "peerUrls": null}}, "current": false}]}