{"summary": {"recordClassId": 3, "type": "FIELDING", "groups": [{"type": "CAREER_AVERAGES", "stats": [{"tt": "overview", "sp": "2014-2021", "mt": 30, "in": 30, "pr": null, "ds": 10, "ct": 10, "st": 0, "ck": 0, "cf": 10, "mds": "2 (2ct 0st)", "dspi": 0.333}]}, {"type": "TEAM", "stats": [{"tt": "Hong Kong", "sp": "2014-2016", "mt": 19, "in": 19, "pr": "team=19", "ds": 4, "ct": 4, "st": 0, "ck": 0, "cf": 4, "mds": "2 (2ct 0st)", "dspi": 0.21}, {"tt": "New Zealand", "sp": "2018-2021", "mt": 11, "in": 11, "pr": "team=5", "ds": 6, "ct": 6, "st": 0, "ck": 0, "cf": 6, "mds": "2 (2ct 0st)", "dspi": 0.545}]}, {"type": "OPPOSITION_TEAM", "stats": [{"tt": "vs Afghanistan", "sp": "2014-2016", "mt": 5, "in": 5, "pr": "opposition=40", "ds": 2, "ct": 2, "st": 0, "ck": 0, "cf": 2, "mds": "2 (2ct 0st)", "dspi": 0.4}, {"tt": "vs Australia", "sp": "2018-2021", "mt": 4, "in": 4, "pr": "opposition=2", "ds": 1, "ct": 1, "st": 0, "ck": 0, "cf": 1, "mds": "1 (1ct 0st)", "dspi": 0.25}, {"tt": "vs Bangladesh", "sp": "2014-2021", "mt": 4, "in": 4, "pr": "opposition=25", "ds": 1, "ct": 1, "st": 0, "ck": 0, "cf": 1, "mds": "1 (1ct 0st)", "dspi": 0.25}, {"tt": "vs England", "sp": "2018-2018", "mt": 2, "in": 2, "pr": "opposition=1", "ds": 1, "ct": 1, "st": 0, "ck": 0, "cf": 1, "mds": "1 (1ct 0st)", "dspi": 0.5}, {"tt": "vs Ireland", "sp": "2015-2015", "mt": 1, "in": 1, "pr": "opposition=29", "ds": 0, "ct": 0, "st": 0, "ck": 0, "cf": 0, "mds": "0", "dspi": 0}, {"tt": "vs Nepal", "sp": "2014-2015", "mt": 2, "in": 2, "pr": "opposition=32", "ds": 0, "ct": 0, "st": 0, "ck": 0, "cf": 0, "mds": "0", "dspi": 0}, {"tt": "vs Oman", "sp": "2015-2016", "mt": 4, "in": 4, "pr": "opposition=37", "ds": 0, "ct": 0, "st": 0, "ck": 0, "cf": 0, "mds": "0", "dspi": 0}, {"tt": "vs Pakistan", "sp": "2018-2020", "mt": 2, "in": 2, "pr": "opposition=7", "ds": 3, "ct": 3, "st": 0, "ck": 0, "cf": 3, "mds": "2 (2ct 0st)", "dspi": 1.5}, {"tt": "vs Scotland", "sp": "2015-2016", "mt": 4, "in": 4, "pr": "opposition=30", "ds": 1, "ct": 1, "st": 0, "ck": 0, "cf": 1, "mds": "1 (1ct 0st)", "dspi": 0.25}, {"tt": "vs U.A.E.", "sp": "2016-2016", "mt": 1, "in": 1, "pr": "opposition=27", "ds": 0, "ct": 0, "st": 0, "ck": 0, "cf": 0, "mds": "0", "dspi": 0}, {"tt": "vs Zimbabwe", "sp": "2016-2016", "mt": 1, "in": 1, "pr": "opposition=9", "ds": 1, "ct": 1, "st": 0, "ck": 0, "cf": 1, "mds": "1 (1ct 0st)", "dspi": 1}]}, {"type": "HOST_COUNTRY", "stats": [{"tt": "in Bangladesh", "sp": "2014-2016", "mt": 6, "in": 6, "pr": "host=25", "ds": 0, "ct": 0, "st": 0, "ck": 0, "cf": 0, "mds": "0", "dspi": 0}, {"tt": "in Hong Kong", "sp": "2016-2016", "mt": 2, "in": 2, "pr": "host=19", "ds": 1, "ct": 1, "st": 0, "ck": 0, "cf": 1, "mds": "1 (1ct 0st)", "dspi": 0.5}, {"tt": "in India", "sp": "2016-2016", "mt": 3, "in": 3, "pr": "host=6", "ds": 1, "ct": 1, "st": 0, "ck": 0, "cf": 1, "mds": "1 (1ct 0st)", "dspi": 0.333}, {"tt": "in Ireland", "sp": "2015-2015", "mt": 4, "in": 4, "pr": "host=29", "ds": 2, "ct": 2, "st": 0, "ck": 0, "cf": 2, "mds": "2 (2ct 0st)", "dspi": 0.5}, {"tt": "in New Zealand", "sp": "2018-2021", "mt": 10, "in": 10, "pr": "host=5", "ds": 5, "ct": 5, "st": 0, "ck": 0, "cf": 5, "mds": "2 (2ct 0st)", "dspi": 0.5}, {"tt": "in U.A.E.", "sp": "2015-2018", "mt": 5, "in": 5, "pr": "host=27", "ds": 1, "ct": 1, "st": 0, "ck": 0, "cf": 1, "mds": "1 (1ct 0st)", "dspi": 0.2}]}, {"type": "CONTINENT", "stats": [{"tt": "in Asia", "sp": "2014-2018", "mt": 16, "in": 16, "pr": "continent=2", "ds": 3, "ct": 3, "st": 0, "ck": 0, "cf": 3, "mds": "1 (1ct 0st)", "dspi": 0.187}, {"tt": "in Europe", "sp": "2015-2015", "mt": 4, "in": 4, "pr": "continent=4", "ds": 2, "ct": 2, "st": 0, "ck": 0, "cf": 2, "mds": "2 (2ct 0st)", "dspi": 0.5}, {"tt": "in Oceania", "sp": "2018-2021", "mt": 10, "in": 10, "pr": "continent=5", "ds": 5, "ct": 5, "st": 0, "ck": 0, "cf": 5, "mds": "2 (2ct 0st)", "dspi": 0.5}]}, {"type": "HOME_OR_AWAY", "stats": [{"tt": "home", "sp": "2016-2021", "mt": 12, "in": 12, "pr": "home_or_away=1", "ds": 6, "ct": 6, "st": 0, "ck": 0, "cf": 6, "mds": "2 (2ct 0st)", "dspi": 0.5}, {"tt": "away", "sp": "2014-2015", "mt": 2, "in": 2, "pr": "home_or_away=2", "ds": 0, "ct": 0, "st": 0, "ck": 0, "cf": 0, "mds": "0", "dspi": 0}, {"tt": "neutral", "sp": "2014-2018", "mt": 16, "in": 16, "pr": "home_or_away=3", "ds": 4, "ct": 4, "st": 0, "ck": 0, "cf": 4, "mds": "2 (2ct 0st)", "dspi": 0.25}]}, {"type": "YEAR", "stats": [{"tt": "year 2014", "sp": null, "mt": 3, "in": 3, "pr": "year=2014", "ds": 0, "ct": 0, "st": 0, "ck": 0, "cf": 0, "mds": "0", "dspi": 0}, {"tt": "year 2015", "sp": null, "mt": 8, "in": 8, "pr": "year=2015", "ds": 2, "ct": 2, "st": 0, "ck": 0, "cf": 2, "mds": "2 (2ct 0st)", "dspi": 0.25}, {"tt": "year 2016", "sp": null, "mt": 8, "in": 8, "pr": "year=2016", "ds": 2, "ct": 2, "st": 0, "ck": 0, "cf": 2, "mds": "1 (1ct 0st)", "dspi": 0.25}, {"tt": "year 2018", "sp": null, "mt": 5, "in": 5, "pr": "year=2018", "ds": 3, "ct": 3, "st": 0, "ck": 0, "cf": 3, "mds": "1 (1ct 0st)", "dspi": 0.6}, {"tt": "year 2020", "sp": null, "mt": 1, "in": 1, "pr": "year=2020", "ds": 2, "ct": 2, "st": 0, "ck": 0, "cf": 2, "mds": "2 (2ct 0st)", "dspi": 2}, {"tt": "year 2021", "sp": null, "mt": 5, "in": 5, "pr": "year=2021", "ds": 1, "ct": 1, "st": 0, "ck": 0, "cf": 1, "mds": "1 (1ct 0st)", "dspi": 0.2}]}, {"type": "SEASON", "stats": [{"tt": "season 2013/14", "sp": null, "mt": 3, "in": 3, "pr": "season=2013/14", "ds": 0, "ct": 0, "st": 0, "ck": 0, "cf": 0, "mds": "0", "dspi": 0}, {"tt": "season 2015", "sp": null, "mt": 4, "in": 4, "pr": "season=2015", "ds": 2, "ct": 2, "st": 0, "ck": 0, "cf": 2, "mds": "2 (2ct 0st)", "dspi": 0.5}, {"tt": "season 2015/16", "sp": null, "mt": 12, "in": 12, "pr": "season=2015/16", "ds": 2, "ct": 2, "st": 0, "ck": 0, "cf": 2, "mds": "1 (1ct 0st)", "dspi": 0.166}, {"tt": "season 2017/18", "sp": null, "mt": 4, "in": 4, "pr": "season=2017/18", "ds": 2, "ct": 2, "st": 0, "ck": 0, "cf": 2, "mds": "1 (1ct 0st)", "dspi": 0.5}, {"tt": "season 2018/19", "sp": null, "mt": 1, "in": 1, "pr": "season=2018/19", "ds": 1, "ct": 1, "st": 0, "ck": 0, "cf": 1, "mds": "1 (1ct 0st)", "dspi": 1}, {"tt": "season 2020/21", "sp": null, "mt": 6, "in": 6, "pr": "season=2020/21", "ds": 3, "ct": 3, "st": 0, "ck": 0, "cf": 3, "mds": "2 (2ct 0st)", "dspi": 0.5}]}, {"type": "CAPTAINS_INVOLVED", "stats": [{"tt": "*JJ Atkinson", "sp": "2014-2014", "mt": 3, "in": 3, "pr": "captain_involve=51511", "ds": 0, "ct": 0, "st": 0, "ck": 0, "cf": 0, "mds": "0", "dspi": 0}, {"tt": "*MJ Santner", "sp": "2020-2020", "mt": 1, "in": 1, "pr": "captain_involve=64864", "ds": 2, "ct": 2, "st": 0, "ck": 0, "cf": 2, "mds": "2 (2ct 0st)", "dspi": 2}, {"tt": "*TG Southee", "sp": "2021-2021", "mt": 3, "in": 3, "pr": "captain_involve=49108", "ds": 1, "ct": 1, "st": 0, "ck": 0, "cf": 1, "mds": "1 (1ct 0st)", "dspi": 0.333}, {"tt": "*Tanwir Afzal", "sp": "2015-2016", "mt": 16, "in": 16, "pr": "captain_involve=49912", "ds": 4, "ct": 4, "st": 0, "ck": 0, "cf": 4, "mds": "2 (2ct 0st)", "dspi": 0.25}, {"tt": "*KS Williamson", "sp": "2018-2021", "mt": 7, "in": 7, "pr": "captain_involve=51088", "ds": 3, "ct": 3, "st": 0, "ck": 0, "cf": 3, "mds": "1 (1ct 0st)", "dspi": 0.428}]}, {"type": "CAPTAIN", "stats": [{"tt": "is not captain", "sp": "2014-2021", "mt": 30, "in": 30, "pr": "captain=0", "ds": 10, "ct": 10, "st": 0, "ck": 0, "cf": 10, "mds": "2 (2ct 0st)", "dspi": 0.333}]}, {"type": "KEEPER", "stats": [{"tt": "is not keeper", "sp": "2014-2021", "mt": 30, "in": 30, "pr": "keeper=0", "ds": 10, "ct": 10, "st": 0, "ck": 0, "cf": 10, "mds": "2 (2ct 0st)", "dspi": 0.333}]}, {"type": "TOSS", "stats": [{"tt": "won the toss", "sp": "2014-2021", "mt": 18, "in": 18, "pr": "toss=1", "ds": 4, "ct": 4, "st": 0, "ck": 0, "cf": 4, "mds": "1 (1ct 0st)", "dspi": 0.222}, {"tt": "lost the toss", "sp": "2015-2021", "mt": 12, "in": 12, "pr": "toss=2", "ds": 6, "ct": 6, "st": 0, "ck": 0, "cf": 6, "mds": "2 (2ct 0st)", "dspi": 0.5}]}, {"type": "BATTING_FIELDING_SEQUENCE_AND_TOSS", "stats": [{"tt": "won toss &amp; batted", "sp": "2014-2021", "mt": 7, "in": 7, "pr": "batting_fielding_first=1;toss=1", "ds": 1, "ct": 1, "st": 0, "ck": 0, "cf": 1, "mds": "1 (1ct 0st)", "dspi": 0.142}, {"tt": "won toss &amp; fielded", "sp": "2014-2021", "mt": 11, "in": 11, "pr": "batting_fielding_first=2;toss=1", "ds": 3, "ct": 3, "st": 0, "ck": 0, "cf": 3, "mds": "1 (1ct 0st)", "dspi": 0.272}, {"tt": "lost toss &amp; sent in", "sp": "2015-2021", "mt": 6, "in": 6, "pr": "batting_fielding_first=1;toss=2", "ds": 1, "ct": 1, "st": 0, "ck": 0, "cf": 1, "mds": "1 (1ct 0st)", "dspi": 0.166}, {"tt": "lost toss &amp; fielded", "sp": "2015-2021", "mt": 6, "in": 6, "pr": "batting_fielding_first=2;toss=2", "ds": 5, "ct": 5, "st": 0, "ck": 0, "cf": 5, "mds": "2 (2ct 0st)", "dspi": 0.833}]}, {"type": "BATTING_FIELDING_SEQUENCE", "stats": [{"tt": "matches batting first", "sp": "2014-2021", "mt": 13, "in": 13, "pr": "batting_fielding_first=1", "ds": 2, "ct": 2, "st": 0, "ck": 0, "cf": 2, "mds": "1 (1ct 0st)", "dspi": 0.153}, {"tt": "matches fielding first", "sp": "2014-2021", "mt": 17, "in": 17, "pr": "batting_fielding_first=2", "ds": 8, "ct": 8, "st": 0, "ck": 0, "cf": 8, "mds": "2 (2ct 0st)", "dspi": 0.47}]}, {"type": "TEAM_INNINGS", "stats": [{"tt": "1st team innings", "sp": "2014-2021", "mt": 30, "in": 30, "pr": "innings_number=1;innings_number=2", "ds": 10, "ct": 10, "st": 0, "ck": 0, "cf": 10, "mds": "2 (2ct 0st)", "dspi": 0.333}]}, {"type": "MATCH_INNINGS", "stats": [{"tt": "1st match innings", "sp": "2014-2021", "mt": 17, "in": 17, "pr": "innings_number=1", "ds": 8, "ct": 8, "st": 0, "ck": 0, "cf": 8, "mds": "2 (2ct 0st)", "dspi": 0.47}, {"tt": "2nd match innings", "sp": "2014-2021", "mt": 13, "in": 13, "pr": "innings_number=2", "ds": 2, "ct": 2, "st": 0, "ck": 0, "cf": 2, "mds": "1 (1ct 0st)", "dspi": 0.153}]}, {"type": "FLOODLIT", "stats": [{"tt": "day match", "sp": "2015-2021", "mt": 14, "in": 14, "pr": "floodlit=1", "ds": 3, "ct": 3, "st": 0, "ck": 0, "cf": 3, "mds": "2 (2ct 0st)", "dspi": 0.214}, {"tt": "day/night match", "sp": "2014-2016", "mt": 2, "in": 2, "pr": "floodlit=2", "ds": 1, "ct": 1, "st": 0, "ck": 0, "cf": 1, "mds": "1 (1ct 0st)", "dspi": 0.5}, {"tt": "night match", "sp": "2014-2021", "mt": 14, "in": 14, "pr": "floodlit=3", "ds": 6, "ct": 6, "st": 0, "ck": 0, "cf": 6, "mds": "2 (2ct 0st)", "dspi": 0.428}]}, {"type": "RESULT", "stats": [{"tt": "won match", "sp": "2014-2021", "mt": 13, "in": 13, "pr": "result=1", "ds": 5, "ct": 5, "st": 0, "ck": 0, "cf": 5, "mds": "2 (2ct 0st)", "dspi": 0.384}, {"tt": "lost match", "sp": "2014-2021", "mt": 17, "in": 17, "pr": "result=2", "ds": 5, "ct": 5, "st": 0, "ck": 0, "cf": 5, "mds": "1 (1ct 0st)", "dspi": 0.294}]}, {"type": "BATTING_FIELDING_SEQUENCE_AND_RESULT", "stats": [{"tt": "won batting first", "sp": "2015-2021", "mt": 5, "in": 5, "pr": "batting_fielding_first=1;result=1", "ds": 1, "ct": 1, "st": 0, "ck": 0, "cf": 1, "mds": "1 (1ct 0st)", "dspi": 0.2}, {"tt": "won fielding first", "sp": "2014-2021", "mt": 8, "in": 8, "pr": "batting_fielding_first=2;result=1", "ds": 4, "ct": 4, "st": 0, "ck": 0, "cf": 4, "mds": "2 (2ct 0st)", "dspi": 0.5}, {"tt": "lost batting first", "sp": "2014-2018", "mt": 8, "in": 8, "pr": "batting_fielding_first=1;result=2", "ds": 1, "ct": 1, "st": 0, "ck": 0, "cf": 1, "mds": "1 (1ct 0st)", "dspi": 0.125}, {"tt": "lost fielding first", "sp": "2014-2021", "mt": 9, "in": 9, "pr": "batting_fielding_first=2;result=2", "ds": 4, "ct": 4, "st": 0, "ck": 0, "cf": 4, "mds": "1 (1ct 0st)", "dspi": 0.444}]}, {"type": "TOURNAMENT_TYPE", "stats": [{"tt": "2 team series", "sp": "2015-2021", "mt": 13, "in": 13, "pr": "tournament_type=2", "ds": 5, "ct": 5, "st": 0, "ck": 0, "cf": 5, "mds": "2 (2ct 0st)", "dspi": 0.384}, {"tt": "3-4 team tournaments", "sp": "2018-2018", "mt": 4, "in": 4, "pr": "tournament_type=3", "ds": 2, "ct": 2, "st": 0, "ck": 0, "cf": 2, "mds": "1 (1ct 0st)", "dspi": 0.5}, {"tt": "5+ team tournaments", "sp": "2014-2016", "mt": 13, "in": 13, "pr": "tournament_type=5", "ds": 3, "ct": 3, "st": 0, "ck": 0, "cf": 3, "mds": "2 (2ct 0st)", "dspi": 0.23}]}, {"type": "MATCH_NUMBER", "stats": [{"tt": "only match in series", "sp": "2015-2015", "mt": 1, "in": 1, "pr": "match_number=0", "ds": 0, "ct": 0, "st": 0, "ck": 0, "cf": 0, "mds": "0", "dspi": 0}, {"tt": "1st match in series", "sp": "2015-2021", "mt": 4, "in": 4, "pr": "match_number=1", "ds": 2, "ct": 2, "st": 0, "ck": 0, "cf": 2, "mds": "2 (2ct 0st)", "dspi": 0.5}, {"tt": "2nd match in series", "sp": "2015-2021", "mt": 3, "in": 3, "pr": "match_number=2", "ds": 1, "ct": 1, "st": 0, "ck": 0, "cf": 1, "mds": "1 (1ct 0st)", "dspi": 0.333}, {"tt": "3rd match in series", "sp": "2015-2021", "mt": 4, "in": 4, "pr": "match_number=3", "ds": 2, "ct": 2, "st": 0, "ck": 0, "cf": 2, "mds": "1 (1ct 0st)", "dspi": 0.5}, {"tt": "5th match in series", "sp": "2021-2021", "mt": 1, "in": 1, "pr": "match_number=5", "ds": 0, "ct": 0, "st": 0, "ck": 0, "cf": 0, "mds": "0", "dspi": 0}]}, {"type": "MAJOR_TROPHY", "stats": [{"tt": "Asia Cup", "sp": "2016-2016", "mt": 3, "in": 3, "pr": "trophy=14", "ds": 0, "ct": 0, "st": 0, "ck": 0, "cf": 0, "mds": "0", "dspi": 0}, {"tt": "Men's T20 World Cup", "sp": "2014-2016", "mt": 6, "in": 6, "pr": "trophy=89", "ds": 1, "ct": 1, "st": 0, "ck": 0, "cf": 1, "mds": "1 (1ct 0st)", "dspi": 0.166}]}, {"type": "FINAL_TYPE", "stats": [{"tt": "tournament finals", "sp": "2018-2018", "mt": 1, "in": 1, "pr": "final_type=1", "ds": 1, "ct": 1, "st": 0, "ck": 0, "cf": 1, "mds": "1 (1ct 0st)", "dspi": 1}, {"tt": "tournament semi-finals", "sp": "2015-2015", "mt": 1, "in": 1, "pr": "final_type=3", "ds": 0, "ct": 0, "st": 0, "ck": 0, "cf": 0, "mds": "0", "dspi": 0}, {"tt": "preliminary matches", "sp": "2014-2018", "mt": 15, "in": 15, "pr": "final_type=0", "ds": 4, "ct": 4, "st": 0, "ck": 0, "cf": 4, "mds": "2 (2ct 0st)", "dspi": 0.266}]}]}}