{"summary": {"recordClassId": 3, "type": "BATTING", "groups": [{"type": "CAREER_AVERAGES", "stats": [{"tt": "overview", "sp": "2014-2021", "mt": 30, "in": 28, "pr": null, "rn": 535, "fo": 44, "si": 15, "ft": 1, "hn": 0, "bf": 456, "dk": 0, "no": 4, "hs": "63*", "bta": 22.29, "btsr": 117.32}]}, {"type": "TEAM", "stats": [{"tt": "Hong Kong", "sp": "2014-2016", "mt": 19, "in": 18, "pr": "team=19", "rn": 392, "fo": 34, "si": 9, "ft": 1, "hn": 0, "bf": 347, "dk": 0, "no": 1, "hs": "63*", "bta": 23.05, "btsr": 112.96}, {"tt": "New Zealand", "sp": "2018-2021", "mt": 11, "in": 10, "pr": "team=5", "rn": 143, "fo": 10, "si": 6, "ft": 0, "hn": 0, "bf": 109, "dk": 0, "no": 3, "hs": "37*", "bta": 20.42, "btsr": 131.19}]}, {"type": "OPPOSITION_TEAM", "stats": [{"tt": "vs Afghanistan", "sp": "2014-2016", "mt": 5, "in": 5, "pr": "opposition=40", "rn": 110, "fo": 9, "si": 2, "ft": 0, "hn": 0, "bf": 103, "dk": 0, "no": 0, "hs": "40", "bta": 22, "btsr": 106.79}, {"tt": "vs Australia", "sp": "2018-2021", "mt": 4, "in": 4, "pr": "opposition=2", "rn": 43, "fo": 3, "si": 1, "ft": 0, "hn": 0, "bf": 35, "dk": 0, "no": 1, "hs": "18", "bta": 14.33, "btsr": 122.85}, {"tt": "vs Bangladesh", "sp": "2014-2021", "mt": 4, "in": 3, "pr": "opposition=25", "rn": 12, "fo": 1, "si": 0, "ft": 0, "hn": 0, "bf": 15, "dk": 0, "no": 1, "hs": "7", "bta": 6, "btsr": 80}, {"tt": "vs England", "sp": "2018-2018", "mt": 2, "in": 2, "pr": "opposition=1", "rn": 57, "fo": 2, "si": 4, "ft": 0, "hn": 0, "bf": 43, "dk": 0, "no": 1, "hs": "37*", "bta": 57, "btsr": 132.55}, {"tt": "vs Ireland", "sp": "2015-2015", "mt": 1, "in": 1, "pr": "opposition=29", "rn": 30, "fo": 5, "si": 0, "ft": 0, "hn": 0, "bf": 24, "dk": 0, "no": 0, "hs": "30", "bta": 30, "btsr": 125}, {"tt": "vs Nepal", "sp": "2014-2015", "mt": 2, "in": 2, "pr": "opposition=32", "rn": 22, "fo": 2, "si": 0, "ft": 0, "hn": 0, "bf": 23, "dk": 0, "no": 0, "hs": "13", "bta": 11, "btsr": 95.65}, {"tt": "vs Oman", "sp": "2015-2016", "mt": 4, "in": 4, "pr": "opposition=37", "rn": 109, "fo": 9, "si": 3, "ft": 1, "hn": 0, "bf": 87, "dk": 0, "no": 1, "hs": "63*", "bta": 36.33, "btsr": 125.28}, {"tt": "vs Pakistan", "sp": "2018-2020", "mt": 2, "in": 2, "pr": "opposition=7", "rn": 36, "fo": 4, "si": 1, "ft": 0, "hn": 0, "bf": 23, "dk": 0, "no": 0, "hs": "34", "bta": 18, "btsr": 156.52}, {"tt": "vs Scotland", "sp": "2015-2016", "mt": 4, "in": 3, "pr": "opposition=30", "rn": 68, "fo": 4, "si": 2, "ft": 0, "hn": 0, "bf": 69, "dk": 0, "no": 0, "hs": "40", "bta": 22.66, "btsr": 98.55}, {"tt": "vs U.A.E.", "sp": "2016-2016", "mt": 1, "in": 1, "pr": "opposition=27", "rn": 29, "fo": 3, "si": 1, "ft": 0, "hn": 0, "bf": 17, "dk": 0, "no": 0, "hs": "29", "bta": 29, "btsr": 170.58}, {"tt": "vs Zimbabwe", "sp": "2016-2016", "mt": 1, "in": 1, "pr": "opposition=9", "rn": 19, "fo": 2, "si": 1, "ft": 0, "hn": 0, "bf": 17, "dk": 0, "no": 0, "hs": "19", "bta": 19, "btsr": 111.76}]}, {"type": "HOST_COUNTRY", "stats": [{"tt": "in Bangladesh", "sp": "2014-2016", "mt": 6, "in": 6, "pr": "host=25", "rn": 95, "fo": 8, "si": 2, "ft": 0, "hn": 0, "bf": 89, "dk": 0, "no": 0, "hs": "38", "bta": 15.83, "btsr": 106.74}, {"tt": "in Hong Kong", "sp": "2016-2016", "mt": 2, "in": 1, "pr": "host=19", "rn": 4, "fo": 1, "si": 0, "ft": 0, "hn": 0, "bf": 5, "dk": 0, "no": 0, "hs": "4", "bta": 4, "btsr": 80}, {"tt": "in India", "sp": "2016-2016", "mt": 3, "in": 3, "pr": "host=6", "rn": 67, "fo": 3, "si": 2, "ft": 0, "hn": 0, "bf": 69, "dk": 0, "no": 0, "hs": "40", "bta": 22.33, "btsr": 97.1}, {"tt": "in Ireland", "sp": "2015-2015", "mt": 4, "in": 4, "pr": "host=29", "rn": 103, "fo": 13, "si": 2, "ft": 0, "hn": 0, "bf": 83, "dk": 0, "no": 0, "hs": "40", "bta": 25.75, "btsr": 124.09}, {"tt": "in New Zealand", "sp": "2018-2021", "mt": 10, "in": 9, "pr": "host=5", "rn": 141, "fo": 10, "si": 6, "ft": 0, "hn": 0, "bf": 106, "dk": 0, "no": 3, "hs": "37*", "bta": 23.5, "btsr": 133.01}, {"tt": "in U.A.E.", "sp": "2015-2018", "mt": 5, "in": 5, "pr": "host=27", "rn": 125, "fo": 9, "si": 3, "ft": 1, "hn": 0, "bf": 104, "dk": 0, "no": 1, "hs": "63*", "bta": 31.25, "btsr": 120.19}]}, {"type": "CONTINENT", "stats": [{"tt": "in Asia", "sp": "2014-2018", "mt": 16, "in": 15, "pr": "continent=2", "rn": 291, "fo": 21, "si": 7, "ft": 1, "hn": 0, "bf": 267, "dk": 0, "no": 1, "hs": "63*", "bta": 20.78, "btsr": 108.98}, {"tt": "in Europe", "sp": "2015-2015", "mt": 4, "in": 4, "pr": "continent=4", "rn": 103, "fo": 13, "si": 2, "ft": 0, "hn": 0, "bf": 83, "dk": 0, "no": 0, "hs": "40", "bta": 25.75, "btsr": 124.09}, {"tt": "in Oceania", "sp": "2018-2021", "mt": 10, "in": 9, "pr": "continent=5", "rn": 141, "fo": 10, "si": 6, "ft": 0, "hn": 0, "bf": 106, "dk": 0, "no": 3, "hs": "37*", "bta": 23.5, "btsr": 133.01}]}, {"type": "HOME_OR_AWAY", "stats": [{"tt": "home", "sp": "2016-2021", "mt": 12, "in": 10, "pr": "home_or_away=1", "rn": 145, "fo": 11, "si": 6, "ft": 0, "hn": 0, "bf": 111, "dk": 0, "no": 3, "hs": "37*", "bta": 20.71, "btsr": 130.63}, {"tt": "away", "sp": "2014-2015", "mt": 2, "in": 2, "pr": "home_or_away=2", "rn": 35, "fo": 5, "si": 0, "ft": 0, "hn": 0, "bf": 31, "dk": 0, "no": 0, "hs": "30", "bta": 17.5, "btsr": 112.9}, {"tt": "neutral", "sp": "2014-2018", "mt": 16, "in": 16, "pr": "home_or_away=3", "rn": 355, "fo": 28, "si": 9, "ft": 1, "hn": 0, "bf": 314, "dk": 0, "no": 1, "hs": "63*", "bta": 23.66, "btsr": 113.05}]}, {"type": "YEAR", "stats": [{"tt": "year 2014", "sp": null, "mt": 3, "in": 3, "pr": "year=2014", "rn": 56, "fo": 4, "si": 1, "ft": 0, "hn": 0, "bf": 62, "dk": 0, "no": 0, "hs": "38", "bta": 18.66, "btsr": 90.32}, {"tt": "year 2015", "sp": null, "mt": 8, "in": 8, "pr": "year=2015", "rn": 226, "fo": 22, "si": 5, "ft": 1, "hn": 0, "bf": 184, "dk": 0, "no": 1, "hs": "63*", "bta": 32.28, "btsr": 122.82}, {"tt": "year 2016", "sp": null, "mt": 8, "in": 7, "pr": "year=2016", "rn": 110, "fo": 8, "si": 3, "ft": 0, "hn": 0, "bf": 101, "dk": 0, "no": 0, "hs": "40", "bta": 15.71, "btsr": 108.91}, {"tt": "year 2018", "sp": null, "mt": 5, "in": 5, "pr": "year=2018", "rn": 83, "fo": 4, "si": 4, "ft": 0, "hn": 0, "bf": 69, "dk": 0, "no": 1, "hs": "37*", "bta": 20.75, "btsr": 120.28}, {"tt": "year 2020", "sp": null, "mt": 1, "in": 1, "pr": "year=2020", "rn": 34, "fo": 4, "si": 1, "ft": 0, "hn": 0, "bf": 20, "dk": 0, "no": 0, "hs": "34", "bta": 34, "btsr": 170}, {"tt": "year 2021", "sp": null, "mt": 5, "in": 4, "pr": "year=2021", "rn": 26, "fo": 2, "si": 1, "ft": 0, "hn": 0, "bf": 20, "dk": 0, "no": 2, "hs": "18", "bta": 13, "btsr": 130}]}, {"type": "SEASON", "stats": [{"tt": "season 2013/14", "sp": null, "mt": 3, "in": 3, "pr": "season=NaN", "rn": 56, "fo": 4, "si": 1, "ft": 0, "hn": 0, "bf": 62, "dk": 0, "no": 0, "hs": "38", "bta": 18.66, "btsr": 90.32}, {"tt": "season 2015", "sp": null, "mt": 4, "in": 4, "pr": "season=2015", "rn": 103, "fo": 13, "si": 2, "ft": 0, "hn": 0, "bf": 83, "dk": 0, "no": 0, "hs": "40", "bta": 25.75, "btsr": 124.09}, {"tt": "season 2015/16", "sp": null, "mt": 12, "in": 11, "pr": "season=NaN", "rn": 233, "fo": 17, "si": 6, "ft": 1, "hn": 0, "bf": 202, "dk": 0, "no": 1, "hs": "63*", "bta": 23.3, "btsr": 115.34}, {"tt": "season 2017/18", "sp": null, "mt": 4, "in": 4, "pr": "season=NaN", "rn": 81, "fo": 4, "si": 4, "ft": 0, "hn": 0, "bf": 66, "dk": 0, "no": 1, "hs": "37*", "bta": 27, "btsr": 122.72}, {"tt": "season 2018/19", "sp": null, "mt": 1, "in": 1, "pr": "season=NaN", "rn": 2, "fo": 0, "si": 0, "ft": 0, "hn": 0, "bf": 3, "dk": 0, "no": 0, "hs": "2", "bta": 2, "btsr": 66.66}, {"tt": "season 2020/21", "sp": null, "mt": 6, "in": 5, "pr": "season=NaN", "rn": 60, "fo": 6, "si": 2, "ft": 0, "hn": 0, "bf": 40, "dk": 0, "no": 2, "hs": "34", "bta": 20, "btsr": 150}]}, {"type": "CAPTAINS_INVOLVED", "stats": [{"tt": "*JJ Atkinson", "sp": "2014-2014", "mt": 3, "in": 3, "pr": "captain_involve=51511", "rn": 56, "fo": 4, "si": 1, "ft": 0, "hn": 0, "bf": 62, "dk": 0, "no": 0, "hs": "38", "bta": 18.66, "btsr": 90.32}, {"tt": "*MJ Santner", "sp": "2020-2020", "mt": 1, "in": 1, "pr": "captain_involve=64864", "rn": 34, "fo": 4, "si": 1, "ft": 0, "hn": 0, "bf": 20, "dk": 0, "no": 0, "hs": "34", "bta": 34, "btsr": 170}, {"tt": "*TG Southee", "sp": "2021-2021", "mt": 3, "in": 2, "pr": "captain_involve=49108", "rn": 7, "fo": 1, "si": 0, "ft": 0, "hn": 0, "bf": 8, "dk": 0, "no": 1, "hs": "7", "bta": 7, "btsr": 87.5}, {"tt": "*Tanwir Afzal", "sp": "2015-2016", "mt": 16, "in": 15, "pr": "captain_involve=49912", "rn": 336, "fo": 30, "si": 8, "ft": 1, "hn": 0, "bf": 285, "dk": 0, "no": 1, "hs": "63*", "bta": 24, "btsr": 117.89}, {"tt": "*KS Williamson", "sp": "2018-2021", "mt": 7, "in": 7, "pr": "captain_involve=51088", "rn": 102, "fo": 5, "si": 5, "ft": 0, "hn": 0, "bf": 81, "dk": 0, "no": 2, "hs": "37*", "bta": 20.4, "btsr": 125.92}]}, {"type": "CAPTAIN", "stats": [{"tt": "is not captain", "sp": "2014-2021", "mt": 30, "in": 28, "pr": "captain=0", "rn": 535, "fo": 44, "si": 15, "ft": 1, "hn": 0, "bf": 456, "dk": 0, "no": 4, "hs": "63*", "bta": 22.29, "btsr": 117.32}]}, {"type": "KEEPER", "stats": [{"tt": "is not keeper", "sp": "2014-2021", "mt": 30, "in": 28, "pr": "keeper=0", "rn": 535, "fo": 44, "si": 15, "ft": 1, "hn": 0, "bf": 456, "dk": 0, "no": 4, "hs": "63*", "bta": 22.29, "btsr": 117.32}]}, {"type": "TOSS", "stats": [{"tt": "won the toss", "sp": "2014-2021", "mt": 18, "in": 16, "pr": "toss=1", "rn": 329, "fo": 23, "si": 10, "ft": 1, "hn": 0, "bf": 289, "dk": 0, "no": 2, "hs": "63*", "bta": 23.5, "btsr": 113.84}, {"tt": "lost the toss", "sp": "2015-2021", "mt": 12, "in": 12, "pr": "toss=2", "rn": 206, "fo": 21, "si": 5, "ft": 0, "hn": 0, "bf": 167, "dk": 0, "no": 2, "hs": "40", "bta": 20.6, "btsr": 123.35}]}, {"type": "BATTING_FIELDING_SEQUENCE_AND_TOSS", "stats": [{"tt": "won toss &amp; batted", "sp": "2014-2021", "mt": 7, "in": 6, "pr": "batting_fielding_first=1;toss=1", "rn": 139, "fo": 9, "si": 3, "ft": 0, "hn": 0, "bf": 135, "dk": 0, "no": 0, "hs": "40", "bta": 23.16, "btsr": 102.96}, {"tt": "won toss &amp; fielded", "sp": "2014-2021", "mt": 11, "in": 10, "pr": "batting_fielding_first=2;toss=1", "rn": 190, "fo": 14, "si": 7, "ft": 1, "hn": 0, "bf": 154, "dk": 0, "no": 2, "hs": "63*", "bta": 23.75, "btsr": 123.37}, {"tt": "lost toss &amp; sent in", "sp": "2015-2021", "mt": 6, "in": 6, "pr": "batting_fielding_first=1;toss=2", "rn": 99, "fo": 10, "si": 3, "ft": 0, "hn": 0, "bf": 89, "dk": 0, "no": 1, "hs": "30", "bta": 19.8, "btsr": 111.23}, {"tt": "lost toss &amp; fielded", "sp": "2015-2021", "mt": 6, "in": 6, "pr": "batting_fielding_first=2;toss=2", "rn": 107, "fo": 11, "si": 2, "ft": 0, "hn": 0, "bf": 78, "dk": 0, "no": 1, "hs": "40", "bta": 21.4, "btsr": 137.17}]}, {"type": "BATTING_FIELDING_SEQUENCE", "stats": [{"tt": "matches batting first", "sp": "2014-2021", "mt": 13, "in": 12, "pr": "batting_fielding_first=1", "rn": 238, "fo": 19, "si": 6, "ft": 0, "hn": 0, "bf": 224, "dk": 0, "no": 1, "hs": "40", "bta": 21.63, "btsr": 106.25}, {"tt": "matches fielding first", "sp": "2014-2021", "mt": 17, "in": 16, "pr": "batting_fielding_first=2", "rn": 297, "fo": 25, "si": 9, "ft": 1, "hn": 0, "bf": 232, "dk": 0, "no": 3, "hs": "63*", "bta": 22.84, "btsr": 128.01}]}, {"type": "TEAM_INNINGS", "stats": [{"tt": "1st team innings", "sp": "2014-2021", "mt": 30, "in": 28, "pr": null, "rn": 535, "fo": 44, "si": 15, "ft": 1, "hn": 0, "bf": 456, "dk": 0, "no": 4, "hs": "63*", "bta": 22.29, "btsr": 117.32}]}, {"type": "MATCH_INNINGS", "stats": [{"tt": "1st match innings", "sp": "2014-2021", "mt": 13, "in": 12, "pr": "innings_number=1", "rn": 238, "fo": 19, "si": 6, "ft": 0, "hn": 0, "bf": 224, "dk": 0, "no": 1, "hs": "40", "bta": 21.63, "btsr": 106.25}, {"tt": "2nd match innings", "sp": "2014-2021", "mt": 17, "in": 16, "pr": "innings_number=2", "rn": 297, "fo": 25, "si": 9, "ft": 1, "hn": 0, "bf": 232, "dk": 0, "no": 3, "hs": "63*", "bta": 22.84, "btsr": 128.01}]}, {"type": "FLOODLIT", "stats": [{"tt": "day match", "sp": "2015-2021", "mt": 14, "in": 12, "pr": "floodlit=1", "rn": 262, "fo": 26, "si": 6, "ft": 1, "hn": 0, "bf": 211, "dk": 0, "no": 2, "hs": "63*", "bta": 26.2, "btsr": 124.17}, {"tt": "day/night match", "sp": "2014-2016", "mt": 2, "in": 2, "pr": "floodlit=2", "rn": 57, "fo": 5, "si": 2, "ft": 0, "hn": 0, "bf": 60, "dk": 0, "no": 0, "hs": "38", "bta": 28.5, "btsr": 95}, {"tt": "night match", "sp": "2014-2021", "mt": 14, "in": 14, "pr": "floodlit=3", "rn": 216, "fo": 13, "si": 7, "ft": 0, "hn": 0, "bf": 185, "dk": 0, "no": 2, "hs": "40", "bta": 18, "btsr": 116.75}]}, {"type": "RESULT", "stats": [{"tt": "won match", "sp": "2014-2021", "mt": 13, "in": 11, "pr": "result=1", "rn": 231, "fo": 20, "si": 7, "ft": 1, "hn": 0, "bf": 172, "dk": 0, "no": 3, "hs": "63*", "bta": 28.87, "btsr": 134.3}, {"tt": "lost match", "sp": "2014-2021", "mt": 17, "in": 17, "pr": "result=2", "rn": 304, "fo": 24, "si": 8, "ft": 0, "hn": 0, "bf": 284, "dk": 0, "no": 1, "hs": "40", "bta": 19, "btsr": 107.04}]}, {"type": "BATTING_FIELDING_SEQUENCE_AND_RESULT", "stats": [{"tt": "won batting first", "sp": "2015-2021", "mt": 5, "in": 4, "pr": "batting_fielding_first=1;result=1", "rn": 57, "fo": 6, "si": 2, "ft": 0, "hn": 0, "bf": 45, "dk": 0, "no": 1, "hs": "30", "bta": 19, "btsr": 126.66}, {"tt": "won fielding first", "sp": "2014-2021", "mt": 8, "in": 7, "pr": "batting_fielding_first=2;result=1", "rn": 174, "fo": 14, "si": 5, "ft": 1, "hn": 0, "bf": 127, "dk": 0, "no": 2, "hs": "63*", "bta": 34.8, "btsr": 137}, {"tt": "lost batting first", "sp": "2014-2018", "mt": 8, "in": 8, "pr": "batting_fielding_first=1;result=2", "rn": 181, "fo": 13, "si": 4, "ft": 0, "hn": 0, "bf": 179, "dk": 0, "no": 0, "hs": "40", "bta": 22.62, "btsr": 101.11}, {"tt": "lost fielding first", "sp": "2014-2021", "mt": 9, "in": 9, "pr": "batting_fielding_first=2;result=2", "rn": 123, "fo": 11, "si": 4, "ft": 0, "hn": 0, "bf": 105, "dk": 0, "no": 1, "hs": "37*", "bta": 15.37, "btsr": 117.14}]}, {"type": "TOURNAMENT_TYPE", "stats": [{"tt": "2 team series", "sp": "2015-2021", "mt": 13, "in": 11, "pr": "tournament_type=2", "rn": 189, "fo": 16, "si": 5, "ft": 1, "hn": 0, "bf": 149, "dk": 0, "no": 3, "hs": "63*", "bta": 23.62, "btsr": 126.84}, {"tt": "3-4 team tournaments", "sp": "2018-2018", "mt": 4, "in": 4, "pr": "tournament_type=3", "rn": 81, "fo": 4, "si": 4, "ft": 0, "hn": 0, "bf": 66, "dk": 0, "no": 1, "hs": "37*", "bta": 27, "btsr": 122.72}, {"tt": "5+ team tournaments", "sp": "2014-2016", "mt": 13, "in": 13, "pr": "tournament_type=5", "rn": 265, "fo": 24, "si": 6, "ft": 0, "hn": 0, "bf": 241, "dk": 0, "no": 0, "hs": "40", "bta": 20.38, "btsr": 109.95}]}, {"type": "MATCH_NUMBER", "stats": [{"tt": "only match in series", "sp": "2015-2015", "mt": 1, "in": 1, "pr": "match_number=0", "rn": 22, "fo": 1, "si": 0, "ft": 0, "hn": 0, "bf": 21, "dk": 0, "no": 0, "hs": "22", "bta": 22, "btsr": 104.76}, {"tt": "1st match in series", "sp": "2015-2021", "mt": 4, "in": 2, "pr": "match_number=1", "rn": 52, "fo": 6, "si": 1, "ft": 0, "hn": 0, "bf": 41, "dk": 0, "no": 0, "hs": "34", "bta": 26, "btsr": 126.82}, {"tt": "2nd match in series", "sp": "2015-2021", "mt": 3, "in": 3, "pr": "match_number=2", "rn": 31, "fo": 5, "si": 0, "ft": 0, "hn": 0, "bf": 31, "dk": 0, "no": 0, "hs": "20", "bta": 10.33, "btsr": 100}, {"tt": "3rd match in series", "sp": "2015-2021", "mt": 4, "in": 4, "pr": "match_number=3", "rn": 83, "fo": 4, "si": 4, "ft": 1, "hn": 0, "bf": 54, "dk": 0, "no": 2, "hs": "63*", "bta": 41.5, "btsr": 153.7}, {"tt": "5th match in series", "sp": "2021-2021", "mt": 1, "in": 1, "pr": "match_number=5", "rn": 1, "fo": 0, "si": 0, "ft": 0, "hn": 0, "bf": 2, "dk": 0, "no": 1, "hs": "1*", "bta": null, "btsr": 50}]}, {"type": "MAJOR_TROPHY", "stats": [{"tt": "Asia Cup", "sp": "2016-2016", "mt": 3, "in": 3, "pr": "trophy=14", "rn": 39, "fo": 4, "si": 1, "ft": 0, "hn": 0, "bf": 27, "dk": 0, "no": 0, "hs": "29", "bta": 13, "btsr": 144.44}, {"tt": "Men's T20 World Cup", "sp": "2014-2016", "mt": 6, "in": 6, "pr": "trophy=89", "rn": 123, "fo": 7, "si": 3, "ft": 0, "hn": 0, "bf": 131, "dk": 0, "no": 0, "hs": "40", "bta": 20.5, "btsr": 93.89}]}, {"type": "FINAL_TYPE", "stats": [{"tt": "tournament finals", "sp": "2018-2018", "mt": 1, "in": 1, "pr": "final_type=1", "rn": 8, "fo": 1, "si": 0, "ft": 0, "hn": 0, "bf": 9, "dk": 0, "no": 0, "hs": "8", "bta": 8, "btsr": 88.88}, {"tt": "tournament semi-finals", "sp": "2015-2015", "mt": 1, "in": 1, "pr": "final_type=3", "rn": 24, "fo": 2, "si": 1, "ft": 0, "hn": 0, "bf": 23, "dk": 0, "no": 0, "hs": "24", "bta": 24, "btsr": 104.34}, {"tt": "preliminary matches", "sp": "2014-2018", "mt": 15, "in": 15, "pr": "final_type=0", "rn": 314, "fo": 25, "si": 9, "ft": 0, "hn": 0, "bf": 275, "dk": 0, "no": 1, "hs": "40", "bta": 22.42, "btsr": 114.18}]}, {"type": "BATTING_POSITION", "stats": [{"tt": "4th position", "sp": "2014-2018", "mt": 20, "in": 20, "pr": "batting_positionval1=batting_position;batting_positionmin1=4;batting_positionmax1=4", "rn": 440, "fo": 37, "si": 11, "ft": 1, "hn": 0, "bf": 388, "dk": 0, "no": 2, "hs": "63*", "bta": 24.44, "btsr": 113.4}, {"tt": "5th position", "sp": "2014-2021", "mt": 6, "in": 6, "pr": "batting_positionval1=batting_position;batting_positionmin1=5;batting_positionmax1=5", "rn": 70, "fo": 5, "si": 3, "ft": 0, "hn": 0, "bf": 50, "dk": 0, "no": 2, "hs": "34", "bta": 17.5, "btsr": 140}, {"tt": "6th position", "sp": "2021-2021", "mt": 1, "in": 1, "pr": "batting_positionval1=batting_position;batting_positionmin1=6;batting_positionmax1=6", "rn": 7, "fo": 1, "si": 0, "ft": 0, "hn": 0, "bf": 8, "dk": 0, "no": 0, "hs": "7", "bta": 7, "btsr": 87.5}, {"tt": "7th position", "sp": "2021-2021", "mt": 1, "in": 1, "pr": "batting_positionval1=batting_position;batting_positionmin1=7;batting_positionmax1=7", "rn": 18, "fo": 1, "si": 1, "ft": 0, "hn": 0, "bf": 10, "dk": 0, "no": 0, "hs": "18", "bta": 18, "btsr": 180}]}]}}