{"summary": {"recordClassId": 2, "type": "ALLROUND", "groups": [{"type": "CAREER_AVERAGES", "stats": [{"tt": "overview", "sp": "2015-2020", "mt": 6, "pr": null, "rn": 161, "wk": null, "ct": 1, "st": 0, "hs": "124*", "hn": 1, "bbi": null, "bta": 32.2, "bwa": null, "fw": null, "bbad": null}]}, {"type": "TEAM", "stats": [{"tt": "Hong Kong", "sp": "2015-2015", "mt": 2, "pr": "team=19", "rn": 151, "wk": null, "ct": 1, "st": 0, "hs": "124*", "hn": 1, "bbi": null, "bta": 151, "bwa": null, "fw": null, "bbad": null}, {"tt": "New Zealand", "sp": "2018-2020", "mt": 4, "pr": "team=5", "rn": 10, "wk": null, "ct": 0, "st": 0, "hs": "8", "hn": 0, "bbi": null, "bta": 2.5, "bwa": null, "fw": null, "bbad": null}]}, {"type": "OPPOSITION_TEAM", "stats": [{"tt": "v England", "sp": "2018-2018", "mt": 3, "pr": "opposition=1", "rn": 9, "wk": null, "ct": 0, "st": 0, "hs": "8", "hn": 0, "bbi": null, "bta": 3, "bwa": null, "fw": null, "bbad": null}, {"tt": "v India", "sp": "2020-2020", "mt": 1, "pr": "opposition=6", "rn": 1, "wk": null, "ct": 0, "st": 0, "hs": "1", "hn": 0, "bbi": null, "bta": 1, "bwa": null, "fw": null, "bbad": null}, {"tt": "v U.A.E.", "sp": "2015-2015", "mt": 2, "pr": "opposition=27", "rn": 151, "wk": null, "ct": 1, "st": 0, "hs": "124*", "hn": 1, "bbi": null, "bta": 151, "bwa": null, "fw": null, "bbad": null}]}, {"type": "HOST_COUNTRY", "stats": [{"tt": "in New Zealand", "sp": "2018-2020", "mt": 4, "pr": "host=5", "rn": 10, "wk": null, "ct": 0, "st": 0, "hs": "8", "hn": 0, "bbi": null, "bta": 2.5, "bwa": null, "fw": null, "bbad": null}, {"tt": "in U.A.E.", "sp": "2015-2015", "mt": 2, "pr": "host=27", "rn": 151, "wk": null, "ct": 1, "st": 0, "hs": "124*", "hn": 1, "bbi": null, "bta": 151, "bwa": null, "fw": null, "bbad": null}]}, {"type": "CONTINENT", "stats": [{"tt": "in Asia", "sp": "2015-2015", "mt": 2, "pr": "continent=2", "rn": 151, "wk": null, "ct": 1, "st": 0, "hs": "124*", "hn": 1, "bbi": null, "bta": 151, "bwa": null, "fw": null, "bbad": null}, {"tt": "in Oceania", "sp": "2018-2020", "mt": 4, "pr": "continent=5", "rn": 10, "wk": null, "ct": 0, "st": 0, "hs": "8", "hn": 0, "bbi": null, "bta": 2.5, "bwa": null, "fw": null, "bbad": null}]}, {"type": "HOME_OR_AWAY", "stats": [{"tt": "home", "sp": "2018-2020", "mt": 4, "pr": "home_or_away=1", "rn": 10, "wk": null, "ct": 0, "st": 0, "hs": "8", "hn": 0, "bbi": null, "bta": 2.5, "bwa": null, "fw": null, "bbad": null}, {"tt": "away", "sp": "2015-2015", "mt": 2, "pr": "home_or_away=2", "rn": 151, "wk": null, "ct": 1, "st": 0, "hs": "124*", "hn": 1, "bbi": null, "bta": 151, "bwa": null, "fw": null, "bbad": null}]}, {"type": "YEAR", "stats": [{"tt": "year 2015", "sp": null, "mt": 2, "pr": "year=2015", "rn": 151, "wk": null, "ct": 1, "st": 0, "hs": "124*", "hn": 1, "bbi": null, "bta": 151, "bwa": null, "fw": null, "bbad": null}, {"tt": "year 2018", "sp": null, "mt": 3, "pr": "year=2018", "rn": 9, "wk": null, "ct": 0, "st": 0, "hs": "8", "hn": 0, "bbi": null, "bta": 3, "bwa": null, "fw": null, "bbad": null}, {"tt": "year 2020", "sp": null, "mt": 1, "pr": "year=2020", "rn": 1, "wk": null, "ct": 0, "st": 0, "hs": "1", "hn": 0, "bbi": null, "bta": 1, "bwa": null, "fw": null, "bbad": null}]}, {"type": "SEASON", "stats": [{"tt": "season 2015/16", "sp": null, "mt": 2, "pr": "season=2015/16", "rn": 151, "wk": null, "ct": 1, "st": 0, "hs": "124*", "hn": 1, "bbi": null, "bta": 151, "bwa": null, "fw": null, "bbad": null}, {"tt": "season 2017/18", "sp": null, "mt": 3, "pr": "season=2017/18", "rn": 9, "wk": null, "ct": 0, "st": 0, "hs": "8", "hn": 0, "bbi": null, "bta": 3, "bwa": null, "fw": null, "bbad": null}, {"tt": "season 2019/20", "sp": null, "mt": 1, "pr": "season=2019/20", "rn": 1, "wk": null, "ct": 0, "st": 0, "hs": "1", "hn": 0, "bbi": null, "bta": 1, "bwa": null, "fw": null, "bbad": null}]}, {"type": "CAPTAINS_INVOLVED", "stats": [{"tt": "*TWM Latham", "sp": "2020-2020", "mt": 1, "pr": "captain_involve=59148", "rn": 1, "wk": null, "ct": 0, "st": 0, "hs": "1", "hn": 0, "bbi": null, "bta": 1, "bwa": null, "fw": null, "bbad": null}, {"tt": "*TG Southee", "sp": "2018-2018", "mt": 1, "pr": "captain_involve=49108", "rn": 1, "wk": null, "ct": 0, "st": 0, "hs": "1", "hn": 0, "bbi": null, "bta": 1, "bwa": null, "fw": null, "bbad": null}, {"tt": "*Tanwir Afzal", "sp": "2015-2015", "mt": 2, "pr": "captain_involve=49912", "rn": 151, "wk": null, "ct": 1, "st": 0, "hs": "124*", "hn": 1, "bbi": null, "bta": 151, "bwa": null, "fw": null, "bbad": null}, {"tt": "*KS Williamson", "sp": "2018-2018", "mt": 2, "pr": "captain_involve=51088", "rn": 8, "wk": null, "ct": 0, "st": 0, "hs": "8", "hn": 0, "bbi": null, "bta": 4, "bwa": null, "fw": null, "bbad": null}]}, {"type": "CAPTAIN", "stats": [{"tt": "is not captain", "sp": "2015-2020", "mt": 6, "pr": "captain=0", "rn": 161, "wk": null, "ct": 1, "st": 0, "hs": "124*", "hn": 1, "bbi": null, "bta": 32.2, "bwa": null, "fw": null, "bbad": null}]}, {"type": "KEEPER", "stats": [{"tt": "is not keeper", "sp": "2015-2020", "mt": 6, "pr": "keeper=0", "rn": 161, "wk": null, "ct": 1, "st": 0, "hs": "124*", "hn": 1, "bbi": null, "bta": 32.2, "bwa": null, "fw": null, "bbad": null}]}, {"type": "TOSS", "stats": [{"tt": "won the toss", "sp": "2015-2018", "mt": 3, "pr": "toss=1", "rn": 159, "wk": null, "ct": 1, "st": 0, "hs": "124*", "hn": 1, "bbi": null, "bta": 79.5, "bwa": null, "fw": null, "bbad": null}, {"tt": "lost the toss", "sp": "2018-2020", "mt": 3, "pr": "toss=2", "rn": 2, "wk": null, "ct": 0, "st": 0, "hs": "1", "hn": 0, "bbi": null, "bta": 0.66, "bwa": null, "fw": null, "bbad": null}]}, {"type": "BATTING_FIELDING_SEQUENCE_AND_TOSS", "stats": [{"tt": "won toss &amp; batted", "sp": "2015-2015", "mt": 2, "pr": "batting_fielding_first=1;toss=1", "rn": 151, "wk": null, "ct": 1, "st": 0, "hs": "124*", "hn": 1, "bbi": null, "bta": 151, "bwa": null, "fw": null, "bbad": null}, {"tt": "won toss &amp; fielded", "sp": "2018-2018", "mt": 1, "pr": "batting_fielding_first=2;toss=1", "rn": 8, "wk": null, "ct": 0, "st": 0, "hs": "8", "hn": 0, "bbi": null, "bta": 8, "bwa": null, "fw": null, "bbad": null}, {"tt": "lost toss &amp; sent in", "sp": "2018-2020", "mt": 3, "pr": "batting_fielding_first=1;toss=2", "rn": 2, "wk": null, "ct": 0, "st": 0, "hs": "1", "hn": 0, "bbi": null, "bta": 0.66, "bwa": null, "fw": null, "bbad": null}]}, {"type": "BATTING_FIELDING_SEQUENCE", "stats": [{"tt": "matches batting first", "sp": "2015-2020", "mt": 5, "pr": "batting_fielding_first=1", "rn": 153, "wk": null, "ct": 1, "st": 0, "hs": "124*", "hn": 1, "bbi": null, "bta": 38.25, "bwa": null, "fw": null, "bbad": null}, {"tt": "matches fielding first", "sp": "2018-2018", "mt": 1, "pr": "batting_fielding_first=2", "rn": 8, "wk": null, "ct": 0, "st": 0, "hs": "8", "hn": 0, "bbi": null, "bta": 8, "bwa": null, "fw": null, "bbad": null}]}, {"type": "TEAM_INNINGS", "stats": [{"tt": "1st team innings", "sp": "2015-2020", "mt": 6, "pr": "innings_number=1;innings_number=2", "rn": 161, "wk": null, "ct": 1, "st": 0, "hs": "124*", "hn": 1, "bbi": null, "bta": 32.2, "bwa": null, "fw": null, "bbad": null}]}, {"type": "MATCH_INNINGS", "stats": [{"tt": "1st match innings", "sp": "2015-2020", "mt": 6, "pr": "innings_number=1", "rn": 153, "wk": null, "ct": 0, "st": 0, "hs": "124*", "hn": 1, "bbi": null, "bta": 38.25, "bwa": null, "fw": null, "bbad": null}, {"tt": "2nd match innings", "sp": "2015-2020", "mt": 6, "pr": "innings_number=2", "rn": 8, "wk": null, "ct": 1, "st": 0, "hs": "8", "hn": 0, "bbi": null, "bta": 8, "bwa": null, "fw": null, "bbad": null}]}, {"type": "FLOODLIT", "stats": [{"tt": "day match", "sp": "2015-2018", "mt": 3, "pr": "floodlit=1", "rn": 151, "wk": null, "ct": 1, "st": 0, "hs": "124*", "hn": 1, "bbi": null, "bta": 75.5, "bwa": null, "fw": null, "bbad": null}, {"tt": "day/night match", "sp": "2018-2020", "mt": 3, "pr": "floodlit=2", "rn": 10, "wk": null, "ct": 0, "st": 0, "hs": "8", "hn": 0, "bbi": null, "bta": 3.33, "bwa": null, "fw": null, "bbad": null}]}, {"type": "RESULT", "stats": [{"tt": "won match", "sp": "2015-2020", "mt": 3, "pr": "result=1", "rn": 152, "wk": null, "ct": 1, "st": 0, "hs": "124*", "hn": 1, "bbi": null, "bta": 76, "bwa": null, "fw": null, "bbad": null}, {"tt": "lost match", "sp": "2018-2018", "mt": 3, "pr": "result=2", "rn": 9, "wk": null, "ct": 0, "st": 0, "hs": "8", "hn": 0, "bbi": null, "bta": 3, "bwa": null, "fw": null, "bbad": null}]}, {"type": "BATTING_FIELDING_SEQUENCE_AND_RESULT", "stats": [{"tt": "won batting first", "sp": "2015-2020", "mt": 3, "pr": "batting_fielding_first=1;result=1", "rn": 152, "wk": null, "ct": 1, "st": 0, "hs": "124*", "hn": 1, "bbi": null, "bta": 76, "bwa": null, "fw": null, "bbad": null}, {"tt": "lost batting first", "sp": "2018-2018", "mt": 2, "pr": "batting_fielding_first=1;result=2", "rn": 1, "wk": null, "ct": 0, "st": 0, "hs": "1", "hn": 0, "bbi": null, "bta": 0.5, "bwa": null, "fw": null, "bbad": null}, {"tt": "lost fielding first", "sp": "2018-2018", "mt": 1, "pr": "batting_fielding_first=2;result=2", "rn": 8, "wk": null, "ct": 0, "st": 0, "hs": "8", "hn": 0, "bbi": null, "bta": 8, "bwa": null, "fw": null, "bbad": null}]}, {"type": "TOURNAMENT_TYPE", "stats": [{"tt": "2 team series", "sp": "2018-2020", "mt": 4, "pr": "tournament_type=2", "rn": 10, "wk": null, "ct": 0, "st": 0, "hs": "8", "hn": 0, "bbi": null, "bta": 2.5, "bwa": null, "fw": null, "bbad": null}, {"tt": "5+ team tournaments", "sp": "2015-2015", "mt": 2, "pr": "tournament_type=5", "rn": 151, "wk": null, "ct": 1, "st": 0, "hs": "124*", "hn": 1, "bbi": null, "bta": 151, "bwa": null, "fw": null, "bbad": null}]}, {"type": "MATCH_NUMBER", "stats": [{"tt": "2nd match in series", "sp": "2018-2020", "mt": 2, "pr": "match_number=2", "rn": 2, "wk": null, "ct": 0, "st": 0, "hs": "1", "hn": 0, "bbi": null, "bta": 1, "bwa": null, "fw": null, "bbad": null}, {"tt": "3rd match in series", "sp": "2018-2018", "mt": 1, "pr": "match_number=3", "rn": 8, "wk": null, "ct": 0, "st": 0, "hs": "8", "hn": 0, "bbi": null, "bta": 8, "bwa": null, "fw": null, "bbad": null}, {"tt": "5th match in series", "sp": "2018-2018", "mt": 1, "pr": "match_number=5", "rn": 0, "wk": null, "ct": 0, "st": 0, "hs": "0", "hn": 0, "bbi": null, "bta": 0, "bwa": null, "fw": null, "bbad": null}]}, {"type": "MAJOR_TROPHY", "stats": [{"tt": "WCL Championship", "sp": "2015-2015", "mt": 2, "pr": "trophy=155", "rn": 151, "wk": null, "ct": 1, "st": 0, "hs": "124*", "hn": 1, "bbi": null, "bta": 151, "bwa": null, "fw": null, "bbad": null}]}]}}