{"summary": {"recordClassId": 2, "type": "BATTING", "groups": [{"type": "CAREER_AVERAGES", "stats": [{"tt": "overview", "sp": "2015-2020", "mt": 6, "in": 6, "pr": null, "rn": 161, "fo": 12, "si": 3, "ft": 0, "hn": 1, "bf": 176, "dk": 1, "no": 1, "hs": "124*", "bta": 32.2, "btsr": 91.47}]}, {"type": "TEAM", "stats": [{"tt": "Hong Kong", "sp": "2015-2015", "mt": 2, "in": 2, "pr": "team=19", "rn": 151, "fo": 11, "si": 3, "ft": 0, "hn": 1, "bf": 151, "dk": 0, "no": 1, "hs": "124*", "bta": 151, "btsr": 100}, {"tt": "New Zealand", "sp": "2018-2020", "mt": 4, "in": 4, "pr": "team=5", "rn": 10, "fo": 1, "si": 0, "ft": 0, "hn": 0, "bf": 25, "dk": 1, "no": 0, "hs": "8", "bta": 2.5, "btsr": 40}]}, {"type": "OPPOSITION_TEAM", "stats": [{"tt": "vs England", "sp": "2018-2018", "mt": 3, "in": 3, "pr": "opposition=1", "rn": 9, "fo": 1, "si": 0, "ft": 0, "hn": 0, "bf": 23, "dk": 1, "no": 0, "hs": "8", "bta": 3, "btsr": 39.13}, {"tt": "vs India", "sp": "2020-2020", "mt": 1, "in": 1, "pr": "opposition=6", "rn": 1, "fo": 0, "si": 0, "ft": 0, "hn": 0, "bf": 2, "dk": 0, "no": 0, "hs": "1", "bta": 1, "btsr": 50}, {"tt": "vs U.A.E.", "sp": "2015-2015", "mt": 2, "in": 2, "pr": "opposition=27", "rn": 151, "fo": 11, "si": 3, "ft": 0, "hn": 1, "bf": 151, "dk": 0, "no": 1, "hs": "124*", "bta": 151, "btsr": 100}]}, {"type": "HOST_COUNTRY", "stats": [{"tt": "in New Zealand", "sp": "2018-2020", "mt": 4, "in": 4, "pr": "host=5", "rn": 10, "fo": 1, "si": 0, "ft": 0, "hn": 0, "bf": 25, "dk": 1, "no": 0, "hs": "8", "bta": 2.5, "btsr": 40}, {"tt": "in U.A.E.", "sp": "2015-2015", "mt": 2, "in": 2, "pr": "host=27", "rn": 151, "fo": 11, "si": 3, "ft": 0, "hn": 1, "bf": 151, "dk": 0, "no": 1, "hs": "124*", "bta": 151, "btsr": 100}]}, {"type": "CONTINENT", "stats": [{"tt": "in Asia", "sp": "2015-2015", "mt": 2, "in": 2, "pr": "continent=2", "rn": 151, "fo": 11, "si": 3, "ft": 0, "hn": 1, "bf": 151, "dk": 0, "no": 1, "hs": "124*", "bta": 151, "btsr": 100}, {"tt": "in Oceania", "sp": "2018-2020", "mt": 4, "in": 4, "pr": "continent=5", "rn": 10, "fo": 1, "si": 0, "ft": 0, "hn": 0, "bf": 25, "dk": 1, "no": 0, "hs": "8", "bta": 2.5, "btsr": 40}]}, {"type": "HOME_OR_AWAY", "stats": [{"tt": "home", "sp": "2018-2020", "mt": 4, "in": 4, "pr": "home_or_away=1", "rn": 10, "fo": 1, "si": 0, "ft": 0, "hn": 0, "bf": 25, "dk": 1, "no": 0, "hs": "8", "bta": 2.5, "btsr": 40}, {"tt": "away", "sp": "2015-2015", "mt": 2, "in": 2, "pr": "home_or_away=2", "rn": 151, "fo": 11, "si": 3, "ft": 0, "hn": 1, "bf": 151, "dk": 0, "no": 1, "hs": "124*", "bta": 151, "btsr": 100}]}, {"type": "YEAR", "stats": [{"tt": "year 2015", "sp": null, "mt": 2, "in": 2, "pr": "year=2015", "rn": 151, "fo": 11, "si": 3, "ft": 0, "hn": 1, "bf": 151, "dk": 0, "no": 1, "hs": "124*", "bta": 151, "btsr": 100}, {"tt": "year 2018", "sp": null, "mt": 3, "in": 3, "pr": "year=2018", "rn": 9, "fo": 1, "si": 0, "ft": 0, "hn": 0, "bf": 23, "dk": 1, "no": 0, "hs": "8", "bta": 3, "btsr": 39.13}, {"tt": "year 2020", "sp": null, "mt": 1, "in": 1, "pr": "year=2020", "rn": 1, "fo": 0, "si": 0, "ft": 0, "hn": 0, "bf": 2, "dk": 0, "no": 0, "hs": "1", "bta": 1, "btsr": 50}]}, {"type": "SEASON", "stats": [{"tt": "season 2015/16", "sp": null, "mt": 2, "in": 2, "pr": "season=NaN", "rn": 151, "fo": 11, "si": 3, "ft": 0, "hn": 1, "bf": 151, "dk": 0, "no": 1, "hs": "124*", "bta": 151, "btsr": 100}, {"tt": "season 2017/18", "sp": null, "mt": 3, "in": 3, "pr": "season=NaN", "rn": 9, "fo": 1, "si": 0, "ft": 0, "hn": 0, "bf": 23, "dk": 1, "no": 0, "hs": "8", "bta": 3, "btsr": 39.13}, {"tt": "season 2019/20", "sp": null, "mt": 1, "in": 1, "pr": "season=NaN", "rn": 1, "fo": 0, "si": 0, "ft": 0, "hn": 0, "bf": 2, "dk": 0, "no": 0, "hs": "1", "bta": 1, "btsr": 50}]}, {"type": "CAPTAINS_INVOLVED", "stats": [{"tt": "*TWM Latham", "sp": "2020-2020", "mt": 1, "in": 1, "pr": "captain_involve=59148", "rn": 1, "fo": 0, "si": 0, "ft": 0, "hn": 0, "bf": 2, "dk": 0, "no": 0, "hs": "1", "bta": 1, "btsr": 50}, {"tt": "*TG Southee", "sp": "2018-2018", "mt": 1, "in": 1, "pr": "captain_involve=49108", "rn": 1, "fo": 0, "si": 0, "ft": 0, "hn": 0, "bf": 6, "dk": 0, "no": 0, "hs": "1", "bta": 1, "btsr": 16.66}, {"tt": "*Tanwir Afzal", "sp": "2015-2015", "mt": 2, "in": 2, "pr": "captain_involve=49912", "rn": 151, "fo": 11, "si": 3, "ft": 0, "hn": 1, "bf": 151, "dk": 0, "no": 1, "hs": "124*", "bta": 151, "btsr": 100}, {"tt": "*KS Williamson", "sp": "2018-2018", "mt": 2, "in": 2, "pr": "captain_involve=51088", "rn": 8, "fo": 1, "si": 0, "ft": 0, "hn": 0, "bf": 17, "dk": 1, "no": 0, "hs": "8", "bta": 4, "btsr": 47.05}]}, {"type": "CAPTAIN", "stats": [{"tt": "is not captain", "sp": "2015-2020", "mt": 6, "in": 6, "pr": "captain=0", "rn": 161, "fo": 12, "si": 3, "ft": 0, "hn": 1, "bf": 176, "dk": 1, "no": 1, "hs": "124*", "bta": 32.2, "btsr": 91.47}]}, {"type": "KEEPER", "stats": [{"tt": "is not keeper", "sp": "2015-2020", "mt": 6, "in": 6, "pr": "keeper=0", "rn": 161, "fo": 12, "si": 3, "ft": 0, "hn": 1, "bf": 176, "dk": 1, "no": 1, "hs": "124*", "bta": 32.2, "btsr": 91.47}]}, {"type": "TOSS", "stats": [{"tt": "won the toss", "sp": "2015-2018", "mt": 3, "in": 3, "pr": "toss=1", "rn": 159, "fo": 12, "si": 3, "ft": 0, "hn": 1, "bf": 165, "dk": 0, "no": 1, "hs": "124*", "bta": 79.5, "btsr": 96.36}, {"tt": "lost the toss", "sp": "2018-2020", "mt": 3, "in": 3, "pr": "toss=2", "rn": 2, "fo": 0, "si": 0, "ft": 0, "hn": 0, "bf": 11, "dk": 1, "no": 0, "hs": "1", "bta": 0.66, "btsr": 18.18}]}, {"type": "BATTING_FIELDING_SEQUENCE_AND_TOSS", "stats": [{"tt": "won toss &amp; batted", "sp": "2015-2015", "mt": 2, "in": 2, "pr": "batting_fielding_first=1;toss=1", "rn": 151, "fo": 11, "si": 3, "ft": 0, "hn": 1, "bf": 151, "dk": 0, "no": 1, "hs": "124*", "bta": 151, "btsr": 100}, {"tt": "won toss &amp; fielded", "sp": "2018-2018", "mt": 1, "in": 1, "pr": "batting_fielding_first=2;toss=1", "rn": 8, "fo": 1, "si": 0, "ft": 0, "hn": 0, "bf": 14, "dk": 0, "no": 0, "hs": "8", "bta": 8, "btsr": 57.14}, {"tt": "lost toss &amp; sent in", "sp": "2018-2020", "mt": 3, "in": 3, "pr": "batting_fielding_first=1;toss=2", "rn": 2, "fo": 0, "si": 0, "ft": 0, "hn": 0, "bf": 11, "dk": 1, "no": 0, "hs": "1", "bta": 0.66, "btsr": 18.18}]}, {"type": "BATTING_FIELDING_SEQUENCE", "stats": [{"tt": "matches batting first", "sp": "2015-2020", "mt": 5, "in": 5, "pr": "batting_fielding_first=1", "rn": 153, "fo": 11, "si": 3, "ft": 0, "hn": 1, "bf": 162, "dk": 1, "no": 1, "hs": "124*", "bta": 38.25, "btsr": 94.44}, {"tt": "matches fielding first", "sp": "2018-2018", "mt": 1, "in": 1, "pr": "batting_fielding_first=2", "rn": 8, "fo": 1, "si": 0, "ft": 0, "hn": 0, "bf": 14, "dk": 0, "no": 0, "hs": "8", "bta": 8, "btsr": 57.14}]}, {"type": "TEAM_INNINGS", "stats": [{"tt": "1st team innings", "sp": "2015-2020", "mt": 6, "in": 6, "pr": null, "rn": 161, "fo": 12, "si": 3, "ft": 0, "hn": 1, "bf": 176, "dk": 1, "no": 1, "hs": "124*", "bta": 32.2, "btsr": 91.47}]}, {"type": "MATCH_INNINGS", "stats": [{"tt": "1st match innings", "sp": "2015-2020", "mt": 5, "in": 5, "pr": "innings_number=1", "rn": 153, "fo": 11, "si": 3, "ft": 0, "hn": 1, "bf": 162, "dk": 1, "no": 1, "hs": "124*", "bta": 38.25, "btsr": 94.44}, {"tt": "2nd match innings", "sp": "2018-2018", "mt": 1, "in": 1, "pr": "innings_number=2", "rn": 8, "fo": 1, "si": 0, "ft": 0, "hn": 0, "bf": 14, "dk": 0, "no": 0, "hs": "8", "bta": 8, "btsr": 57.14}]}, {"type": "FLOODLIT", "stats": [{"tt": "day match", "sp": "2015-2018", "mt": 3, "in": 3, "pr": "floodlit=1", "rn": 151, "fo": 11, "si": 3, "ft": 0, "hn": 1, "bf": 154, "dk": 1, "no": 1, "hs": "124*", "bta": 75.5, "btsr": 98.05}, {"tt": "day/night match", "sp": "2018-2020", "mt": 3, "in": 3, "pr": "floodlit=2", "rn": 10, "fo": 1, "si": 0, "ft": 0, "hn": 0, "bf": 22, "dk": 0, "no": 0, "hs": "8", "bta": 3.33, "btsr": 45.45}]}, {"type": "RESULT", "stats": [{"tt": "won match", "sp": "2015-2020", "mt": 3, "in": 3, "pr": "result=1", "rn": 152, "fo": 11, "si": 3, "ft": 0, "hn": 1, "bf": 153, "dk": 0, "no": 1, "hs": "124*", "bta": 76, "btsr": 99.34}, {"tt": "lost match", "sp": "2018-2018", "mt": 3, "in": 3, "pr": "result=2", "rn": 9, "fo": 1, "si": 0, "ft": 0, "hn": 0, "bf": 23, "dk": 1, "no": 0, "hs": "8", "bta": 3, "btsr": 39.13}]}, {"type": "BATTING_FIELDING_SEQUENCE_AND_RESULT", "stats": [{"tt": "won batting first", "sp": "2015-2020", "mt": 3, "in": 3, "pr": "batting_fielding_first=1;result=1", "rn": 152, "fo": 11, "si": 3, "ft": 0, "hn": 1, "bf": 153, "dk": 0, "no": 1, "hs": "124*", "bta": 76, "btsr": 99.34}, {"tt": "lost batting first", "sp": "2018-2018", "mt": 2, "in": 2, "pr": "batting_fielding_first=1;result=2", "rn": 1, "fo": 0, "si": 0, "ft": 0, "hn": 0, "bf": 9, "dk": 1, "no": 0, "hs": "1", "bta": 0.5, "btsr": 11.11}, {"tt": "lost fielding first", "sp": "2018-2018", "mt": 1, "in": 1, "pr": "batting_fielding_first=2;result=2", "rn": 8, "fo": 1, "si": 0, "ft": 0, "hn": 0, "bf": 14, "dk": 0, "no": 0, "hs": "8", "bta": 8, "btsr": 57.14}]}, {"type": "TOURNAMENT_TYPE", "stats": [{"tt": "2 team series", "sp": "2018-2020", "mt": 4, "in": 4, "pr": "tournament_type=2", "rn": 10, "fo": 1, "si": 0, "ft": 0, "hn": 0, "bf": 25, "dk": 1, "no": 0, "hs": "8", "bta": 2.5, "btsr": 40}, {"tt": "5+ team tournaments", "sp": "2015-2015", "mt": 2, "in": 2, "pr": "tournament_type=5", "rn": 151, "fo": 11, "si": 3, "ft": 0, "hn": 1, "bf": 151, "dk": 0, "no": 1, "hs": "124*", "bta": 151, "btsr": 100}]}, {"type": "MATCH_NUMBER", "stats": [{"tt": "2nd match in series", "sp": "2018-2020", "mt": 2, "in": 2, "pr": "match_number=2", "rn": 2, "fo": 0, "si": 0, "ft": 0, "hn": 0, "bf": 8, "dk": 0, "no": 0, "hs": "1", "bta": 1, "btsr": 25}, {"tt": "3rd match in series", "sp": "2018-2018", "mt": 1, "in": 1, "pr": "match_number=3", "rn": 8, "fo": 1, "si": 0, "ft": 0, "hn": 0, "bf": 14, "dk": 0, "no": 0, "hs": "8", "bta": 8, "btsr": 57.14}, {"tt": "5th match in series", "sp": "2018-2018", "mt": 1, "in": 1, "pr": "match_number=5", "rn": 0, "fo": 0, "si": 0, "ft": 0, "hn": 0, "bf": 3, "dk": 1, "no": 0, "hs": "0", "bta": 0, "btsr": 0}]}, {"type": "MAJOR_TROPHY", "stats": [{"tt": "WCL Championship", "sp": "2015-2015", "mt": 2, "in": 2, "pr": "trophy=155", "rn": 151, "fo": 11, "si": 3, "ft": 0, "hn": 1, "bf": 151, "dk": 0, "no": 1, "hs": "124*", "bta": 151, "btsr": 100}]}, {"type": "BATTING_POSITION", "stats": [{"tt": "3rd position", "sp": "2018-2018", "mt": 1, "in": 1, "pr": "batting_positionval1=batting_position;batting_positionmin1=3;batting_positionmax1=3", "rn": 1, "fo": 0, "si": 0, "ft": 0, "hn": 0, "bf": 6, "dk": 0, "no": 0, "hs": "1", "bta": 1, "btsr": 16.66}, {"tt": "4th position", "sp": "2015-2018", "mt": 3, "in": 3, "pr": "batting_positionval1=batting_position;batting_positionmin1=4;batting_positionmax1=4", "rn": 159, "fo": 12, "si": 3, "ft": 0, "hn": 1, "bf": 165, "dk": 0, "no": 1, "hs": "124*", "bta": 79.5, "btsr": 96.36}, {"tt": "5th position", "sp": "2018-2018", "mt": 1, "in": 1, "pr": "batting_positionval1=batting_position;batting_positionmin1=5;batting_positionmax1=5", "rn": 0, "fo": 0, "si": 0, "ft": 0, "hn": 0, "bf": 3, "dk": 1, "no": 0, "hs": "0", "bta": 0, "btsr": 0}, {"tt": "8th position", "sp": "2020-2020", "mt": 1, "in": 1, "pr": "batting_positionval1=batting_position;batting_positionmin1=8;batting_positionmax1=8", "rn": 1, "fo": 0, "si": 0, "ft": 0, "hn": 0, "bf": 2, "dk": 0, "no": 0, "hs": "1", "bta": 1, "btsr": 50}]}]}}