{"summary": {"recordClassId": 3, "type": "ALLROUND", "groups": [{"type": "CAREER_AVERAGES", "stats": [{"tt": "overview", "sp": "2014-2021", "mt": 30, "pr": null, "rn": 535, "wk": 4, "ct": 10, "st": 0, "hs": "63*", "hn": 0, "bbi": "1/9", "bta": 22.29, "bwa": 23.75, "fw": 0, "bbad": -1.45}]}, {"type": "TEAM", "stats": [{"tt": "Hong Kong", "sp": "2014-2016", "mt": 19, "pr": "team=19", "rn": 392, "wk": 3, "ct": 4, "st": 0, "hs": "63*", "hn": 0, "bbi": "1/10", "bta": 23.05, "bwa": 25.66, "fw": 0, "bbad": -2.6}, {"tt": "New Zealand", "sp": "2018-2021", "mt": 11, "pr": "team=5", "rn": 143, "wk": 1, "ct": 6, "st": 0, "hs": "37*", "hn": 0, "bbi": "1/9", "bta": 20.42, "bwa": 18, "fw": 0, "bbad": 2.42}]}, {"type": "OPPOSITION_TEAM", "stats": [{"tt": "v Afghanistan", "sp": "2014-2016", "mt": 5, "pr": "opposition=40", "rn": 110, "wk": 1, "ct": 2, "st": 0, "hs": "40", "hn": 0, "bbi": "1/24", "bta": 22, "bwa": 24, "fw": 0, "bbad": -2}, {"tt": "v Australia", "sp": "2018-2021", "mt": 4, "pr": "opposition=2", "rn": 43, "wk": 1, "ct": 1, "st": 0, "hs": "18", "hn": 0, "bbi": "1/9", "bta": 14.33, "bwa": 9, "fw": 0, "bbad": 5.33}, {"tt": "v Bangladesh", "sp": "2014-2021", "mt": 4, "pr": "opposition=25", "rn": 12, "wk": 0, "ct": 1, "st": 0, "hs": "7", "hn": 0, "bbi": "-", "bta": 6, "bwa": null, "fw": 0, "bbad": null}, {"tt": "v England", "sp": "2018-2018", "mt": 2, "pr": "opposition=1", "rn": 57, "wk": null, "ct": 1, "st": 0, "hs": "37*", "hn": 0, "bbi": null, "bta": 57, "bwa": null, "fw": null, "bbad": null}, {"tt": "v Ireland", "sp": "2015-2015", "mt": 1, "pr": "opposition=29", "rn": 30, "wk": null, "ct": 0, "st": 0, "hs": "30", "hn": 0, "bbi": null, "bta": 30, "bwa": null, "fw": null, "bbad": null}, {"tt": "v Nepal", "sp": "2014-2015", "mt": 2, "pr": "opposition=32", "rn": 22, "wk": null, "ct": 0, "st": 0, "hs": "13", "hn": 0, "bbi": null, "bta": 11, "bwa": null, "fw": null, "bbad": null}, {"tt": "v Oman", "sp": "2015-2016", "mt": 4, "pr": "opposition=37", "rn": 109, "wk": 1, "ct": 0, "st": 0, "hs": "63*", "hn": 0, "bbi": "1/10", "bta": 36.33, "bwa": 10, "fw": 0, "bbad": 26.33}, {"tt": "v Pakistan", "sp": "2018-2020", "mt": 2, "pr": "opposition=7", "rn": 36, "wk": null, "ct": 3, "st": 0, "hs": "34", "hn": 0, "bbi": null, "bta": 18, "bwa": null, "fw": null, "bbad": null}, {"tt": "v Scotland", "sp": "2015-2016", "mt": 4, "pr": "opposition=30", "rn": 68, "wk": 0, "ct": 1, "st": 0, "hs": "40", "hn": 0, "bbi": "-", "bta": 22.66, "bwa": null, "fw": 0, "bbad": null}, {"tt": "v U.A.E.", "sp": "2016-2016", "mt": 1, "pr": "opposition=27", "rn": 29, "wk": 1, "ct": 0, "st": 0, "hs": "29", "hn": 0, "bbi": "1/24", "bta": 29, "bwa": 24, "fw": 0, "bbad": 5}, {"tt": "v Zimbabwe", "sp": "2016-2016", "mt": 1, "pr": "opposition=9", "rn": 19, "wk": null, "ct": 1, "st": 0, "hs": "19", "hn": 0, "bbi": null, "bta": 19, "bwa": null, "fw": null, "bbad": null}]}, {"type": "HOST_COUNTRY", "stats": [{"tt": "in Bangladesh", "sp": "2014-2016", "mt": 6, "pr": "host=25", "rn": 95, "wk": 3, "ct": 0, "st": 0, "hs": "38", "hn": 0, "bbi": "1/10", "bta": 15.83, "bwa": 19.33, "fw": 0, "bbad": -3.5}, {"tt": "in Hong Kong", "sp": "2016-2016", "mt": 2, "pr": "host=19", "rn": 4, "wk": null, "ct": 1, "st": 0, "hs": "4", "hn": 0, "bbi": null, "bta": 4, "bwa": null, "fw": null, "bbad": null}, {"tt": "in India", "sp": "2016-2016", "mt": 3, "pr": "host=6", "rn": 67, "wk": 0, "ct": 1, "st": 0, "hs": "40", "hn": 0, "bbi": "-", "bta": 22.33, "bwa": null, "fw": 0, "bbad": null}, {"tt": "in Ireland", "sp": "2015-2015", "mt": 4, "pr": "host=29", "rn": 103, "wk": null, "ct": 2, "st": 0, "hs": "40", "hn": 0, "bbi": null, "bta": 25.75, "bwa": null, "fw": null, "bbad": null}, {"tt": "in New Zealand", "sp": "2018-2021", "mt": 10, "pr": "host=5", "rn": 141, "wk": 1, "ct": 5, "st": 0, "hs": "37*", "hn": 0, "bbi": "1/9", "bta": 23.5, "bwa": 18, "fw": 0, "bbad": 5.5}, {"tt": "in U.A.E.", "sp": "2015-2018", "mt": 5, "pr": "host=27", "rn": 125, "wk": null, "ct": 1, "st": 0, "hs": "63*", "hn": 0, "bbi": null, "bta": 31.25, "bwa": null, "fw": null, "bbad": null}]}, {"type": "CONTINENT", "stats": [{"tt": "in Asia", "sp": "2014-2018", "mt": 16, "pr": "continent=2", "rn": 291, "wk": 3, "ct": 3, "st": 0, "hs": "63*", "hn": 0, "bbi": "1/10", "bta": 20.78, "bwa": 25.66, "fw": 0, "bbad": -4.88}, {"tt": "in Europe", "sp": "2015-2015", "mt": 4, "pr": "continent=4", "rn": 103, "wk": null, "ct": 2, "st": 0, "hs": "40", "hn": 0, "bbi": null, "bta": 25.75, "bwa": null, "fw": null, "bbad": null}, {"tt": "in Oceania", "sp": "2018-2021", "mt": 10, "pr": "continent=5", "rn": 141, "wk": 1, "ct": 5, "st": 0, "hs": "37*", "hn": 0, "bbi": "1/9", "bta": 23.5, "bwa": 18, "fw": 0, "bbad": 5.5}]}, {"type": "HOME_OR_AWAY", "stats": [{"tt": "home", "sp": "2016-2021", "mt": 12, "pr": "home_or_away=1", "rn": 145, "wk": 1, "ct": 6, "st": 0, "hs": "37*", "hn": 0, "bbi": "1/9", "bta": 20.71, "bwa": 18, "fw": 0, "bbad": 2.71}, {"tt": "away", "sp": "2014-2015", "mt": 2, "pr": "home_or_away=2", "rn": 35, "wk": null, "ct": 0, "st": 0, "hs": "30", "hn": 0, "bbi": null, "bta": 17.5, "bwa": null, "fw": null, "bbad": null}, {"tt": "neutral", "sp": "2014-2018", "mt": 16, "pr": "home_or_away=3", "rn": 355, "wk": 3, "ct": 4, "st": 0, "hs": "63*", "hn": 0, "bbi": "1/10", "bta": 23.66, "bwa": 25.66, "fw": 0, "bbad": -2}]}, {"type": "YEAR", "stats": [{"tt": "year 2014", "sp": null, "mt": 3, "pr": "year=2014", "rn": 56, "wk": null, "ct": 0, "st": 0, "hs": "38", "hn": 0, "bbi": null, "bta": 18.66, "bwa": null, "fw": null, "bbad": null}, {"tt": "year 2015", "sp": null, "mt": 8, "pr": "year=2015", "rn": 226, "wk": null, "ct": 2, "st": 0, "hs": "63*", "hn": 0, "bbi": null, "bta": 32.28, "bwa": null, "fw": null, "bbad": null}, {"tt": "year 2016", "sp": null, "mt": 8, "pr": "year=2016", "rn": 110, "wk": 3, "ct": 2, "st": 0, "hs": "40", "hn": 0, "bbi": "1/10", "bta": 15.71, "bwa": 25.66, "fw": 0, "bbad": -9.95}, {"tt": "year 2018", "sp": null, "mt": 5, "pr": "year=2018", "rn": 83, "wk": null, "ct": 3, "st": 0, "hs": "37*", "hn": 0, "bbi": null, "bta": 20.75, "bwa": null, "fw": null, "bbad": null}, {"tt": "year 2020", "sp": null, "mt": 1, "pr": "year=2020", "rn": 34, "wk": null, "ct": 2, "st": 0, "hs": "34", "hn": 0, "bbi": null, "bta": 34, "bwa": null, "fw": null, "bbad": null}, {"tt": "year 2021", "sp": null, "mt": 5, "pr": "year=2021", "rn": 26, "wk": 1, "ct": 1, "st": 0, "hs": "18", "hn": 0, "bbi": "1/9", "bta": 13, "bwa": 18, "fw": 0, "bbad": -5}]}, {"type": "SEASON", "stats": [{"tt": "season 2013/14", "sp": null, "mt": 3, "pr": "season=2013/14", "rn": 56, "wk": null, "ct": 0, "st": 0, "hs": "38", "hn": 0, "bbi": null, "bta": 18.66, "bwa": null, "fw": null, "bbad": null}, {"tt": "season 2015", "sp": null, "mt": 4, "pr": "season=2015", "rn": 103, "wk": null, "ct": 2, "st": 0, "hs": "40", "hn": 0, "bbi": null, "bta": 25.75, "bwa": null, "fw": null, "bbad": null}, {"tt": "season 2015/16", "sp": null, "mt": 12, "pr": "season=2015/16", "rn": 233, "wk": 3, "ct": 2, "st": 0, "hs": "63*", "hn": 0, "bbi": "1/10", "bta": 23.3, "bwa": 25.66, "fw": 0, "bbad": -2.36}, {"tt": "season 2017/18", "sp": null, "mt": 4, "pr": "season=2017/18", "rn": 81, "wk": null, "ct": 2, "st": 0, "hs": "37*", "hn": 0, "bbi": null, "bta": 27, "bwa": null, "fw": null, "bbad": null}, {"tt": "season 2018/19", "sp": null, "mt": 1, "pr": "season=2018/19", "rn": 2, "wk": null, "ct": 1, "st": 0, "hs": "2", "hn": 0, "bbi": null, "bta": 2, "bwa": null, "fw": null, "bbad": null}, {"tt": "season 2020/21", "sp": null, "mt": 6, "pr": "season=2020/21", "rn": 60, "wk": 1, "ct": 3, "st": 0, "hs": "34", "hn": 0, "bbi": "1/9", "bta": 20, "bwa": 18, "fw": 0, "bbad": 2}]}, {"type": "CAPTAINS_INVOLVED", "stats": [{"tt": "*JJ Atkinson", "sp": "2014-2014", "mt": 3, "pr": "captain_involve=51511", "rn": 56, "wk": null, "ct": 0, "st": 0, "hs": "38", "hn": 0, "bbi": null, "bta": 18.66, "bwa": null, "fw": null, "bbad": null}, {"tt": "*MJ Santner", "sp": "2020-2020", "mt": 1, "pr": "captain_involve=64864", "rn": 34, "wk": null, "ct": 2, "st": 0, "hs": "34", "hn": 0, "bbi": null, "bta": 34, "bwa": null, "fw": null, "bbad": null}, {"tt": "*TG Southee", "sp": "2021-2021", "mt": 3, "pr": "captain_involve=49108", "rn": 7, "wk": 0, "ct": 1, "st": 0, "hs": "7", "hn": 0, "bbi": "-", "bta": 7, "bwa": null, "fw": 0, "bbad": null}, {"tt": "*Tanwir Afzal", "sp": "2015-2016", "mt": 16, "pr": "captain_involve=49912", "rn": 336, "wk": 3, "ct": 4, "st": 0, "hs": "63*", "hn": 0, "bbi": "1/10", "bta": 24, "bwa": 25.66, "fw": 0, "bbad": -1.66}, {"tt": "*KS Williamson", "sp": "2018-2021", "mt": 7, "pr": "captain_involve=51088", "rn": 102, "wk": 1, "ct": 3, "st": 0, "hs": "37*", "hn": 0, "bbi": "1/9", "bta": 20.4, "bwa": 9, "fw": 0, "bbad": 11.4}]}, {"type": "CAPTAIN", "stats": [{"tt": "is not captain", "sp": "2014-2021", "mt": 30, "pr": "captain=0", "rn": 535, "wk": 4, "ct": 10, "st": 0, "hs": "63*", "hn": 0, "bbi": "1/9", "bta": 22.29, "bwa": 23.75, "fw": 0, "bbad": -1.45}]}, {"type": "KEEPER", "stats": [{"tt": "is not keeper", "sp": "2014-2021", "mt": 30, "pr": "keeper=0", "rn": 535, "wk": 4, "ct": 10, "st": 0, "hs": "63*", "hn": 0, "bbi": "1/9", "bta": 22.29, "bwa": 23.75, "fw": 0, "bbad": -1.45}]}, {"type": "TOSS", "stats": [{"tt": "won the toss", "sp": "2014-2021", "mt": 18, "pr": "toss=1", "rn": 329, "wk": 2, "ct": 4, "st": 0, "hs": "63*", "hn": 0, "bbi": "1/24", "bta": 23.5, "bwa": 38, "fw": 0, "bbad": -14.5}, {"tt": "lost the toss", "sp": "2015-2021", "mt": 12, "pr": "toss=2", "rn": 206, "wk": 2, "ct": 6, "st": 0, "hs": "40", "hn": 0, "bbi": "1/9", "bta": 20.6, "bwa": 9.5, "fw": 0, "bbad": 11.1}]}, {"type": "BATTING_FIELDING_SEQUENCE_AND_TOSS", "stats": [{"tt": "won toss &amp; batted", "sp": "2014-2021", "mt": 7, "pr": "batting_fielding_first=1;toss=1", "rn": 139, "wk": 1, "ct": 1, "st": 0, "hs": "40", "hn": 0, "bbi": "1/24", "bta": 23.16, "bwa": 52, "fw": 0, "bbad": -28.83}, {"tt": "won toss &amp; fielded", "sp": "2014-2021", "mt": 11, "pr": "batting_fielding_first=2;toss=1", "rn": 190, "wk": 1, "ct": 3, "st": 0, "hs": "63*", "hn": 0, "bbi": "1/24", "bta": 23.75, "bwa": 24, "fw": 0, "bbad": -0.25}, {"tt": "lost toss &amp; sent in", "sp": "2015-2021", "mt": 6, "pr": "batting_fielding_first=1;toss=2", "rn": 99, "wk": null, "ct": 1, "st": 0, "hs": "30", "hn": 0, "bbi": null, "bta": 19.8, "bwa": null, "fw": null, "bbad": null}, {"tt": "lost toss &amp; fielded", "sp": "2015-2021", "mt": 6, "pr": "batting_fielding_first=2;toss=2", "rn": 107, "wk": 2, "ct": 5, "st": 0, "hs": "40", "hn": 0, "bbi": "1/9", "bta": 21.4, "bwa": 9.5, "fw": 0, "bbad": 11.9}]}, {"type": "BATTING_FIELDING_SEQUENCE", "stats": [{"tt": "matches batting first", "sp": "2014-2021", "mt": 13, "pr": "batting_fielding_first=1", "rn": 238, "wk": 1, "ct": 2, "st": 0, "hs": "40", "hn": 0, "bbi": "1/24", "bta": 21.63, "bwa": 52, "fw": 0, "bbad": -30.36}, {"tt": "matches fielding first", "sp": "2014-2021", "mt": 17, "pr": "batting_fielding_first=2", "rn": 297, "wk": 3, "ct": 8, "st": 0, "hs": "63*", "hn": 0, "bbi": "1/9", "bta": 22.84, "bwa": 14.33, "fw": 0, "bbad": 8.51}]}, {"type": "TEAM_INNINGS", "stats": [{"tt": "1st team innings", "sp": "2014-2021", "mt": 30, "pr": "innings_number=1;innings_number=2", "rn": 535, "wk": 4, "ct": 10, "st": 0, "hs": "63*", "hn": 0, "bbi": "1/9", "bta": 22.29, "bwa": 23.75, "fw": 0, "bbad": -1.45}]}, {"type": "MATCH_INNINGS", "stats": [{"tt": "1st match innings", "sp": "2014-2021", "mt": 30, "pr": "innings_number=1", "rn": 238, "wk": 3, "ct": 8, "st": 0, "hs": "40", "hn": 0, "bbi": "1/9", "bta": 21.63, "bwa": 14.33, "fw": 0, "bbad": 7.3}, {"tt": "2nd match innings", "sp": "2014-2021", "mt": 30, "pr": "innings_number=2", "rn": 297, "wk": 1, "ct": 2, "st": 0, "hs": "63*", "hn": 0, "bbi": "1/24", "bta": 22.84, "bwa": 52, "fw": 0, "bbad": -29.15}]}, {"type": "FLOODLIT", "stats": [{"tt": "day match", "sp": "2015-2021", "mt": 14, "pr": "floodlit=1", "rn": 262, "wk": 3, "ct": 3, "st": 0, "hs": "63*", "hn": 0, "bbi": "1/9", "bta": 26.2, "bwa": 22, "fw": 0, "bbad": 4.2}, {"tt": "day/night match", "sp": "2014-2016", "mt": 2, "pr": "floodlit=2", "rn": 57, "wk": null, "ct": 1, "st": 0, "hs": "38", "hn": 0, "bbi": null, "bta": 28.5, "bwa": null, "fw": null, "bbad": null}, {"tt": "night match", "sp": "2014-2021", "mt": 14, "pr": "floodlit=3", "rn": 216, "wk": 1, "ct": 6, "st": 0, "hs": "40", "hn": 0, "bbi": "1/10", "bta": 18, "bwa": 29, "fw": 0, "bbad": -11}]}, {"type": "RESULT", "stats": [{"tt": "won match", "sp": "2014-2021", "mt": 13, "pr": "result=1", "rn": 231, "wk": 1, "ct": 5, "st": 0, "hs": "63*", "hn": 0, "bbi": "1/9", "bta": 28.87, "bwa": 18, "fw": 0, "bbad": 10.87}, {"tt": "lost match", "sp": "2014-2021", "mt": 17, "pr": "result=2", "rn": 304, "wk": 3, "ct": 5, "st": 0, "hs": "40", "hn": 0, "bbi": "1/10", "bta": 19, "bwa": 25.66, "fw": 0, "bbad": -6.66}]}, {"type": "BATTING_FIELDING_SEQUENCE_AND_RESULT", "stats": [{"tt": "won batting first", "sp": "2015-2021", "mt": 5, "pr": "batting_fielding_first=1;result=1", "rn": 57, "wk": 0, "ct": 1, "st": 0, "hs": "30", "hn": 0, "bbi": "-", "bta": 19, "bwa": null, "fw": 0, "bbad": null}, {"tt": "won fielding first", "sp": "2014-2021", "mt": 8, "pr": "batting_fielding_first=2;result=1", "rn": 174, "wk": 1, "ct": 4, "st": 0, "hs": "63*", "hn": 0, "bbi": "1/9", "bta": 34.8, "bwa": 9, "fw": 0, "bbad": 25.8}, {"tt": "lost batting first", "sp": "2014-2018", "mt": 8, "pr": "batting_fielding_first=1;result=2", "rn": 181, "wk": 1, "ct": 1, "st": 0, "hs": "40", "hn": 0, "bbi": "1/24", "bta": 22.62, "bwa": 43, "fw": 0, "bbad": -20.37}, {"tt": "lost fielding first", "sp": "2014-2021", "mt": 9, "pr": "batting_fielding_first=2;result=2", "rn": 123, "wk": 2, "ct": 4, "st": 0, "hs": "37*", "hn": 0, "bbi": "1/10", "bta": 15.37, "bwa": 17, "fw": 0, "bbad": -1.62}]}, {"type": "TOURNAMENT_TYPE", "stats": [{"tt": "2 team series", "sp": "2015-2021", "mt": 13, "pr": "tournament_type=2", "rn": 189, "wk": 1, "ct": 5, "st": 0, "hs": "63*", "hn": 0, "bbi": "1/9", "bta": 23.62, "bwa": 18, "fw": 0, "bbad": 5.62}, {"tt": "3-4 team tournaments", "sp": "2018-2018", "mt": 4, "pr": "tournament_type=3", "rn": 81, "wk": null, "ct": 2, "st": 0, "hs": "37*", "hn": 0, "bbi": null, "bta": 27, "bwa": null, "fw": null, "bbad": null}, {"tt": "5+ team tournaments", "sp": "2014-2016", "mt": 13, "pr": "tournament_type=5", "rn": 265, "wk": 3, "ct": 3, "st": 0, "hs": "40", "hn": 0, "bbi": "1/10", "bta": 20.38, "bwa": 25.66, "fw": 0, "bbad": -5.28}]}, {"type": "MATCH_NUMBER", "stats": [{"tt": "only match in series", "sp": "2015-2015", "mt": 1, "pr": "match_number=0", "rn": 22, "wk": null, "ct": 0, "st": 0, "hs": "22", "hn": 0, "bbi": null, "bta": 22, "bwa": null, "fw": null, "bbad": null}, {"tt": "1st match in series", "sp": "2015-2021", "mt": 4, "pr": "match_number=1", "rn": 52, "wk": 0, "ct": 2, "st": 0, "hs": "34", "hn": 0, "bbi": "-", "bta": 26, "bwa": null, "fw": 0, "bbad": null}, {"tt": "2nd match in series", "sp": "2015-2021", "mt": 3, "pr": "match_number=2", "rn": 31, "wk": null, "ct": 1, "st": 0, "hs": "20", "hn": 0, "bbi": null, "bta": 10.33, "bwa": null, "fw": null, "bbad": null}, {"tt": "3rd match in series", "sp": "2015-2021", "mt": 4, "pr": "match_number=3", "rn": 83, "wk": null, "ct": 2, "st": 0, "hs": "63*", "hn": 0, "bbi": null, "bta": 41.5, "bwa": null, "fw": null, "bbad": null}, {"tt": "5th match in series", "sp": "2021-2021", "mt": 1, "pr": "match_number=5", "rn": 1, "wk": 1, "ct": 0, "st": 0, "hs": "1*", "hn": 0, "bbi": "1/9", "bta": null, "bwa": 9, "fw": 0, "bbad": null}]}, {"type": "MAJOR_TROPHY", "stats": [{"tt": "Asia Cup", "sp": "2016-2016", "mt": 3, "pr": "trophy=14", "rn": 39, "wk": 3, "ct": 0, "st": 0, "hs": "29", "hn": 0, "bbi": "1/10", "bta": 13, "bwa": 19.33, "fw": 0, "bbad": -6.33}, {"tt": "Men's T20 World Cup", "sp": "2014-2016", "mt": 6, "pr": "trophy=89", "rn": 123, "wk": 0, "ct": 1, "st": 0, "hs": "40", "hn": 0, "bbi": "-", "bta": 20.5, "bwa": null, "fw": 0, "bbad": null}]}, {"type": "FINAL_TYPE", "stats": [{"tt": "tournament finals", "sp": "2018-2018", "mt": 1, "pr": "final_type=1", "rn": 8, "wk": null, "ct": 1, "st": 0, "hs": "8", "hn": 0, "bbi": null, "bta": 8, "bwa": null, "fw": null, "bbad": null}, {"tt": "tournament semi-finals", "sp": "2015-2015", "mt": 1, "pr": "final_type=3", "rn": 24, "wk": null, "ct": 0, "st": 0, "hs": "24", "hn": 0, "bbi": null, "bta": 24, "bwa": null, "fw": null, "bbad": null}, {"tt": "preliminary matches", "sp": "2014-2018", "mt": 15, "pr": "final_type=0", "rn": 314, "wk": 3, "ct": 4, "st": 0, "hs": "40", "hn": 0, "bbi": "1/10", "bta": 22.42, "bwa": 25.66, "fw": 0, "bbad": -3.23}]}]}}