{"player": {"id": 61802, "objectId": 438563, "name": "MS Chapman", "longName": "Mark Chapman", "mobileName": "Chapman", "indexName": "Chapman, MS", "battingName": "MS Chapman", "fieldingName": "Chapman", "slug": "mark-chapman", "gender": "M", "playingRole": "allrounder", "battingStyles": ["lhb"], "bowlingStyles": ["sla"], "longBattingStyles": ["left-hand bat"], "longBowlingStyles": ["slow left-arm orthodox"], "image": {"id": 303803, "objectId": 1222630, "slug": "mark-chapman-portrait", "url": "/db/PICTURES/CMS/303800/303803.jpg", "width": 160, "height": 200, "caption": "Mark Chapman portrait", "longCaption": "Mark Chapman, May 2020", "credit": "Getty Images", "photographer": null, "peerUrls": null}, "countryTeamId": 5, "playingRoleType": "P", "playingRoles": ["allrounder"], "dateOfBirth": {"year": 1994, "month": 6, "date": 27}, "dateOfDeath": null, "fullName": "Mark Sinclair Chapman", "nickNames": "", "alsoKnownAs": "", "height": 0, "heightUnit": null, "education": "King's College, Auckland", "country": {"id": 5, "objectId": 5, "name": "New Zealand", "shortName": "New Zealand", "image": {"id": 313127, "objectId": 1241586, "slug": "new-zealand-logo", "url": "/db/PICTURES/CMS/313100/313127.logo.png", "width": 500, "height": 500, "caption": "New Zealand logo", "longCaption": "New Zealand logo", "credit": null, "photographer": null, "peerUrls": null}}, "altCountryTeamId": 19, "placeOfBirth": "Hong Kong", "dobText": null, "dodText": null, "placeOfDeath": "", "intlCareerSpan": "2014 - 2021", "headshotImage": {"id": 321241, "objectId": 1262811, "slug": "mark-chapman-player-page-headshot-cutout-2021", "url": "/db/PICTURES/CMS/321200/321241.png", "width": 600, "height": 436, "caption": "Mark Chapman player page headshot cutout, 2021", "longCaption": "Mark Chapman player page headshot cutout, 2021", "credit": "", "photographer": null, "peerUrls": {"FILM": null, "WIDE": null, "SQUARE": "/db/PICTURES/CMS/321200/321241.square.png"}}, "backgroundImage": {"id": 218341, "objectId": 901405, "slug": "mark-chapman-takes-a-tumbling-catch", "url": "/db/PICTURES/CMS/218300/218341.jpg", "width": 900, "height": 618, "caption": "Mark Chapman takes a tumbling catch ", "longCaption": "Mark Chapman takes a tumbling catch, Afghanistan v Hong Kong, World T20 Qualifier, 1st play-off, Dublin, July 21, 2015", "credit": "ICC/Sportsfile", "photographer": null, "peerUrls": {"FILM": "/db/PICTURES/CMS/218300/218341.jpg", "WIDE": "/db/PICTURES/CMS/218300/218341.3.jpg", "SQUARE": "/db/PICTURES/CMS/218300/218341.square.jpg"}}, "externalLinks": [], "fieldingStyles": [], "otherStyles": [], "matchPlayerTypes": [1], "hasRecords": true, "hasStats": true, "hasMatches": true, "totalStories": 54, "totalVideos": 1, "totalImages": 84}, "teams": [{"team": {"id": 5, "objectId": 5, "scribeId": 5, "slug": "new-zealand", "name": "New Zealand", "longName": "New Zealand", "abbreviation": "NZ", "isCountry": true, "primaryColor": "#000000", "image": {"id": 313127, "objectId": 1241586, "slug": "new-zealand-logo", "url": "/db/PICTURES/CMS/313100/313127.logo.png", "width": 500, "height": 500, "caption": "New Zealand logo", "longCaption": "New Zealand logo", "credit": null, "photographer": null, "peerUrls": null}}, "current": false}, {"team": {"id": 19, "objectId": 19, "scribeId": 19, "slug": "hong-kong", "name": "Hong Kong", "longName": "Hong Kong", "abbreviation": "HKG", "isCountry": true, "primaryColor": null, "image": {"id": 313140, "objectId": 1241599, "slug": "hong-kong-logo", "url": "/db/PICTURES/CMS/313100/313140.logo.png", "width": 500, "height": 500, "caption": "Hong Kong logo", "longCaption": "Hong Kong logo", "credit": null, "photographer": null, "peerUrls": null}}, "current": false}, {"team": {"id": 2510, "objectId": 2459, "scribeId": 2459, "slug": "auckland", "name": "Auckland", "longName": "Auckland", "abbreviation": "AUCK", "isCountry": false, "primaryColor": null, "image": {"id": 313329, "objectId": 1241788, "slug": "auckland-logo", "url": "/db/PICTURES/CMS/313300/313329.logo.png", "width": 500, "height": 500, "caption": "Auckland logo", "longCaption": "Auckland logo", "credit": null, "photographer": null, "peerUrls": null}}, "current": false}, {"team": {"id": 1563, "objectId": 1512, "scribeId": 1512, "slug": "hong-kong-cricket-club", "name": "Hong Kong CC", "longName": "Hong Kong Cricket Club", "abbreviation": "HkgCC", "isCountry": false, "primaryColor": null, "image": {"id": 313287, "objectId": 1241746, "slug": "hong-kong-cricket-club-logo", "url": "/db/PICTURES/CMS/313200/313287.logo.png", "width": 500, "height": 500, "caption": "Hong Kong Cricket Club logo", "longCaption": "Hong Kong Cricket Club logo", "credit": null, "photographer": null, "peerUrls": null}}, "current": false}, {"team": {"id": 1567, "objectId": 1516, "scribeId": 1516, "slug": "hong-kong-under-15s", "name": "", "longName": "Hong Kong Under-15s", "abbreviation": "", "isCountry": false, "primaryColor": null, "image": {"id": 313289, "objectId": 1241748, "slug": "hong-kong-under-15s-logo", "url": "/db/PICTURES/CMS/313200/313289.logo.png", "width": 500, "height": 500, "caption": "Hong Kong Under-15s logo", "longCaption": "Hong Kong Under-15s logo", "credit": null, "photographer": null, "peerUrls": null}}, "current": false}, {"team": {"id": 1569, "objectId": 1518, "scribeId": 1518, "slug": "hong-kong-under-19s", "name": "HK U19", "longName": "Hong Kong Under-19s", "abbreviation": "HK19", "isCountry": false, "primaryColor": null, "image": {"id": 313291, "objectId": 1241750, "slug": "hong-kong-under-19s-logo", "url": "/db/PICTURES/CMS/313200/313291.logo.png", "width": 500, "height": 500, "caption": "Hong Kong Under-19s logo", "longCaption": "Hong Kong Under-19s logo", "credit": null, "photographer": null, "peerUrls": null}}, "current": false}, {"team": {"id": 5157, "objectId": 642417, "scribeId": 642417, "slug": "st-lucia-zouks", "name": "Stars", "longName": "St Lucia Stars", "abbreviation": "STARS", "isCountry": false, "primaryColor": null, "image": {"id": 313484, "objectId": 1241943, "slug": "st-lucia-zouks-logo", "url": "/db/PICTURES/CMS/313400/313484.logo.png", "width": 500, "height": 500, "caption": "St Lucia Zouks logo", "longCaption": "St Lucia Zouks logo", "credit": null, "photographer": null, "peerUrls": null}}, "current": false}]}