{"summary": {"recordClassId": 2, "type": "FIELDING", "groups": [{"type": "CAREER_AVERAGES", "stats": [{"tt": "overview", "sp": "2015-2020", "mt": 6, "in": 6, "pr": null, "ds": 1, "ct": 1, "st": 0, "ck": 0, "cf": 1, "mds": "1 (1ct 0st)", "dspi": 0.166}]}, {"type": "TEAM", "stats": [{"tt": "Hong Kong", "sp": "2015-2015", "mt": 2, "in": 2, "pr": "team=19", "ds": 1, "ct": 1, "st": 0, "ck": 0, "cf": 1, "mds": "1 (1ct 0st)", "dspi": 0.5}, {"tt": "New Zealand", "sp": "2018-2020", "mt": 4, "in": 4, "pr": "team=5", "ds": 0, "ct": 0, "st": 0, "ck": 0, "cf": 0, "mds": "0", "dspi": 0}]}, {"type": "OPPOSITION_TEAM", "stats": [{"tt": "vs England", "sp": "2018-2018", "mt": 3, "in": 3, "pr": "opposition=1", "ds": 0, "ct": 0, "st": 0, "ck": 0, "cf": 0, "mds": "0", "dspi": 0}, {"tt": "vs India", "sp": "2020-2020", "mt": 1, "in": 1, "pr": "opposition=6", "ds": 0, "ct": 0, "st": 0, "ck": 0, "cf": 0, "mds": "0", "dspi": 0}, {"tt": "vs U.A.E.", "sp": "2015-2015", "mt": 2, "in": 2, "pr": "opposition=27", "ds": 1, "ct": 1, "st": 0, "ck": 0, "cf": 1, "mds": "1 (1ct 0st)", "dspi": 0.5}]}, {"type": "HOST_COUNTRY", "stats": [{"tt": "in New Zealand", "sp": "2018-2020", "mt": 4, "in": 4, "pr": "host=5", "ds": 0, "ct": 0, "st": 0, "ck": 0, "cf": 0, "mds": "0", "dspi": 0}, {"tt": "in U.A.E.", "sp": "2015-2015", "mt": 2, "in": 2, "pr": "host=27", "ds": 1, "ct": 1, "st": 0, "ck": 0, "cf": 1, "mds": "1 (1ct 0st)", "dspi": 0.5}]}, {"type": "CONTINENT", "stats": [{"tt": "in Asia", "sp": "2015-2015", "mt": 2, "in": 2, "pr": "continent=2", "ds": 1, "ct": 1, "st": 0, "ck": 0, "cf": 1, "mds": "1 (1ct 0st)", "dspi": 0.5}, {"tt": "in Oceania", "sp": "2018-2020", "mt": 4, "in": 4, "pr": "continent=5", "ds": 0, "ct": 0, "st": 0, "ck": 0, "cf": 0, "mds": "0", "dspi": 0}]}, {"type": "HOME_OR_AWAY", "stats": [{"tt": "home", "sp": "2018-2020", "mt": 4, "in": 4, "pr": "home_or_away=1", "ds": 0, "ct": 0, "st": 0, "ck": 0, "cf": 0, "mds": "0", "dspi": 0}, {"tt": "away", "sp": "2015-2015", "mt": 2, "in": 2, "pr": "home_or_away=2", "ds": 1, "ct": 1, "st": 0, "ck": 0, "cf": 1, "mds": "1 (1ct 0st)", "dspi": 0.5}]}, {"type": "YEAR", "stats": [{"tt": "year 2015", "sp": null, "mt": 2, "in": 2, "pr": "year=2015", "ds": 1, "ct": 1, "st": 0, "ck": 0, "cf": 1, "mds": "1 (1ct 0st)", "dspi": 0.5}, {"tt": "year 2018", "sp": null, "mt": 3, "in": 3, "pr": "year=2018", "ds": 0, "ct": 0, "st": 0, "ck": 0, "cf": 0, "mds": "0", "dspi": 0}, {"tt": "year 2020", "sp": null, "mt": 1, "in": 1, "pr": "year=2020", "ds": 0, "ct": 0, "st": 0, "ck": 0, "cf": 0, "mds": "0", "dspi": 0}]}, {"type": "SEASON", "stats": [{"tt": "season 2015/16", "sp": null, "mt": 2, "in": 2, "pr": "season=2015/16", "ds": 1, "ct": 1, "st": 0, "ck": 0, "cf": 1, "mds": "1 (1ct 0st)", "dspi": 0.5}, {"tt": "season 2017/18", "sp": null, "mt": 3, "in": 3, "pr": "season=2017/18", "ds": 0, "ct": 0, "st": 0, "ck": 0, "cf": 0, "mds": "0", "dspi": 0}, {"tt": "season 2019/20", "sp": null, "mt": 1, "in": 1, "pr": "season=2019/20", "ds": 0, "ct": 0, "st": 0, "ck": 0, "cf": 0, "mds": "0", "dspi": 0}]}, {"type": "CAPTAINS_INVOLVED", "stats": [{"tt": "*TWM Latham", "sp": "2020-2020", "mt": 1, "in": 1, "pr": "captain_involve=59148", "ds": 0, "ct": 0, "st": 0, "ck": 0, "cf": 0, "mds": "0", "dspi": 0}, {"tt": "*TG Southee", "sp": "2018-2018", "mt": 1, "in": 1, "pr": "captain_involve=49108", "ds": 0, "ct": 0, "st": 0, "ck": 0, "cf": 0, "mds": "0", "dspi": 0}, {"tt": "*Tanwir Afzal", "sp": "2015-2015", "mt": 2, "in": 2, "pr": "captain_involve=49912", "ds": 1, "ct": 1, "st": 0, "ck": 0, "cf": 1, "mds": "1 (1ct 0st)", "dspi": 0.5}, {"tt": "*KS Williamson", "sp": "2018-2018", "mt": 2, "in": 2, "pr": "captain_involve=51088", "ds": 0, "ct": 0, "st": 0, "ck": 0, "cf": 0, "mds": "0", "dspi": 0}]}, {"type": "CAPTAIN", "stats": [{"tt": "is not captain", "sp": "2015-2020", "mt": 6, "in": 6, "pr": "captain=0", "ds": 1, "ct": 1, "st": 0, "ck": 0, "cf": 1, "mds": "1 (1ct 0st)", "dspi": 0.166}]}, {"type": "KEEPER", "stats": [{"tt": "is not keeper", "sp": "2015-2020", "mt": 6, "in": 6, "pr": "keeper=0", "ds": 1, "ct": 1, "st": 0, "ck": 0, "cf": 1, "mds": "1 (1ct 0st)", "dspi": 0.166}]}, {"type": "TOSS", "stats": [{"tt": "won the toss", "sp": "2015-2018", "mt": 3, "in": 3, "pr": "toss=1", "ds": 1, "ct": 1, "st": 0, "ck": 0, "cf": 1, "mds": "1 (1ct 0st)", "dspi": 0.333}, {"tt": "lost the toss", "sp": "2018-2020", "mt": 3, "in": 3, "pr": "toss=2", "ds": 0, "ct": 0, "st": 0, "ck": 0, "cf": 0, "mds": "0", "dspi": 0}]}, {"type": "BATTING_FIELDING_SEQUENCE_AND_TOSS", "stats": [{"tt": "won toss &amp; batted", "sp": "2015-2015", "mt": 2, "in": 2, "pr": "batting_fielding_first=1;toss=1", "ds": 1, "ct": 1, "st": 0, "ck": 0, "cf": 1, "mds": "1 (1ct 0st)", "dspi": 0.5}, {"tt": "won toss &amp; fielded", "sp": "2018-2018", "mt": 1, "in": 1, "pr": "batting_fielding_first=2;toss=1", "ds": 0, "ct": 0, "st": 0, "ck": 0, "cf": 0, "mds": "0", "dspi": 0}, {"tt": "lost toss &amp; sent in", "sp": "2018-2020", "mt": 3, "in": 3, "pr": "batting_fielding_first=1;toss=2", "ds": 0, "ct": 0, "st": 0, "ck": 0, "cf": 0, "mds": "0", "dspi": 0}]}, {"type": "BATTING_FIELDING_SEQUENCE", "stats": [{"tt": "matches batting first", "sp": "2015-2020", "mt": 5, "in": 5, "pr": "batting_fielding_first=1", "ds": 1, "ct": 1, "st": 0, "ck": 0, "cf": 1, "mds": "1 (1ct 0st)", "dspi": 0.2}, {"tt": "matches fielding first", "sp": "2018-2018", "mt": 1, "in": 1, "pr": "batting_fielding_first=2", "ds": 0, "ct": 0, "st": 0, "ck": 0, "cf": 0, "mds": "0", "dspi": 0}]}, {"type": "TEAM_INNINGS", "stats": [{"tt": "1st team innings", "sp": "2015-2020", "mt": 6, "in": 6, "pr": "innings_number=2;innings_number=1", "ds": 1, "ct": 1, "st": 0, "ck": 0, "cf": 1, "mds": "1 (1ct 0st)", "dspi": 0.166}]}, {"type": "MATCH_INNINGS", "stats": [{"tt": "1st match innings", "sp": "2018-2018", "mt": 1, "in": 1, "pr": "innings_number=1", "ds": 0, "ct": 0, "st": 0, "ck": 0, "cf": 0, "mds": "0", "dspi": 0}, {"tt": "2nd match innings", "sp": "2015-2020", "mt": 5, "in": 5, "pr": "innings_number=2", "ds": 1, "ct": 1, "st": 0, "ck": 0, "cf": 1, "mds": "1 (1ct 0st)", "dspi": 0.2}]}, {"type": "FLOODLIT", "stats": [{"tt": "day match", "sp": "2015-2018", "mt": 3, "in": 3, "pr": "floodlit=1", "ds": 1, "ct": 1, "st": 0, "ck": 0, "cf": 1, "mds": "1 (1ct 0st)", "dspi": 0.333}, {"tt": "day/night match", "sp": "2018-2020", "mt": 3, "in": 3, "pr": "floodlit=2", "ds": 0, "ct": 0, "st": 0, "ck": 0, "cf": 0, "mds": "0", "dspi": 0}]}, {"type": "RESULT", "stats": [{"tt": "won match", "sp": "2015-2020", "mt": 3, "in": 3, "pr": "result=1", "ds": 1, "ct": 1, "st": 0, "ck": 0, "cf": 1, "mds": "1 (1ct 0st)", "dspi": 0.333}, {"tt": "lost match", "sp": "2018-2018", "mt": 3, "in": 3, "pr": "result=2", "ds": 0, "ct": 0, "st": 0, "ck": 0, "cf": 0, "mds": "0", "dspi": 0}]}, {"type": "BATTING_FIELDING_SEQUENCE_AND_RESULT", "stats": [{"tt": "won batting first", "sp": "2015-2020", "mt": 3, "in": 3, "pr": "batting_fielding_first=1;result=1", "ds": 1, "ct": 1, "st": 0, "ck": 0, "cf": 1, "mds": "1 (1ct 0st)", "dspi": 0.333}, {"tt": "lost batting first", "sp": "2018-2018", "mt": 2, "in": 2, "pr": "batting_fielding_first=1;result=2", "ds": 0, "ct": 0, "st": 0, "ck": 0, "cf": 0, "mds": "0", "dspi": 0}, {"tt": "lost fielding first", "sp": "2018-2018", "mt": 1, "in": 1, "pr": "batting_fielding_first=2;result=2", "ds": 0, "ct": 0, "st": 0, "ck": 0, "cf": 0, "mds": "0", "dspi": 0}]}, {"type": "TOURNAMENT_TYPE", "stats": [{"tt": "2 team series", "sp": "2018-2020", "mt": 4, "in": 4, "pr": "tournament_type=2", "ds": 0, "ct": 0, "st": 0, "ck": 0, "cf": 0, "mds": "0", "dspi": 0}, {"tt": "5+ team tournaments", "sp": "2015-2015", "mt": 2, "in": 2, "pr": "tournament_type=5", "ds": 1, "ct": 1, "st": 0, "ck": 0, "cf": 1, "mds": "1 (1ct 0st)", "dspi": 0.5}]}, {"type": "MATCH_NUMBER", "stats": [{"tt": "2nd match in series", "sp": "2018-2020", "mt": 2, "in": 2, "pr": "match_number=2", "ds": 0, "ct": 0, "st": 0, "ck": 0, "cf": 0, "mds": "0", "dspi": 0}, {"tt": "3rd match in series", "sp": "2018-2018", "mt": 1, "in": 1, "pr": "match_number=3", "ds": 0, "ct": 0, "st": 0, "ck": 0, "cf": 0, "mds": "0", "dspi": 0}, {"tt": "5th match in series", "sp": "2018-2018", "mt": 1, "in": 1, "pr": "match_number=5", "ds": 0, "ct": 0, "st": 0, "ck": 0, "cf": 0, "mds": "0", "dspi": 0}]}, {"type": "MAJOR_TROPHY", "stats": [{"tt": "WCL Championship", "sp": "2015-2015", "mt": 2, "in": 2, "pr": "trophy=155", "ds": 1, "ct": 1, "st": 0, "ck": 0, "cf": 1, "mds": "1 (1ct 0st)", "dspi": 0.5}]}]}}