{"summary": {"recordClassId": 3, "type": "BOWLING", "groups": [{"type": "CAREER_AVERAGES", "stats": [{"bl": null, "tt": "overview", "sp": "2014-2021", "mt": 30, "in": 6, "pr": null, "ov": 13, "cd": 95, "md": 0, "wk": 4, "fwk": 0, "fw": 0, "tw": 0, "bbi": "1/9", "bbm": "1/9", "bwa": 23.75, "bwe": 7.3, "bwsr": 19.5}]}, {"type": "TEAM", "stats": [{"bl": null, "tt": "Hong Kong", "sp": "2014-2016", "mt": 19, "in": 4, "pr": "team=19", "ov": 10, "cd": 77, "md": 0, "wk": 3, "fwk": 0, "fw": 0, "tw": 0, "bbi": "1/10", "bbm": "1/10", "bwa": 25.66, "bwe": 7.7, "bwsr": 20}, {"bl": null, "tt": "New Zealand", "sp": "2018-2021", "mt": 11, "in": 2, "pr": "team=5", "ov": 3, "cd": 18, "md": 0, "wk": 1, "fwk": 0, "fw": 0, "tw": 0, "bbi": "1/9", "bbm": "1/9", "bwa": 18, "bwe": 6, "bwsr": 18}]}, {"type": "OPPOSITION_TEAM", "stats": [{"bl": null, "tt": "vs Afghanistan", "sp": "2014-2016", "mt": 5, "in": 1, "pr": "opposition=40", "ov": 3, "cd": 24, "md": 0, "wk": 1, "fwk": 0, "fw": 0, "tw": 0, "bbi": "1/24", "bbm": "1/24", "bwa": 24, "bwe": 8, "bwsr": 18}, {"bl": null, "tt": "vs Australia", "sp": "2018-2021", "mt": 4, "in": 1, "pr": "opposition=2", "ov": 2, "cd": 9, "md": 0, "wk": 1, "fwk": 0, "fw": 0, "tw": 0, "bbi": "1/9", "bbm": "1/9", "bwa": 9, "bwe": 4.5, "bwsr": 12}, {"bl": null, "tt": "vs Bangladesh", "sp": "2014-2021", "mt": 4, "in": 1, "pr": "opposition=25", "ov": 1, "cd": 9, "md": 0, "wk": 0, "fwk": 0, "fw": 0, "tw": 0, "bbi": null, "bbm": null, "bwa": null, "bwe": 9, "bwsr": null}, {"bl": null, "tt": "vs England", "sp": "2018-2018", "mt": 2, "in": null, "pr": "opposition=1", "ov": null, "cd": null, "md": null, "wk": null, "fwk": null, "fw": null, "tw": null, "bbi": null, "bbm": null, "bwa": null, "bwe": null, "bwsr": null}, {"bl": null, "tt": "vs Ireland", "sp": "2015-2015", "mt": 1, "in": null, "pr": "opposition=29", "ov": null, "cd": null, "md": null, "wk": null, "fwk": null, "fw": null, "tw": null, "bbi": null, "bbm": null, "bwa": null, "bwe": null, "bwsr": null}, {"bl": null, "tt": "vs Nepal", "sp": "2014-2015", "mt": 2, "in": null, "pr": "opposition=32", "ov": null, "cd": null, "md": null, "wk": null, "fwk": null, "fw": null, "tw": null, "bbi": null, "bbm": null, "bwa": null, "bwe": null, "bwsr": null}, {"bl": null, "tt": "vs Oman", "sp": "2015-2016", "mt": 4, "in": 1, "pr": "opposition=37", "ov": 1, "cd": 10, "md": 0, "wk": 1, "fwk": 0, "fw": 0, "tw": 0, "bbi": "1/10", "bbm": "1/10", "bwa": 10, "bwe": 10, "bwsr": 6}, {"bl": null, "tt": "vs Pakistan", "sp": "2018-2020", "mt": 2, "in": null, "pr": "opposition=7", "ov": null, "cd": null, "md": null, "wk": null, "fwk": null, "fw": null, "tw": null, "bbi": null, "bbm": null, "bwa": null, "bwe": null, "bwsr": null}, {"bl": null, "tt": "vs Scotland", "sp": "2015-2016", "mt": 4, "in": 1, "pr": "opposition=30", "ov": 2, "cd": 19, "md": 0, "wk": 0, "fwk": 0, "fw": 0, "tw": 0, "bbi": null, "bbm": null, "bwa": null, "bwe": 9.5, "bwsr": null}, {"bl": null, "tt": "vs U.A.E.", "sp": "2016-2016", "mt": 1, "in": 1, "pr": "opposition=27", "ov": 4, "cd": 24, "md": 0, "wk": 1, "fwk": 0, "fw": 0, "tw": 0, "bbi": "1/24", "bbm": "1/24", "bwa": 24, "bwe": 6, "bwsr": 24}, {"bl": null, "tt": "vs Zimbabwe", "sp": "2016-2016", "mt": 1, "in": null, "pr": "opposition=9", "ov": null, "cd": null, "md": null, "wk": null, "fwk": null, "fw": null, "tw": null, "bbi": null, "bbm": null, "bwa": null, "bwe": null, "bwsr": null}]}, {"type": "HOST_COUNTRY", "stats": [{"bl": null, "tt": "in Bangladesh", "sp": "2014-2016", "mt": 6, "in": 3, "pr": "host=25", "ov": 8, "cd": 58, "md": 0, "wk": 3, "fwk": 0, "fw": 0, "tw": 0, "bbi": "1/10", "bbm": "1/10", "bwa": 19.33, "bwe": 7.25, "bwsr": 16}, {"bl": null, "tt": "in Hong Kong", "sp": "2016-2016", "mt": 2, "in": null, "pr": "host=19", "ov": null, "cd": null, "md": null, "wk": null, "fwk": null, "fw": null, "tw": null, "bbi": null, "bbm": null, "bwa": null, "bwe": null, "bwsr": null}, {"bl": null, "tt": "in India", "sp": "2016-2016", "mt": 3, "in": 1, "pr": "host=6", "ov": 2, "cd": 19, "md": 0, "wk": 0, "fwk": 0, "fw": 0, "tw": 0, "bbi": null, "bbm": null, "bwa": null, "bwe": 9.5, "bwsr": null}, {"bl": null, "tt": "in Ireland", "sp": "2015-2015", "mt": 4, "in": null, "pr": "host=29", "ov": null, "cd": null, "md": null, "wk": null, "fwk": null, "fw": null, "tw": null, "bbi": null, "bbm": null, "bwa": null, "bwe": null, "bwsr": null}, {"bl": null, "tt": "in New Zealand", "sp": "2018-2021", "mt": 10, "in": 2, "pr": "host=5", "ov": 3, "cd": 18, "md": 0, "wk": 1, "fwk": 0, "fw": 0, "tw": 0, "bbi": "1/9", "bbm": "1/9", "bwa": 18, "bwe": 6, "bwsr": 18}, {"bl": null, "tt": "in U.A.E.", "sp": "2015-2018", "mt": 5, "in": null, "pr": "host=27", "ov": null, "cd": null, "md": null, "wk": null, "fwk": null, "fw": null, "tw": null, "bbi": null, "bbm": null, "bwa": null, "bwe": null, "bwsr": null}]}, {"type": "CONTINENT", "stats": [{"bl": null, "tt": "in Asia", "sp": "2014-2018", "mt": 16, "in": 4, "pr": "continent=2", "ov": 10, "cd": 77, "md": 0, "wk": 3, "fwk": 0, "fw": 0, "tw": 0, "bbi": "1/10", "bbm": "1/10", "bwa": 25.66, "bwe": 7.7, "bwsr": 20}, {"bl": null, "tt": "in Europe", "sp": "2015-2015", "mt": 4, "in": null, "pr": "continent=4", "ov": null, "cd": null, "md": null, "wk": null, "fwk": null, "fw": null, "tw": null, "bbi": null, "bbm": null, "bwa": null, "bwe": null, "bwsr": null}, {"bl": null, "tt": "in Oceania", "sp": "2018-2021", "mt": 10, "in": 2, "pr": "continent=5", "ov": 3, "cd": 18, "md": 0, "wk": 1, "fwk": 0, "fw": 0, "tw": 0, "bbi": "1/9", "bbm": "1/9", "bwa": 18, "bwe": 6, "bwsr": 18}]}, {"type": "HOME_OR_AWAY", "stats": [{"bl": null, "tt": "home", "sp": "2016-2021", "mt": 12, "in": 2, "pr": "home_or_away=1", "ov": 3, "cd": 18, "md": 0, "wk": 1, "fwk": 0, "fw": 0, "tw": 0, "bbi": "1/9", "bbm": "1/9", "bwa": 18, "bwe": 6, "bwsr": 18}, {"bl": null, "tt": "away", "sp": "2014-2015", "mt": 2, "in": null, "pr": "home_or_away=2", "ov": null, "cd": null, "md": null, "wk": null, "fwk": null, "fw": null, "tw": null, "bbi": null, "bbm": null, "bwa": null, "bwe": null, "bwsr": null}, {"bl": null, "tt": "neutral", "sp": "2014-2018", "mt": 16, "in": 4, "pr": "home_or_away=3", "ov": 10, "cd": 77, "md": 0, "wk": 3, "fwk": 0, "fw": 0, "tw": 0, "bbi": "1/10", "bbm": "1/10", "bwa": 25.66, "bwe": 7.7, "bwsr": 20}]}, {"type": "YEAR", "stats": [{"bl": null, "tt": "year 2014", "sp": null, "mt": 3, "in": null, "pr": "year=2014", "ov": null, "cd": null, "md": null, "wk": null, "fwk": null, "fw": null, "tw": null, "bbi": null, "bbm": null, "bwa": null, "bwe": null, "bwsr": null}, {"bl": null, "tt": "year 2015", "sp": null, "mt": 8, "in": null, "pr": "year=2015", "ov": null, "cd": null, "md": null, "wk": null, "fwk": null, "fw": null, "tw": null, "bbi": null, "bbm": null, "bwa": null, "bwe": null, "bwsr": null}, {"bl": null, "tt": "year 2016", "sp": null, "mt": 8, "in": 4, "pr": "year=2016", "ov": 10, "cd": 77, "md": 0, "wk": 3, "fwk": 0, "fw": 0, "tw": 0, "bbi": "1/10", "bbm": "1/10", "bwa": 25.66, "bwe": 7.7, "bwsr": 20}, {"bl": null, "tt": "year 2018", "sp": null, "mt": 5, "in": null, "pr": "year=2018", "ov": null, "cd": null, "md": null, "wk": null, "fwk": null, "fw": null, "tw": null, "bbi": null, "bbm": null, "bwa": null, "bwe": null, "bwsr": null}, {"bl": null, "tt": "year 2020", "sp": null, "mt": 1, "in": null, "pr": "year=2020", "ov": null, "cd": null, "md": null, "wk": null, "fwk": null, "fw": null, "tw": null, "bbi": null, "bbm": null, "bwa": null, "bwe": null, "bwsr": null}, {"bl": null, "tt": "year 2021", "sp": null, "mt": 5, "in": 2, "pr": "year=2021", "ov": 3, "cd": 18, "md": 0, "wk": 1, "fwk": 0, "fw": 0, "tw": 0, "bbi": "1/9", "bbm": "1/9", "bwa": 18, "bwe": 6, "bwsr": 18}]}, {"type": "SEASON", "stats": [{"bl": null, "tt": "season 2013/14", "sp": null, "mt": 3, "in": null, "pr": "season=2013/14", "ov": null, "cd": null, "md": null, "wk": null, "fwk": null, "fw": null, "tw": null, "bbi": null, "bbm": null, "bwa": null, "bwe": null, "bwsr": null}, {"bl": null, "tt": "season 2015", "sp": null, "mt": 4, "in": null, "pr": "season=2015", "ov": null, "cd": null, "md": null, "wk": null, "fwk": null, "fw": null, "tw": null, "bbi": null, "bbm": null, "bwa": null, "bwe": null, "bwsr": null}, {"bl": null, "tt": "season 2015/16", "sp": null, "mt": 12, "in": 4, "pr": "season=2015/16", "ov": 10, "cd": 77, "md": 0, "wk": 3, "fwk": 0, "fw": 0, "tw": 0, "bbi": "1/10", "bbm": "1/10", "bwa": 25.66, "bwe": 7.7, "bwsr": 20}, {"bl": null, "tt": "season 2017/18", "sp": null, "mt": 4, "in": null, "pr": "season=2017/18", "ov": null, "cd": null, "md": null, "wk": null, "fwk": null, "fw": null, "tw": null, "bbi": null, "bbm": null, "bwa": null, "bwe": null, "bwsr": null}, {"bl": null, "tt": "season 2018/19", "sp": null, "mt": 1, "in": null, "pr": "season=2018/19", "ov": null, "cd": null, "md": null, "wk": null, "fwk": null, "fw": null, "tw": null, "bbi": null, "bbm": null, "bwa": null, "bwe": null, "bwsr": null}, {"bl": null, "tt": "season 2020/21", "sp": null, "mt": 6, "in": 2, "pr": "season=2020/21", "ov": 3, "cd": 18, "md": 0, "wk": 1, "fwk": 0, "fw": 0, "tw": 0, "bbi": "1/9", "bbm": "1/9", "bwa": 18, "bwe": 6, "bwsr": 18}]}, {"type": "CAPTAINS_INVOLVED", "stats": [{"bl": null, "tt": "*JJ Atkinson", "sp": "2014-2014", "mt": 3, "in": null, "pr": "captain_involve=51511", "ov": null, "cd": null, "md": null, "wk": null, "fwk": null, "fw": null, "tw": null, "bbi": null, "bbm": null, "bwa": null, "bwe": null, "bwsr": null}, {"bl": null, "tt": "*MJ Santner", "sp": "2020-2020", "mt": 1, "in": null, "pr": "captain_involve=64864", "ov": null, "cd": null, "md": null, "wk": null, "fwk": null, "fw": null, "tw": null, "bbi": null, "bbm": null, "bwa": null, "bwe": null, "bwsr": null}, {"bl": null, "tt": "*TG Southee", "sp": "2021-2021", "mt": 3, "in": 1, "pr": "captain_involve=49108", "ov": 1, "cd": 9, "md": 0, "wk": 0, "fwk": 0, "fw": 0, "tw": 0, "bbi": null, "bbm": null, "bwa": null, "bwe": 9, "bwsr": null}, {"bl": null, "tt": "*Tanwir Afzal", "sp": "2015-2016", "mt": 16, "in": 4, "pr": "captain_involve=49912", "ov": 10, "cd": 77, "md": 0, "wk": 3, "fwk": 0, "fw": 0, "tw": 0, "bbi": "1/10", "bbm": "1/10", "bwa": 25.66, "bwe": 7.7, "bwsr": 20}, {"bl": null, "tt": "*KS Williamson", "sp": "2018-2021", "mt": 7, "in": 1, "pr": "captain_involve=51088", "ov": 2, "cd": 9, "md": 0, "wk": 1, "fwk": 0, "fw": 0, "tw": 0, "bbi": "1/9", "bbm": "1/9", "bwa": 9, "bwe": 4.5, "bwsr": 12}]}, {"type": "CAPTAIN", "stats": [{"bl": null, "tt": "is not captain", "sp": "2014-2021", "mt": 30, "in": 6, "pr": "captain=0", "ov": 13, "cd": 95, "md": 0, "wk": 4, "fwk": 0, "fw": 0, "tw": 0, "bbi": "1/9", "bbm": "1/9", "bwa": 23.75, "bwe": 7.3, "bwsr": 19.5}]}, {"type": "KEEPER", "stats": [{"bl": null, "tt": "is not keeper", "sp": "2014-2021", "mt": 30, "in": 6, "pr": "keeper=0", "ov": 13, "cd": 95, "md": 0, "wk": 4, "fwk": 0, "fw": 0, "tw": 0, "bbi": "1/9", "bbm": "1/9", "bwa": 23.75, "bwe": 7.3, "bwsr": 19.5}]}, {"type": "TOSS", "stats": [{"bl": null, "tt": "won the toss", "sp": "2014-2021", "mt": 18, "in": 4, "pr": "toss=1", "ov": 10, "cd": 76, "md": 0, "wk": 2, "fwk": 0, "fw": 0, "tw": 0, "bbi": "1/24", "bbm": "1/24", "bwa": 38, "bwe": 7.6, "bwsr": 30}, {"bl": null, "tt": "lost the toss", "sp": "2015-2021", "mt": 12, "in": 2, "pr": "toss=2", "ov": 3, "cd": 19, "md": 0, "wk": 2, "fwk": 0, "fw": 0, "tw": 0, "bbi": "1/9", "bbm": "1/9", "bwa": 9.5, "bwe": 6.33, "bwsr": 9}]}, {"type": "BATTING_FIELDING_SEQUENCE_AND_TOSS", "stats": [{"bl": null, "tt": "won toss &amp; batted", "sp": "2014-2021", "mt": 7, "in": 3, "pr": "batting_fielding_first=1;toss=1", "ov": 7, "cd": 52, "md": 0, "wk": 1, "fwk": 0, "fw": 0, "tw": 0, "bbi": "1/24", "bbm": "1/24", "bwa": 52, "bwe": 7.42, "bwsr": 42}, {"bl": null, "tt": "won toss &amp; fielded", "sp": "2014-2021", "mt": 11, "in": 1, "pr": "batting_fielding_first=2;toss=1", "ov": 3, "cd": 24, "md": 0, "wk": 1, "fwk": 0, "fw": 0, "tw": 0, "bbi": "1/24", "bbm": "1/24", "bwa": 24, "bwe": 8, "bwsr": 18}, {"bl": null, "tt": "lost toss &amp; sent in", "sp": "2015-2021", "mt": 6, "in": null, "pr": "batting_fielding_first=1;toss=2", "ov": null, "cd": null, "md": null, "wk": null, "fwk": null, "fw": null, "tw": null, "bbi": null, "bbm": null, "bwa": null, "bwe": null, "bwsr": null}, {"bl": null, "tt": "lost toss &amp; fielded", "sp": "2015-2021", "mt": 6, "in": 2, "pr": "batting_fielding_first=2;toss=2", "ov": 3, "cd": 19, "md": 0, "wk": 2, "fwk": 0, "fw": 0, "tw": 0, "bbi": "1/9", "bbm": "1/9", "bwa": 9.5, "bwe": 6.33, "bwsr": 9}]}, {"type": "BATTING_FIELDING_SEQUENCE", "stats": [{"bl": null, "tt": "matches batting first", "sp": "2014-2021", "mt": 13, "in": 3, "pr": "batting_fielding_first=1", "ov": 7, "cd": 52, "md": 0, "wk": 1, "fwk": 0, "fw": 0, "tw": 0, "bbi": "1/24", "bbm": "1/24", "bwa": 52, "bwe": 7.42, "bwsr": 42}, {"bl": null, "tt": "matches fielding first", "sp": "2014-2021", "mt": 17, "in": 3, "pr": "batting_fielding_first=2", "ov": 6, "cd": 43, "md": 0, "wk": 3, "fwk": 0, "fw": 0, "tw": 0, "bbi": "1/9", "bbm": "1/9", "bwa": 14.33, "bwe": 7.16, "bwsr": 12}]}, {"type": "TEAM_INNINGS", "stats": [{"bl": null, "tt": "1st team innings", "sp": "2014-2021", "mt": 30, "in": 6, "pr": "innings_number=1;innings_number=2", "ov": 13, "cd": 95, "md": 0, "wk": 4, "fwk": 0, "fw": 0, "tw": 0, "bbi": "1/9", "bbm": "1/9", "bwa": 23.75, "bwe": 7.3, "bwsr": 19.5}]}, {"type": "MATCH_INNINGS", "stats": [{"bl": null, "tt": "1st match innings", "sp": "2014-2021", "mt": 17, "in": 3, "pr": "innings_number=1", "ov": 6, "cd": 43, "md": 0, "wk": 3, "fwk": 0, "fw": 0, "tw": 0, "bbi": "1/9", "bbm": "1/9", "bwa": 14.33, "bwe": 7.16, "bwsr": 12}, {"bl": null, "tt": "2nd match innings", "sp": "2014-2021", "mt": 13, "in": 3, "pr": "innings_number=2", "ov": 7, "cd": 52, "md": 0, "wk": 1, "fwk": 0, "fw": 0, "tw": 0, "bbi": "1/24", "bbm": "1/24", "bwa": 52, "bwe": 7.42, "bwsr": 42}]}, {"type": "FLOODLIT", "stats": [{"bl": null, "tt": "day match", "sp": "2015-2021", "mt": 14, "in": 4, "pr": "floodlit=1", "ov": 10, "cd": 66, "md": 0, "wk": 3, "fwk": 0, "fw": 0, "tw": 0, "bbi": "1/9", "bbm": "1/9", "bwa": 22, "bwe": 6.6, "bwsr": 20}, {"bl": null, "tt": "day/night match", "sp": "2014-2016", "mt": 2, "in": null, "pr": "floodlit=2", "ov": null, "cd": null, "md": null, "wk": null, "fwk": null, "fw": null, "tw": null, "bbi": null, "bbm": null, "bwa": null, "bwe": null, "bwsr": null}, {"bl": null, "tt": "night match", "sp": "2014-2021", "mt": 14, "in": 2, "pr": "floodlit=3", "ov": 3, "cd": 29, "md": 0, "wk": 1, "fwk": 0, "fw": 0, "tw": 0, "bbi": "1/10", "bbm": "1/10", "bwa": 29, "bwe": 9.66, "bwsr": 18}]}, {"type": "RESULT", "stats": [{"bl": null, "tt": "won match", "sp": "2014-2021", "mt": 13, "in": 2, "pr": "result=1", "ov": 3, "cd": 18, "md": 0, "wk": 1, "fwk": 0, "fw": 0, "tw": 0, "bbi": "1/9", "bbm": "1/9", "bwa": 18, "bwe": 6, "bwsr": 18}, {"bl": null, "tt": "lost match", "sp": "2014-2021", "mt": 17, "in": 4, "pr": "result=2", "ov": 10, "cd": 77, "md": 0, "wk": 3, "fwk": 0, "fw": 0, "tw": 0, "bbi": "1/10", "bbm": "1/10", "bwa": 25.66, "bwe": 7.7, "bwsr": 20}]}, {"type": "BATTING_FIELDING_SEQUENCE_AND_RESULT", "stats": [{"bl": null, "tt": "won batting first", "sp": "2015-2021", "mt": 5, "in": 1, "pr": "batting_fielding_first=1;result=1", "ov": 1, "cd": 9, "md": 0, "wk": 0, "fwk": 0, "fw": 0, "tw": 0, "bbi": null, "bbm": null, "bwa": null, "bwe": 9, "bwsr": null}, {"bl": null, "tt": "won fielding first", "sp": "2014-2021", "mt": 8, "in": 1, "pr": "batting_fielding_first=2;result=1", "ov": 2, "cd": 9, "md": 0, "wk": 1, "fwk": 0, "fw": 0, "tw": 0, "bbi": "1/9", "bbm": "1/9", "bwa": 9, "bwe": 4.5, "bwsr": 12}, {"bl": null, "tt": "lost batting first", "sp": "2014-2018", "mt": 8, "in": 2, "pr": "batting_fielding_first=1;result=2", "ov": 6, "cd": 43, "md": 0, "wk": 1, "fwk": 0, "fw": 0, "tw": 0, "bbi": "1/24", "bbm": "1/24", "bwa": 43, "bwe": 7.16, "bwsr": 36}, {"bl": null, "tt": "lost fielding first", "sp": "2014-2021", "mt": 9, "in": 2, "pr": "batting_fielding_first=2;result=2", "ov": 4, "cd": 34, "md": 0, "wk": 2, "fwk": 0, "fw": 0, "tw": 0, "bbi": "1/10", "bbm": "1/10", "bwa": 17, "bwe": 8.5, "bwsr": 12}]}, {"type": "TOURNAMENT_TYPE", "stats": [{"bl": null, "tt": "2 team series", "sp": "2015-2021", "mt": 13, "in": 2, "pr": "tournament_type=2", "ov": 3, "cd": 18, "md": 0, "wk": 1, "fwk": 0, "fw": 0, "tw": 0, "bbi": "1/9", "bbm": "1/9", "bwa": 18, "bwe": 6, "bwsr": 18}, {"bl": null, "tt": "3-4 team tournaments", "sp": "2018-2018", "mt": 4, "in": null, "pr": "tournament_type=3", "ov": null, "cd": null, "md": null, "wk": null, "fwk": null, "fw": null, "tw": null, "bbi": null, "bbm": null, "bwa": null, "bwe": null, "bwsr": null}, {"bl": null, "tt": "5+ team tournaments", "sp": "2014-2016", "mt": 13, "in": 4, "pr": "tournament_type=5", "ov": 10, "cd": 77, "md": 0, "wk": 3, "fwk": 0, "fw": 0, "tw": 0, "bbi": "1/10", "bbm": "1/10", "bwa": 25.66, "bwe": 7.7, "bwsr": 20}]}, {"type": "MATCH_NUMBER", "stats": [{"bl": null, "tt": "only match in series", "sp": "2015-2015", "mt": 1, "in": null, "pr": "match_number=0", "ov": null, "cd": null, "md": null, "wk": null, "fwk": null, "fw": null, "tw": null, "bbi": null, "bbm": null, "bwa": null, "bwe": null, "bwsr": null}, {"bl": null, "tt": "1st match in series", "sp": "2015-2021", "mt": 4, "in": 1, "pr": "match_number=1", "ov": 1, "cd": 9, "md": 0, "wk": 0, "fwk": 0, "fw": 0, "tw": 0, "bbi": null, "bbm": null, "bwa": null, "bwe": 9, "bwsr": null}, {"bl": null, "tt": "2nd match in series", "sp": "2015-2021", "mt": 3, "in": null, "pr": "match_number=2", "ov": null, "cd": null, "md": null, "wk": null, "fwk": null, "fw": null, "tw": null, "bbi": null, "bbm": null, "bwa": null, "bwe": null, "bwsr": null}, {"bl": null, "tt": "3rd match in series", "sp": "2015-2021", "mt": 4, "in": null, "pr": "match_number=3", "ov": null, "cd": null, "md": null, "wk": null, "fwk": null, "fw": null, "tw": null, "bbi": null, "bbm": null, "bwa": null, "bwe": null, "bwsr": null}, {"bl": null, "tt": "5th match in series", "sp": "2021-2021", "mt": 1, "in": 1, "pr": "match_number=5", "ov": 2, "cd": 9, "md": 0, "wk": 1, "fwk": 0, "fw": 0, "tw": 0, "bbi": "1/9", "bbm": "1/9", "bwa": 9, "bwe": 4.5, "bwsr": 12}]}, {"type": "MAJOR_TROPHY", "stats": [{"bl": null, "tt": "Asia Cup", "sp": "2016-2016", "mt": 3, "in": 3, "pr": "trophy=14", "ov": 8, "cd": 58, "md": 0, "wk": 3, "fwk": 0, "fw": 0, "tw": 0, "bbi": "1/10", "bbm": "1/10", "bwa": 19.33, "bwe": 7.25, "bwsr": 16}, {"bl": null, "tt": "Men's T20 World Cup", "sp": "2014-2016", "mt": 6, "in": 1, "pr": "trophy=89", "ov": 2, "cd": 19, "md": 0, "wk": 0, "fwk": 0, "fw": 0, "tw": 0, "bbi": null, "bbm": null, "bwa": null, "bwe": 9.5, "bwsr": null}]}, {"type": "FINAL_TYPE", "stats": [{"bl": null, "tt": "tournament finals", "sp": "2018-2018", "mt": 1, "in": null, "pr": "final_type=1", "ov": null, "cd": null, "md": null, "wk": null, "fwk": null, "fw": null, "tw": null, "bbi": null, "bbm": null, "bwa": null, "bwe": null, "bwsr": null}, {"bl": null, "tt": "tournament semi-finals", "sp": "2015-2015", "mt": 1, "in": null, "pr": "final_type=3", "ov": null, "cd": null, "md": null, "wk": null, "fwk": null, "fw": null, "tw": null, "bbi": null, "bbm": null, "bwa": null, "bwe": null, "bwsr": null}, {"bl": null, "tt": "preliminary matches", "sp": "2014-2018", "mt": 15, "in": 4, "pr": "final_type=0", "ov": 10, "cd": 77, "md": 0, "wk": 3, "fwk": 0, "fw": 0, "tw": 0, "bbi": "1/10", "bbm": "1/10", "bwa": 25.66, "bwe": 7.7, "bwsr": 20}]}, {"type": "BOWLING_POSITION", "stats": [{"bl": null, "tt": "3rd position", "sp": "2016-2016", "mt": 1, "in": 1, "pr": "bowling_positionval1=bowling_position;bowling_positionmin1=3;bowling_positionmax1=3", "ov": 4, "cd": 24, "md": 0, "wk": 1, "fwk": 0, "fw": 0, "tw": 0, "bbi": "1/24", "bbm": "1/24", "bwa": 24, "bwe": 6, "bwsr": 24}, {"bl": null, "tt": "4th position", "sp": "2016-2021", "mt": 3, "in": 3, "pr": "bowling_positionval1=bowling_position;bowling_positionmin1=4;bowling_positionmax1=4", "ov": 7, "cd": 52, "md": 0, "wk": 2, "fwk": 0, "fw": 0, "tw": 0, "bbi": "1/9", "bbm": "1/9", "bwa": 26, "bwe": 7.42, "bwsr": 21}, {"bl": null, "tt": "5th position", "sp": "2021-2021", "mt": 1, "in": 1, "pr": "bowling_positionval1=bowling_position;bowling_positionmin1=5;bowling_positionmax1=5", "ov": 1, "cd": 9, "md": 0, "wk": 0, "fwk": 0, "fw": 0, "tw": 0, "bbi": null, "bbm": null, "bwa": null, "bwe": 9, "bwsr": null}, {"bl": null, "tt": "6th position", "sp": "2016-2016", "mt": 1, "in": 1, "pr": "bowling_positionval1=bowling_position;bowling_positionmin1=6;bowling_positionmax1=6", "ov": 1, "cd": 10, "md": 0, "wk": 1, "fwk": 0, "fw": 0, "tw": 0, "bbi": "1/10", "bbm": "1/10", "bwa": 10, "bwe": 10, "bwsr": 6}]}]}}