{"player": {"id": 49108, "objectId": 232364, "name": "TG Southee", "longName": "Tim Southee", "mobileName": "Southee", "indexName": "Southee, TG", "battingName": "TG Southee", "fieldingName": "Southee", "slug": "tim-southee", "gender": "M", "playingRole": "bowler", "battingStyles": ["rhb"], "bowlingStyles": ["rmf"], "longBattingStyles": ["right-hand bat"], "longBowlingStyles": ["right-arm medium-fast"], "image": {"id": 303610, "objectId": 1222384, "slug": "tim-southee-portrait", "url": "/db/PICTURES/CMS/303600/303610.png", "width": 160, "height": 202, "caption": "Tim Southee portrait", "longCaption": "Tim Southee portrait, May 2020", "credit": "Getty Images", "photographer": null, "peerUrls": null}, "countryTeamId": 5, "playingRoleType": "P", "playingRoles": ["bowler"], "dateOfBirth": {"year": 1988, "month": 12, "date": 11}, "dateOfDeath": null, "fullName": "Timothy Grant Southee", "nickNames": "", "alsoKnownAs": "", "height": 0, "heightUnit": null, "education": "", "country": {"id": 5, "objectId": 5, "name": "New Zealand", "shortName": "New Zealand", "image": {"id": 313127, "objectId": 1241586, "slug": "new-zealand-logo", "url": "/db/PICTURES/CMS/313100/313127.logo.png", "width": 500, "height": 500, "caption": "New Zealand logo", "longCaption": "New Zealand logo", "credit": null, "photographer": null, "peerUrls": null}}, "altCountryTeamId": null, "placeOfBirth": "Whangarei, Northland", "dobText": null, "dodText": null, "placeOfDeath": "", "intlCareerSpan": "2008 - 2021", "headshotImage": {"id": 316596, "objectId": 1251225, "slug": "tg-southee-headshot", "url": "/db/PICTURES/CMS/316500/316596.png", "width": 600, "height": 436, "caption": "TG Southee headshot", "longCaption": "TG Southee headshot", "credit": null, "photographer": null, "peerUrls": {"FILM": null, "WIDE": null, "SQUARE": null}}, "backgroundImage": {"id": 206313, "objectId": 835131, "slug": "tim-southee-acknowledges-the-crowd-after-his-career-best-figures", "url": "/db/PICTURES/CMS/206300/206313.jpg", "width": 900, "height": 713, "caption": "Tim Southee acknowledges the crowd after his career-best figures", "longCaption": "Tim Southee acknowledges the crowd after his career-best figures, New Zealand v England, World Cup 2015, Group A, Wellington, February 20, 2015", "credit": "Associated Press", "photographer": null, "peerUrls": {"FILM": null, "WIDE": "/db/PICTURES/CMS/206300/206313.3.jpg", "SQUARE": null}}, "externalLinks": [], "fieldingStyles": [], "otherStyles": [], "matchPlayerTypes": [1], "hasRecords": true, "hasStats": true, "hasMatches": true, "totalStories": 303, "totalVideos": 47, "totalImages": 498}, "teams": [{"team": {"id": 5, "objectId": 5, "scribeId": 5, "slug": "new-zealand", "name": "New Zealand", "longName": "New Zealand", "abbreviation": "NZ", "isCountry": true, "primaryColor": "#000000", "image": {"id": 313127, "objectId": 1241586, "slug": "new-zealand-logo", "url": "/db/PICTURES/CMS/313100/313127.logo.png", "width": 500, "height": 500, "caption": "New Zealand logo", "longCaption": "New Zealand logo", "credit": null, "photographer": null, "peerUrls": null}}, "current": false}, {"team": {"id": 4343, "objectId": 335974, "scribeId": 335974, "slug": "chennai-super-kings", "name": "Super Kings", "longName": "Chennai Super Kings", "abbreviation": "CSK", "isCountry": false, "primaryColor": "#fdb913", "image": {"id": 313421, "objectId": 1241880, "slug": "chennai-super-kings-logo", "url": "/db/PICTURES/CMS/313400/313421.logo.png", "width": 500, "height": 500, "caption": "Chennai Super Kings logo", "longCaption": "Chennai Super Kings logo", "credit": null, "photographer": null, "peerUrls": null}}, "current": false}, {"team": {"id": 1035, "objectId": 984, "scribeId": 984, "slug": "essex", "name": "Essex", "longName": "Essex", "abbreviation": "ESSEX", "isCountry": false, "primaryColor": null, "image": {"id": 313263, "objectId": 1241722, "slug": "essex-logo", "url": "/db/PICTURES/CMS/313200/313263.logo.png", "width": 500, "height": 500, "caption": "Essex logo", "longCaption": "Essex logo", "credit": null, "photographer": null, "peerUrls": null}}, "current": false}, {"team": {"id": 4346, "objectId": 335978, "scribeId": 335978, "slug": "mumbai-indians", "name": "Mum Indians", "longName": "Mumbai Indians", "abbreviation": "MI", "isCountry": false, "primaryColor": "#005ea0", "image": {"id": 317995, "objectId": 1254984, "slug": "mumbai-indians-team-logo", "url": "/db/PICTURES/CMS/317900/317995.png", "width": 500, "height": 500, "caption": "Mumbai Indians team logo", "longCaption": "Mumbai Indians team logo", "credit": "Unknown", "photographer": null, "peerUrls": null}}, "current": false}, {"team": {"id": 2611, "objectId": 2560, "scribeId": 2560, "slug": "new-zealand-under-19s-young-cricketers", "name": "NZ U19", "longName": "New Zealand Under-19s", "abbreviation": "NZ19", "isCountry": false, "primaryColor": null, "image": {"id": 313334, "objectId": 1241793, "slug": "new-zealand-under-19s-young-cricketers-logo", "url": "/db/PICTURES/CMS/313300/313334.logo.png", "width": 500, "height": 500, "caption": "New Zealand Under-19s (Young Cricketers) logo", "longCaption": "New Zealand Under-19s (Young Cricketers) logo", "credit": null, "photographer": null, "peerUrls": null}}, "current": false}, {"team": {"id": 2567, "objectId": 2516, "scribeId": 2516, "slug": "northern-districts", "name": "Northern Dis", "longName": "Northern Districts", "abbreviation": "ND", "isCountry": false, "primaryColor": null, "image": {"id": 313332, "objectId": 1241791, "slug": "northern-districts-logo", "url": "/db/PICTURES/CMS/313300/313332.logo.png", "width": 500, "height": 500, "caption": "Northern Districts logo", "longCaption": "Northern Districts logo", "credit": null, "photographer": null, "peerUrls": null}}, "current": false}, {"team": {"id": 4345, "objectId": 335977, "scribeId": 335977, "slug": "rajasthan-royals", "name": "Royals", "longName": "Rajasthan Royals", "abbreviation": "RR", "isCountry": false, "primaryColor": "#004b8c", "image": {"id": 313423, "objectId": 1241882, "slug": "rajasthan-royals-logo", "url": "/db/PICTURES/CMS/313400/313423.logo.png", "width": 500, "height": 500, "caption": "Rajasthan Royals logo", "longCaption": "Rajasthan Royals logo", "credit": null, "photographer": null, "peerUrls": null}}, "current": false}, {"team": {"id": 4340, "objectId": 335970, "scribeId": 335970, "slug": "royal-challengers-bangalore", "name": "RCB", "longName": "Royal Challengers Bangalore", "abbreviation": "RCB", "isCountry": false, "primaryColor": "#ef4022", "image": {"id": 313418, "objectId": 1241877, "slug": "royal-challengers-bangalore-logo", "url": "/db/PICTURES/CMS/313400/313418.logo.png", "width": 500, "height": 500, "caption": "Royal Challengers Bangalore logo", "longCaption": "Royal Challengers Bangalore logo", "credit": null, "photographer": null, "peerUrls": null}}, "current": false}, {"team": {"id": 6538, "objectId": 1150151, "scribeId": 1150151, "slug": "vancouver-knights", "name": "VK", "longName": "Vancouver Knights", "abbreviation": "VK", "isCountry": false, "primaryColor": null, "image": {"id": 313562, "objectId": 1242021, "slug": "vancouver-knights-logo", "url": "/db/PICTURES/CMS/313500/313562.logo.png", "width": 500, "height": 500, "caption": "Vancouver Knights logo", "longCaption": "Vancouver Knights logo", "credit": null, "photographer": null, "peerUrls": null}}, "current": false}]}