{"summary": {"recordClassId": 2, "type": "BOWLING", "groups": [{"type": "CAREER_AVERAGES", "stats": [{"bl": null, "tt": "overview", "sp": "2008-2020", "mt": 143, "in": 141, "pr": null, "ov": 1199.1, "cd": 6558, "md": 74, "wk": 190, "fwk": 4, "fw": 3, "tw": 0, "bbi": "7/33", "bbm": "7/33", "bwa": 34.51, "bwe": 5.46, "bwsr": 37.8}]}, {"type": "OPPOSITION_TEAM", "stats": [{"bl": null, "tt": "vs Afghanistan", "sp": "2015-2015", "mt": 1, "in": 1, "pr": "opposition=40", "ov": 10, "cd": 43, "md": 0, "wk": 0, "fwk": 0, "fw": 0, "tw": 0, "bbi": null, "bbm": null, "bwa": null, "bwe": 4.3, "bwsr": null}, {"bl": null, "tt": "vs Australia", "sp": "2009-2017", "mt": 19, "in": 19, "pr": "opposition=2", "ov": 159.1, "cd": 936, "md": 5, "wk": 15, "fwk": 1, "fw": 0, "tw": 0, "bbi": "4/36", "bbm": "4/36", "bwa": 62.4, "bwe": 5.88, "bwsr": 63.6}, {"bl": null, "tt": "vs Bangladesh", "sp": "2008-2019", "mt": 15, "in": 15, "pr": "opposition=25", "ov": 132.1, "cd": 623, "md": 14, "wk": 22, "fwk": 0, "fw": 1, "tw": 0, "bbi": "6/65", "bbm": "6/65", "bwa": 28.31, "bwe": 4.71, "bwsr": 36}, {"bl": null, "tt": "vs Canada", "sp": "2011-2011", "mt": 1, "in": 1, "pr": "opposition=17", "ov": 10, "cd": 36, "md": 1, "wk": 1, "fwk": 0, "fw": 0, "tw": 0, "bbi": "1/36", "bbm": "1/36", "bwa": 36, "bwe": 3.6, "bwsr": 60}, {"bl": null, "tt": "vs England", "sp": "2008-2019", "mt": 21, "in": 21, "pr": "opposition=1", "ov": 182.5, "cd": 1055, "md": 10, "wk": 36, "fwk": 1, "fw": 1, "tw": 0, "bbi": "7/33", "bbm": "7/33", "bwa": 29.3, "bwe": 5.77, "bwsr": 30.4}, {"bl": null, "tt": "vs India", "sp": "2009-2020", "mt": 21, "in": 20, "pr": "opposition=6", "ov": 186, "cd": 1156, "md": 8, "wk": 30, "fwk": 2, "fw": 0, "tw": 0, "bbi": "4/49", "bbm": "4/49", "bwa": 38.53, "bwe": 6.21, "bwsr": 37.2}, {"bl": null, "tt": "vs Ireland", "sp": "2008-2008", "mt": 1, "in": 1, "pr": "opposition=29", "ov": 6, "cd": 22, "md": 0, "wk": 3, "fwk": 0, "fw": 0, "tw": 0, "bbi": "3/22", "bbm": "3/22", "bwa": 7.33, "bwe": 3.66, "bwsr": 12}, {"bl": null, "tt": "vs Kenya", "sp": "2011-2011", "mt": 1, "in": 1, "pr": "opposition=26", "ov": 6, "cd": 13, "md": 0, "wk": 3, "fwk": 0, "fw": 0, "tw": 0, "bbi": "3/13", "bbm": "3/13", "bwa": 4.33, "bwe": 2.16, "bwsr": 12}, {"bl": null, "tt": "vs Pakistan", "sp": "2009-2018", "mt": 17, "in": 17, "pr": "opposition=7", "ov": 142.1, "cd": 689, "md": 8, "wk": 25, "fwk": 0, "fw": 1, "tw": 0, "bbi": "5/33", "bbm": "5/33", "bwa": 27.56, "bwe": 4.84, "bwsr": 34.1}, {"bl": null, "tt": "vs Scotland", "sp": "2008-2015", "mt": 2, "in": 2, "pr": "opposition=30", "ov": 12, "cd": 47, "md": 3, "wk": 2, "fwk": 0, "fw": 0, "tw": 0, "bbi": "2/35", "bbm": "2/35", "bwa": 23.5, "bwe": 3.91, "bwsr": 36}, {"bl": null, "tt": "vs South Africa", "sp": "2011-2017", "mt": 11, "in": 11, "pr": "opposition=3", "ov": 100.3, "cd": 586, "md": 3, "wk": 9, "fwk": 0, "fw": 0, "tw": 0, "bbi": "2/47", "bbm": "2/47", "bwa": 65.11, "bwe": 5.83, "bwsr": 67}, {"bl": null, "tt": "vs Sri Lanka", "sp": "2010-2019", "mt": 16, "in": 15, "pr": "opposition=8", "ov": 115.1, "cd": 654, "md": 7, "wk": 23, "fwk": 0, "fw": 0, "tw": 0, "bbi": "3/18", "bbm": "3/18", "bwa": 28.43, "bwe": 5.67, "bwsr": 30}, {"bl": null, "tt": "vs West Indies", "sp": "2008-2017", "mt": 14, "in": 14, "pr": "opposition=4", "ov": 109.5, "cd": 592, "md": 12, "wk": 17, "fwk": 0, "fw": 0, "tw": 0, "bbi": "3/37", "bbm": "3/37", "bwa": 34.82, "bwe": 5.38, "bwsr": 38.7}, {"bl": null, "tt": "vs Zimbabwe", "sp": "2011-2012", "mt": 3, "in": 3, "pr": "opposition=9", "ov": 27.2, "cd": 106, "md": 3, "wk": 4, "fwk": 0, "fw": 0, "tw": 0, "bbi": "3/29", "bbm": "3/29", "bwa": 26.5, "bwe": 3.87, "bwsr": 41}]}, {"type": "HOST_COUNTRY", "stats": [{"bl": null, "tt": "in Australia", "sp": "2009-2016", "mt": 8, "in": 8, "pr": "host=2", "ov": 73, "cd": 426, "md": 2, "wk": 5, "fwk": 0, "fw": 0, "tw": 0, "bbi": "2/63", "bbm": "2/63", "bwa": 85.2, "bwe": 5.83, "bwsr": 87.6}, {"bl": null, "tt": "in Bangladesh", "sp": "2008-2013", "mt": 8, "in": 8, "pr": "host=25", "ov": 67, "cd": 294, "md": 4, "wk": 6, "fwk": 0, "fw": 0, "tw": 0, "bbi": "3/34", "bbm": "3/34", "bwa": 49, "bwe": 4.38, "bwsr": 67}, {"bl": null, "tt": "in England", "sp": "2008-2019", "mt": 17, "in": 17, "pr": "host=1", "ov": 135.5, "cd": 774, "md": 10, "wk": 26, "fwk": 1, "fw": 0, "tw": 0, "bbi": "4/38", "bbm": "4/38", "bwa": 29.76, "bwe": 5.69, "bwsr": 31.3}, {"bl": null, "tt": "in India", "sp": "2010-2017", "mt": 16, "in": 15, "pr": "host=6", "ov": 136.5, "cd": 742, "md": 7, "wk": 25, "fwk": 0, "fw": 0, "tw": 0, "bbi": "3/13", "bbm": "3/13", "bwa": 29.68, "bwe": 5.42, "bwsr": 32.8}, {"bl": null, "tt": "in New Zealand", "sp": "2008-2020", "mt": 74, "in": 73, "pr": "host=5", "ov": 629.4, "cd": 3597, "md": 36, "wk": 94, "fwk": 2, "fw": 3, "tw": 0, "bbi": "7/33", "bbm": "7/33", "bwa": 38.26, "bwe": 5.71, "bwsr": 40.1}, {"bl": null, "tt": "in Scotland", "sp": "2008-2008", "mt": 2, "in": 2, "pr": "host=30", "ov": 10, "cd": 34, "md": 0, "wk": 3, "fwk": 0, "fw": 0, "tw": 0, "bbi": "3/22", "bbm": "3/22", "bwa": 11.33, "bwe": 3.4, "bwsr": 20}, {"bl": null, "tt": "in Sri Lanka", "sp": "2010-2012", "mt": 8, "in": 8, "pr": "host=8", "ov": 57.3, "cd": 288, "md": 7, "wk": 16, "fwk": 1, "fw": 0, "tw": 0, "bbi": "4/49", "bbm": "4/49", "bwa": 18, "bwe": 5, "bwsr": 21.5}, {"bl": null, "tt": "in U.A.E.", "sp": "2009-2018", "mt": 5, "in": 5, "pr": "host=27", "ov": 46.3, "cd": 207, "md": 3, "wk": 5, "fwk": 0, "fw": 0, "tw": 0, "bbi": "2/26", "bbm": "2/26", "bwa": 41.4, "bwe": 4.45, "bwsr": 55.8}, {"bl": null, "tt": "in West Indies", "sp": "2012-2012", "mt": 5, "in": 5, "pr": "host=4", "ov": 42.5, "cd": 196, "md": 5, "wk": 10, "fwk": 0, "fw": 0, "tw": 0, "bbi": "3/37", "bbm": "3/37", "bwa": 19.6, "bwe": 4.57, "bwsr": 25.7}]}, {"type": "CONTINENT", "stats": [{"bl": null, "tt": "in Americas", "sp": "2012-2012", "mt": 5, "in": 5, "pr": "continent=3", "ov": 42.5, "cd": 196, "md": 5, "wk": 10, "fwk": 0, "fw": 0, "tw": 0, "bbi": "3/37", "bbm": "3/37", "bwa": 19.6, "bwe": 4.57, "bwsr": 25.7}, {"bl": null, "tt": "in Asia", "sp": "2008-2018", "mt": 37, "in": 36, "pr": "continent=2", "ov": 307.5, "cd": 1531, "md": 21, "wk": 52, "fwk": 1, "fw": 0, "tw": 0, "bbi": "4/49", "bbm": "4/49", "bwa": 29.44, "bwe": 4.97, "bwsr": 35.5}, {"bl": null, "tt": "in Europe", "sp": "2008-2019", "mt": 19, "in": 19, "pr": "continent=4", "ov": 145.5, "cd": 808, "md": 10, "wk": 29, "fwk": 1, "fw": 0, "tw": 0, "bbi": "4/38", "bbm": "4/38", "bwa": 27.86, "bwe": 5.54, "bwsr": 30.1}, {"bl": null, "tt": "in Oceania", "sp": "2008-2020", "mt": 82, "in": 81, "pr": "continent=5", "ov": 702.4, "cd": 4023, "md": 38, "wk": 99, "fwk": 2, "fw": 3, "tw": 0, "bbi": "7/33", "bbm": "7/33", "bwa": 40.63, "bwe": 5.72, "bwsr": 42.5}]}, {"type": "HOME_OR_AWAY", "stats": [{"bl": null, "tt": "home", "sp": "2008-2020", "mt": 74, "in": 73, "pr": "home_or_away=1", "ov": 629.4, "cd": 3597, "md": 36, "wk": 94, "fwk": 2, "fw": 3, "tw": 0, "bbi": "7/33", "bbm": "7/33", "bwa": 38.26, "bwe": 5.71, "bwsr": 40.1}, {"bl": null, "tt": "away", "sp": "2008-2019", "mt": 51, "in": 50, "pr": "home_or_away=2", "ov": 421.4, "cd": 2317, "md": 23, "wk": 66, "fwk": 1, "fw": 0, "tw": 0, "bbi": "4/38", "bbm": "4/38", "bwa": 35.1, "bwe": 5.49, "bwsr": 38.3}, {"bl": null, "tt": "neutral", "sp": "2008-2018", "mt": 18, "in": 18, "pr": "home_or_away=3", "ov": 147.5, "cd": 644, "md": 15, "wk": 30, "fwk": 1, "fw": 0, "tw": 0, "bbi": "4/49", "bbm": "4/49", "bwa": 21.46, "bwe": 4.35, "bwsr": 29.5}]}, {"type": "YEAR", "stats": [{"bl": null, "tt": "year 2008", "sp": null, "mt": 11, "in": 11, "pr": "year=2008", "ov": 89.4, "cd": 418, "md": 4, "wk": 20, "fwk": 1, "fw": 0, "tw": 0, "bbi": "4/38", "bbm": "4/38", "bwa": 20.9, "bwe": 4.66, "bwsr": 26.9}, {"bl": null, "tt": "year 2009", "sp": null, "mt": 13, "in": 13, "pr": "year=2009", "ov": 109.2, "cd": 633, "md": 5, "wk": 10, "fwk": 0, "fw": 0, "tw": 0, "bbi": "2/26", "bbm": "2/26", "bwa": 63.3, "bwe": 5.78, "bwsr": 65.6}, {"bl": null, "tt": "year 2010", "sp": null, "mt": 14, "in": 13, "pr": "year=2010", "ov": 100.1, "cd": 572, "md": 4, "wk": 15, "fwk": 2, "fw": 0, "tw": 0, "bbi": "4/36", "bbm": "4/36", "bwa": 38.13, "bwe": 5.71, "bwsr": 40}, {"bl": null, "tt": "year 2011", "sp": null, "mt": 13, "in": 13, "pr": "year=2011", "ov": 111.5, "cd": 529, "md": 9, "wk": 25, "fwk": 0, "fw": 1, "tw": 0, "bbi": "5/33", "bbm": "5/33", "bwa": 21.16, "bwe": 4.73, "bwsr": 26.8}, {"bl": null, "tt": "year 2012", "sp": null, "mt": 13, "in": 13, "pr": "year=2012", "ov": 102.2, "cd": 514, "md": 7, "wk": 17, "fwk": 0, "fw": 0, "tw": 0, "bbi": "3/18", "bbm": "3/18", "bwa": 30.23, "bwe": 5.02, "bwsr": 36.1}, {"bl": null, "tt": "year 2013", "sp": null, "mt": 8, "in": 8, "pr": "year=2013", "ov": 69, "cd": 334, "md": 9, "wk": 10, "fwk": 0, "fw": 0, "tw": 0, "bbi": "3/34", "bbm": "3/34", "bwa": 33.4, "bwe": 4.84, "bwsr": 41.4}, {"bl": null, "tt": "year 2014", "sp": null, "mt": 8, "in": 8, "pr": "year=2014", "ov": 71.2, "cd": 389, "md": 5, "wk": 10, "fwk": 1, "fw": 0, "tw": 0, "bbi": "4/72", "bbm": "4/72", "bwa": 38.9, "bwe": 5.45, "bwsr": 42.8}, {"bl": null, "tt": "year 2015", "sp": null, "mt": 19, "in": 18, "pr": "year=2015", "ov": 154, "cd": 929, "md": 9, "wk": 28, "fwk": 0, "fw": 1, "tw": 0, "bbi": "7/33", "bbm": "7/33", "bwa": 33.17, "bwe": 6.03, "bwsr": 33}, {"bl": null, "tt": "year 2016", "sp": null, "mt": 10, "in": 10, "pr": "year=2016", "ov": 96.2, "cd": 509, "md": 7, "wk": 14, "fwk": 0, "fw": 0, "tw": 0, "bbi": "3/40", "bbm": "3/40", "bwa": 36.35, "bwe": 5.28, "bwsr": 41.2}, {"bl": null, "tt": "year 2017", "sp": null, "mt": 14, "in": 14, "pr": "year=2017", "ov": 125.2, "cd": 737, "md": 5, "wk": 17, "fwk": 0, "fw": 0, "tw": 0, "bbi": "3/45", "bbm": "3/45", "bwa": 43.35, "bwe": 5.88, "bwsr": 44.2}, {"bl": null, "tt": "year 2018", "sp": null, "mt": 12, "in": 12, "pr": "year=2018", "ov": 100.4, "cd": 524, "md": 7, "wk": 11, "fwk": 0, "fw": 0, "tw": 0, "bbi": "3/22", "bbm": "3/22", "bwa": 47.63, "bwe": 5.2, "bwsr": 54.9}, {"bl": null, "tt": "year 2019", "sp": null, "mt": 5, "in": 5, "pr": "year=2019", "ov": 40.1, "cd": 285, "md": 1, "wk": 9, "fwk": 0, "fw": 1, "tw": 0, "bbi": "6/65", "bbm": "6/65", "bwa": 31.66, "bwe": 7.09, "bwsr": 26.7}, {"bl": null, "tt": "year 2020", "sp": null, "mt": 3, "in": 3, "pr": "year=2020", "ov": 29, "cd": 185, "md": 2, "wk": 4, "fwk": 0, "fw": 0, "tw": 0, "bbi": "2/41", "bbm": "2/41", "bwa": 46.25, "bwe": 6.37, "bwsr": 43.5}]}, {"type": "SEASON", "stats": [{"bl": null, "tt": "season 2008", "sp": null, "mt": 7, "in": 7, "pr": "season=2008", "ov": 54, "cd": 271, "md": 4, "wk": 16, "fwk": 1, "fw": 0, "tw": 0, "bbi": "4/38", "bbm": "4/38", "bwa": 16.93, "bwe": 5.01, "bwsr": 20.2}, {"bl": null, "tt": "season 2008/09", "sp": null, "mt": 14, "in": 14, "pr": "season=2008/09", "ov": 117, "cd": 652, "md": 3, "wk": 10, "fwk": 0, "fw": 0, "tw": 0, "bbi": "2/33", "bbm": "2/33", "bwa": 65.2, "bwe": 5.57, "bwsr": 70.2}, {"bl": null, "tt": "season 2009/10", "sp": null, "mt": 10, "in": 10, "pr": "season=2009/10", "ov": 87.1, "cd": 456, "md": 4, "wk": 13, "fwk": 1, "fw": 0, "tw": 0, "bbi": "4/36", "bbm": "4/36", "bwa": 35.07, "bwe": 5.23, "bwsr": 40.2}, {"bl": null, "tt": "season 2010", "sp": null, "mt": 2, "in": 2, "pr": "season=2010", "ov": 16, "cd": 90, "md": 2, "wk": 5, "fwk": 1, "fw": 0, "tw": 0, "bbi": "4/49", "bbm": "4/49", "bwa": 18, "bwe": 5.62, "bwsr": 19.2}, {"bl": null, "tt": "season 2010/11", "sp": null, "mt": 18, "in": 17, "pr": "season=2010/11", "ov": 136.5, "cd": 683, "md": 9, "wk": 26, "fwk": 0, "fw": 1, "tw": 0, "bbi": "5/33", "bbm": "5/33", "bwa": 26.26, "bwe": 4.99, "bwsr": 31.5}, {"bl": null, "tt": "season 2011/12", "sp": null, "mt": 4, "in": 4, "pr": "season=2011/12", "ov": 36, "cd": 202, "md": 0, "wk": 2, "fwk": 0, "fw": 0, "tw": 0, "bbi": "1/50", "bbm": "1/50", "bwa": 101, "bwe": 5.61, "bwsr": 108}, {"bl": null, "tt": "season 2012", "sp": null, "mt": 5, "in": 5, "pr": "season=2012", "ov": 42.5, "cd": 196, "md": 5, "wk": 10, "fwk": 0, "fw": 0, "tw": 0, "bbi": "3/37", "bbm": "3/37", "bwa": 19.6, "bwe": 4.57, "bwsr": 25.7}, {"bl": null, "tt": "season 2012/13", "sp": null, "mt": 6, "in": 6, "pr": "season=2012/13", "ov": 42.3, "cd": 218, "md": 3, "wk": 9, "fwk": 0, "fw": 0, "tw": 0, "bbi": "3/18", "bbm": "3/18", "bwa": 24.22, "bwe": 5.12, "bwsr": 28.3}, {"bl": null, "tt": "season 2013", "sp": null, "mt": 4, "in": 4, "pr": "season=2013", "ov": 30, "cd": 153, "md": 4, "wk": 3, "fwk": 0, "fw": 0, "tw": 0, "bbi": "3/37", "bbm": "3/37", "bwa": 51, "bwe": 5.1, "bwsr": 60}, {"bl": null, "tt": "season 2013/14", "sp": null, "mt": 8, "in": 8, "pr": "season=2013/14", "ov": 73.4, "cd": 389, "md": 8, "wk": 11, "fwk": 1, "fw": 0, "tw": 0, "bbi": "4/72", "bbm": "4/72", "bwa": 35.36, "bwe": 5.28, "bwsr": 40.1}, {"bl": null, "tt": "season 2014/15", "sp": null, "mt": 16, "in": 15, "pr": "season=2014/15", "ov": 134.2, "cd": 754, "md": 9, "wk": 26, "fwk": 0, "fw": 1, "tw": 0, "bbi": "7/33", "bbm": "7/33", "bwa": 29, "bwe": 5.61, "bwsr": 31}, {"bl": null, "tt": "season 2015", "sp": null, "mt": 4, "in": 4, "pr": "season=2015", "ov": 31.2, "cd": 210, "md": 1, "wk": 4, "fwk": 0, "fw": 0, "tw": 0, "bbi": "3/44", "bbm": "3/44", "bwa": 52.5, "bwe": 6.7, "bwsr": 47}, {"bl": null, "tt": "season 2015/16", "sp": null, "mt": 1, "in": 1, "pr": "season=2015/16", "ov": 6, "cd": 44, "md": 0, "wk": 0, "fwk": 0, "fw": 0, "tw": 0, "bbi": null, "bbm": null, "bwa": null, "bwe": 7.33, "bwsr": null}, {"bl": null, "tt": "season 2016/17", "sp": null, "mt": 17, "in": 17, "pr": "season=2016/17", "ov": 161.1, "cd": 894, "md": 8, "wk": 20, "fwk": 0, "fw": 0, "tw": 0, "bbi": "3/40", "bbm": "3/40", "bwa": 44.7, "bwe": 5.54, "bwsr": 48.3}, {"bl": null, "tt": "season 2017", "sp": null, "mt": 3, "in": 3, "pr": "season=2017", "ov": 21.3, "cd": 104, "md": 1, "wk": 5, "fwk": 0, "fw": 0, "tw": 0, "bbi": "3/45", "bbm": "3/45", "bwa": 20.8, "bwe": 4.83, "bwsr": 25.8}, {"bl": null, "tt": "season 2017/18", "sp": null, "mt": 14, "in": 14, "pr": "season=2017/18", "ov": 121.1, "cd": 693, "md": 9, "wk": 16, "fwk": 0, "fw": 0, "tw": 0, "bbi": "3/22", "bbm": "3/22", "bwa": 43.31, "bwe": 5.71, "bwsr": 45.4}, {"bl": null, "tt": "season 2018/19", "sp": null, "mt": 6, "in": 6, "pr": "season=2018/19", "ov": 49.4, "cd": 294, "md": 2, "wk": 9, "fwk": 0, "fw": 1, "tw": 0, "bbi": "6/65", "bbm": "6/65", "bwa": 32.66, "bwe": 5.91, "bwsr": 33.1}, {"bl": null, "tt": "season 2019", "sp": null, "mt": 1, "in": 1, "pr": "season=2019", "ov": 9, "cd": 70, "md": 0, "wk": 1, "fwk": 0, "fw": 0, "tw": 0, "bbi": "1/70", "bbm": "1/70", "bwa": 70, "bwe": 7.77, "bwsr": 54}, {"bl": null, "tt": "season 2019/20", "sp": null, "mt": 3, "in": 3, "pr": "season=2019/20", "ov": 29, "cd": 185, "md": 2, "wk": 4, "fwk": 0, "fw": 0, "tw": 0, "bbi": "2/41", "bbm": "2/41", "bwa": 46.25, "bwe": 6.37, "bwsr": 43.5}]}, {"type": "CAPTAINS_INVOLVED", "stats": [{"bl": null, "tt": "*TWM Latham", "sp": "2019-2020", "mt": 3, "in": 3, "pr": "captain_involve=59148", "ov": 29.2, "cd": 191, "md": 3, "wk": 10, "fwk": 0, "fw": 1, "tw": 0, "bbi": "6/65", "bbm": "6/65", "bwa": 19.1, "bwe": 6.51, "bwsr": 17.6}, {"bl": null, "tt": "*BB McCullum", "sp": "2009-2015", "mt": 38, "in": 37, "pr": "captain_involve=10384", "ov": 324.2, "cd": 1865, "md": 23, "wk": 48, "fwk": 1, "fw": 1, "tw": 0, "bbi": "7/33", "bbm": "7/33", "bwa": 38.85, "bwe": 5.75, "bwsr": 40.5}, {"bl": null, "tt": "*TG Southee", "sp": "2018-2018", "mt": 1, "in": 1, "pr": "captain_involve=49108", "ov": 7, "cd": 55, "md": 0, "wk": 0, "fwk": 0, "fw": 0, "tw": 0, "bbi": null, "bbm": null, "bwa": null, "bwe": 7.85, "bwsr": null}, {"bl": null, "tt": "*LRPL Taylor", "sp": "2010-2012", "mt": 13, "in": 13, "pr": "captain_involve=44930", "ov": 105.2, "cd": 565, "md": 7, "wk": 23, "fwk": 1, "fw": 0, "tw": 0, "bbi": "4/49", "bbm": "4/49", "bwa": 24.56, "bwe": 5.36, "bwsr": 27.4}, {"bl": null, "tt": "*DL Vettori", "sp": "2008-2011", "mt": 43, "in": 42, "pr": "captain_involve=4380", "ov": 339, "cd": 1688, "md": 19, "wk": 58, "fwk": 2, "fw": 1, "tw": 0, "bbi": "5/33", "bbm": "5/33", "bwa": 29.1, "bwe": 4.97, "bwsr": 35}, {"bl": null, "tt": "*KS Williamson", "sp": "2012-2020", "mt": 45, "in": 45, "pr": "captain_involve=51088", "ov": 394.1, "cd": 2194, "md": 22, "wk": 51, "fwk": 0, "fw": 0, "tw": 0, "bbi": "3/22", "bbm": "3/22", "bwa": 43.01, "bwe": 5.56, "bwsr": 46.3}]}, {"type": "CAPTAIN", "stats": [{"bl": null, "tt": "is captain", "sp": "2018-2018", "mt": 1, "in": 1, "pr": "captain=1", "ov": 7, "cd": 55, "md": 0, "wk": 0, "fwk": 0, "fw": 0, "tw": 0, "bbi": null, "bbm": null, "bwa": null, "bwe": 7.85, "bwsr": null}, {"bl": null, "tt": "is not captain", "sp": "2008-2020", "mt": 142, "in": 140, "pr": "captain=0", "ov": 1192.1, "cd": 6503, "md": 74, "wk": 190, "fwk": 4, "fw": 3, "tw": 0, "bbi": "7/33", "bbm": "7/33", "bwa": 34.22, "bwe": 5.45, "bwsr": 37.6}]}, {"type": "KEEPER", "stats": [{"bl": null, "tt": "is not keeper", "sp": "2008-2020", "mt": 143, "in": 141, "pr": "keeper=0", "ov": 1199.1, "cd": 6558, "md": 74, "wk": 190, "fwk": 4, "fw": 3, "tw": 0, "bbi": "7/33", "bbm": "7/33", "bwa": 34.51, "bwe": 5.46, "bwsr": 37.8}]}, {"type": "TOSS", "stats": [{"bl": null, "tt": "won the toss", "sp": "2008-2020", "mt": 65, "in": 64, "pr": "toss=1", "ov": 545.3, "cd": 3085, "md": 35, "wk": 72, "fwk": 0, "fw": 0, "tw": 0, "bbi": "3/18", "bbm": "3/18", "bwa": 42.84, "bwe": 5.65, "bwsr": 45.4}, {"bl": null, "tt": "lost the toss", "sp": "2008-2020", "mt": 78, "in": 77, "pr": "toss=2", "ov": 653.4, "cd": 3473, "md": 39, "wk": 118, "fwk": 4, "fw": 3, "tw": 0, "bbi": "7/33", "bbm": "7/33", "bwa": 29.43, "bwe": 5.31, "bwsr": 33.2}]}, {"type": "BATTING_FIELDING_SEQUENCE_AND_TOSS", "stats": [{"bl": null, "tt": "won toss &amp; batted", "sp": "2008-2019", "mt": 32, "in": 31, "pr": "batting_fielding_first=1;toss=1", "ov": 253.1, "cd": 1438, "md": 13, "wk": 30, "fwk": 0, "fw": 0, "tw": 0, "bbi": "3/25", "bbm": "3/25", "bwa": 47.93, "bwe": 5.68, "bwsr": 50.6}, {"bl": null, "tt": "won toss &amp; fielded", "sp": "2008-2020", "mt": 33, "in": 33, "pr": "batting_fielding_first=2;toss=1", "ov": 292.2, "cd": 1647, "md": 22, "wk": 42, "fwk": 0, "fw": 0, "tw": 0, "bbi": "3/18", "bbm": "3/18", "bwa": 39.21, "bwe": 5.63, "bwsr": 41.7}, {"bl": null, "tt": "lost toss &amp; sent in", "sp": "2008-2020", "mt": 46, "in": 45, "pr": "batting_fielding_first=1;toss=2", "ov": 360.4, "cd": 1941, "md": 17, "wk": 60, "fwk": 3, "fw": 1, "tw": 0, "bbi": "6/65", "bbm": "6/65", "bwa": 32.35, "bwe": 5.38, "bwsr": 36}, {"bl": null, "tt": "lost toss &amp; fielded", "sp": "2009-2019", "mt": 32, "in": 32, "pr": "batting_fielding_first=2;toss=2", "ov": 293, "cd": 1532, "md": 22, "wk": 58, "fwk": 1, "fw": 2, "tw": 0, "bbi": "7/33", "bbm": "7/33", "bwa": 26.41, "bwe": 5.22, "bwsr": 30.3}]}, {"type": "BATTING_FIELDING_SEQUENCE", "stats": [{"bl": null, "tt": "matches batting first", "sp": "2008-2020", "mt": 78, "in": 76, "pr": "batting_fielding_first=1", "ov": 613.5, "cd": 3379, "md": 30, "wk": 90, "fwk": 3, "fw": 1, "tw": 0, "bbi": "6/65", "bbm": "6/65", "bwa": 37.54, "bwe": 5.5, "bwsr": 40.9}, {"bl": null, "tt": "matches fielding first", "sp": "2008-2020", "mt": 65, "in": 65, "pr": "batting_fielding_first=2", "ov": 585.2, "cd": 3179, "md": 44, "wk": 100, "fwk": 1, "fw": 2, "tw": 0, "bbi": "7/33", "bbm": "7/33", "bwa": 31.79, "bwe": 5.43, "bwsr": 35.1}]}, {"type": "TEAM_INNINGS", "stats": [{"bl": null, "tt": "1st team innings", "sp": "2008-2020", "mt": 142, "in": 141, "pr": "innings_number=2;innings_number=1", "ov": 1199.1, "cd": 6558, "md": 74, "wk": 190, "fwk": 4, "fw": 3, "tw": 0, "bbi": "7/33", "bbm": "7/33", "bwa": 34.51, "bwe": 5.46, "bwsr": 37.8}]}, {"type": "MATCH_INNINGS", "stats": [{"bl": null, "tt": "1st match innings", "sp": "2008-2020", "mt": 65, "in": 65, "pr": "innings_number=1", "ov": 585.2, "cd": 3179, "md": 44, "wk": 100, "fwk": 1, "fw": 2, "tw": 0, "bbi": "7/33", "bbm": "7/33", "bwa": 31.79, "bwe": 5.43, "bwsr": 35.1}, {"bl": null, "tt": "2nd match innings", "sp": "2008-2020", "mt": 77, "in": 76, "pr": "innings_number=2", "ov": 613.5, "cd": 3379, "md": 30, "wk": 90, "fwk": 3, "fw": 1, "tw": 0, "bbi": "6/65", "bbm": "6/65", "bwa": 37.54, "bwe": 5.5, "bwsr": 40.9}]}, {"type": "FLOODLIT", "stats": [{"bl": null, "tt": "day match", "sp": "2008-2019", "mt": 62, "in": 62, "pr": "floodlit=1", "ov": 494.5, "cd": 2472, "md": 41, "wk": 82, "fwk": 1, "fw": 1, "tw": 0, "bbi": "6/65", "bbm": "6/65", "bwa": 30.14, "bwe": 4.99, "bwsr": 36.2}, {"bl": null, "tt": "day/night match", "sp": "2009-2020", "mt": 81, "in": 79, "pr": "floodlit=2", "ov": 704.2, "cd": 4086, "md": 33, "wk": 108, "fwk": 3, "fw": 2, "tw": 0, "bbi": "7/33", "bbm": "7/33", "bwa": 37.83, "bwe": 5.8, "bwsr": 39.1}]}, {"type": "RESULT", "stats": [{"bl": null, "tt": "won match", "sp": "2008-2020", "mt": 71, "in": 71, "pr": "result=1", "ov": 628.2, "cd": 3206, "md": 45, "wk": 122, "fwk": 3, "fw": 3, "tw": 0, "bbi": "7/33", "bbm": "7/33", "bwa": 26.27, "bwe": 5.1, "bwsr": 30.9}, {"bl": null, "tt": "lost match", "sp": "2008-2019", "mt": 61, "in": 60, "pr": "result=2", "ov": 520.3, "cd": 3053, "md": 26, "wk": 60, "fwk": 1, "fw": 0, "tw": 0, "bbi": "4/49", "bbm": "4/49", "bwa": 50.88, "bwe": 5.86, "bwsr": 52}, {"bl": null, "tt": "tied match", "sp": "2014-2014", "mt": 1, "in": 1, "pr": "result=3", "ov": 10, "cd": 74, "md": 0, "wk": 1, "fwk": 0, "fw": 0, "tw": 0, "bbi": "1/74", "bbm": "1/74", "bwa": 74, "bwe": 7.4, "bwsr": 60}, {"bl": null, "tt": "no result", "sp": "2008-2017", "mt": 10, "in": 9, "pr": "result=5", "ov": 40.2, "cd": 225, "md": 3, "wk": 7, "fwk": 0, "fw": 0, "tw": 0, "bbi": "3/18", "bbm": "3/18", "bwa": 32.14, "bwe": 5.57, "bwsr": 34.5}]}, {"type": "BATTING_FIELDING_SEQUENCE_AND_RESULT", "stats": [{"bl": null, "tt": "won batting first", "sp": "2008-2020", "mt": 39, "in": 39, "pr": "batting_fielding_first=1;result=1", "ov": 334.1, "cd": 1680, "md": 19, "wk": 65, "fwk": 3, "fw": 1, "tw": 0, "bbi": "6/65", "bbm": "6/65", "bwa": 25.84, "bwe": 5.02, "bwsr": 30.8}, {"bl": null, "tt": "won fielding first", "sp": "2008-2020", "mt": 32, "in": 32, "pr": "batting_fielding_first=2;result=1", "ov": 294.1, "cd": 1526, "md": 26, "wk": 57, "fwk": 0, "fw": 2, "tw": 0, "bbi": "7/33", "bbm": "7/33", "bwa": 26.77, "bwe": 5.18, "bwsr": 30.9}, {"bl": null, "tt": "lost batting first", "sp": "2008-2019", "mt": 35, "in": 34, "pr": "batting_fielding_first=1;result=2", "ov": 266.1, "cd": 1600, "md": 11, "wk": 24, "fwk": 0, "fw": 0, "tw": 0, "bbi": "3/45", "bbm": "3/45", "bwa": 66.66, "bwe": 6.01, "bwsr": 66.5}, {"bl": null, "tt": "lost fielding first", "sp": "2008-2019", "mt": 26, "in": 26, "pr": "batting_fielding_first=2;result=2", "ov": 254.2, "cd": 1453, "md": 15, "wk": 36, "fwk": 1, "fw": 0, "tw": 0, "bbi": "4/49", "bbm": "4/49", "bwa": 40.36, "bwe": 5.71, "bwsr": 42.3}, {"bl": null, "tt": "tied batting first", "sp": "2014-2014", "mt": 1, "in": 1, "pr": "batting_fielding_first=1;result=3", "ov": 10, "cd": 74, "md": 0, "wk": 1, "fwk": 0, "fw": 0, "tw": 0, "bbi": "1/74", "bbm": "1/74", "bwa": 74, "bwe": 7.4, "bwsr": 60}, {"bl": null, "tt": "no result batting first", "sp": "2009-2017", "mt": 3, "in": 2, "pr": "batting_fielding_first=1;result=5", "ov": 3.3, "cd": 25, "md": 0, "wk": 0, "fwk": 0, "fw": 0, "tw": 0, "bbi": null, "bbm": null, "bwa": null, "bwe": 7.14, "bwsr": null}, {"bl": null, "tt": "no result fielding first", "sp": "2008-2014", "mt": 7, "in": 7, "pr": "batting_fielding_first=2;result=5", "ov": 36.5, "cd": 200, "md": 3, "wk": 7, "fwk": 0, "fw": 0, "tw": 0, "bbi": "3/18", "bbm": "3/18", "bwa": 28.57, "bwe": 5.42, "bwsr": 31.5}]}, {"type": "TOURNAMENT_TYPE", "stats": [{"bl": null, "tt": "2 team series", "sp": "2008-2020", "mt": 118, "in": 116, "pr": "tournament_type=2", "ov": 997.2, "cd": 5535, "md": 55, "wk": 146, "fwk": 3, "fw": 2, "tw": 0, "bbi": "6/65", "bbm": "6/65", "bwa": 37.91, "bwe": 5.54, "bwsr": 40.9}, {"bl": null, "tt": "3-4 team tournaments", "sp": "2008-2010", "mt": 4, "in": 4, "pr": "tournament_type=3", "ov": 26, "cd": 124, "md": 2, "wk": 8, "fwk": 1, "fw": 0, "tw": 0, "bbi": "4/49", "bbm": "4/49", "bwa": 15.5, "bwe": 4.76, "bwsr": 19.5}, {"bl": null, "tt": "5+ team tournaments", "sp": "2011-2019", "mt": 23, "in": 23, "pr": "tournament_type=5", "ov": 194.5, "cd": 1009, "md": 19, "wk": 39, "fwk": 0, "fw": 1, "tw": 0, "bbi": "7/33", "bbm": "7/33", "bwa": 25.87, "bwe": 5.17, "bwsr": 29.9}]}, {"type": "MATCH_NUMBER", "stats": [{"bl": null, "tt": "only match in series", "sp": "2011-2015", "mt": 2, "in": 2, "pr": "match_number=0", "ov": 19, "cd": 110, "md": 2, "wk": 3, "fwk": 0, "fw": 0, "tw": 0, "bbi": "2/65", "bbm": "2/65", "bwa": 36.66, "bwe": 5.78, "bwsr": 38}, {"bl": null, "tt": "1st match in series", "sp": "2008-2020", "mt": 26, "in": 26, "pr": "match_number=1", "ov": 230.3, "cd": 1215, "md": 17, "wk": 33, "fwk": 0, "fw": 1, "tw": 0, "bbi": "5/33", "bbm": "5/33", "bwa": 36.81, "bwe": 5.27, "bwsr": 41.9}, {"bl": null, "tt": "2nd match in series", "sp": "2008-2020", "mt": 28, "in": 28, "pr": "match_number=2", "ov": 233.5, "cd": 1371, "md": 9, "wk": 33, "fwk": 1, "fw": 0, "tw": 0, "bbi": "4/72", "bbm": "4/72", "bwa": 41.54, "bwe": 5.86, "bwsr": 42.5}, {"bl": null, "tt": "3rd match in series", "sp": "2008-2020", "mt": 30, "in": 29, "pr": "match_number=3", "ov": 257.2, "cd": 1375, "md": 17, "wk": 37, "fwk": 1, "fw": 1, "tw": 0, "bbi": "6/65", "bbm": "6/65", "bwa": 37.16, "bwe": 5.34, "bwsr": 41.7}, {"bl": null, "tt": "4th match in series", "sp": "2008-2018", "mt": 16, "in": 16, "pr": "match_number=4", "ov": 134.3, "cd": 819, "md": 5, "wk": 23, "fwk": 0, "fw": 0, "tw": 0, "bbi": "3/40", "bbm": "3/40", "bwa": 35.6, "bwe": 6.08, "bwsr": 35}, {"bl": null, "tt": "5th match in series", "sp": "2008-2018", "mt": 14, "in": 13, "pr": "match_number=5", "ov": 104.1, "cd": 548, "md": 5, "wk": 15, "fwk": 1, "fw": 0, "tw": 0, "bbi": "4/36", "bbm": "4/36", "bwa": 36.53, "bwe": 5.26, "bwsr": 41.6}, {"bl": null, "tt": "6th match in series", "sp": "2011-2011", "mt": 1, "in": 1, "pr": "match_number=6", "ov": 8, "cd": 47, "md": 0, "wk": 0, "fwk": 0, "fw": 0, "tw": 0, "bbi": null, "bbm": null, "bwa": null, "bwe": 5.87, "bwsr": null}, {"bl": null, "tt": "7th match in series", "sp": "2015-2015", "mt": 1, "in": 1, "pr": "match_number=7", "ov": 10, "cd": 50, "md": 0, "wk": 2, "fwk": 0, "fw": 0, "tw": 0, "bbi": "2/50", "bbm": "2/50", "bwa": 25, "bwe": 5, "bwsr": 30}]}, {"type": "MAJOR_TROPHY", "stats": [{"bl": null, "tt": "World Cup", "sp": "2011-2019", "mt": 18, "in": 18, "pr": "trophy=12", "ov": 162.2, "cd": 854, "md": 16, "wk": 34, "fwk": 0, "fw": 1, "tw": 0, "bbi": "7/33", "bbm": "7/33", "bwa": 25.11, "bwe": 5.26, "bwsr": 28.6}, {"bl": null, "tt": "Chappell-Hadlee", "sp": "2009-2017", "mt": 16, "in": 16, "pr": "trophy=65", "ov": 144.1, "cd": 830, "md": 4, "wk": 15, "fwk": 1, "fw": 0, "tw": 0, "bbi": "4/36", "bbm": "4/36", "bwa": 55.33, "bwe": 5.75, "bwsr": 57.6}, {"bl": null, "tt": "ICC Champions Trophy", "sp": "2013-2017", "mt": 5, "in": 5, "pr": "trophy=44", "ov": 32.3, "cd": 155, "md": 3, "wk": 5, "fwk": 0, "fw": 0, "tw": 0, "bbi": "3/45", "bbm": "3/45", "bwa": 31, "bwe": 4.76, "bwsr": 39}]}, {"type": "FINAL_TYPE", "stats": [{"bl": null, "tt": "tournament finals", "sp": "2015-2015", "mt": 1, "in": 1, "pr": "final_type=1", "ov": 8, "cd": 65, "md": 0, "wk": 0, "fwk": 0, "fw": 0, "tw": 0, "bbi": null, "bbm": null, "bwa": null, "bwe": 8.12, "bwsr": null}, {"bl": null, "tt": "tournament semi-finals", "sp": "2011-2015", "mt": 2, "in": 2, "pr": "final_type=3", "ov": 19, "cd": 112, "md": 3, "wk": 3, "fwk": 0, "fw": 0, "tw": 0, "bbi": "3/57", "bbm": "3/57", "bwa": 37.33, "bwe": 5.89, "bwsr": 38}, {"bl": null, "tt": "tournament quarter-finals", "sp": "2011-2015", "mt": 2, "in": 2, "pr": "final_type=4", "ov": 17, "cd": 126, "md": 1, "wk": 3, "fwk": 0, "fw": 0, "tw": 0, "bbi": "2/82", "bbm": "2/82", "bwa": 42, "bwe": 7.41, "bwsr": 34}, {"bl": null, "tt": "preliminary matches", "sp": "2008-2019", "mt": 22, "in": 22, "pr": "final_type=0", "ov": 176.5, "cd": 830, "md": 17, "wk": 41, "fwk": 1, "fw": 1, "tw": 0, "bbi": "7/33", "bbm": "7/33", "bwa": 20.24, "bwe": 4.69, "bwsr": 25.8}]}, {"type": "BOWLING_POSITION", "stats": [{"bl": null, "tt": "1st position", "sp": "2008-2020", "mt": 60, "in": 60, "pr": "bowling_positionval1=bowling_position;bowling_positionmin1=1;bowling_positionmax1=1", "ov": 520.2, "cd": 2958, "md": 36, "wk": 81, "fwk": 0, "fw": 2, "tw": 0, "bbi": "7/33", "bbm": "7/33", "bwa": 36.51, "bwe": 5.68, "bwsr": 38.5}, {"bl": null, "tt": "2nd position", "sp": "2008-2020", "mt": 49, "in": 49, "pr": "bowling_positionval1=bowling_position;bowling_positionmin1=2;bowling_positionmax1=2", "ov": 417.3, "cd": 2218, "md": 27, "wk": 62, "fwk": 1, "fw": 1, "tw": 0, "bbi": "5/33", "bbm": "5/33", "bwa": 35.77, "bwe": 5.31, "bwsr": 40.4}, {"bl": null, "tt": "3rd position", "sp": "2008-2019", "mt": 23, "in": 23, "pr": "bowling_positionval1=bowling_position;bowling_positionmin1=3;bowling_positionmax1=3", "ov": 188.2, "cd": 1000, "md": 9, "wk": 34, "fwk": 2, "fw": 0, "tw": 0, "bbi": "4/38", "bbm": "4/38", "bwa": 29.41, "bwe": 5.3, "bwsr": 33.2}, {"bl": null, "tt": "4th position", "sp": "2008-2017", "mt": 8, "in": 8, "pr": "bowling_positionval1=bowling_position;bowling_positionmin1=4;bowling_positionmax1=4", "ov": 68, "cd": 349, "md": 2, "wk": 13, "fwk": 1, "fw": 0, "tw": 0, "bbi": "4/36", "bbm": "4/36", "bwa": 26.84, "bwe": 5.13, "bwsr": 31.3}, {"bl": null, "tt": "6th position", "sp": "2010-2010", "mt": 1, "in": 1, "pr": "bowling_positionval1=bowling_position;bowling_positionmin1=6;bowling_positionmax1=6", "ov": 5, "cd": 33, "md": 0, "wk": 0, "fwk": 0, "fw": 0, "tw": 0, "bbi": null, "bbm": null, "bwa": null, "bwe": 6.6, "bwsr": null}]}]}}