{"summary": {"recordClassId": 2, "type": "BATTING", "groups": [{"type": "CAREER_AVERAGES", "stats": [{"tt": "overview", "sp": "2008-2020", "mt": 143, "in": 86, "pr": null, "rn": 679, "fo": 53, "si": 26, "ft": 1, "hn": 0, "bf": 696, "dk": 12, "no": 32, "hs": "55", "bta": 12.57, "btsr": 97.55}]}, {"type": "OPPOSITION_TEAM", "stats": [{"tt": "vs Afghanistan", "sp": "2015-2015", "mt": 1, "in": null, "pr": "opposition=40", "rn": null, "fo": null, "si": null, "ft": null, "hn": null, "bf": null, "dk": null, "no": null, "hs": null, "bta": null, "btsr": null}, {"tt": "vs Australia", "sp": "2009-2017", "mt": 19, "in": 15, "pr": "opposition=2", "rn": 68, "fo": 1, "si": 3, "ft": 0, "hn": 0, "bf": 85, "dk": 2, "no": 4, "hs": "17", "bta": 6.18, "btsr": 80}, {"tt": "vs Bangladesh", "sp": "2008-2019", "mt": 15, "in": 11, "pr": "opposition=25", "rn": 52, "fo": 6, "si": 2, "ft": 0, "hn": 0, "bf": 50, "dk": 5, "no": 5, "hs": "19*", "bta": 8.66, "btsr": 104}, {"tt": "vs Canada", "sp": "2011-2011", "mt": 1, "in": null, "pr": "opposition=17", "rn": null, "fo": null, "si": null, "ft": null, "hn": null, "bf": null, "dk": null, "no": null, "hs": null, "bta": null, "btsr": null}, {"tt": "vs England", "sp": "2008-2019", "mt": 21, "in": 15, "pr": "opposition=1", "rn": 98, "fo": 11, "si": 1, "ft": 0, "hn": 0, "bf": 106, "dk": 1, "no": 4, "hs": "18", "bta": 8.9, "btsr": 92.45}, {"tt": "vs India", "sp": "2009-2020", "mt": 21, "in": 15, "pr": "opposition=6", "rn": 192, "fo": 16, "si": 11, "ft": 1, "hn": 0, "bf": 167, "dk": 3, "no": 6, "hs": "55", "bta": 21.33, "btsr": 114.97}, {"tt": "vs Ireland", "sp": "2008-2008", "mt": 1, "in": null, "pr": "opposition=29", "rn": null, "fo": null, "si": null, "ft": null, "hn": null, "bf": null, "dk": null, "no": null, "hs": null, "bta": null, "btsr": null}, {"tt": "vs Kenya", "sp": "2011-2011", "mt": 1, "in": null, "pr": "opposition=26", "rn": null, "fo": null, "si": null, "ft": null, "hn": null, "bf": null, "dk": null, "no": null, "hs": null, "bta": null, "btsr": null}, {"tt": "vs Pakistan", "sp": "2009-2018", "mt": 17, "in": 8, "pr": "opposition=7", "rn": 83, "fo": 5, "si": 2, "ft": 0, "hn": 0, "bf": 96, "dk": 0, "no": 3, "hs": "20", "bta": 16.6, "btsr": 86.45}, {"tt": "vs Scotland", "sp": "2008-2015", "mt": 2, "in": null, "pr": "opposition=30", "rn": null, "fo": null, "si": null, "ft": null, "hn": null, "bf": null, "dk": null, "no": null, "hs": null, "bta": null, "btsr": null}, {"tt": "vs South Africa", "sp": "2011-2017", "mt": 11, "in": 6, "pr": "opposition=3", "rn": 72, "fo": 8, "si": 4, "ft": 0, "hn": 0, "bf": 59, "dk": 0, "no": 2, "hs": "28", "bta": 18, "btsr": 122.03}, {"tt": "vs Sri Lanka", "sp": "2010-2019", "mt": 16, "in": 8, "pr": "opposition=8", "rn": 61, "fo": 3, "si": 2, "ft": 0, "hn": 0, "bf": 80, "dk": 1, "no": 4, "hs": "18*", "bta": 15.25, "btsr": 76.25}, {"tt": "vs West Indies", "sp": "2008-2017", "mt": 14, "in": 7, "pr": "opposition=4", "rn": 50, "fo": 3, "si": 1, "ft": 0, "hn": 0, "bf": 49, "dk": 0, "no": 4, "hs": "17*", "bta": 16.66, "btsr": 102.04}, {"tt": "vs Zimbabwe", "sp": "2011-2012", "mt": 3, "in": 1, "pr": "opposition=9", "rn": 3, "fo": 0, "si": 0, "ft": 0, "hn": 0, "bf": 4, "dk": 0, "no": 0, "hs": "3", "bta": 3, "btsr": 75}]}, {"type": "HOST_COUNTRY", "stats": [{"tt": "in Australia", "sp": "2009-2016", "mt": 8, "in": 6, "pr": "host=2", "rn": 44, "fo": 1, "si": 2, "ft": 0, "hn": 0, "bf": 49, "dk": 0, "no": 1, "hs": "17", "bta": 8.8, "btsr": 89.79}, {"tt": "in Bangladesh", "sp": "2008-2013", "mt": 8, "in": 6, "pr": "host=25", "rn": 20, "fo": 2, "si": 1, "ft": 0, "hn": 0, "bf": 25, "dk": 4, "no": 2, "hs": "19*", "bta": 5, "btsr": 80}, {"tt": "in England", "sp": "2008-2019", "mt": 17, "in": 12, "pr": "host=1", "rn": 83, "fo": 9, "si": 1, "ft": 0, "hn": 0, "bf": 98, "dk": 1, "no": 5, "hs": "18", "bta": 11.85, "btsr": 84.69}, {"tt": "in India", "sp": "2010-2017", "mt": 16, "in": 11, "pr": "host=6", "rn": 122, "fo": 12, "si": 4, "ft": 1, "hn": 0, "bf": 112, "dk": 3, "no": 4, "hs": "55", "bta": 17.42, "btsr": 108.92}, {"tt": "in New Zealand", "sp": "2008-2020", "mt": 74, "in": 38, "pr": "host=5", "rn": 307, "fo": 26, "si": 15, "ft": 0, "hn": 0, "bf": 272, "dk": 3, "no": 16, "hs": "32", "bta": 13.95, "btsr": 112.86}, {"tt": "in Scotland", "sp": "2008-2008", "mt": 2, "in": null, "pr": "host=30", "rn": null, "fo": null, "si": null, "ft": null, "hn": null, "bf": null, "dk": null, "no": null, "hs": null, "bta": null, "btsr": null}, {"tt": "in Sri Lanka", "sp": "2010-2012", "mt": 8, "in": 4, "pr": "host=8", "rn": 30, "fo": 1, "si": 1, "ft": 0, "hn": 0, "bf": 46, "dk": 1, "no": 1, "hs": "13", "bta": 10, "btsr": 65.21}, {"tt": "in U.A.E.", "sp": "2009-2018", "mt": 5, "in": 4, "pr": "host=27", "rn": 38, "fo": 1, "si": 1, "ft": 0, "hn": 0, "bf": 56, "dk": 0, "no": 0, "hs": "20", "bta": 9.5, "btsr": 67.85}, {"tt": "in West Indies", "sp": "2012-2012", "mt": 5, "in": 5, "pr": "host=4", "rn": 35, "fo": 1, "si": 1, "ft": 0, "hn": 0, "bf": 38, "dk": 0, "no": 3, "hs": "17*", "bta": 17.5, "btsr": 92.1}]}, {"type": "CONTINENT", "stats": [{"tt": "in Americas", "sp": "2012-2012", "mt": 5, "in": 5, "pr": "continent=3", "rn": 35, "fo": 1, "si": 1, "ft": 0, "hn": 0, "bf": 38, "dk": 0, "no": 3, "hs": "17*", "bta": 17.5, "btsr": 92.1}, {"tt": "in Asia", "sp": "2008-2018", "mt": 37, "in": 25, "pr": "continent=2", "rn": 210, "fo": 16, "si": 7, "ft": 1, "hn": 0, "bf": 239, "dk": 8, "no": 7, "hs": "55", "bta": 11.66, "btsr": 87.86}, {"tt": "in Europe", "sp": "2008-2019", "mt": 19, "in": 12, "pr": "continent=4", "rn": 83, "fo": 9, "si": 1, "ft": 0, "hn": 0, "bf": 98, "dk": 1, "no": 5, "hs": "18", "bta": 11.85, "btsr": 84.69}, {"tt": "in Oceania", "sp": "2008-2020", "mt": 82, "in": 44, "pr": "continent=5", "rn": 351, "fo": 27, "si": 17, "ft": 0, "hn": 0, "bf": 321, "dk": 3, "no": 17, "hs": "32", "bta": 13, "btsr": 109.34}]}, {"type": "HOME_OR_AWAY", "stats": [{"tt": "home", "sp": "2008-2020", "mt": 74, "in": 38, "pr": "home_or_away=1", "rn": 307, "fo": 26, "si": 15, "ft": 0, "hn": 0, "bf": 272, "dk": 3, "no": 16, "hs": "32", "bta": 13.95, "btsr": 112.86}, {"tt": "away", "sp": "2008-2019", "mt": 51, "in": 38, "pr": "home_or_away=2", "rn": 287, "fo": 21, "si": 9, "ft": 1, "hn": 0, "bf": 319, "dk": 9, "no": 13, "hs": "55", "bta": 11.48, "btsr": 89.96}, {"tt": "neutral", "sp": "2008-2018", "mt": 18, "in": 10, "pr": "home_or_away=3", "rn": 85, "fo": 6, "si": 2, "ft": 0, "hn": 0, "bf": 105, "dk": 0, "no": 3, "hs": "20", "bta": 12.14, "btsr": 80.95}]}, {"type": "YEAR", "stats": [{"tt": "year 2008", "sp": null, "mt": 11, "in": 5, "pr": "year=2008", "rn": 31, "fo": 2, "si": 2, "ft": 0, "hn": 0, "bf": 33, "dk": 2, "no": 1, "hs": "19*", "bta": 7.75, "btsr": 93.93}, {"tt": "year 2009", "sp": null, "mt": 13, "in": 7, "pr": "year=2009", "rn": 70, "fo": 5, "si": 3, "ft": 0, "hn": 0, "bf": 58, "dk": 0, "no": 2, "hs": "32", "bta": 14, "btsr": 120.68}, {"tt": "year 2010", "sp": null, "mt": 14, "in": 11, "pr": "year=2010", "rn": 34, "fo": 1, "si": 1, "ft": 0, "hn": 0, "bf": 61, "dk": 3, "no": 4, "hs": "13", "bta": 4.85, "btsr": 55.73}, {"tt": "year 2011", "sp": null, "mt": 13, "in": 4, "pr": "year=2011", "rn": 27, "fo": 1, "si": 1, "ft": 0, "hn": 0, "bf": 38, "dk": 1, "no": 1, "hs": "13*", "bta": 9, "btsr": 71.05}, {"tt": "year 2012", "sp": null, "mt": 13, "in": 9, "pr": "year=2012", "rn": 77, "fo": 4, "si": 3, "ft": 0, "hn": 0, "bf": 78, "dk": 0, "no": 5, "hs": "28", "bta": 19.25, "btsr": 98.71}, {"tt": "year 2013", "sp": null, "mt": 8, "in": 6, "pr": "year=2013", "rn": 35, "fo": 5, "si": 0, "ft": 0, "hn": 0, "bf": 44, "dk": 2, "no": 2, "hs": "15", "bta": 8.75, "btsr": 79.54}, {"tt": "year 2014", "sp": null, "mt": 8, "in": 4, "pr": "year=2014", "rn": 44, "fo": 3, "si": 3, "ft": 0, "hn": 0, "bf": 38, "dk": 0, "no": 1, "hs": "27", "bta": 14.66, "btsr": 115.78}, {"tt": "year 2015", "sp": null, "mt": 19, "in": 8, "pr": "year=2015", "rn": 66, "fo": 5, "si": 4, "ft": 0, "hn": 0, "bf": 45, "dk": 1, "no": 3, "hs": "18*", "bta": 13.2, "btsr": 146.66}, {"tt": "year 2016", "sp": null, "mt": 10, "in": 9, "pr": "year=2016", "rn": 93, "fo": 10, "si": 3, "ft": 1, "hn": 0, "bf": 98, "dk": 2, "no": 2, "hs": "55", "bta": 13.28, "btsr": 94.89}, {"tt": "year 2017", "sp": null, "mt": 14, "in": 10, "pr": "year=2017", "rn": 86, "fo": 8, "si": 4, "ft": 0, "hn": 0, "bf": 70, "dk": 1, "no": 5, "hs": "25*", "bta": 17.2, "btsr": 122.85}, {"tt": "year 2018", "sp": null, "mt": 12, "in": 9, "pr": "year=2018", "rn": 96, "fo": 9, "si": 1, "ft": 0, "hn": 0, "bf": 93, "dk": 0, "no": 3, "hs": "20", "bta": 16, "btsr": 103.22}, {"tt": "year 2019", "sp": null, "mt": 5, "in": 3, "pr": "year=2019", "rn": 17, "fo": 0, "si": 1, "ft": 0, "hn": 0, "bf": 30, "dk": 0, "no": 3, "hs": "9*", "bta": null, "btsr": 56.66}, {"tt": "year 2020", "sp": null, "mt": 3, "in": 1, "pr": "year=2020", "rn": 3, "fo": 0, "si": 0, "ft": 0, "hn": 0, "bf": 10, "dk": 0, "no": 0, "hs": "3", "bta": 3, "btsr": 30}]}, {"type": "SEASON", "stats": [{"tt": "season 2008", "sp": null, "mt": 7, "in": 3, "pr": "season=2008", "rn": 12, "fo": 0, "si": 1, "ft": 0, "hn": 0, "bf": 16, "dk": 1, "no": 0, "hs": "6", "bta": 4, "btsr": 75}, {"tt": "season 2008/09", "sp": null, "mt": 14, "in": 7, "pr": "season=NaN", "rn": 84, "fo": 7, "si": 4, "ft": 0, "hn": 0, "bf": 61, "dk": 1, "no": 3, "hs": "32", "bta": 21, "btsr": 137.7}, {"tt": "season 2009/10", "sp": null, "mt": 10, "in": 7, "pr": "season=NaN", "rn": 13, "fo": 0, "si": 0, "ft": 0, "hn": 0, "bf": 31, "dk": 1, "no": 2, "hs": "4*", "bta": 2.6, "btsr": 41.93}, {"tt": "season 2010", "sp": null, "mt": 2, "in": 2, "pr": "season=2010", "rn": 23, "fo": 1, "si": 1, "ft": 0, "hn": 0, "bf": 35, "dk": 0, "no": 0, "hs": "13", "bta": 11.5, "btsr": 65.71}, {"tt": "season 2010/11", "sp": null, "mt": 18, "in": 8, "pr": "season=NaN", "rn": 30, "fo": 1, "si": 1, "ft": 0, "hn": 0, "bf": 47, "dk": 3, "no": 3, "hs": "13*", "bta": 6, "btsr": 63.82}, {"tt": "season 2011/12", "sp": null, "mt": 4, "in": 3, "pr": "season=NaN", "rn": 35, "fo": 3, "si": 2, "ft": 0, "hn": 0, "bf": 32, "dk": 0, "no": 1, "hs": "28", "bta": 17.5, "btsr": 109.37}, {"tt": "season 2012", "sp": null, "mt": 5, "in": 5, "pr": "season=2012", "rn": 35, "fo": 1, "si": 1, "ft": 0, "hn": 0, "bf": 38, "dk": 0, "no": 3, "hs": "17*", "bta": 17.5, "btsr": 92.1}, {"tt": "season 2012/13", "sp": null, "mt": 6, "in": 3, "pr": "season=NaN", "rn": 14, "fo": 1, "si": 0, "ft": 0, "hn": 0, "bf": 14, "dk": 0, "no": 2, "hs": "7*", "bta": 14, "btsr": 100}, {"tt": "season 2013", "sp": null, "mt": 4, "in": 2, "pr": "season=2013", "rn": 28, "fo": 4, "si": 0, "ft": 0, "hn": 0, "bf": 36, "dk": 0, "no": 1, "hs": "15", "bta": 28, "btsr": 77.77}, {"tt": "season 2013/14", "sp": null, "mt": 8, "in": 5, "pr": "season=NaN", "rn": 39, "fo": 2, "si": 3, "ft": 0, "hn": 0, "bf": 35, "dk": 2, "no": 1, "hs": "27", "bta": 9.75, "btsr": 111.42}, {"tt": "season 2014/15", "sp": null, "mt": 16, "in": 5, "pr": "season=NaN", "rn": 29, "fo": 2, "si": 2, "ft": 0, "hn": 0, "bf": 27, "dk": 1, "no": 1, "hs": "12*", "bta": 7.25, "btsr": 107.4}, {"tt": "season 2015", "sp": null, "mt": 4, "in": 3, "pr": "season=2015", "rn": 24, "fo": 3, "si": 0, "ft": 0, "hn": 0, "bf": 19, "dk": 0, "no": 1, "hs": "18", "bta": 12, "btsr": 126.31}, {"tt": "season 2015/16", "sp": null, "mt": 1, "in": 1, "pr": "season=NaN", "rn": 18, "fo": 1, "si": 2, "ft": 0, "hn": 0, "bf": 4, "dk": 0, "no": 1, "hs": "18*", "bta": null, "btsr": 450}, {"tt": "season 2016/17", "sp": null, "mt": 17, "in": 14, "pr": "season=NaN", "rn": 138, "fo": 14, "si": 6, "ft": 1, "hn": 0, "bf": 134, "dk": 3, "no": 3, "hs": "55", "bta": 12.54, "btsr": 102.98}, {"tt": "season 2017", "sp": null, "mt": 3, "in": 3, "pr": "season=2017", "rn": 12, "fo": 2, "si": 0, "ft": 0, "hn": 0, "bf": 11, "dk": 0, "no": 2, "hs": "10*", "bta": 12, "btsr": 109.09}, {"tt": "season 2017/18", "sp": null, "mt": 14, "in": 9, "pr": "season=NaN", "rn": 92, "fo": 10, "si": 1, "ft": 0, "hn": 0, "bf": 74, "dk": 0, "no": 5, "hs": "25*", "bta": 23, "btsr": 124.32}, {"tt": "season 2018/19", "sp": null, "mt": 6, "in": 4, "pr": "season=NaN", "rn": 43, "fo": 1, "si": 2, "ft": 0, "hn": 0, "bf": 56, "dk": 0, "no": 2, "hs": "20", "bta": 21.5, "btsr": 76.78}, {"tt": "season 2019", "sp": null, "mt": 1, "in": 1, "pr": "season=2019", "rn": 7, "fo": 0, "si": 0, "ft": 0, "hn": 0, "bf": 16, "dk": 0, "no": 1, "hs": "7*", "bta": null, "btsr": 43.75}, {"tt": "season 2019/20", "sp": null, "mt": 3, "in": 1, "pr": "season=NaN", "rn": 3, "fo": 0, "si": 0, "ft": 0, "hn": 0, "bf": 10, "dk": 0, "no": 0, "hs": "3", "bta": 3, "btsr": 30}]}, {"type": "CAPTAINS_INVOLVED", "stats": [{"tt": "*TWM Latham", "sp": "2019-2020", "mt": 3, "in": 1, "pr": "captain_involve=59148", "rn": 3, "fo": 0, "si": 0, "ft": 0, "hn": 0, "bf": 10, "dk": 0, "no": 0, "hs": "3", "bta": 3, "btsr": 30}, {"tt": "*BB McCullum", "sp": "2009-2015", "mt": 38, "in": 20, "pr": "captain_involve=10384", "rn": 193, "fo": 18, "si": 9, "ft": 0, "hn": 0, "bf": 171, "dk": 3, "no": 6, "hs": "32", "bta": 13.78, "btsr": 112.86}, {"tt": "*TG Southee", "sp": "2018-2018", "mt": 1, "in": 1, "pr": "captain_involve=49108", "rn": 6, "fo": 1, "si": 0, "ft": 0, "hn": 0, "bf": 3, "dk": 0, "no": 0, "hs": "6", "bta": 6, "btsr": 200}, {"tt": "*LRPL Taylor", "sp": "2010-2012", "mt": 13, "in": 8, "pr": "captain_involve=44930", "rn": 60, "fo": 2, "si": 2, "ft": 0, "hn": 0, "bf": 85, "dk": 0, "no": 3, "hs": "13*", "bta": 12, "btsr": 70.58}, {"tt": "*DL Vettori", "sp": "2008-2011", "mt": 43, "in": 21, "pr": "captain_involve=4380", "rn": 84, "fo": 4, "si": 3, "ft": 0, "hn": 0, "bf": 107, "dk": 6, "no": 7, "hs": "19*", "bta": 6, "btsr": 78.5}, {"tt": "*KS Williamson", "sp": "2012-2020", "mt": 45, "in": 35, "pr": "captain_involve=51088", "rn": 333, "fo": 28, "si": 12, "ft": 1, "hn": 0, "bf": 320, "dk": 3, "no": 16, "hs": "55", "bta": 17.52, "btsr": 104.06}]}, {"type": "CAPTAIN", "stats": [{"tt": "is captain", "sp": "2018-2018", "mt": 1, "in": 1, "pr": "captain=1", "rn": 6, "fo": 1, "si": 0, "ft": 0, "hn": 0, "bf": 3, "dk": 0, "no": 0, "hs": "6", "bta": 6, "btsr": 200}, {"tt": "is not captain", "sp": "2008-2020", "mt": 142, "in": 85, "pr": "captain=0", "rn": 673, "fo": 52, "si": 26, "ft": 1, "hn": 0, "bf": 693, "dk": 12, "no": 32, "hs": "55", "bta": 12.69, "btsr": 97.11}]}, {"type": "KEEPER", "stats": [{"tt": "is not keeper", "sp": "2008-2020", "mt": 143, "in": 86, "pr": "keeper=0", "rn": 679, "fo": 53, "si": 26, "ft": 1, "hn": 0, "bf": 696, "dk": 12, "no": 32, "hs": "55", "bta": 12.57, "btsr": 97.55}]}, {"type": "TOSS", "stats": [{"tt": "won the toss", "sp": "2008-2020", "mt": 65, "in": 38, "pr": "toss=1", "rn": 322, "fo": 23, "si": 13, "ft": 0, "hn": 0, "bf": 309, "dk": 4, "no": 15, "hs": "32", "bta": 14, "btsr": 104.2}, {"tt": "lost the toss", "sp": "2008-2020", "mt": 78, "in": 48, "pr": "toss=2", "rn": 357, "fo": 30, "si": 13, "ft": 1, "hn": 0, "bf": 387, "dk": 8, "no": 17, "hs": "55", "bta": 11.51, "btsr": 92.24}]}, {"type": "BATTING_FIELDING_SEQUENCE_AND_TOSS", "stats": [{"tt": "won toss &amp; batted", "sp": "2008-2019", "mt": 32, "in": 22, "pr": "batting_fielding_first=1;toss=1", "rn": 182, "fo": 10, "si": 7, "ft": 0, "hn": 0, "bf": 184, "dk": 3, "no": 11, "hs": "25*", "bta": 16.54, "btsr": 98.91}, {"tt": "won toss &amp; fielded", "sp": "2008-2020", "mt": 33, "in": 16, "pr": "batting_fielding_first=2;toss=1", "rn": 140, "fo": 13, "si": 6, "ft": 0, "hn": 0, "bf": 125, "dk": 1, "no": 4, "hs": "32", "bta": 11.66, "btsr": 112}, {"tt": "lost toss &amp; sent in", "sp": "2008-2020", "mt": 46, "in": 30, "pr": "batting_fielding_first=1;toss=2", "rn": 286, "fo": 25, "si": 12, "ft": 1, "hn": 0, "bf": 264, "dk": 5, "no": 11, "hs": "55", "bta": 15.05, "btsr": 108.33}, {"tt": "lost toss &amp; fielded", "sp": "2009-2019", "mt": 32, "in": 18, "pr": "batting_fielding_first=2;toss=2", "rn": 71, "fo": 5, "si": 1, "ft": 0, "hn": 0, "bf": 123, "dk": 3, "no": 6, "hs": "13*", "bta": 5.91, "btsr": 57.72}]}, {"type": "BATTING_FIELDING_SEQUENCE", "stats": [{"tt": "matches batting first", "sp": "2008-2020", "mt": 78, "in": 52, "pr": "batting_fielding_first=1", "rn": 468, "fo": 35, "si": 19, "ft": 1, "hn": 0, "bf": 448, "dk": 8, "no": 22, "hs": "55", "bta": 15.6, "btsr": 104.46}, {"tt": "matches fielding first", "sp": "2008-2020", "mt": 65, "in": 34, "pr": "batting_fielding_first=2", "rn": 211, "fo": 18, "si": 7, "ft": 0, "hn": 0, "bf": 248, "dk": 4, "no": 10, "hs": "32", "bta": 8.79, "btsr": 85.08}]}, {"type": "TEAM_INNINGS", "stats": [{"tt": "1st team innings", "sp": "2008-2020", "mt": 139, "in": 86, "pr": null, "rn": 679, "fo": 53, "si": 26, "ft": 1, "hn": 0, "bf": 696, "dk": 12, "no": 32, "hs": "55", "bta": 12.57, "btsr": 97.55}]}, {"type": "MATCH_INNINGS", "stats": [{"tt": "1st match innings", "sp": "2008-2020", "mt": 78, "in": 52, "pr": "innings_number=1", "rn": 468, "fo": 35, "si": 19, "ft": 1, "hn": 0, "bf": 448, "dk": 8, "no": 22, "hs": "55", "bta": 15.6, "btsr": 104.46}, {"tt": "2nd match innings", "sp": "2008-2020", "mt": 61, "in": 34, "pr": "innings_number=2", "rn": 211, "fo": 18, "si": 7, "ft": 0, "hn": 0, "bf": 248, "dk": 4, "no": 10, "hs": "32", "bta": 8.79, "btsr": 85.08}]}, {"type": "FLOODLIT", "stats": [{"tt": "day match", "sp": "2008-2019", "mt": 62, "in": 32, "pr": "floodlit=1", "rn": 220, "fo": 17, "si": 6, "ft": 0, "hn": 0, "bf": 227, "dk": 4, "no": 15, "hs": "19*", "bta": 12.94, "btsr": 96.91}, {"tt": "day/night match", "sp": "2009-2020", "mt": 81, "in": 54, "pr": "floodlit=2", "rn": 459, "fo": 36, "si": 20, "ft": 1, "hn": 0, "bf": 469, "dk": 8, "no": 17, "hs": "55", "bta": 12.4, "btsr": 97.86}]}, {"type": "RESULT", "stats": [{"tt": "won match", "sp": "2008-2020", "mt": 71, "in": 27, "pr": "result=1", "rn": 161, "fo": 11, "si": 4, "ft": 0, "hn": 0, "bf": 172, "dk": 6, "no": 11, "hs": "20", "bta": 10.06, "btsr": 93.6}, {"tt": "lost match", "sp": "2008-2019", "mt": 61, "in": 57, "pr": "result=2", "rn": 491, "fo": 41, "si": 19, "ft": 1, "hn": 0, "bf": 501, "dk": 6, "no": 20, "hs": "55", "bta": 13.27, "btsr": 98}, {"tt": "tied match", "sp": "2014-2014", "mt": 1, "in": 1, "pr": "result=3", "rn": 27, "fo": 1, "si": 3, "ft": 0, "hn": 0, "bf": 23, "dk": 0, "no": 0, "hs": "27", "bta": 27, "btsr": 117.39}, {"tt": "no result", "sp": "2008-2017", "mt": 10, "in": 1, "pr": "result=5", "rn": 0, "fo": 0, "si": 0, "ft": 0, "hn": 0, "bf": 0, "dk": 0, "no": 1, "hs": "0*", "bta": null, "btsr": null}]}, {"type": "BATTING_FIELDING_SEQUENCE_AND_RESULT", "stats": [{"tt": "won batting first", "sp": "2008-2020", "mt": 39, "in": 19, "pr": "batting_fielding_first=1;result=1", "rn": 112, "fo": 7, "si": 3, "ft": 0, "hn": 0, "bf": 116, "dk": 5, "no": 7, "hs": "20", "bta": 9.33, "btsr": 96.55}, {"tt": "won fielding first", "sp": "2008-2020", "mt": 32, "in": 8, "pr": "batting_fielding_first=2;result=1", "rn": 49, "fo": 4, "si": 1, "ft": 0, "hn": 0, "bf": 56, "dk": 1, "no": 4, "hs": "13*", "bta": 12.25, "btsr": 87.5}, {"tt": "lost batting first", "sp": "2008-2019", "mt": 35, "in": 31, "pr": "batting_fielding_first=1;result=2", "rn": 329, "fo": 27, "si": 13, "ft": 1, "hn": 0, "bf": 309, "dk": 3, "no": 14, "hs": "55", "bta": 19.35, "btsr": 106.47}, {"tt": "lost fielding first", "sp": "2008-2019", "mt": 26, "in": 26, "pr": "batting_fielding_first=2;result=2", "rn": 162, "fo": 14, "si": 6, "ft": 0, "hn": 0, "bf": 192, "dk": 3, "no": 6, "hs": "32", "bta": 8.1, "btsr": 84.37}, {"tt": "tied batting first", "sp": "2014-2014", "mt": 1, "in": 1, "pr": "batting_fielding_first=1;result=3", "rn": 27, "fo": 1, "si": 3, "ft": 0, "hn": 0, "bf": 23, "dk": 0, "no": 0, "hs": "27", "bta": 27, "btsr": 117.39}, {"tt": "no result batting first", "sp": "2009-2017", "mt": 3, "in": 1, "pr": "batting_fielding_first=1;result=5", "rn": 0, "fo": 0, "si": 0, "ft": 0, "hn": 0, "bf": 0, "dk": 0, "no": 1, "hs": "0*", "bta": null, "btsr": null}, {"tt": "no result fielding first", "sp": "2008-2014", "mt": 7, "in": null, "pr": "batting_fielding_first=2;result=5", "rn": null, "fo": null, "si": null, "ft": null, "hn": null, "bf": null, "dk": null, "no": null, "hs": null, "bta": null, "btsr": null}]}, {"type": "TOURNAMENT_TYPE", "stats": [{"tt": "2 team series", "sp": "2008-2020", "mt": 118, "in": 75, "pr": "tournament_type=2", "rn": 593, "fo": 47, "si": 23, "ft": 1, "hn": 0, "bf": 585, "dk": 11, "no": 27, "hs": "55", "bta": 12.35, "btsr": 101.36}, {"tt": "3-4 team tournaments", "sp": "2008-2010", "mt": 4, "in": 2, "pr": "tournament_type=3", "rn": 23, "fo": 1, "si": 1, "ft": 0, "hn": 0, "bf": 35, "dk": 0, "no": 0, "hs": "13", "bta": 11.5, "btsr": 65.71}, {"tt": "5+ team tournaments", "sp": "2011-2019", "mt": 23, "in": 11, "pr": "tournament_type=5", "rn": 69, "fo": 5, "si": 2, "ft": 0, "hn": 0, "bf": 87, "dk": 2, "no": 5, "hs": "13*", "bta": 11.5, "btsr": 79.31}]}, {"type": "MATCH_NUMBER", "stats": [{"tt": "only match in series", "sp": "2011-2015", "mt": 2, "in": 2, "pr": "match_number=0", "rn": 6, "fo": 0, "si": 0, "ft": 0, "hn": 0, "bf": 11, "dk": 1, "no": 0, "hs": "6", "bta": 3, "btsr": 54.54}, {"tt": "1st match in series", "sp": "2008-2020", "mt": 26, "in": 20, "pr": "match_number=1", "rn": 186, "fo": 16, "si": 8, "ft": 1, "hn": 0, "bf": 171, "dk": 3, "no": 10, "hs": "55", "bta": 18.6, "btsr": 108.77}, {"tt": "2nd match in series", "sp": "2008-2020", "mt": 28, "in": 17, "pr": "match_number=2", "rn": 102, "fo": 7, "si": 3, "ft": 0, "hn": 0, "bf": 126, "dk": 3, "no": 5, "hs": "28", "bta": 8.5, "btsr": 80.95}, {"tt": "3rd match in series", "sp": "2008-2020", "mt": 30, "in": 20, "pr": "match_number=3", "rn": 203, "fo": 18, "si": 11, "ft": 0, "hn": 0, "bf": 174, "dk": 2, "no": 6, "hs": "32", "bta": 14.5, "btsr": 116.66}, {"tt": "4th match in series", "sp": "2008-2018", "mt": 16, "in": 7, "pr": "match_number=4", "rn": 34, "fo": 1, "si": 0, "ft": 0, "hn": 0, "bf": 39, "dk": 0, "no": 4, "hs": "9*", "bta": 11.33, "btsr": 87.17}, {"tt": "5th match in series", "sp": "2008-2018", "mt": 14, "in": 8, "pr": "match_number=5", "rn": 61, "fo": 5, "si": 1, "ft": 0, "hn": 0, "bf": 60, "dk": 2, "no": 2, "hs": "18", "bta": 10.16, "btsr": 101.66}, {"tt": "6th match in series", "sp": "2011-2011", "mt": 1, "in": null, "pr": "match_number=6", "rn": null, "fo": null, "si": null, "ft": null, "hn": null, "bf": null, "dk": null, "no": null, "hs": null, "bta": null, "btsr": null}, {"tt": "7th match in series", "sp": "2015-2015", "mt": 1, "in": 1, "pr": "match_number=7", "rn": 1, "fo": 0, "si": 0, "ft": 0, "hn": 0, "bf": 4, "dk": 0, "no": 0, "hs": "1", "bta": 1, "btsr": 25}]}, {"type": "MAJOR_TROPHY", "stats": [{"tt": "World Cup", "sp": "2011-2019", "mt": 18, "in": 7, "pr": "trophy=12", "rn": 44, "fo": 2, "si": 2, "ft": 0, "hn": 0, "bf": 55, "dk": 2, "no": 2, "hs": "12*", "bta": 8.8, "btsr": 80}, {"tt": "Chappell-Hadlee", "sp": "2009-2017", "mt": 16, "in": 13, "pr": "trophy=65", "rn": 57, "fo": 1, "si": 2, "ft": 0, "hn": 0, "bf": 74, "dk": 2, "no": 3, "hs": "17", "bta": 5.7, "btsr": 77.02}, {"tt": "ICC Champions Trophy", "sp": "2013-2017", "mt": 5, "in": 4, "pr": "trophy=44", "rn": 25, "fo": 3, "si": 0, "ft": 0, "hn": 0, "bf": 32, "dk": 0, "no": 3, "hs": "13*", "bta": 25, "btsr": 78.12}]}, {"type": "FINAL_TYPE", "stats": [{"tt": "tournament finals", "sp": "2015-2015", "mt": 1, "in": 1, "pr": "final_type=1", "rn": 11, "fo": 0, "si": 1, "ft": 0, "hn": 0, "bf": 11, "dk": 0, "no": 0, "hs": "11", "bta": 11, "btsr": 100}, {"tt": "tournament semi-finals", "sp": "2011-2015", "mt": 2, "in": 1, "pr": "final_type=3", "rn": 0, "fo": 0, "si": 0, "ft": 0, "hn": 0, "bf": 3, "dk": 1, "no": 0, "hs": "0", "bta": 0, "btsr": 0}, {"tt": "tournament quarter-finals", "sp": "2011-2015", "mt": 2, "in": null, "pr": "final_type=4", "rn": null, "fo": null, "si": null, "ft": null, "hn": null, "bf": null, "dk": null, "no": null, "hs": null, "bta": null, "btsr": null}, {"tt": "preliminary matches", "sp": "2008-2019", "mt": 22, "in": 11, "pr": "final_type=0", "rn": 81, "fo": 6, "si": 2, "ft": 0, "hn": 0, "bf": 108, "dk": 1, "no": 5, "hs": "13*", "bta": 13.5, "btsr": 75}]}, {"type": "BATTING_POSITION", "stats": [{"tt": "7th position", "sp": "2012-2012", "mt": 1, "in": 1, "pr": "batting_positionval1=batting_position;batting_positionmin1=7;batting_positionmax1=7", "rn": 2, "fo": 0, "si": 0, "ft": 0, "hn": 0, "bf": 3, "dk": 0, "no": 0, "hs": "2", "bta": 2, "btsr": 66.66}, {"tt": "8th position", "sp": "2009-2019", "mt": 6, "in": 6, "pr": "batting_positionval1=batting_position;batting_positionmin1=8;batting_positionmax1=8", "rn": 64, "fo": 4, "si": 2, "ft": 0, "hn": 0, "bf": 64, "dk": 0, "no": 2, "hs": "20", "bta": 16, "btsr": 100}, {"tt": "9th position", "sp": "2009-2020", "mt": 39, "in": 39, "pr": "batting_positionval1=batting_position;batting_positionmin1=9;batting_positionmax1=9", "rn": 308, "fo": 27, "si": 11, "ft": 0, "hn": 0, "bf": 322, "dk": 5, "no": 13, "hs": "28", "bta": 11.84, "btsr": 95.65}, {"tt": "10th position", "sp": "2008-2017", "mt": 31, "in": 31, "pr": "batting_positionval1=batting_position;batting_positionmin1=10;batting_positionmax1=10", "rn": 283, "fo": 20, "si": 13, "ft": 1, "hn": 0, "bf": 272, "dk": 5, "no": 13, "hs": "55", "bta": 15.72, "btsr": 104.04}, {"tt": "11th position", "sp": "2009-2013", "mt": 9, "in": 9, "pr": "batting_positionval1=batting_position;batting_positionmin1=11;batting_positionmax1=11", "rn": 22, "fo": 2, "si": 0, "ft": 0, "hn": 0, "bf": 35, "dk": 2, "no": 4, "hs": "5*", "bta": 4.4, "btsr": 62.85}]}]}}