{"summary": {"recordClassId": 3, "type": "BATTING", "groups": [{"type": "CAREER_AVERAGES", "stats": [{"tt": "overview", "sp": "2008-2021", "mt": 83, "in": 35, "pr": null, "rn": 249, "fo": 16, "si": 16, "ft": 0, "hn": 0, "bf": 174, "dk": 4, "no": 13, "hs": "39", "bta": 11.31, "btsr": 143.1}]}, {"type": "OPPOSITION_TEAM", "stats": [{"tt": "vs Australia", "sp": "2009-2021", "mt": 10, "in": 5, "pr": "opposition=2", "rn": 31, "fo": 2, "si": 2, "ft": 0, "hn": 0, "bf": 22, "dk": 0, "no": 0, "hs": "9", "bta": 6.2, "btsr": 140.9}, {"tt": "vs Bangladesh", "sp": "2010-2021", "mt": 6, "in": null, "pr": "opposition=25", "rn": null, "fo": null, "si": null, "ft": null, "hn": null, "bf": null, "dk": null, "no": null, "hs": null, "bta": null, "btsr": null}, {"tt": "vs England", "sp": "2008-2019", "mt": 12, "in": 6, "pr": "opposition=1", "rn": 57, "fo": 4, "si": 4, "ft": 0, "hn": 0, "bf": 33, "dk": 1, "no": 3, "hs": "39", "bta": 19, "btsr": 172.72}, {"tt": "vs India", "sp": "2009-2020", "mt": 12, "in": 3, "pr": "opposition=6", "rn": 17, "fo": 3, "si": 0, "ft": 0, "hn": 0, "bf": 12, "dk": 0, "no": 0, "hs": "8", "bta": 5.66, "btsr": 141.66}, {"tt": "vs Pakistan", "sp": "2009-2020", "mt": 13, "in": 7, "pr": "opposition=7", "rn": 18, "fo": 1, "si": 1, "ft": 0, "hn": 0, "bf": 16, "dk": 3, "no": 2, "hs": "6*", "bta": 3.6, "btsr": 112.5}, {"tt": "vs South Africa", "sp": "2010-2017", "mt": 6, "in": 3, "pr": "opposition=3", "rn": 20, "fo": 0, "si": 3, "ft": 0, "hn": 0, "bf": 7, "dk": 0, "no": 2, "hs": "20", "bta": 20, "btsr": 285.71}, {"tt": "vs Sri Lanka", "sp": "2010-2019", "mt": 9, "in": 6, "pr": "opposition=8", "rn": 66, "fo": 4, "si": 4, "ft": 0, "hn": 0, "bf": 50, "dk": 0, "no": 5, "hs": "28*", "bta": 66, "btsr": 132}, {"tt": "vs West Indies", "sp": "2008-2020", "mt": 13, "in": 5, "pr": "opposition=4", "rn": 40, "fo": 2, "si": 2, "ft": 0, "hn": 0, "bf": 34, "dk": 0, "no": 1, "hs": "23", "bta": 10, "btsr": 117.64}, {"tt": "vs Zimbabwe", "sp": "2010-2012", "mt": 2, "in": null, "pr": "opposition=9", "rn": null, "fo": null, "si": null, "ft": null, "hn": null, "bf": null, "dk": null, "no": null, "hs": null, "bta": null, "btsr": null}]}, {"type": "HOST_COUNTRY", "stats": [{"tt": "in Australia", "sp": "2009-2018", "mt": 2, "in": 1, "pr": "host=2", "rn": 9, "fo": 0, "si": 1, "ft": 0, "hn": 0, "bf": 6, "dk": 0, "no": 0, "hs": "9", "bta": 9, "btsr": 150}, {"tt": "in Bangladesh", "sp": "2013-2014", "mt": 3, "in": 1, "pr": "host=25", "rn": 0, "fo": 0, "si": 0, "ft": 0, "hn": 0, "bf": 0, "dk": 0, "no": 1, "hs": "0*", "bta": null, "btsr": null}, {"tt": "in England", "sp": "2015-2015", "mt": 1, "in": 1, "pr": "host=1", "rn": 0, "fo": 0, "si": 0, "ft": 0, "hn": 0, "bf": 1, "dk": 1, "no": 0, "hs": "0", "bta": 0, "btsr": 0}, {"tt": "in India", "sp": "2017-2017", "mt": 2, "in": 1, "pr": "host=6", "rn": 8, "fo": 2, "si": 0, "ft": 0, "hn": 0, "bf": 4, "dk": 0, "no": 0, "hs": "8", "bta": 8, "btsr": 200}, {"tt": "in New Zealand", "sp": "2008-2021", "mt": 52, "in": 18, "pr": "host=5", "rn": 139, "fo": 9, "si": 9, "ft": 0, "hn": 0, "bf": 86, "dk": 1, "no": 7, "hs": "39", "bta": 12.63, "btsr": 161.62}, {"tt": "in Sri Lanka", "sp": "2012-2019", "mt": 9, "in": 4, "pr": "host=8", "rn": 50, "fo": 4, "si": 3, "ft": 0, "hn": 0, "bf": 36, "dk": 0, "no": 3, "hs": "28*", "bta": 50, "btsr": 138.88}, {"tt": "in U.A.E.", "sp": "2009-2018", "mt": 5, "in": 4, "pr": "host=27", "rn": 11, "fo": 1, "si": 1, "ft": 0, "hn": 0, "bf": 6, "dk": 2, "no": 1, "hs": "6", "bta": 3.66, "btsr": 183.33}, {"tt": "in U.S.A.", "sp": "2010-2012", "mt": 4, "in": 3, "pr": "host=11", "rn": 30, "fo": 0, "si": 2, "ft": 0, "hn": 0, "bf": 32, "dk": 0, "no": 0, "hs": "23", "bta": 10, "btsr": 93.75}, {"tt": "in West Indies", "sp": "2010-2014", "mt": 5, "in": 2, "pr": "host=4", "rn": 2, "fo": 0, "si": 0, "ft": 0, "hn": 0, "bf": 3, "dk": 0, "no": 1, "hs": "2", "bta": 2, "btsr": 66.66}]}, {"type": "CONTINENT", "stats": [{"tt": "in Americas", "sp": "2010-2014", "mt": 9, "in": 5, "pr": "continent=3", "rn": 32, "fo": 0, "si": 2, "ft": 0, "hn": 0, "bf": 35, "dk": 0, "no": 1, "hs": "23", "bta": 8, "btsr": 91.42}, {"tt": "in Asia", "sp": "2009-2019", "mt": 19, "in": 10, "pr": "continent=2", "rn": 69, "fo": 7, "si": 4, "ft": 0, "hn": 0, "bf": 46, "dk": 2, "no": 5, "hs": "28*", "bta": 13.8, "btsr": 150}, {"tt": "in Europe", "sp": "2015-2015", "mt": 1, "in": 1, "pr": "continent=4", "rn": 0, "fo": 0, "si": 0, "ft": 0, "hn": 0, "bf": 1, "dk": 1, "no": 0, "hs": "0", "bta": 0, "btsr": 0}, {"tt": "in Oceania", "sp": "2008-2021", "mt": 54, "in": 19, "pr": "continent=5", "rn": 148, "fo": 9, "si": 10, "ft": 0, "hn": 0, "bf": 92, "dk": 1, "no": 7, "hs": "39", "bta": 12.33, "btsr": 160.86}]}, {"type": "HOME_OR_AWAY", "stats": [{"tt": "home", "sp": "2008-2021", "mt": 52, "in": 18, "pr": "home_or_away=1", "rn": 139, "fo": 9, "si": 9, "ft": 0, "hn": 0, "bf": 86, "dk": 1, "no": 7, "hs": "39", "bta": 12.63, "btsr": 161.62}, {"tt": "away", "sp": "2009-2019", "mt": 13, "in": 7, "pr": "home_or_away=2", "rn": 68, "fo": 6, "si": 4, "ft": 0, "hn": 0, "bf": 47, "dk": 1, "no": 3, "hs": "28*", "bta": 17, "btsr": 144.68}, {"tt": "neutral", "sp": "2009-2018", "mt": 18, "in": 10, "pr": "home_or_away=3", "rn": 42, "fo": 1, "si": 3, "ft": 0, "hn": 0, "bf": 41, "dk": 2, "no": 3, "hs": "23", "bta": 6, "btsr": 102.43}]}, {"type": "YEAR", "stats": [{"tt": "year 2008", "sp": null, "mt": 4, "in": 3, "pr": "year=2008", "rn": 15, "fo": 2, "si": 0, "ft": 0, "hn": 0, "bf": 15, "dk": 0, "no": 1, "hs": "12*", "bta": 7.5, "btsr": 100}, {"tt": "year 2009", "sp": null, "mt": 5, "in": 1, "pr": "year=2009", "rn": 6, "fo": 0, "si": 1, "ft": 0, "hn": 0, "bf": 3, "dk": 0, "no": 0, "hs": "6", "bta": 6, "btsr": 200}, {"tt": "year 2010", "sp": null, "mt": 10, "in": 3, "pr": "year=2010", "rn": 4, "fo": 0, "si": 0, "ft": 0, "hn": 0, "bf": 10, "dk": 1, "no": 1, "hs": "4", "bta": 2, "btsr": 40}, {"tt": "year 2012", "sp": null, "mt": 12, "in": 5, "pr": "year=2012", "rn": 48, "fo": 4, "si": 2, "ft": 0, "hn": 0, "bf": 37, "dk": 0, "no": 2, "hs": "23", "bta": 16, "btsr": 129.72}, {"tt": "year 2013", "sp": null, "mt": 1, "in": null, "pr": "year=2013", "rn": null, "fo": null, "si": null, "ft": null, "hn": null, "bf": null, "dk": null, "no": null, "hs": null, "bta": null, "btsr": null}, {"tt": "year 2014", "sp": null, "mt": 5, "in": 2, "pr": "year=2014", "rn": 2, "fo": 0, "si": 0, "ft": 0, "hn": 0, "bf": 3, "dk": 0, "no": 1, "hs": "2", "bta": 2, "btsr": 66.66}, {"tt": "year 2015", "sp": null, "mt": 1, "in": 1, "pr": "year=2015", "rn": 0, "fo": 0, "si": 0, "ft": 0, "hn": 0, "bf": 1, "dk": 1, "no": 0, "hs": "0", "bta": 0, "btsr": 0}, {"tt": "year 2017", "sp": null, "mt": 4, "in": 3, "pr": "year=2017", "rn": 38, "fo": 4, "si": 3, "ft": 0, "hn": 0, "bf": 15, "dk": 0, "no": 1, "hs": "20", "bta": 19, "btsr": 253.33}, {"tt": "year 2018", "sp": null, "mt": 12, "in": 5, "pr": "year=2018", "rn": 19, "fo": 2, "si": 1, "ft": 0, "hn": 0, "bf": 12, "dk": 2, "no": 1, "hs": "9", "bta": 4.75, "btsr": 158.33}, {"tt": "year 2019", "sp": null, "mt": 12, "in": 7, "pr": "year=2019", "rn": 88, "fo": 2, "si": 8, "ft": 0, "hn": 0, "bf": 54, "dk": 0, "no": 5, "hs": "39", "bta": 44, "btsr": 162.96}, {"tt": "year 2020", "sp": null, "mt": 9, "in": 2, "pr": "year=2020", "rn": 12, "fo": 1, "si": 0, "ft": 0, "hn": 0, "bf": 11, "dk": 0, "no": 1, "hs": "6*", "bta": 12, "btsr": 109.09}, {"tt": "year 2021", "sp": null, "mt": 8, "in": 3, "pr": "year=2021", "rn": 17, "fo": 1, "si": 1, "ft": 0, "hn": 0, "bf": 13, "dk": 0, "no": 0, "hs": "6", "bta": 5.66, "btsr": 130.76}]}, {"type": "SEASON", "stats": [{"tt": "season 2007/08", "sp": null, "mt": 2, "in": 2, "pr": "season=NaN", "rn": 13, "fo": 2, "si": 0, "ft": 0, "hn": 0, "bf": 12, "dk": 0, "no": 1, "hs": "12*", "bta": 13, "btsr": 108.33}, {"tt": "season 2008/09", "sp": null, "mt": 5, "in": 1, "pr": "season=NaN", "rn": 2, "fo": 0, "si": 0, "ft": 0, "hn": 0, "bf": 3, "dk": 0, "no": 0, "hs": "2", "bta": 2, "btsr": 66.66}, {"tt": "season 2009/10", "sp": null, "mt": 4, "in": 1, "pr": "season=NaN", "rn": 6, "fo": 0, "si": 1, "ft": 0, "hn": 0, "bf": 3, "dk": 0, "no": 0, "hs": "6", "bta": 6, "btsr": 200}, {"tt": "season 2010", "sp": null, "mt": 5, "in": 2, "pr": "season=2010", "rn": 4, "fo": 0, "si": 0, "ft": 0, "hn": 0, "bf": 9, "dk": 0, "no": 1, "hs": "4", "bta": 4, "btsr": 44.44}, {"tt": "season 2010/11", "sp": null, "mt": 3, "in": 1, "pr": "season=NaN", "rn": 0, "fo": 0, "si": 0, "ft": 0, "hn": 0, "bf": 1, "dk": 1, "no": 0, "hs": "0", "bta": 0, "btsr": 0}, {"tt": "season 2011/12", "sp": null, "mt": 4, "in": 1, "pr": "season=NaN", "rn": 0, "fo": 0, "si": 0, "ft": 0, "hn": 0, "bf": 1, "dk": 0, "no": 1, "hs": "0*", "bta": null, "btsr": 0}, {"tt": "season 2012", "sp": null, "mt": 2, "in": 2, "pr": "season=2012", "rn": 26, "fo": 0, "si": 2, "ft": 0, "hn": 0, "bf": 23, "dk": 0, "no": 0, "hs": "23", "bta": 13, "btsr": 113.04}, {"tt": "season 2012/13", "sp": null, "mt": 6, "in": 2, "pr": "season=NaN", "rn": 22, "fo": 4, "si": 0, "ft": 0, "hn": 0, "bf": 13, "dk": 0, "no": 1, "hs": "21*", "bta": 22, "btsr": 169.23}, {"tt": "season 2013/14", "sp": null, "mt": 4, "in": 1, "pr": "season=NaN", "rn": 0, "fo": 0, "si": 0, "ft": 0, "hn": 0, "bf": 0, "dk": 0, "no": 1, "hs": "0*", "bta": null, "btsr": null}, {"tt": "season 2014", "sp": null, "mt": 2, "in": 1, "pr": "season=2014", "rn": 2, "fo": 0, "si": 0, "ft": 0, "hn": 0, "bf": 3, "dk": 0, "no": 0, "hs": "2", "bta": 2, "btsr": 66.66}, {"tt": "season 2015", "sp": null, "mt": 1, "in": 1, "pr": "season=2015", "rn": 0, "fo": 0, "si": 0, "ft": 0, "hn": 0, "bf": 1, "dk": 1, "no": 0, "hs": "0", "bta": 0, "btsr": 0}, {"tt": "season 2016/17", "sp": null, "mt": 1, "in": 1, "pr": "season=NaN", "rn": 20, "fo": 0, "si": 3, "ft": 0, "hn": 0, "bf": 6, "dk": 0, "no": 0, "hs": "20", "bta": 20, "btsr": 333.33}, {"tt": "season 2017/18", "sp": null, "mt": 12, "in": 4, "pr": "season=NaN", "rn": 32, "fo": 5, "si": 1, "ft": 0, "hn": 0, "bf": 18, "dk": 0, "no": 1, "hs": "10*", "bta": 10.66, "btsr": 177.77}, {"tt": "season 2018/19", "sp": null, "mt": 7, "in": 5, "pr": "season=NaN", "rn": 21, "fo": 1, "si": 1, "ft": 0, "hn": 0, "bf": 14, "dk": 2, "no": 2, "hs": "13*", "bta": 7, "btsr": 150}, {"tt": "season 2019", "sp": null, "mt": 3, "in": 2, "pr": "season=2019", "rn": 28, "fo": 0, "si": 3, "ft": 0, "hn": 0, "bf": 23, "dk": 0, "no": 2, "hs": "28*", "bta": null, "btsr": 121.73}, {"tt": "season 2019/20", "sp": null, "mt": 10, "in": 4, "pr": "season=NaN", "rn": 50, "fo": 3, "si": 4, "ft": 0, "hn": 0, "bf": 25, "dk": 0, "no": 2, "hs": "39", "bta": 25, "btsr": 200}, {"tt": "season 2020/21", "sp": null, "mt": 12, "in": 4, "pr": "season=NaN", "rn": 23, "fo": 1, "si": 1, "ft": 0, "hn": 0, "bf": 19, "dk": 0, "no": 1, "hs": "6*", "bta": 7.66, "btsr": 121.05}]}, {"type": "CAPTAINS_INVOLVED", "stats": [{"tt": "*BB McCullum", "sp": "2008-2015", "mt": 13, "in": 6, "pr": "captain_involve=10384", "rn": 19, "fo": 2, "si": 1, "ft": 0, "hn": 0, "bf": 17, "dk": 1, "no": 3, "hs": "12*", "bta": 6.33, "btsr": 111.76}, {"tt": "*KD Mills", "sp": "2013-2013", "mt": 1, "in": null, "pr": "captain_involve=10303", "rn": null, "fo": null, "si": null, "ft": null, "hn": null, "bf": null, "dk": null, "no": null, "hs": null, "bta": null, "btsr": null}, {"tt": "*TG Southee", "sp": "2017-2021", "mt": 18, "in": 8, "pr": "captain_involve=49108", "rn": 101, "fo": 5, "si": 8, "ft": 0, "hn": 0, "bf": 61, "dk": 0, "no": 6, "hs": "39", "bta": 50.5, "btsr": 165.57}, {"tt": "*LRPL Taylor", "sp": "2010-2012", "mt": 10, "in": 4, "pr": "captain_involve=44930", "rn": 45, "fo": 4, "si": 2, "ft": 0, "hn": 0, "bf": 32, "dk": 1, "no": 1, "hs": "23", "bta": 15, "btsr": 140.62}, {"tt": "*DL Vettori", "sp": "2008-2010", "mt": 12, "in": 3, "pr": "captain_involve=4380", "rn": 6, "fo": 0, "si": 0, "ft": 0, "hn": 0, "bf": 12, "dk": 0, "no": 1, "hs": "4", "bta": 3, "btsr": 50}, {"tt": "*KS Williamson", "sp": "2012-2021", "mt": 29, "in": 14, "pr": "captain_involve=51088", "rn": 78, "fo": 5, "si": 5, "ft": 0, "hn": 0, "bf": 52, "dk": 2, "no": 2, "hs": "20", "bta": 6.5, "btsr": 150}]}, {"type": "CAPTAIN", "stats": [{"tt": "is captain", "sp": "2017-2021", "mt": 18, "in": 8, "pr": "captain=1", "rn": 101, "fo": 5, "si": 8, "ft": 0, "hn": 0, "bf": 61, "dk": 0, "no": 6, "hs": "39", "bta": 50.5, "btsr": 165.57}, {"tt": "is not captain", "sp": "2008-2021", "mt": 65, "in": 27, "pr": "captain=0", "rn": 148, "fo": 11, "si": 8, "ft": 0, "hn": 0, "bf": 113, "dk": 4, "no": 7, "hs": "23", "bta": 7.4, "btsr": 130.97}]}, {"type": "KEEPER", "stats": [{"tt": "is not keeper", "sp": "2008-2021", "mt": 83, "in": 35, "pr": "keeper=0", "rn": 249, "fo": 16, "si": 16, "ft": 0, "hn": 0, "bf": 174, "dk": 4, "no": 13, "hs": "39", "bta": 11.31, "btsr": 143.1}]}, {"type": "TOSS", "stats": [{"tt": "won the toss", "sp": "2008-2021", "mt": 41, "in": 16, "pr": "toss=1", "rn": 119, "fo": 5, "si": 10, "ft": 0, "hn": 0, "bf": 79, "dk": 1, "no": 3, "hs": "39", "bta": 9.15, "btsr": 150.63}, {"tt": "lost the toss", "sp": "2008-2021", "mt": 42, "in": 19, "pr": "toss=2", "rn": 130, "fo": 11, "si": 6, "ft": 0, "hn": 0, "bf": 95, "dk": 3, "no": 10, "hs": "28*", "bta": 14.44, "btsr": 136.84}]}, {"type": "BATTING_FIELDING_SEQUENCE_AND_TOSS", "stats": [{"tt": "won toss &amp; batted", "sp": "2008-2021", "mt": 17, "in": 6, "pr": "batting_fielding_first=1;toss=1", "rn": 15, "fo": 1, "si": 0, "ft": 0, "hn": 0, "bf": 21, "dk": 1, "no": 1, "hs": "5", "bta": 3, "btsr": 71.42}, {"tt": "won toss &amp; fielded", "sp": "2008-2021", "mt": 24, "in": 10, "pr": "batting_fielding_first=2;toss=1", "rn": 104, "fo": 4, "si": 10, "ft": 0, "hn": 0, "bf": 58, "dk": 0, "no": 2, "hs": "39", "bta": 13, "btsr": 179.31}, {"tt": "lost toss &amp; sent in", "sp": "2010-2021", "mt": 21, "in": 7, "pr": "batting_fielding_first=1;toss=2", "rn": 69, "fo": 7, "si": 2, "ft": 0, "hn": 0, "bf": 41, "dk": 0, "no": 5, "hs": "21*", "bta": 34.5, "btsr": 168.29}, {"tt": "lost toss &amp; fielded", "sp": "2008-2021", "mt": 21, "in": 12, "pr": "batting_fielding_first=2;toss=2", "rn": 61, "fo": 4, "si": 4, "ft": 0, "hn": 0, "bf": 54, "dk": 3, "no": 5, "hs": "28*", "bta": 8.71, "btsr": 112.96}]}, {"type": "BATTING_FIELDING_SEQUENCE", "stats": [{"tt": "matches batting first", "sp": "2008-2021", "mt": 38, "in": 13, "pr": "batting_fielding_first=1", "rn": 84, "fo": 8, "si": 2, "ft": 0, "hn": 0, "bf": 62, "dk": 1, "no": 6, "hs": "21*", "bta": 12, "btsr": 135.48}, {"tt": "matches fielding first", "sp": "2008-2021", "mt": 45, "in": 22, "pr": "batting_fielding_first=2", "rn": 165, "fo": 8, "si": 14, "ft": 0, "hn": 0, "bf": 112, "dk": 3, "no": 7, "hs": "39", "bta": 11, "btsr": 147.32}]}, {"type": "TEAM_INNINGS", "stats": [{"tt": "1st team innings", "sp": "2008-2021", "mt": 83, "in": 35, "pr": null, "rn": 249, "fo": 16, "si": 16, "ft": 0, "hn": 0, "bf": 174, "dk": 4, "no": 13, "hs": "39", "bta": 11.31, "btsr": 143.1}]}, {"type": "MATCH_INNINGS", "stats": [{"tt": "1st match innings", "sp": "2008-2021", "mt": 38, "in": 13, "pr": "innings_number=1", "rn": 84, "fo": 8, "si": 2, "ft": 0, "hn": 0, "bf": 62, "dk": 1, "no": 6, "hs": "21*", "bta": 12, "btsr": 135.48}, {"tt": "2nd match innings", "sp": "2008-2021", "mt": 45, "in": 22, "pr": "innings_number=2", "rn": 165, "fo": 8, "si": 14, "ft": 0, "hn": 0, "bf": 112, "dk": 3, "no": 7, "hs": "39", "bta": 11, "btsr": 147.32}]}, {"type": "FLOODLIT", "stats": [{"tt": "day match", "sp": "2010-2021", "mt": 21, "in": 10, "pr": "floodlit=1", "rn": 74, "fo": 7, "si": 2, "ft": 0, "hn": 0, "bf": 58, "dk": 0, "no": 5, "hs": "23", "bta": 14.8, "btsr": 127.58}, {"tt": "day/night match", "sp": "2008-2018", "mt": 24, "in": 8, "pr": "floodlit=2", "rn": 22, "fo": 2, "si": 1, "ft": 0, "hn": 0, "bf": 23, "dk": 1, "no": 3, "hs": "12*", "bta": 4.4, "btsr": 95.65}, {"tt": "night match", "sp": "2010-2021", "mt": 38, "in": 17, "pr": "floodlit=3", "rn": 153, "fo": 7, "si": 13, "ft": 0, "hn": 0, "bf": 93, "dk": 3, "no": 5, "hs": "39", "bta": 12.75, "btsr": 164.51}]}, {"type": "RESULT", "stats": [{"tt": "won match", "sp": "2008-2021", "mt": 36, "in": 8, "pr": "result=1", "rn": 36, "fo": 3, "si": 1, "ft": 0, "hn": 0, "bf": 24, "dk": 0, "no": 6, "hs": "13*", "bta": 18, "btsr": 150}, {"tt": "lost match", "sp": "2008-2021", "mt": 38, "in": 26, "pr": "result=2", "rn": 192, "fo": 9, "si": 15, "ft": 0, "hn": 0, "bf": 140, "dk": 4, "no": 6, "hs": "39", "bta": 9.6, "btsr": 137.14}, {"tt": "tied match", "sp": "2008-2020", "mt": 7, "in": null, "pr": "result=3", "rn": null, "fo": null, "si": null, "ft": null, "hn": null, "bf": null, "dk": null, "no": null, "hs": null, "bta": null, "btsr": null}, {"tt": "no result", "sp": "2012-2018", "mt": 2, "in": 1, "pr": "result=5", "rn": 21, "fo": 4, "si": 0, "ft": 0, "hn": 0, "bf": 10, "dk": 0, "no": 1, "hs": "21*", "bta": null, "btsr": 210}]}, {"type": "BATTING_FIELDING_SEQUENCE_AND_RESULT", "stats": [{"tt": "won batting first", "sp": "2008-2021", "mt": 20, "in": 6, "pr": "batting_fielding_first=1;result=1", "rn": 36, "fo": 3, "si": 1, "ft": 0, "hn": 0, "bf": 24, "dk": 0, "no": 4, "hs": "13*", "bta": 18, "btsr": 150}, {"tt": "won fielding first", "sp": "2009-2021", "mt": 16, "in": 2, "pr": "batting_fielding_first=2;result=1", "rn": 0, "fo": 0, "si": 0, "ft": 0, "hn": 0, "bf": 0, "dk": 0, "no": 2, "hs": "0*", "bta": null, "btsr": null}, {"tt": "lost batting first", "sp": "2010-2020", "mt": 12, "in": 6, "pr": "batting_fielding_first=1;result=2", "rn": 27, "fo": 1, "si": 1, "ft": 0, "hn": 0, "bf": 28, "dk": 1, "no": 1, "hs": "9", "bta": 5.4, "btsr": 96.42}, {"tt": "lost fielding first", "sp": "2008-2021", "mt": 26, "in": 20, "pr": "batting_fielding_first=2;result=2", "rn": 165, "fo": 8, "si": 14, "ft": 0, "hn": 0, "bf": 112, "dk": 3, "no": 5, "hs": "39", "bta": 11, "btsr": 147.32}, {"tt": "tied batting first", "sp": "2008-2019", "mt": 4, "in": null, "pr": "batting_fielding_first=1;result=3", "rn": null, "fo": null, "si": null, "ft": null, "hn": null, "bf": null, "dk": null, "no": null, "hs": null, "bta": null, "btsr": null}, {"tt": "tied fielding first", "sp": "2012-2020", "mt": 3, "in": null, "pr": "batting_fielding_first=2;result=3", "rn": null, "fo": null, "si": null, "ft": null, "hn": null, "bf": null, "dk": null, "no": null, "hs": null, "bta": null, "btsr": null}, {"tt": "no result batting first", "sp": "2012-2018", "mt": 2, "in": 1, "pr": "batting_fielding_first=1;result=5", "rn": 21, "fo": 4, "si": 0, "ft": 0, "hn": 0, "bf": 10, "dk": 0, "no": 1, "hs": "21*", "bta": null, "btsr": 210}]}, {"type": "TOURNAMENT_TYPE", "stats": [{"tt": "2 team series", "sp": "2008-2021", "mt": 68, "in": 30, "pr": "tournament_type=2", "rn": 234, "fo": 15, "si": 15, "ft": 0, "hn": 0, "bf": 162, "dk": 4, "no": 11, "hs": "39", "bta": 12.31, "btsr": 144.44}, {"tt": "3-4 team tournaments", "sp": "2018-2018", "mt": 5, "in": 2, "pr": "tournament_type=3", "rn": 14, "fo": 1, "si": 1, "ft": 0, "hn": 0, "bf": 9, "dk": 0, "no": 0, "hs": "9", "bta": 7, "btsr": 155.55}, {"tt": "5+ team tournaments", "sp": "2010-2014", "mt": 10, "in": 3, "pr": "tournament_type=5", "rn": 1, "fo": 0, "si": 0, "ft": 0, "hn": 0, "bf": 3, "dk": 0, "no": 2, "hs": "1", "bta": 1, "btsr": 33.33}]}, {"type": "MATCH_NUMBER", "stats": [{"tt": "only match in series", "sp": "2009-2019", "mt": 7, "in": 4, "pr": "match_number=0", "rn": 54, "fo": 4, "si": 4, "ft": 0, "hn": 0, "bf": 25, "dk": 1, "no": 2, "hs": "21*", "bta": 27, "btsr": 216}, {"tt": "1st match in series", "sp": "2008-2021", "mt": 21, "in": 6, "pr": "match_number=1", "rn": 53, "fo": 5, "si": 3, "ft": 0, "hn": 0, "bf": 34, "dk": 0, "no": 2, "hs": "23", "bta": 13.25, "btsr": 155.88}, {"tt": "2nd match in series", "sp": "2008-2021", "mt": 21, "in": 10, "pr": "match_number=2", "rn": 36, "fo": 3, "si": 0, "ft": 0, "hn": 0, "bf": 40, "dk": 1, "no": 3, "hs": "12*", "bta": 5.14, "btsr": 90}, {"tt": "3rd match in series", "sp": "2010-2021", "mt": 13, "in": 7, "pr": "match_number=3", "rn": 40, "fo": 0, "si": 3, "ft": 0, "hn": 0, "bf": 39, "dk": 2, "no": 4, "hs": "28*", "bta": 13.33, "btsr": 102.56}, {"tt": "4th match in series", "sp": "2019-2021", "mt": 3, "in": 2, "pr": "match_number=4", "rn": 45, "fo": 2, "si": 5, "ft": 0, "hn": 0, "bf": 19, "dk": 0, "no": 0, "hs": "39", "bta": 22.5, "btsr": 236.84}, {"tt": "5th match in series", "sp": "2019-2021", "mt": 3, "in": 1, "pr": "match_number=5", "rn": 6, "fo": 1, "si": 0, "ft": 0, "hn": 0, "bf": 5, "dk": 0, "no": 0, "hs": "6", "bta": 6, "btsr": 120}]}, {"type": "MAJOR_TROPHY", "stats": [{"tt": "Men's T20 World Cup", "sp": "2010-2014", "mt": 10, "in": 3, "pr": "trophy=89", "rn": 1, "fo": 0, "si": 0, "ft": 0, "hn": 0, "bf": 3, "dk": 0, "no": 2, "hs": "1", "bta": 1, "btsr": 33.33}]}, {"type": "FINAL_TYPE", "stats": [{"tt": "tournament finals", "sp": "2018-2018", "mt": 1, "in": 1, "pr": "final_type=1", "rn": 5, "fo": 1, "si": 0, "ft": 0, "hn": 0, "bf": 3, "dk": 0, "no": 0, "hs": "5", "bta": 5, "btsr": 166.66}, {"tt": "preliminary matches", "sp": "2010-2018", "mt": 14, "in": 4, "pr": "final_type=0", "rn": 10, "fo": 0, "si": 1, "ft": 0, "hn": 0, "bf": 9, "dk": 0, "no": 2, "hs": "9", "bta": 5, "btsr": 111.11}]}, {"type": "BATTING_POSITION", "stats": [{"tt": "3rd position", "sp": "2012-2012", "mt": 1, "in": 1, "pr": "batting_positionval1=batting_position;batting_positionmin1=3;batting_positionmax1=3", "rn": 3, "fo": 0, "si": 0, "ft": 0, "hn": 0, "bf": 5, "dk": 0, "no": 0, "hs": "3", "bta": 3, "btsr": 60}, {"tt": "5th position", "sp": "2012-2012", "mt": 1, "in": 1, "pr": "batting_positionval1=batting_position;batting_positionmin1=5;batting_positionmax1=5", "rn": 23, "fo": 0, "si": 2, "ft": 0, "hn": 0, "bf": 18, "dk": 0, "no": 0, "hs": "23", "bta": 23, "btsr": 127.77}, {"tt": "8th position", "sp": "2018-2021", "mt": 10, "in": 10, "pr": "batting_positionval1=batting_position;batting_positionmin1=8;batting_positionmax1=8", "rn": 68, "fo": 4, "si": 5, "ft": 0, "hn": 0, "bf": 39, "dk": 2, "no": 4, "hs": "39", "bta": 11.33, "btsr": 174.35}, {"tt": "9th position", "sp": "2008-2020", "mt": 16, "in": 16, "pr": "batting_positionval1=batting_position;batting_positionmin1=9;batting_positionmax1=9", "rn": 111, "fo": 10, "si": 5, "ft": 0, "hn": 0, "bf": 80, "dk": 1, "no": 7, "hs": "28*", "bta": 12.33, "btsr": 138.75}, {"tt": "10th position", "sp": "2008-2017", "mt": 7, "in": 7, "pr": "batting_positionval1=batting_position;batting_positionmin1=10;batting_positionmax1=10", "rn": 44, "fo": 2, "si": 4, "ft": 0, "hn": 0, "bf": 32, "dk": 1, "no": 2, "hs": "20", "bta": 8.8, "btsr": 137.5}]}]}}