{"summary": {"recordClassId": 3, "type": "BOWLING", "groups": [{"type": "CAREER_AVERAGES", "stats": [{"bl": null, "tt": "overview", "sp": "2008-2021", "mt": 83, "in": 81, "pr": null, "ov": 297, "cd": 2492, "md": 2, "wk": 99, "fwk": 1, "fw": 1, "tw": 0, "bbi": "5/18", "bbm": "5/18", "bwa": 25.17, "bwe": 8.39, "bwsr": 18}]}, {"type": "OPPOSITION_TEAM", "stats": [{"bl": null, "tt": "vs Australia", "sp": "2009-2021", "mt": 10, "in": 10, "pr": "opposition=2", "ov": 35.3, "cd": 335, "md": 0, "wk": 9, "fwk": 0, "fw": 0, "tw": 0, "bbi": "2/10", "bbm": "2/10", "bwa": 37.22, "bwe": 9.43, "bwsr": 23.6}, {"bl": null, "tt": "vs Bangladesh", "sp": "2010-2021", "mt": 6, "in": 6, "pr": "opposition=25", "ov": 20, "cd": 139, "md": 1, "wk": 12, "fwk": 0, "fw": 0, "tw": 0, "bbi": "3/15", "bbm": "3/15", "bwa": 11.58, "bwe": 6.95, "bwsr": 10}, {"bl": null, "tt": "vs England", "sp": "2008-2019", "mt": 12, "in": 12, "pr": "opposition=1", "ov": 43.3, "cd": 387, "md": 0, "wk": 12, "fwk": 0, "fw": 0, "tw": 0, "bbi": "2/22", "bbm": "2/22", "bwa": 32.25, "bwe": 8.89, "bwsr": 21.7}, {"bl": null, "tt": "vs India", "sp": "2009-2020", "mt": 12, "in": 12, "pr": "opposition=6", "ov": 45.3, "cd": 420, "md": 0, "wk": 10, "fwk": 0, "fw": 0, "tw": 0, "bbi": "3/17", "bbm": "3/17", "bwa": 42, "bwe": 9.23, "bwsr": 27.3}, {"bl": null, "tt": "vs Pakistan", "sp": "2009-2020", "mt": 13, "in": 13, "pr": "opposition=7", "ov": 52, "cd": 371, "md": 1, "wk": 23, "fwk": 1, "fw": 1, "tw": 0, "bbi": "5/18", "bbm": "5/18", "bwa": 16.13, "bwe": 7.13, "bwsr": 13.5}, {"bl": null, "tt": "vs South Africa", "sp": "2010-2017", "mt": 6, "in": 6, "pr": "opposition=3", "ov": 23, "cd": 222, "md": 0, "wk": 8, "fwk": 0, "fw": 0, "tw": 0, "bbi": "3/28", "bbm": "3/28", "bwa": 27.75, "bwe": 9.65, "bwsr": 17.2}, {"bl": null, "tt": "vs Sri Lanka", "sp": "2010-2019", "mt": 9, "in": 8, "pr": "opposition=8", "ov": 26, "cd": 165, "md": 0, "wk": 6, "fwk": 0, "fw": 0, "tw": 0, "bbi": "2/18", "bbm": "2/18", "bwa": 27.5, "bwe": 6.34, "bwsr": 26}, {"bl": null, "tt": "vs West Indies", "sp": "2008-2020", "mt": 13, "in": 12, "pr": "opposition=4", "ov": 45.3, "cd": 400, "md": 0, "wk": 18, "fwk": 0, "fw": 0, "tw": 0, "bbi": "3/21", "bbm": "3/21", "bwa": 22.22, "bwe": 8.79, "bwsr": 15.1}, {"bl": null, "tt": "vs Zimbabwe", "sp": "2010-2012", "mt": 2, "in": 2, "pr": "opposition=9", "ov": 6, "cd": 53, "md": 0, "wk": 1, "fwk": 0, "fw": 0, "tw": 0, "bbi": "1/18", "bbm": "1/18", "bwa": 53, "bwe": 8.83, "bwsr": 36}]}, {"type": "HOST_COUNTRY", "stats": [{"bl": null, "tt": "in Australia", "sp": "2009-2018", "mt": 2, "in": 2, "pr": "host=2", "ov": 6.3, "cd": 58, "md": 0, "wk": 2, "fwk": 0, "fw": 0, "tw": 0, "bbi": "1/27", "bbm": "1/27", "bwa": 29, "bwe": 8.92, "bwsr": 19.5}, {"bl": null, "tt": "in Bangladesh", "sp": "2013-2014", "mt": 3, "in": 3, "pr": "host=25", "ov": 12, "cd": 130, "md": 0, "wk": 6, "fwk": 0, "fw": 0, "tw": 0, "bbi": "3/38", "bbm": "3/38", "bwa": 21.66, "bwe": 10.83, "bwsr": 12}, {"bl": null, "tt": "in England", "sp": "2015-2015", "mt": 1, "in": 1, "pr": "host=1", "ov": 4, "cd": 45, "md": 0, "wk": 1, "fwk": 0, "fw": 0, "tw": 0, "bbi": "1/45", "bbm": "1/45", "bwa": 45, "bwe": 11.25, "bwsr": 24}, {"bl": null, "tt": "in India", "sp": "2017-2017", "mt": 2, "in": 2, "pr": "host=6", "ov": 6, "cd": 57, "md": 0, "wk": 2, "fwk": 0, "fw": 0, "tw": 0, "bbi": "2/13", "bbm": "2/13", "bwa": 28.5, "bwe": 9.5, "bwsr": 18}, {"bl": null, "tt": "in New Zealand", "sp": "2008-2021", "mt": 52, "in": 51, "pr": "host=5", "ov": 189.3, "cd": 1624, "md": 1, "wk": 65, "fwk": 1, "fw": 1, "tw": 0, "bbi": "5/18", "bbm": "5/18", "bwa": 24.98, "bwe": 8.56, "bwsr": 17.4}, {"bl": null, "tt": "in Sri Lanka", "sp": "2012-2019", "mt": 9, "in": 8, "pr": "host=8", "ov": 30, "cd": 198, "md": 1, "wk": 12, "fwk": 0, "fw": 0, "tw": 0, "bbi": "3/16", "bbm": "3/16", "bwa": 16.5, "bwe": 6.6, "bwsr": 15}, {"bl": null, "tt": "in U.A.E.", "sp": "2009-2018", "mt": 5, "in": 5, "pr": "host=27", "ov": 20, "cd": 145, "md": 0, "wk": 4, "fwk": 0, "fw": 0, "tw": 0, "bbi": "3/28", "bbm": "3/28", "bwa": 36.25, "bwe": 7.25, "bwsr": 30}, {"bl": null, "tt": "in U.S.A.", "sp": "2010-2012", "mt": 4, "in": 4, "pr": "host=11", "ov": 12, "cd": 103, "md": 0, "wk": 1, "fwk": 0, "fw": 0, "tw": 0, "bbi": "1/43", "bbm": "1/43", "bwa": 103, "bwe": 8.58, "bwsr": 72}, {"bl": null, "tt": "in West Indies", "sp": "2010-2014", "mt": 5, "in": 5, "pr": "host=4", "ov": 17, "cd": 132, "md": 0, "wk": 6, "fwk": 0, "fw": 0, "tw": 0, "bbi": "2/20", "bbm": "2/20", "bwa": 22, "bwe": 7.76, "bwsr": 17}]}, {"type": "CONTINENT", "stats": [{"bl": null, "tt": "in Americas", "sp": "2010-2014", "mt": 9, "in": 9, "pr": "continent=3", "ov": 29, "cd": 235, "md": 0, "wk": 7, "fwk": 0, "fw": 0, "tw": 0, "bbi": "2/20", "bbm": "2/20", "bwa": 33.57, "bwe": 8.1, "bwsr": 24.8}, {"bl": null, "tt": "in Asia", "sp": "2009-2019", "mt": 19, "in": 18, "pr": "continent=2", "ov": 68, "cd": 530, "md": 1, "wk": 24, "fwk": 0, "fw": 0, "tw": 0, "bbi": "3/16", "bbm": "3/16", "bwa": 22.08, "bwe": 7.79, "bwsr": 17}, {"bl": null, "tt": "in Europe", "sp": "2015-2015", "mt": 1, "in": 1, "pr": "continent=4", "ov": 4, "cd": 45, "md": 0, "wk": 1, "fwk": 0, "fw": 0, "tw": 0, "bbi": "1/45", "bbm": "1/45", "bwa": 45, "bwe": 11.25, "bwsr": 24}, {"bl": null, "tt": "in Oceania", "sp": "2008-2021", "mt": 54, "in": 53, "pr": "continent=5", "ov": 196, "cd": 1682, "md": 1, "wk": 67, "fwk": 1, "fw": 1, "tw": 0, "bbi": "5/18", "bbm": "5/18", "bwa": 25.1, "bwe": 8.58, "bwsr": 17.5}]}, {"type": "HOME_OR_AWAY", "stats": [{"bl": null, "tt": "home", "sp": "2008-2021", "mt": 52, "in": 51, "pr": "home_or_away=1", "ov": 189.3, "cd": 1624, "md": 1, "wk": 65, "fwk": 1, "fw": 1, "tw": 0, "bbi": "5/18", "bbm": "5/18", "bwa": 24.98, "bwe": 8.56, "bwsr": 17.4}, {"bl": null, "tt": "away", "sp": "2009-2019", "mt": 13, "in": 12, "pr": "home_or_away=2", "ov": 44.3, "cd": 350, "md": 0, "wk": 15, "fwk": 0, "fw": 0, "tw": 0, "bbi": "3/38", "bbm": "3/38", "bwa": 23.33, "bwe": 7.86, "bwsr": 17.8}, {"bl": null, "tt": "neutral", "sp": "2009-2018", "mt": 18, "in": 18, "pr": "home_or_away=3", "ov": 63, "cd": 518, "md": 1, "wk": 19, "fwk": 0, "fw": 0, "tw": 0, "bbi": "3/16", "bbm": "3/16", "bwa": 27.26, "bwe": 8.22, "bwsr": 19.8}]}, {"type": "YEAR", "stats": [{"bl": null, "tt": "year 2008", "sp": null, "mt": 4, "in": 4, "pr": "year=2008", "ov": 16, "cd": 143, "md": 0, "wk": 5, "fwk": 0, "fw": 0, "tw": 0, "bbi": "2/22", "bbm": "2/22", "bwa": 28.6, "bwe": 8.93, "bwsr": 19.2}, {"bl": null, "tt": "year 2009", "sp": null, "mt": 5, "in": 5, "pr": "year=2009", "ov": 20, "cd": 168, "md": 0, "wk": 6, "fwk": 0, "fw": 0, "tw": 0, "bbi": "3/28", "bbm": "3/28", "bwa": 28, "bwe": 8.4, "bwsr": 20}, {"bl": null, "tt": "year 2010", "sp": null, "mt": 10, "in": 10, "pr": "year=2010", "ov": 31, "cd": 259, "md": 1, "wk": 11, "fwk": 0, "fw": 1, "tw": 0, "bbi": "5/18", "bbm": "5/18", "bwa": 23.54, "bwe": 8.35, "bwsr": 16.9}, {"bl": null, "tt": "year 2012", "sp": null, "mt": 12, "in": 11, "pr": "year=2012", "ov": 42, "cd": 347, "md": 1, "wk": 14, "fwk": 0, "fw": 0, "tw": 0, "bbi": "3/16", "bbm": "3/16", "bwa": 24.78, "bwe": 8.26, "bwsr": 18}, {"bl": null, "tt": "year 2013", "sp": null, "mt": 1, "in": 1, "pr": "year=2013", "ov": 4, "cd": 38, "md": 0, "wk": 3, "fwk": 0, "fw": 0, "tw": 0, "bbi": "3/38", "bbm": "3/38", "bwa": 12.66, "bwe": 9.5, "bwsr": 8}, {"bl": null, "tt": "year 2014", "sp": null, "mt": 5, "in": 5, "pr": "year=2014", "ov": 20, "cd": 182, "md": 0, "wk": 6, "fwk": 0, "fw": 0, "tw": 0, "bbi": "2/20", "bbm": "2/20", "bwa": 30.33, "bwe": 9.1, "bwsr": 20}, {"bl": null, "tt": "year 2015", "sp": null, "mt": 1, "in": 1, "pr": "year=2015", "ov": 4, "cd": 45, "md": 0, "wk": 1, "fwk": 0, "fw": 0, "tw": 0, "bbi": "1/45", "bbm": "1/45", "bwa": 45, "bwe": 11.25, "bwsr": 24}, {"bl": null, "tt": "year 2017", "sp": null, "mt": 4, "in": 4, "pr": "year=2017", "ov": 14, "cd": 140, "md": 0, "wk": 5, "fwk": 0, "fw": 0, "tw": 0, "bbi": "3/36", "bbm": "3/36", "bwa": 28, "bwe": 10, "bwsr": 16.8}, {"bl": null, "tt": "year 2018", "sp": null, "mt": 12, "in": 11, "pr": "year=2018", "ov": 39, "cd": 307, "md": 0, "wk": 12, "fwk": 0, "fw": 0, "tw": 0, "bbi": "3/13", "bbm": "3/13", "bwa": 25.58, "bwe": 7.87, "bwsr": 19.5}, {"bl": null, "tt": "year 2019", "sp": null, "mt": 12, "in": 12, "pr": "year=2019", "ov": 43.3, "cd": 325, "md": 0, "wk": 12, "fwk": 0, "fw": 0, "tw": 0, "bbi": "3/17", "bbm": "3/17", "bwa": 27.08, "bwe": 7.47, "bwsr": 21.7}, {"bl": null, "tt": "year 2020", "sp": null, "mt": 9, "in": 9, "pr": "year=2020", "ov": 34.3, "cd": 304, "md": 0, "wk": 12, "fwk": 1, "fw": 0, "tw": 0, "bbi": "4/21", "bbm": "4/21", "bwa": 25.33, "bwe": 8.81, "bwsr": 17.2}, {"bl": null, "tt": "year 2021", "sp": null, "mt": 8, "in": 8, "pr": "year=2021", "ov": 29, "cd": 234, "md": 0, "wk": 12, "fwk": 0, "fw": 0, "tw": 0, "bbi": "3/15", "bbm": "3/15", "bwa": 19.5, "bwe": 8.06, "bwsr": 14.5}]}, {"type": "SEASON", "stats": [{"bl": null, "tt": "season 2007/08", "sp": null, "mt": 2, "in": 2, "pr": "season=2007/08", "ov": 8, "cd": 60, "md": 0, "wk": 3, "fwk": 0, "fw": 0, "tw": 0, "bbi": "2/22", "bbm": "2/22", "bwa": 20, "bwe": 7.5, "bwsr": 16}, {"bl": null, "tt": "season 2008/09", "sp": null, "mt": 5, "in": 5, "pr": "season=2008/09", "ov": 20, "cd": 192, "md": 0, "wk": 5, "fwk": 0, "fw": 0, "tw": 0, "bbi": "1/31", "bbm": "1/31", "bwa": 38.4, "bwe": 9.6, "bwsr": 24}, {"bl": null, "tt": "season 2009/10", "sp": null, "mt": 4, "in": 4, "pr": "season=2009/10", "ov": 14, "cd": 118, "md": 0, "wk": 3, "fwk": 0, "fw": 0, "tw": 0, "bbi": "3/28", "bbm": "3/28", "bwa": 39.33, "bwe": 8.42, "bwsr": 28}, {"bl": null, "tt": "season 2010", "sp": null, "mt": 5, "in": 5, "pr": "season=2010", "ov": 13, "cd": 103, "md": 0, "wk": 3, "fwk": 0, "fw": 0, "tw": 0, "bbi": "1/18", "bbm": "1/18", "bwa": 34.33, "bwe": 7.92, "bwsr": 26}, {"bl": null, "tt": "season 2010/11", "sp": null, "mt": 3, "in": 3, "pr": "season=2010/11", "ov": 12, "cd": 97, "md": 1, "wk": 8, "fwk": 0, "fw": 1, "tw": 0, "bbi": "5/18", "bbm": "5/18", "bwa": 12.12, "bwe": 8.08, "bwsr": 9}, {"bl": null, "tt": "season 2011/12", "sp": null, "mt": 4, "in": 4, "pr": "season=2011/12", "ov": 16, "cd": 125, "md": 0, "wk": 5, "fwk": 0, "fw": 0, "tw": 0, "bbi": "3/28", "bbm": "3/28", "bwa": 25, "bwe": 7.81, "bwsr": 19.2}, {"bl": null, "tt": "season 2012", "sp": null, "mt": 2, "in": 2, "pr": "season=2012", "ov": 8, "cd": 78, "md": 0, "wk": 1, "fwk": 0, "fw": 0, "tw": 0, "bbi": "1/43", "bbm": "1/43", "bwa": 78, "bwe": 9.75, "bwsr": 48}, {"bl": null, "tt": "season 2012/13", "sp": null, "mt": 6, "in": 5, "pr": "season=2012/13", "ov": 18, "cd": 144, "md": 1, "wk": 8, "fwk": 0, "fw": 0, "tw": 0, "bbi": "3/16", "bbm": "3/16", "bwa": 18, "bwe": 8, "bwsr": 13.5}, {"bl": null, "tt": "season 2013/14", "sp": null, "mt": 4, "in": 4, "pr": "season=2013/14", "ov": 16, "cd": 166, "md": 0, "wk": 6, "fwk": 0, "fw": 0, "tw": 0, "bbi": "3/38", "bbm": "3/38", "bwa": 27.66, "bwe": 10.37, "bwsr": 16}, {"bl": null, "tt": "season 2014", "sp": null, "mt": 2, "in": 2, "pr": "season=2014", "ov": 8, "cd": 54, "md": 0, "wk": 3, "fwk": 0, "fw": 0, "tw": 0, "bbi": "2/20", "bbm": "2/20", "bwa": 18, "bwe": 6.75, "bwsr": 16}, {"bl": null, "tt": "season 2015", "sp": null, "mt": 1, "in": 1, "pr": "season=2015", "ov": 4, "cd": 45, "md": 0, "wk": 1, "fwk": 0, "fw": 0, "tw": 0, "bbi": "1/45", "bbm": "1/45", "bwa": 45, "bwe": 11.25, "bwsr": 24}, {"bl": null, "tt": "season 2016/17", "sp": null, "mt": 1, "in": 1, "pr": "season=2016/17", "ov": 4, "cd": 47, "md": 0, "wk": 0, "fwk": 0, "fw": 0, "tw": 0, "bbi": null, "bbm": null, "bwa": null, "bwe": 11.75, "bwsr": null}, {"bl": null, "tt": "season 2017/18", "sp": null, "mt": 12, "in": 11, "pr": "season=2017/18", "ov": 37, "cd": 314, "md": 0, "wk": 16, "fwk": 0, "fw": 0, "tw": 0, "bbi": "3/13", "bbm": "3/13", "bwa": 19.62, "bwe": 8.48, "bwsr": 13.8}, {"bl": null, "tt": "season 2018/19", "sp": null, "mt": 7, "in": 7, "pr": "season=2018/19", "ov": 26, "cd": 205, "md": 0, "wk": 5, "fwk": 0, "fw": 0, "tw": 0, "bbi": "3/17", "bbm": "3/17", "bwa": 41, "bwe": 7.88, "bwsr": 31.2}, {"bl": null, "tt": "season 2019", "sp": null, "mt": 3, "in": 3, "pr": "season=2019", "ov": 12, "cd": 54, "md": 0, "wk": 4, "fwk": 0, "fw": 0, "tw": 0, "bbi": "2/18", "bbm": "2/18", "bwa": 13.5, "bwe": 4.5, "bwsr": 18}, {"bl": null, "tt": "season 2019/20", "sp": null, "mt": 10, "in": 10, "pr": "season=2019/20", "ov": 37, "cd": 339, "md": 0, "wk": 7, "fwk": 0, "fw": 0, "tw": 0, "bbi": "2/20", "bbm": "2/20", "bwa": 48.42, "bwe": 9.16, "bwsr": 31.7}, {"bl": null, "tt": "season 2020/21", "sp": null, "mt": 12, "in": 12, "pr": "season=2020/21", "ov": 44, "cd": 351, "md": 0, "wk": 21, "fwk": 1, "fw": 0, "tw": 0, "bbi": "4/21", "bbm": "4/21", "bwa": 16.71, "bwe": 7.97, "bwsr": 12.5}]}, {"type": "CAPTAINS_INVOLVED", "stats": [{"bl": null, "tt": "*BB McCullum", "sp": "2008-2015", "mt": 13, "in": 13, "pr": "captain_involve=10384", "ov": 52, "cd": 437, "md": 0, "wk": 17, "fwk": 0, "fw": 0, "tw": 0, "bbi": "3/28", "bbm": "3/28", "bwa": 25.7, "bwe": 8.4, "bwsr": 18.3}, {"bl": null, "tt": "*KD Mills", "sp": "2013-2013", "mt": 1, "in": 1, "pr": "captain_involve=10303", "ov": 4, "cd": 38, "md": 0, "wk": 3, "fwk": 0, "fw": 0, "tw": 0, "bbi": "3/38", "bbm": "3/38", "bwa": 12.66, "bwe": 9.5, "bwsr": 8}, {"bl": null, "tt": "*TG Southee", "sp": "2017-2021", "mt": 18, "in": 18, "pr": "captain_involve=49108", "ov": 64.3, "cd": 497, "md": 0, "wk": 25, "fwk": 0, "fw": 0, "tw": 0, "bbi": "3/13", "bbm": "3/13", "bwa": 19.88, "bwe": 7.7, "bwsr": 15.4}, {"bl": null, "tt": "*LRPL Taylor", "sp": "2010-2012", "mt": 10, "in": 9, "pr": "captain_involve=44930", "ov": 34, "cd": 276, "md": 2, "wk": 16, "fwk": 0, "fw": 1, "tw": 0, "bbi": "5/18", "bbm": "5/18", "bwa": 17.25, "bwe": 8.11, "bwsr": 12.7}, {"bl": null, "tt": "*DL Vettori", "sp": "2008-2010", "mt": 12, "in": 12, "pr": "captain_involve=4380", "ov": 39, "cd": 354, "md": 0, "wk": 8, "fwk": 0, "fw": 0, "tw": 0, "bbi": "1/18", "bbm": "1/18", "bwa": 44.25, "bwe": 9.07, "bwsr": 29.2}, {"bl": null, "tt": "*KS Williamson", "sp": "2012-2021", "mt": 29, "in": 28, "pr": "captain_involve=51088", "ov": 103.3, "cd": 890, "md": 0, "wk": 30, "fwk": 1, "fw": 0, "tw": 0, "bbi": "4/21", "bbm": "4/21", "bwa": 29.66, "bwe": 8.59, "bwsr": 20.7}]}, {"type": "CAPTAIN", "stats": [{"bl": null, "tt": "is captain", "sp": "2017-2021", "mt": 18, "in": 18, "pr": "captain=1", "ov": 64.3, "cd": 497, "md": 0, "wk": 25, "fwk": 0, "fw": 0, "tw": 0, "bbi": "3/13", "bbm": "3/13", "bwa": 19.88, "bwe": 7.7, "bwsr": 15.4}, {"bl": null, "tt": "is not captain", "sp": "2008-2021", "mt": 65, "in": 63, "pr": "captain=0", "ov": 232.3, "cd": 1995, "md": 2, "wk": 74, "fwk": 1, "fw": 1, "tw": 0, "bbi": "5/18", "bbm": "5/18", "bwa": 26.95, "bwe": 8.58, "bwsr": 18.8}]}, {"type": "KEEPER", "stats": [{"bl": null, "tt": "is not keeper", "sp": "2008-2021", "mt": 83, "in": 81, "pr": "keeper=0", "ov": 297, "cd": 2492, "md": 2, "wk": 99, "fwk": 1, "fw": 1, "tw": 0, "bbi": "5/18", "bbm": "5/18", "bwa": 25.17, "bwe": 8.39, "bwsr": 18}]}, {"type": "TOSS", "stats": [{"bl": null, "tt": "won the toss", "sp": "2008-2021", "mt": 41, "in": 41, "pr": "toss=1", "ov": 149, "cd": 1278, "md": 1, "wk": 51, "fwk": 0, "fw": 1, "tw": 0, "bbi": "5/18", "bbm": "5/18", "bwa": 25.05, "bwe": 8.57, "bwsr": 17.5}, {"bl": null, "tt": "lost the toss", "sp": "2008-2021", "mt": 42, "in": 40, "pr": "toss=2", "ov": 148, "cd": 1214, "md": 1, "wk": 48, "fwk": 1, "fw": 0, "tw": 0, "bbi": "4/21", "bbm": "4/21", "bwa": 25.29, "bwe": 8.2, "bwsr": 18.5}]}, {"type": "BATTING_FIELDING_SEQUENCE_AND_TOSS", "stats": [{"bl": null, "tt": "won toss &amp; batted", "sp": "2008-2021", "mt": 17, "in": 17, "pr": "batting_fielding_first=1;toss=1", "ov": 58, "cd": 534, "md": 0, "wk": 13, "fwk": 0, "fw": 0, "tw": 0, "bbi": "3/21", "bbm": "3/21", "bwa": 41.07, "bwe": 9.2, "bwsr": 26.7}, {"bl": null, "tt": "won toss &amp; fielded", "sp": "2008-2021", "mt": 24, "in": 24, "pr": "batting_fielding_first=2;toss=1", "ov": 91, "cd": 744, "md": 1, "wk": 38, "fwk": 0, "fw": 1, "tw": 0, "bbi": "5/18", "bbm": "5/18", "bwa": 19.57, "bwe": 8.17, "bwsr": 14.3}, {"bl": null, "tt": "lost toss &amp; sent in", "sp": "2010-2021", "mt": 21, "in": 19, "pr": "batting_fielding_first=1;toss=2", "ov": 67, "cd": 552, "md": 1, "wk": 28, "fwk": 0, "fw": 0, "tw": 0, "bbi": "3/15", "bbm": "3/15", "bwa": 19.71, "bwe": 8.23, "bwsr": 14.3}, {"bl": null, "tt": "lost toss &amp; fielded", "sp": "2008-2021", "mt": 21, "in": 21, "pr": "batting_fielding_first=2;toss=2", "ov": 81, "cd": 662, "md": 0, "wk": 20, "fwk": 1, "fw": 0, "tw": 0, "bbi": "4/21", "bbm": "4/21", "bwa": 33.1, "bwe": 8.17, "bwsr": 24.3}]}, {"type": "BATTING_FIELDING_SEQUENCE", "stats": [{"bl": null, "tt": "matches batting first", "sp": "2008-2021", "mt": 38, "in": 36, "pr": "batting_fielding_first=1", "ov": 125, "cd": 1086, "md": 1, "wk": 41, "fwk": 0, "fw": 0, "tw": 0, "bbi": "3/15", "bbm": "3/15", "bwa": 26.48, "bwe": 8.68, "bwsr": 18.2}, {"bl": null, "tt": "matches fielding first", "sp": "2008-2021", "mt": 45, "in": 45, "pr": "batting_fielding_first=2", "ov": 172, "cd": 1406, "md": 1, "wk": 58, "fwk": 1, "fw": 1, "tw": 0, "bbi": "5/18", "bbm": "5/18", "bwa": 24.24, "bwe": 8.17, "bwsr": 17.7}]}, {"type": "TEAM_INNINGS", "stats": [{"bl": null, "tt": "1st team innings", "sp": "2008-2021", "mt": 82, "in": 81, "pr": "innings_number=1;innings_number=2", "ov": 297, "cd": 2492, "md": 2, "wk": 99, "fwk": 1, "fw": 1, "tw": 0, "bbi": "5/18", "bbm": "5/18", "bwa": 25.17, "bwe": 8.39, "bwsr": 18}]}, {"type": "MATCH_INNINGS", "stats": [{"bl": null, "tt": "1st match innings", "sp": "2008-2021", "mt": 45, "in": 45, "pr": "innings_number=1", "ov": 172, "cd": 1406, "md": 1, "wk": 58, "fwk": 1, "fw": 1, "tw": 0, "bbi": "5/18", "bbm": "5/18", "bwa": 24.24, "bwe": 8.17, "bwsr": 17.7}, {"bl": null, "tt": "2nd match innings", "sp": "2008-2021", "mt": 37, "in": 36, "pr": "innings_number=2", "ov": 125, "cd": 1086, "md": 1, "wk": 41, "fwk": 0, "fw": 0, "tw": 0, "bbi": "3/15", "bbm": "3/15", "bwa": 26.48, "bwe": 8.68, "bwsr": 18.2}]}, {"type": "FLOODLIT", "stats": [{"bl": null, "tt": "day match", "sp": "2010-2021", "mt": 21, "in": 20, "pr": "floodlit=1", "ov": 70.3, "cd": 600, "md": 1, "wk": 26, "fwk": 0, "fw": 1, "tw": 0, "bbi": "5/18", "bbm": "5/18", "bwa": 23.07, "bwe": 8.51, "bwsr": 16.2}, {"bl": null, "tt": "day/night match", "sp": "2008-2018", "mt": 24, "in": 24, "pr": "floodlit=2", "ov": 92, "cd": 779, "md": 1, "wk": 30, "fwk": 0, "fw": 0, "tw": 0, "bbi": "3/13", "bbm": "3/13", "bwa": 25.96, "bwe": 8.46, "bwsr": 18.4}, {"bl": null, "tt": "night match", "sp": "2010-2021", "mt": 38, "in": 37, "pr": "floodlit=3", "ov": 134.3, "cd": 1113, "md": 0, "wk": 43, "fwk": 1, "fw": 0, "tw": 0, "bbi": "4/21", "bbm": "4/21", "bwa": 25.88, "bwe": 8.27, "bwsr": 18.7}]}, {"type": "RESULT", "stats": [{"bl": null, "tt": "won match", "sp": "2008-2021", "mt": 36, "in": 36, "pr": "result=1", "ov": 131.3, "cd": 982, "md": 2, "wk": 62, "fwk": 1, "fw": 1, "tw": 0, "bbi": "5/18", "bbm": "5/18", "bwa": 15.83, "bwe": 7.46, "bwsr": 12.7}, {"bl": null, "tt": "lost match", "sp": "2008-2021", "mt": 38, "in": 38, "pr": "result=2", "ov": 139.3, "cd": 1273, "md": 0, "wk": 31, "fwk": 0, "fw": 0, "tw": 0, "bbi": "3/28", "bbm": "3/28", "bwa": 41.06, "bwe": 9.12, "bwsr": 27}, {"bl": null, "tt": "tied match", "sp": "2008-2020", "mt": 7, "in": 7, "pr": "result=3", "ov": 26, "cd": 237, "md": 0, "wk": 6, "fwk": 0, "fw": 0, "tw": 0, "bbi": "3/21", "bbm": "3/21", "bwa": 39.5, "bwe": 9.11, "bwsr": 26}, {"bl": null, "tt": "no result", "sp": "2012-2018", "mt": 2, "in": null, "pr": "result=5", "ov": null, "cd": null, "md": null, "wk": null, "fwk": null, "fw": null, "tw": null, "bbi": null, "bbm": null, "bwa": null, "bwe": null, "bwsr": null}]}, {"type": "BATTING_FIELDING_SEQUENCE_AND_RESULT", "stats": [{"bl": null, "tt": "won batting first", "sp": "2008-2021", "mt": 20, "in": 20, "pr": "batting_fielding_first=1;result=1", "ov": 72.3, "cd": 571, "md": 1, "wk": 32, "fwk": 0, "fw": 0, "tw": 0, "bbi": "3/15", "bbm": "3/15", "bwa": 17.84, "bwe": 7.87, "bwsr": 13.5}, {"bl": null, "tt": "won fielding first", "sp": "2009-2021", "mt": 16, "in": 16, "pr": "batting_fielding_first=2;result=1", "ov": 59, "cd": 411, "md": 1, "wk": 30, "fwk": 1, "fw": 1, "tw": 0, "bbi": "5/18", "bbm": "5/18", "bwa": 13.7, "bwe": 6.96, "bwsr": 11.8}, {"bl": null, "tt": "lost batting first", "sp": "2010-2020", "mt": 12, "in": 12, "pr": "batting_fielding_first=1;result=2", "ov": 38.3, "cd": 366, "md": 0, "wk": 7, "fwk": 0, "fw": 0, "tw": 0, "bbi": "2/20", "bbm": "2/20", "bwa": 52.28, "bwe": 9.5, "bwsr": 33}, {"bl": null, "tt": "lost fielding first", "sp": "2008-2021", "mt": 26, "in": 26, "pr": "batting_fielding_first=2;result=2", "ov": 101, "cd": 907, "md": 0, "wk": 24, "fwk": 0, "fw": 0, "tw": 0, "bbi": "3/28", "bbm": "3/28", "bwa": 37.79, "bwe": 8.98, "bwsr": 25.2}, {"bl": null, "tt": "tied batting first", "sp": "2008-2019", "mt": 4, "in": 4, "pr": "batting_fielding_first=1;result=3", "ov": 14, "cd": 149, "md": 0, "wk": 2, "fwk": 0, "fw": 0, "tw": 0, "bbi": "1/22", "bbm": "1/22", "bwa": 74.5, "bwe": 10.64, "bwsr": 42}, {"bl": null, "tt": "tied fielding first", "sp": "2012-2020", "mt": 3, "in": 3, "pr": "batting_fielding_first=2;result=3", "ov": 12, "cd": 88, "md": 0, "wk": 4, "fwk": 0, "fw": 0, "tw": 0, "bbi": "3/21", "bbm": "3/21", "bwa": 22, "bwe": 7.33, "bwsr": 18}, {"bl": null, "tt": "no result batting first", "sp": "2012-2018", "mt": 2, "in": null, "pr": "batting_fielding_first=1;result=5", "ov": null, "cd": null, "md": null, "wk": null, "fwk": null, "fw": null, "tw": null, "bbi": null, "bbm": null, "bwa": null, "bwe": null, "bwsr": null}]}, {"type": "TOURNAMENT_TYPE", "stats": [{"bl": null, "tt": "2 team series", "sp": "2008-2021", "mt": 68, "in": 66, "pr": "tournament_type=2", "ov": 245.3, "cd": 2030, "md": 1, "wk": 80, "fwk": 1, "fw": 1, "tw": 0, "bbi": "5/18", "bbm": "5/18", "bwa": 25.37, "bwe": 8.26, "bwsr": 18.4}, {"bl": null, "tt": "3-4 team tournaments", "sp": "2018-2018", "mt": 5, "in": 5, "pr": "tournament_type=3", "ov": 16.3, "cd": 148, "md": 0, "wk": 5, "fwk": 0, "fw": 0, "tw": 0, "bbi": "2/22", "bbm": "2/22", "bwa": 29.6, "bwe": 8.96, "bwsr": 19.8}, {"bl": null, "tt": "5+ team tournaments", "sp": "2010-2014", "mt": 10, "in": 10, "pr": "tournament_type=5", "ov": 35, "cd": 314, "md": 1, "wk": 14, "fwk": 0, "fw": 0, "tw": 0, "bbi": "3/16", "bbm": "3/16", "bwa": 22.42, "bwe": 8.97, "bwsr": 15}]}, {"type": "MATCH_NUMBER", "stats": [{"bl": null, "tt": "only match in series", "sp": "2009-2019", "mt": 7, "in": 6, "pr": "match_number=0", "ov": 20, "cd": 197, "md": 0, "wk": 6, "fwk": 0, "fw": 0, "tw": 0, "bbi": "3/38", "bbm": "3/38", "bwa": 32.83, "bwe": 9.85, "bwsr": 20}, {"bl": null, "tt": "1st match in series", "sp": "2008-2021", "mt": 21, "in": 21, "pr": "match_number=1", "ov": 80.3, "cd": 598, "md": 1, "wk": 32, "fwk": 0, "fw": 1, "tw": 0, "bbi": "5/18", "bbm": "5/18", "bwa": 18.68, "bwe": 7.42, "bwsr": 15}, {"bl": null, "tt": "2nd match in series", "sp": "2008-2021", "mt": 21, "in": 20, "pr": "match_number=2", "ov": 76.3, "cd": 631, "md": 0, "wk": 23, "fwk": 1, "fw": 0, "tw": 0, "bbi": "4/21", "bbm": "4/21", "bwa": 27.43, "bwe": 8.24, "bwsr": 19.9}, {"bl": null, "tt": "3rd match in series", "sp": "2010-2021", "mt": 13, "in": 13, "pr": "match_number=3", "ov": 46.3, "cd": 385, "md": 0, "wk": 14, "fwk": 0, "fw": 0, "tw": 0, "bbi": "3/15", "bbm": "3/15", "bwa": 27.5, "bwe": 8.27, "bwsr": 19.9}, {"bl": null, "tt": "4th match in series", "sp": "2019-2021", "mt": 3, "in": 3, "pr": "match_number=4", "ov": 12, "cd": 107, "md": 0, "wk": 2, "fwk": 0, "fw": 0, "tw": 0, "bbi": "1/28", "bbm": "1/28", "bwa": 53.5, "bwe": 8.91, "bwsr": 36}, {"bl": null, "tt": "5th match in series", "sp": "2019-2021", "mt": 3, "in": 3, "pr": "match_number=5", "ov": 10, "cd": 112, "md": 0, "wk": 3, "fwk": 0, "fw": 0, "tw": 0, "bbi": "2/38", "bbm": "2/38", "bwa": 37.33, "bwe": 11.2, "bwsr": 20}]}, {"type": "MAJOR_TROPHY", "stats": [{"bl": null, "tt": "Men's T20 World Cup", "sp": "2010-2014", "mt": 10, "in": 10, "pr": "trophy=89", "ov": 35, "cd": 314, "md": 1, "wk": 14, "fwk": 0, "fw": 0, "tw": 0, "bbi": "3/16", "bbm": "3/16", "bwa": 22.42, "bwe": 8.97, "bwsr": 15}]}, {"type": "FINAL_TYPE", "stats": [{"bl": null, "tt": "tournament finals", "sp": "2018-2018", "mt": 1, "in": 1, "pr": "final_type=1", "ov": 2, "cd": 21, "md": 0, "wk": 0, "fwk": 0, "fw": 0, "tw": 0, "bbi": null, "bbm": null, "bwa": null, "bwe": 10.5, "bwsr": null}, {"bl": null, "tt": "preliminary matches", "sp": "2010-2018", "mt": 14, "in": 14, "pr": "final_type=0", "ov": 49.3, "cd": 441, "md": 1, "wk": 19, "fwk": 0, "fw": 0, "tw": 0, "bbi": "3/16", "bbm": "3/16", "bwa": 23.21, "bwe": 8.9, "bwsr": 15.6}]}, {"type": "BOWLING_POSITION", "stats": [{"bl": null, "tt": "1st position", "sp": "2009-2021", "mt": 31, "in": 31, "pr": "bowling_positionval1=bowling_position;bowling_positionmin1=1;bowling_positionmax1=1", "ov": 117.3, "cd": 946, "md": 0, "wk": 38, "fwk": 0, "fw": 0, "tw": 0, "bbi": "3/15", "bbm": "3/15", "bwa": 24.89, "bwe": 8.05, "bwsr": 18.5}, {"bl": null, "tt": "2nd position", "sp": "2008-2020", "mt": 20, "in": 20, "pr": "bowling_positionval1=bowling_position;bowling_positionmin1=2;bowling_positionmax1=2", "ov": 70.3, "cd": 581, "md": 1, "wk": 25, "fwk": 1, "fw": 0, "tw": 0, "bbi": "4/21", "bbm": "4/21", "bwa": 23.24, "bwe": 8.24, "bwsr": 16.9}, {"bl": null, "tt": "3rd position", "sp": "2008-2018", "mt": 25, "in": 25, "pr": "bowling_positionval1=bowling_position;bowling_positionmin1=3;bowling_positionmax1=3", "ov": 92, "cd": 850, "md": 0, "wk": 26, "fwk": 0, "fw": 0, "tw": 0, "bbi": "3/21", "bbm": "3/21", "bwa": 32.69, "bwe": 9.23, "bwsr": 21.2}, {"bl": null, "tt": "4th position", "sp": "2008-2012", "mt": 3, "in": 3, "pr": "bowling_positionval1=bowling_position;bowling_positionmin1=4;bowling_positionmax1=4", "ov": 12, "cd": 62, "md": 1, "wk": 9, "fwk": 0, "fw": 1, "tw": 0, "bbi": "5/18", "bbm": "5/18", "bwa": 6.88, "bwe": 5.16, "bwsr": 8}, {"bl": null, "tt": "5th position", "sp": "2008-2008", "mt": 1, "in": 1, "pr": "bowling_positionval1=bowling_position;bowling_positionmin1=5;bowling_positionmax1=5", "ov": 4, "cd": 38, "md": 0, "wk": 1, "fwk": 0, "fw": 0, "tw": 0, "bbi": "1/38", "bbm": "1/38", "bwa": 38, "bwe": 9.5, "bwsr": 24}, {"bl": null, "tt": "6th position", "sp": "2010-2010", "mt": 1, "in": 1, "pr": "bowling_positionval1=bowling_position;bowling_positionmin1=6;bowling_positionmax1=6", "ov": 1, "cd": 15, "md": 0, "wk": 0, "fwk": 0, "fw": 0, "tw": 0, "bbi": null, "bbm": null, "bwa": null, "bwe": 15, "bwsr": null}]}]}}