{"summary": {"recordClassId": 3, "type": "FIELDING", "groups": [{"type": "CAREER_AVERAGES", "stats": [{"tt": "overview", "sp": "2008-2021", "mt": 83, "in": 82, "pr": null, "ds": 44, "ct": 44, "st": 0, "ck": 0, "cf": 44, "mds": "2 (2ct 0st)", "dspi": 0.536}]}, {"type": "OPPOSITION_TEAM", "stats": [{"tt": "vs Australia", "sp": "2009-2021", "mt": 10, "in": 10, "pr": "opposition=2", "ds": 5, "ct": 5, "st": 0, "ck": 0, "cf": 5, "mds": "2 (2ct 0st)", "dspi": 0.5}, {"tt": "vs Bangladesh", "sp": "2010-2021", "mt": 6, "in": 6, "pr": "opposition=25", "ds": 4, "ct": 4, "st": 0, "ck": 0, "cf": 4, "mds": "2 (2ct 0st)", "dspi": 0.666}, {"tt": "vs England", "sp": "2008-2019", "mt": 12, "in": 12, "pr": "opposition=1", "ds": 5, "ct": 5, "st": 0, "ck": 0, "cf": 5, "mds": "1 (1ct 0st)", "dspi": 0.416}, {"tt": "vs India", "sp": "2009-2020", "mt": 12, "in": 12, "pr": "opposition=6", "ds": 11, "ct": 11, "st": 0, "ck": 0, "cf": 11, "mds": "2 (2ct 0st)", "dspi": 0.916}, {"tt": "vs Pakistan", "sp": "2009-2020", "mt": 13, "in": 13, "pr": "opposition=7", "ds": 9, "ct": 9, "st": 0, "ck": 0, "cf": 9, "mds": "2 (2ct 0st)", "dspi": 0.692}, {"tt": "vs South Africa", "sp": "2010-2017", "mt": 6, "in": 6, "pr": "opposition=3", "ds": 2, "ct": 2, "st": 0, "ck": 0, "cf": 2, "mds": "1 (1ct 0st)", "dspi": 0.333}, {"tt": "vs Sri Lanka", "sp": "2010-2019", "mt": 9, "in": 9, "pr": "opposition=8", "ds": 1, "ct": 1, "st": 0, "ck": 0, "cf": 1, "mds": "1 (1ct 0st)", "dspi": 0.111}, {"tt": "vs West Indies", "sp": "2008-2020", "mt": 13, "in": 12, "pr": "opposition=4", "ds": 6, "ct": 6, "st": 0, "ck": 0, "cf": 6, "mds": "2 (2ct 0st)", "dspi": 0.5}, {"tt": "vs Zimbabwe", "sp": "2010-2012", "mt": 2, "in": 2, "pr": "opposition=9", "ds": 1, "ct": 1, "st": 0, "ck": 0, "cf": 1, "mds": "1 (1ct 0st)", "dspi": 0.5}]}, {"type": "HOST_COUNTRY", "stats": [{"tt": "in Australia", "sp": "2009-2018", "mt": 2, "in": 2, "pr": "host=2", "ds": 1, "ct": 1, "st": 0, "ck": 0, "cf": 1, "mds": "1 (1ct 0st)", "dspi": 0.5}, {"tt": "in Bangladesh", "sp": "2013-2014", "mt": 3, "in": 3, "pr": "host=25", "ds": 2, "ct": 2, "st": 0, "ck": 0, "cf": 2, "mds": "1 (1ct 0st)", "dspi": 0.666}, {"tt": "in England", "sp": "2015-2015", "mt": 1, "in": 1, "pr": "host=1", "ds": 0, "ct": 0, "st": 0, "ck": 0, "cf": 0, "mds": "0", "dspi": 0}, {"tt": "in India", "sp": "2017-2017", "mt": 2, "in": 2, "pr": "host=6", "ds": 0, "ct": 0, "st": 0, "ck": 0, "cf": 0, "mds": "0", "dspi": 0}, {"tt": "in New Zealand", "sp": "2008-2021", "mt": 52, "in": 51, "pr": "host=5", "ds": 31, "ct": 31, "st": 0, "ck": 0, "cf": 31, "mds": "2 (2ct 0st)", "dspi": 0.607}, {"tt": "in Sri Lanka", "sp": "2012-2019", "mt": 9, "in": 9, "pr": "host=8", "ds": 3, "ct": 3, "st": 0, "ck": 0, "cf": 3, "mds": "1 (1ct 0st)", "dspi": 0.333}, {"tt": "in U.A.E.", "sp": "2009-2018", "mt": 5, "in": 5, "pr": "host=27", "ds": 3, "ct": 3, "st": 0, "ck": 0, "cf": 3, "mds": "1 (1ct 0st)", "dspi": 0.6}, {"tt": "in U.S.A.", "sp": "2010-2012", "mt": 4, "in": 4, "pr": "host=11", "ds": 2, "ct": 2, "st": 0, "ck": 0, "cf": 2, "mds": "2 (2ct 0st)", "dspi": 0.5}, {"tt": "in West Indies", "sp": "2010-2014", "mt": 5, "in": 5, "pr": "host=4", "ds": 2, "ct": 2, "st": 0, "ck": 0, "cf": 2, "mds": "1 (1ct 0st)", "dspi": 0.4}]}, {"type": "CONTINENT", "stats": [{"tt": "in Americas", "sp": "2010-2014", "mt": 9, "in": 9, "pr": "continent=3", "ds": 4, "ct": 4, "st": 0, "ck": 0, "cf": 4, "mds": "2 (2ct 0st)", "dspi": 0.444}, {"tt": "in Asia", "sp": "2009-2019", "mt": 19, "in": 19, "pr": "continent=2", "ds": 8, "ct": 8, "st": 0, "ck": 0, "cf": 8, "mds": "1 (1ct 0st)", "dspi": 0.421}, {"tt": "in Europe", "sp": "2015-2015", "mt": 1, "in": 1, "pr": "continent=4", "ds": 0, "ct": 0, "st": 0, "ck": 0, "cf": 0, "mds": "0", "dspi": 0}, {"tt": "in Oceania", "sp": "2008-2021", "mt": 54, "in": 53, "pr": "continent=5", "ds": 32, "ct": 32, "st": 0, "ck": 0, "cf": 32, "mds": "2 (2ct 0st)", "dspi": 0.603}]}, {"type": "HOME_OR_AWAY", "stats": [{"tt": "home", "sp": "2008-2021", "mt": 52, "in": 51, "pr": "home_or_away=1", "ds": 31, "ct": 31, "st": 0, "ck": 0, "cf": 31, "mds": "2 (2ct 0st)", "dspi": 0.607}, {"tt": "away", "sp": "2009-2019", "mt": 13, "in": 13, "pr": "home_or_away=2", "ds": 4, "ct": 4, "st": 0, "ck": 0, "cf": 4, "mds": "1 (1ct 0st)", "dspi": 0.307}, {"tt": "neutral", "sp": "2009-2018", "mt": 18, "in": 18, "pr": "home_or_away=3", "ds": 9, "ct": 9, "st": 0, "ck": 0, "cf": 9, "mds": "2 (2ct 0st)", "dspi": 0.5}]}, {"type": "YEAR", "stats": [{"tt": "year 2008", "sp": null, "mt": 4, "in": 4, "pr": "year=2008", "ds": 1, "ct": 1, "st": 0, "ck": 0, "cf": 1, "mds": "1 (1ct 0st)", "dspi": 0.25}, {"tt": "year 2009", "sp": null, "mt": 5, "in": 5, "pr": "year=2009", "ds": 3, "ct": 3, "st": 0, "ck": 0, "cf": 3, "mds": "1 (1ct 0st)", "dspi": 0.6}, {"tt": "year 2010", "sp": null, "mt": 10, "in": 10, "pr": "year=2010", "ds": 3, "ct": 3, "st": 0, "ck": 0, "cf": 3, "mds": "1 (1ct 0st)", "dspi": 0.3}, {"tt": "year 2012", "sp": null, "mt": 12, "in": 12, "pr": "year=2012", "ds": 6, "ct": 6, "st": 0, "ck": 0, "cf": 6, "mds": "2 (2ct 0st)", "dspi": 0.5}, {"tt": "year 2013", "sp": null, "mt": 1, "in": 1, "pr": "year=2013", "ds": 1, "ct": 1, "st": 0, "ck": 0, "cf": 1, "mds": "1 (1ct 0st)", "dspi": 1}, {"tt": "year 2014", "sp": null, "mt": 5, "in": 5, "pr": "year=2014", "ds": 2, "ct": 2, "st": 0, "ck": 0, "cf": 2, "mds": "1 (1ct 0st)", "dspi": 0.4}, {"tt": "year 2015", "sp": null, "mt": 1, "in": 1, "pr": "year=2015", "ds": 0, "ct": 0, "st": 0, "ck": 0, "cf": 0, "mds": "0", "dspi": 0}, {"tt": "year 2017", "sp": null, "mt": 4, "in": 4, "pr": "year=2017", "ds": 0, "ct": 0, "st": 0, "ck": 0, "cf": 0, "mds": "0", "dspi": 0}, {"tt": "year 2018", "sp": null, "mt": 12, "in": 11, "pr": "year=2018", "ds": 5, "ct": 5, "st": 0, "ck": 0, "cf": 5, "mds": "2 (2ct 0st)", "dspi": 0.454}, {"tt": "year 2019", "sp": null, "mt": 12, "in": 12, "pr": "year=2019", "ds": 8, "ct": 8, "st": 0, "ck": 0, "cf": 8, "mds": "2 (2ct 0st)", "dspi": 0.666}, {"tt": "year 2020", "sp": null, "mt": 9, "in": 9, "pr": "year=2020", "ds": 9, "ct": 9, "st": 0, "ck": 0, "cf": 9, "mds": "2 (2ct 0st)", "dspi": 1}, {"tt": "year 2021", "sp": null, "mt": 8, "in": 8, "pr": "year=2021", "ds": 6, "ct": 6, "st": 0, "ck": 0, "cf": 6, "mds": "2 (2ct 0st)", "dspi": 0.75}]}, {"type": "SEASON", "stats": [{"tt": "season 2007/08", "sp": null, "mt": 2, "in": 2, "pr": "season=2007/08", "ds": 0, "ct": 0, "st": 0, "ck": 0, "cf": 0, "mds": "0", "dspi": 0}, {"tt": "season 2008/09", "sp": null, "mt": 5, "in": 5, "pr": "season=2008/09", "ds": 3, "ct": 3, "st": 0, "ck": 0, "cf": 3, "mds": "1 (1ct 0st)", "dspi": 0.6}, {"tt": "season 2009/10", "sp": null, "mt": 4, "in": 4, "pr": "season=2009/10", "ds": 2, "ct": 2, "st": 0, "ck": 0, "cf": 2, "mds": "1 (1ct 0st)", "dspi": 0.5}, {"tt": "season 2010", "sp": null, "mt": 5, "in": 5, "pr": "season=2010", "ds": 1, "ct": 1, "st": 0, "ck": 0, "cf": 1, "mds": "1 (1ct 0st)", "dspi": 0.2}, {"tt": "season 2010/11", "sp": null, "mt": 3, "in": 3, "pr": "season=2010/11", "ds": 1, "ct": 1, "st": 0, "ck": 0, "cf": 1, "mds": "1 (1ct 0st)", "dspi": 0.333}, {"tt": "season 2011/12", "sp": null, "mt": 4, "in": 4, "pr": "season=2011/12", "ds": 2, "ct": 2, "st": 0, "ck": 0, "cf": 2, "mds": "1 (1ct 0st)", "dspi": 0.5}, {"tt": "season 2012", "sp": null, "mt": 2, "in": 2, "pr": "season=2012", "ds": 2, "ct": 2, "st": 0, "ck": 0, "cf": 2, "mds": "2 (2ct 0st)", "dspi": 1}, {"tt": "season 2012/13", "sp": null, "mt": 6, "in": 6, "pr": "season=2012/13", "ds": 2, "ct": 2, "st": 0, "ck": 0, "cf": 2, "mds": "1 (1ct 0st)", "dspi": 0.333}, {"tt": "season 2013/14", "sp": null, "mt": 4, "in": 4, "pr": "season=2013/14", "ds": 2, "ct": 2, "st": 0, "ck": 0, "cf": 2, "mds": "1 (1ct 0st)", "dspi": 0.5}, {"tt": "season 2014", "sp": null, "mt": 2, "in": 2, "pr": "season=2014", "ds": 1, "ct": 1, "st": 0, "ck": 0, "cf": 1, "mds": "1 (1ct 0st)", "dspi": 0.5}, {"tt": "season 2015", "sp": null, "mt": 1, "in": 1, "pr": "season=2015", "ds": 0, "ct": 0, "st": 0, "ck": 0, "cf": 0, "mds": "0", "dspi": 0}, {"tt": "season 2016/17", "sp": null, "mt": 1, "in": 1, "pr": "season=2016/17", "ds": 0, "ct": 0, "st": 0, "ck": 0, "cf": 0, "mds": "0", "dspi": 0}, {"tt": "season 2017/18", "sp": null, "mt": 12, "in": 11, "pr": "season=2017/18", "ds": 3, "ct": 3, "st": 0, "ck": 0, "cf": 3, "mds": "2 (2ct 0st)", "dspi": 0.272}, {"tt": "season 2018/19", "sp": null, "mt": 7, "in": 7, "pr": "season=2018/19", "ds": 6, "ct": 6, "st": 0, "ck": 0, "cf": 6, "mds": "2 (2ct 0st)", "dspi": 0.857}, {"tt": "season 2019", "sp": null, "mt": 3, "in": 3, "pr": "season=2019", "ds": 1, "ct": 1, "st": 0, "ck": 0, "cf": 1, "mds": "1 (1ct 0st)", "dspi": 0.333}, {"tt": "season 2019/20", "sp": null, "mt": 10, "in": 10, "pr": "season=2019/20", "ds": 9, "ct": 9, "st": 0, "ck": 0, "cf": 9, "mds": "2 (2ct 0st)", "dspi": 0.9}, {"tt": "season 2020/21", "sp": null, "mt": 12, "in": 12, "pr": "season=2020/21", "ds": 9, "ct": 9, "st": 0, "ck": 0, "cf": 9, "mds": "2 (2ct 0st)", "dspi": 0.75}]}, {"type": "CAPTAINS_INVOLVED", "stats": [{"tt": "*BB McCullum", "sp": "2008-2015", "mt": 13, "in": 13, "pr": "captain_involve=10384", "ds": 5, "ct": 5, "st": 0, "ck": 0, "cf": 5, "mds": "1 (1ct 0st)", "dspi": 0.384}, {"tt": "*KD Mills", "sp": "2013-2013", "mt": 1, "in": 1, "pr": "captain_involve=10303", "ds": 1, "ct": 1, "st": 0, "ck": 0, "cf": 1, "mds": "1 (1ct 0st)", "dspi": 1}, {"tt": "*TG Southee", "sp": "2017-2021", "mt": 18, "in": 18, "pr": "captain_involve=49108", "ds": 11, "ct": 11, "st": 0, "ck": 0, "cf": 11, "mds": "2 (2ct 0st)", "dspi": 0.611}, {"tt": "*LRPL Taylor", "sp": "2010-2012", "mt": 10, "in": 10, "pr": "captain_involve=44930", "ds": 3, "ct": 3, "st": 0, "ck": 0, "cf": 3, "mds": "1 (1ct 0st)", "dspi": 0.3}, {"tt": "*DL Vettori", "sp": "2008-2010", "mt": 12, "in": 12, "pr": "captain_involve=4380", "ds": 5, "ct": 5, "st": 0, "ck": 0, "cf": 5, "mds": "1 (1ct 0st)", "dspi": 0.416}, {"tt": "*KS Williamson", "sp": "2012-2021", "mt": 29, "in": 28, "pr": "captain_involve=51088", "ds": 19, "ct": 19, "st": 0, "ck": 0, "cf": 19, "mds": "2 (2ct 0st)", "dspi": 0.678}]}, {"type": "CAPTAIN", "stats": [{"tt": "is captain", "sp": "2017-2021", "mt": 18, "in": 18, "pr": "captain=1", "ds": 11, "ct": 11, "st": 0, "ck": 0, "cf": 11, "mds": "2 (2ct 0st)", "dspi": 0.611}, {"tt": "is not captain", "sp": "2008-2021", "mt": 65, "in": 64, "pr": "captain=0", "ds": 33, "ct": 33, "st": 0, "ck": 0, "cf": 33, "mds": "2 (2ct 0st)", "dspi": 0.515}]}, {"type": "KEEPER", "stats": [{"tt": "is not keeper", "sp": "2008-2021", "mt": 83, "in": 82, "pr": "keeper=0", "ds": 44, "ct": 44, "st": 0, "ck": 0, "cf": 44, "mds": "2 (2ct 0st)", "dspi": 0.536}]}, {"type": "TOSS", "stats": [{"tt": "won the toss", "sp": "2008-2021", "mt": 41, "in": 41, "pr": "toss=1", "ds": 19, "ct": 19, "st": 0, "ck": 0, "cf": 19, "mds": "2 (2ct 0st)", "dspi": 0.463}, {"tt": "lost the toss", "sp": "2008-2021", "mt": 42, "in": 41, "pr": "toss=2", "ds": 25, "ct": 25, "st": 0, "ck": 0, "cf": 25, "mds": "2 (2ct 0st)", "dspi": 0.609}]}, {"type": "BATTING_FIELDING_SEQUENCE_AND_TOSS", "stats": [{"tt": "won toss &amp; batted", "sp": "2008-2021", "mt": 17, "in": 17, "pr": "batting_fielding_first=1;toss=1", "ds": 7, "ct": 7, "st": 0, "ck": 0, "cf": 7, "mds": "2 (2ct 0st)", "dspi": 0.411}, {"tt": "won toss &amp; fielded", "sp": "2008-2021", "mt": 24, "in": 24, "pr": "batting_fielding_first=2;toss=1", "ds": 12, "ct": 12, "st": 0, "ck": 0, "cf": 12, "mds": "2 (2ct 0st)", "dspi": 0.5}, {"tt": "lost toss &amp; sent in", "sp": "2010-2021", "mt": 21, "in": 20, "pr": "batting_fielding_first=1;toss=2", "ds": 12, "ct": 12, "st": 0, "ck": 0, "cf": 12, "mds": "2 (2ct 0st)", "dspi": 0.6}, {"tt": "lost toss &amp; fielded", "sp": "2008-2021", "mt": 21, "in": 21, "pr": "batting_fielding_first=2;toss=2", "ds": 13, "ct": 13, "st": 0, "ck": 0, "cf": 13, "mds": "2 (2ct 0st)", "dspi": 0.619}]}, {"type": "BATTING_FIELDING_SEQUENCE", "stats": [{"tt": "matches batting first", "sp": "2008-2021", "mt": 38, "in": 37, "pr": "batting_fielding_first=1", "ds": 19, "ct": 19, "st": 0, "ck": 0, "cf": 19, "mds": "2 (2ct 0st)", "dspi": 0.513}, {"tt": "matches fielding first", "sp": "2008-2021", "mt": 45, "in": 45, "pr": "batting_fielding_first=2", "ds": 25, "ct": 25, "st": 0, "ck": 0, "cf": 25, "mds": "2 (2ct 0st)", "dspi": 0.555}]}, {"type": "TEAM_INNINGS", "stats": [{"tt": "1st team innings", "sp": "2008-2021", "mt": 82, "in": 82, "pr": "innings_number=1;innings_number=2", "ds": 44, "ct": 44, "st": 0, "ck": 0, "cf": 44, "mds": "2 (2ct 0st)", "dspi": 0.536}]}, {"type": "MATCH_INNINGS", "stats": [{"tt": "1st match innings", "sp": "2008-2021", "mt": 45, "in": 45, "pr": "innings_number=1", "ds": 25, "ct": 25, "st": 0, "ck": 0, "cf": 25, "mds": "2 (2ct 0st)", "dspi": 0.555}, {"tt": "2nd match innings", "sp": "2008-2021", "mt": 37, "in": 37, "pr": "innings_number=2", "ds": 19, "ct": 19, "st": 0, "ck": 0, "cf": 19, "mds": "2 (2ct 0st)", "dspi": 0.513}]}, {"type": "FLOODLIT", "stats": [{"tt": "day match", "sp": "2010-2021", "mt": 21, "in": 21, "pr": "floodlit=1", "ds": 11, "ct": 11, "st": 0, "ck": 0, "cf": 11, "mds": "2 (2ct 0st)", "dspi": 0.523}, {"tt": "day/night match", "sp": "2008-2018", "mt": 24, "in": 24, "pr": "floodlit=2", "ds": 11, "ct": 11, "st": 0, "ck": 0, "cf": 11, "mds": "2 (2ct 0st)", "dspi": 0.458}, {"tt": "night match", "sp": "2010-2021", "mt": 38, "in": 37, "pr": "floodlit=3", "ds": 22, "ct": 22, "st": 0, "ck": 0, "cf": 22, "mds": "2 (2ct 0st)", "dspi": 0.594}]}, {"type": "RESULT", "stats": [{"tt": "won match", "sp": "2008-2021", "mt": 36, "in": 36, "pr": "result=1", "ds": 23, "ct": 23, "st": 0, "ck": 0, "cf": 23, "mds": "2 (2ct 0st)", "dspi": 0.638}, {"tt": "lost match", "sp": "2008-2021", "mt": 38, "in": 38, "pr": "result=2", "ds": 15, "ct": 15, "st": 0, "ck": 0, "cf": 15, "mds": "2 (2ct 0st)", "dspi": 0.394}, {"tt": "tied match", "sp": "2008-2020", "mt": 7, "in": 7, "pr": "result=3", "ds": 6, "ct": 6, "st": 0, "ck": 0, "cf": 6, "mds": "2 (2ct 0st)", "dspi": 0.857}, {"tt": "no result", "sp": "2012-2018", "mt": 2, "in": 1, "pr": "result=5", "ds": 0, "ct": 0, "st": 0, "ck": 0, "cf": 0, "mds": "0", "dspi": 0}]}, {"type": "BATTING_FIELDING_SEQUENCE_AND_RESULT", "stats": [{"tt": "won batting first", "sp": "2008-2021", "mt": 20, "in": 20, "pr": "batting_fielding_first=1;result=1", "ds": 12, "ct": 12, "st": 0, "ck": 0, "cf": 12, "mds": "2 (2ct 0st)", "dspi": 0.6}, {"tt": "won fielding first", "sp": "2009-2021", "mt": 16, "in": 16, "pr": "batting_fielding_first=2;result=1", "ds": 11, "ct": 11, "st": 0, "ck": 0, "cf": 11, "mds": "2 (2ct 0st)", "dspi": 0.687}, {"tt": "lost batting first", "sp": "2010-2020", "mt": 12, "in": 12, "pr": "batting_fielding_first=1;result=2", "ds": 5, "ct": 5, "st": 0, "ck": 0, "cf": 5, "mds": "2 (2ct 0st)", "dspi": 0.416}, {"tt": "lost fielding first", "sp": "2008-2021", "mt": 26, "in": 26, "pr": "batting_fielding_first=2;result=2", "ds": 10, "ct": 10, "st": 0, "ck": 0, "cf": 10, "mds": "2 (2ct 0st)", "dspi": 0.384}, {"tt": "tied batting first", "sp": "2008-2019", "mt": 4, "in": 4, "pr": "batting_fielding_first=1;result=3", "ds": 2, "ct": 2, "st": 0, "ck": 0, "cf": 2, "mds": "1 (1ct 0st)", "dspi": 0.5}, {"tt": "tied fielding first", "sp": "2012-2020", "mt": 3, "in": 3, "pr": "batting_fielding_first=2;result=3", "ds": 4, "ct": 4, "st": 0, "ck": 0, "cf": 4, "mds": "2 (2ct 0st)", "dspi": 1.333}, {"tt": "no result batting first", "sp": "2012-2018", "mt": 2, "in": 1, "pr": "batting_fielding_first=1;result=5", "ds": 0, "ct": 0, "st": 0, "ck": 0, "cf": 0, "mds": "0", "dspi": 0}]}, {"type": "TOURNAMENT_TYPE", "stats": [{"tt": "2 team series", "sp": "2008-2021", "mt": 68, "in": 67, "pr": "tournament_type=2", "ds": 39, "ct": 39, "st": 0, "ck": 0, "cf": 39, "mds": "2 (2ct 0st)", "dspi": 0.582}, {"tt": "3-4 team tournaments", "sp": "2018-2018", "mt": 5, "in": 5, "pr": "tournament_type=3", "ds": 1, "ct": 1, "st": 0, "ck": 0, "cf": 1, "mds": "1 (1ct 0st)", "dspi": 0.2}, {"tt": "5+ team tournaments", "sp": "2010-2014", "mt": 10, "in": 10, "pr": "tournament_type=5", "ds": 4, "ct": 4, "st": 0, "ck": 0, "cf": 4, "mds": "1 (1ct 0st)", "dspi": 0.4}]}, {"type": "MATCH_NUMBER", "stats": [{"tt": "only match in series", "sp": "2009-2019", "mt": 7, "in": 7, "pr": "match_number=0", "ds": 2, "ct": 2, "st": 0, "ck": 0, "cf": 2, "mds": "1 (1ct 0st)", "dspi": 0.285}, {"tt": "1st match in series", "sp": "2008-2021", "mt": 21, "in": 21, "pr": "match_number=1", "ds": 10, "ct": 10, "st": 0, "ck": 0, "cf": 10, "mds": "2 (2ct 0st)", "dspi": 0.476}, {"tt": "2nd match in series", "sp": "2008-2021", "mt": 21, "in": 20, "pr": "match_number=2", "ds": 16, "ct": 16, "st": 0, "ck": 0, "cf": 16, "mds": "2 (2ct 0st)", "dspi": 0.8}, {"tt": "3rd match in series", "sp": "2010-2021", "mt": 13, "in": 13, "pr": "match_number=3", "ds": 7, "ct": 7, "st": 0, "ck": 0, "cf": 7, "mds": "2 (2ct 0st)", "dspi": 0.538}, {"tt": "4th match in series", "sp": "2019-2021", "mt": 3, "in": 3, "pr": "match_number=4", "ds": 3, "ct": 3, "st": 0, "ck": 0, "cf": 3, "mds": "2 (2ct 0st)", "dspi": 1}, {"tt": "5th match in series", "sp": "2019-2021", "mt": 3, "in": 3, "pr": "match_number=5", "ds": 1, "ct": 1, "st": 0, "ck": 0, "cf": 1, "mds": "1 (1ct 0st)", "dspi": 0.333}]}, {"type": "MAJOR_TROPHY", "stats": [{"tt": "Men's T20 World Cup", "sp": "2010-2014", "mt": 10, "in": 10, "pr": "trophy=89", "ds": 4, "ct": 4, "st": 0, "ck": 0, "cf": 4, "mds": "1 (1ct 0st)", "dspi": 0.4}]}, {"type": "FINAL_TYPE", "stats": [{"tt": "tournament finals", "sp": "2018-2018", "mt": 1, "in": 1, "pr": "final_type=1", "ds": 0, "ct": 0, "st": 0, "ck": 0, "cf": 0, "mds": "0", "dspi": 0}, {"tt": "preliminary matches", "sp": "2010-2018", "mt": 14, "in": 14, "pr": "final_type=0", "ds": 5, "ct": 5, "st": 0, "ck": 0, "cf": 5, "mds": "1 (1ct 0st)", "dspi": 0.357}]}]}}