{"summary": {"recordClassId": 2, "type": "FIELDING", "groups": [{"type": "CAREER_AVERAGES", "stats": [{"tt": "overview", "sp": "2008-2020", "mt": 143, "in": 142, "pr": null, "ds": 39, "ct": 39, "st": 0, "ck": 0, "cf": 39, "mds": "3 (3ct 0st)", "dspi": 0.274}]}, {"type": "OPPOSITION_TEAM", "stats": [{"tt": "vs Afghanistan", "sp": "2015-2015", "mt": 1, "in": 1, "pr": "opposition=40", "ds": 0, "ct": 0, "st": 0, "ck": 0, "cf": 0, "mds": "0", "dspi": 0}, {"tt": "vs Australia", "sp": "2009-2017", "mt": 19, "in": 19, "pr": "opposition=2", "ds": 3, "ct": 3, "st": 0, "ck": 0, "cf": 3, "mds": "2 (2ct 0st)", "dspi": 0.157}, {"tt": "vs Bangladesh", "sp": "2008-2019", "mt": 15, "in": 15, "pr": "opposition=25", "ds": 5, "ct": 5, "st": 0, "ck": 0, "cf": 5, "mds": "1 (1ct 0st)", "dspi": 0.333}, {"tt": "vs Canada", "sp": "2011-2011", "mt": 1, "in": 1, "pr": "opposition=17", "ds": 0, "ct": 0, "st": 0, "ck": 0, "cf": 0, "mds": "0", "dspi": 0}, {"tt": "vs England", "sp": "2008-2019", "mt": 21, "in": 21, "pr": "opposition=1", "ds": 7, "ct": 7, "st": 0, "ck": 0, "cf": 7, "mds": "2 (2ct 0st)", "dspi": 0.333}, {"tt": "vs India", "sp": "2009-2020", "mt": 21, "in": 21, "pr": "opposition=6", "ds": 9, "ct": 9, "st": 0, "ck": 0, "cf": 9, "mds": "3 (3ct 0st)", "dspi": 0.428}, {"tt": "vs Ireland", "sp": "2008-2008", "mt": 1, "in": 1, "pr": "opposition=29", "ds": 0, "ct": 0, "st": 0, "ck": 0, "cf": 0, "mds": "0", "dspi": 0}, {"tt": "vs Kenya", "sp": "2011-2011", "mt": 1, "in": 1, "pr": "opposition=26", "ds": 0, "ct": 0, "st": 0, "ck": 0, "cf": 0, "mds": "0", "dspi": 0}, {"tt": "vs Pakistan", "sp": "2009-2018", "mt": 17, "in": 17, "pr": "opposition=7", "ds": 6, "ct": 6, "st": 0, "ck": 0, "cf": 6, "mds": "2 (2ct 0st)", "dspi": 0.352}, {"tt": "vs Scotland", "sp": "2008-2015", "mt": 2, "in": 2, "pr": "opposition=30", "ds": 0, "ct": 0, "st": 0, "ck": 0, "cf": 0, "mds": "0", "dspi": 0}, {"tt": "vs South Africa", "sp": "2011-2017", "mt": 11, "in": 11, "pr": "opposition=3", "ds": 4, "ct": 4, "st": 0, "ck": 0, "cf": 4, "mds": "1 (1ct 0st)", "dspi": 0.363}, {"tt": "vs Sri Lanka", "sp": "2010-2019", "mt": 16, "in": 15, "pr": "opposition=8", "ds": 2, "ct": 2, "st": 0, "ck": 0, "cf": 2, "mds": "1 (1ct 0st)", "dspi": 0.133}, {"tt": "vs West Indies", "sp": "2008-2017", "mt": 14, "in": 14, "pr": "opposition=4", "ds": 3, "ct": 3, "st": 0, "ck": 0, "cf": 3, "mds": "1 (1ct 0st)", "dspi": 0.214}, {"tt": "vs Zimbabwe", "sp": "2011-2012", "mt": 3, "in": 3, "pr": "opposition=9", "ds": 0, "ct": 0, "st": 0, "ck": 0, "cf": 0, "mds": "0", "dspi": 0}]}, {"type": "HOST_COUNTRY", "stats": [{"tt": "in Australia", "sp": "2009-2016", "mt": 8, "in": 8, "pr": "host=2", "ds": 0, "ct": 0, "st": 0, "ck": 0, "cf": 0, "mds": "0", "dspi": 0}, {"tt": "in Bangladesh", "sp": "2008-2013", "mt": 8, "in": 8, "pr": "host=25", "ds": 2, "ct": 2, "st": 0, "ck": 0, "cf": 2, "mds": "1 (1ct 0st)", "dspi": 0.25}, {"tt": "in England", "sp": "2008-2019", "mt": 17, "in": 17, "pr": "host=1", "ds": 3, "ct": 3, "st": 0, "ck": 0, "cf": 3, "mds": "1 (1ct 0st)", "dspi": 0.176}, {"tt": "in India", "sp": "2010-2017", "mt": 16, "in": 16, "pr": "host=6", "ds": 3, "ct": 3, "st": 0, "ck": 0, "cf": 3, "mds": "2 (2ct 0st)", "dspi": 0.187}, {"tt": "in New Zealand", "sp": "2008-2020", "mt": 74, "in": 73, "pr": "host=5", "ds": 27, "ct": 27, "st": 0, "ck": 0, "cf": 27, "mds": "3 (3ct 0st)", "dspi": 0.369}, {"tt": "in Scotland", "sp": "2008-2008", "mt": 2, "in": 2, "pr": "host=30", "ds": 0, "ct": 0, "st": 0, "ck": 0, "cf": 0, "mds": "0", "dspi": 0}, {"tt": "in Sri Lanka", "sp": "2010-2012", "mt": 8, "in": 8, "pr": "host=8", "ds": 1, "ct": 1, "st": 0, "ck": 0, "cf": 1, "mds": "1 (1ct 0st)", "dspi": 0.125}, {"tt": "in U.A.E.", "sp": "2009-2018", "mt": 5, "in": 5, "pr": "host=27", "ds": 1, "ct": 1, "st": 0, "ck": 0, "cf": 1, "mds": "1 (1ct 0st)", "dspi": 0.2}, {"tt": "in West Indies", "sp": "2012-2012", "mt": 5, "in": 5, "pr": "host=4", "ds": 2, "ct": 2, "st": 0, "ck": 0, "cf": 2, "mds": "1 (1ct 0st)", "dspi": 0.4}]}, {"type": "CONTINENT", "stats": [{"tt": "in Americas", "sp": "2012-2012", "mt": 5, "in": 5, "pr": "continent=3", "ds": 2, "ct": 2, "st": 0, "ck": 0, "cf": 2, "mds": "1 (1ct 0st)", "dspi": 0.4}, {"tt": "in Asia", "sp": "2008-2018", "mt": 37, "in": 37, "pr": "continent=2", "ds": 7, "ct": 7, "st": 0, "ck": 0, "cf": 7, "mds": "2 (2ct 0st)", "dspi": 0.189}, {"tt": "in Europe", "sp": "2008-2019", "mt": 19, "in": 19, "pr": "continent=4", "ds": 3, "ct": 3, "st": 0, "ck": 0, "cf": 3, "mds": "1 (1ct 0st)", "dspi": 0.157}, {"tt": "in Oceania", "sp": "2008-2020", "mt": 82, "in": 81, "pr": "continent=5", "ds": 27, "ct": 27, "st": 0, "ck": 0, "cf": 27, "mds": "3 (3ct 0st)", "dspi": 0.333}]}, {"type": "HOME_OR_AWAY", "stats": [{"tt": "home", "sp": "2008-2020", "mt": 74, "in": 73, "pr": "home_or_away=1", "ds": 27, "ct": 27, "st": 0, "ck": 0, "cf": 27, "mds": "3 (3ct 0st)", "dspi": 0.369}, {"tt": "away", "sp": "2008-2019", "mt": 51, "in": 51, "pr": "home_or_away=2", "ds": 10, "ct": 10, "st": 0, "ck": 0, "cf": 10, "mds": "2 (2ct 0st)", "dspi": 0.196}, {"tt": "neutral", "sp": "2008-2018", "mt": 18, "in": 18, "pr": "home_or_away=3", "ds": 2, "ct": 2, "st": 0, "ck": 0, "cf": 2, "mds": "1 (1ct 0st)", "dspi": 0.111}]}, {"type": "YEAR", "stats": [{"tt": "year 2008", "sp": null, "mt": 11, "in": 11, "pr": "year=2008", "ds": 1, "ct": 1, "st": 0, "ck": 0, "cf": 1, "mds": "1 (1ct 0st)", "dspi": 0.09}, {"tt": "year 2009", "sp": null, "mt": 13, "in": 13, "pr": "year=2009", "ds": 1, "ct": 1, "st": 0, "ck": 0, "cf": 1, "mds": "1 (1ct 0st)", "dspi": 0.076}, {"tt": "year 2010", "sp": null, "mt": 14, "in": 14, "pr": "year=2010", "ds": 5, "ct": 5, "st": 0, "ck": 0, "cf": 5, "mds": "2 (2ct 0st)", "dspi": 0.357}, {"tt": "year 2011", "sp": null, "mt": 13, "in": 13, "pr": "year=2011", "ds": 1, "ct": 1, "st": 0, "ck": 0, "cf": 1, "mds": "1 (1ct 0st)", "dspi": 0.076}, {"tt": "year 2012", "sp": null, "mt": 13, "in": 13, "pr": "year=2012", "ds": 3, "ct": 3, "st": 0, "ck": 0, "cf": 3, "mds": "1 (1ct 0st)", "dspi": 0.23}, {"tt": "year 2013", "sp": null, "mt": 8, "in": 8, "pr": "year=2013", "ds": 1, "ct": 1, "st": 0, "ck": 0, "cf": 1, "mds": "1 (1ct 0st)", "dspi": 0.125}, {"tt": "year 2014", "sp": null, "mt": 8, "in": 8, "pr": "year=2014", "ds": 7, "ct": 7, "st": 0, "ck": 0, "cf": 7, "mds": "3 (3ct 0st)", "dspi": 0.875}, {"tt": "year 2015", "sp": null, "mt": 19, "in": 18, "pr": "year=2015", "ds": 4, "ct": 4, "st": 0, "ck": 0, "cf": 4, "mds": "1 (1ct 0st)", "dspi": 0.222}, {"tt": "year 2016", "sp": null, "mt": 10, "in": 10, "pr": "year=2016", "ds": 2, "ct": 2, "st": 0, "ck": 0, "cf": 2, "mds": "1 (1ct 0st)", "dspi": 0.2}, {"tt": "year 2017", "sp": null, "mt": 14, "in": 14, "pr": "year=2017", "ds": 5, "ct": 5, "st": 0, "ck": 0, "cf": 5, "mds": "2 (2ct 0st)", "dspi": 0.357}, {"tt": "year 2018", "sp": null, "mt": 12, "in": 12, "pr": "year=2018", "ds": 7, "ct": 7, "st": 0, "ck": 0, "cf": 7, "mds": "2 (2ct 0st)", "dspi": 0.583}, {"tt": "year 2019", "sp": null, "mt": 5, "in": 5, "pr": "year=2019", "ds": 2, "ct": 2, "st": 0, "ck": 0, "cf": 2, "mds": "1 (1ct 0st)", "dspi": 0.4}, {"tt": "year 2020", "sp": null, "mt": 3, "in": 3, "pr": "year=2020", "ds": 0, "ct": 0, "st": 0, "ck": 0, "cf": 0, "mds": "0", "dspi": 0}]}, {"type": "SEASON", "stats": [{"tt": "season 2008", "sp": null, "mt": 7, "in": 7, "pr": "season=2008", "ds": 1, "ct": 1, "st": 0, "ck": 0, "cf": 1, "mds": "1 (1ct 0st)", "dspi": 0.142}, {"tt": "season 2008/09", "sp": null, "mt": 14, "in": 14, "pr": "season=2008/09", "ds": 0, "ct": 0, "st": 0, "ck": 0, "cf": 0, "mds": "0", "dspi": 0}, {"tt": "season 2009/10", "sp": null, "mt": 10, "in": 10, "pr": "season=2009/10", "ds": 5, "ct": 5, "st": 0, "ck": 0, "cf": 5, "mds": "2 (2ct 0st)", "dspi": 0.5}, {"tt": "season 2010", "sp": null, "mt": 2, "in": 2, "pr": "season=2010", "ds": 0, "ct": 0, "st": 0, "ck": 0, "cf": 0, "mds": "0", "dspi": 0}, {"tt": "season 2010/11", "sp": null, "mt": 18, "in": 18, "pr": "season=2010/11", "ds": 2, "ct": 2, "st": 0, "ck": 0, "cf": 2, "mds": "1 (1ct 0st)", "dspi": 0.111}, {"tt": "season 2011/12", "sp": null, "mt": 4, "in": 4, "pr": "season=2011/12", "ds": 0, "ct": 0, "st": 0, "ck": 0, "cf": 0, "mds": "0", "dspi": 0}, {"tt": "season 2012", "sp": null, "mt": 5, "in": 5, "pr": "season=2012", "ds": 2, "ct": 2, "st": 0, "ck": 0, "cf": 2, "mds": "1 (1ct 0st)", "dspi": 0.4}, {"tt": "season 2012/13", "sp": null, "mt": 6, "in": 6, "pr": "season=2012/13", "ds": 2, "ct": 2, "st": 0, "ck": 0, "cf": 2, "mds": "1 (1ct 0st)", "dspi": 0.333}, {"tt": "season 2013", "sp": null, "mt": 4, "in": 4, "pr": "season=2013", "ds": 0, "ct": 0, "st": 0, "ck": 0, "cf": 0, "mds": "0", "dspi": 0}, {"tt": "season 2013/14", "sp": null, "mt": 8, "in": 8, "pr": "season=2013/14", "ds": 7, "ct": 7, "st": 0, "ck": 0, "cf": 7, "mds": "3 (3ct 0st)", "dspi": 0.875}, {"tt": "season 2014/15", "sp": null, "mt": 16, "in": 15, "pr": "season=2014/15", "ds": 3, "ct": 3, "st": 0, "ck": 0, "cf": 3, "mds": "1 (1ct 0st)", "dspi": 0.2}, {"tt": "season 2015", "sp": null, "mt": 4, "in": 4, "pr": "season=2015", "ds": 1, "ct": 1, "st": 0, "ck": 0, "cf": 1, "mds": "1 (1ct 0st)", "dspi": 0.25}, {"tt": "season 2015/16", "sp": null, "mt": 1, "in": 1, "pr": "season=2015/16", "ds": 0, "ct": 0, "st": 0, "ck": 0, "cf": 0, "mds": "0", "dspi": 0}, {"tt": "season 2016/17", "sp": null, "mt": 17, "in": 17, "pr": "season=2016/17", "ds": 4, "ct": 4, "st": 0, "ck": 0, "cf": 4, "mds": "1 (1ct 0st)", "dspi": 0.235}, {"tt": "season 2017", "sp": null, "mt": 3, "in": 3, "pr": "season=2017", "ds": 1, "ct": 1, "st": 0, "ck": 0, "cf": 1, "mds": "1 (1ct 0st)", "dspi": 0.333}, {"tt": "season 2017/18", "sp": null, "mt": 14, "in": 14, "pr": "season=2017/18", "ds": 9, "ct": 9, "st": 0, "ck": 0, "cf": 9, "mds": "2 (2ct 0st)", "dspi": 0.642}, {"tt": "season 2018/19", "sp": null, "mt": 6, "in": 6, "pr": "season=2018/19", "ds": 2, "ct": 2, "st": 0, "ck": 0, "cf": 2, "mds": "1 (1ct 0st)", "dspi": 0.333}, {"tt": "season 2019", "sp": null, "mt": 1, "in": 1, "pr": "season=2019", "ds": 0, "ct": 0, "st": 0, "ck": 0, "cf": 0, "mds": "0", "dspi": 0}, {"tt": "season 2019/20", "sp": null, "mt": 3, "in": 3, "pr": "season=2019/20", "ds": 0, "ct": 0, "st": 0, "ck": 0, "cf": 0, "mds": "0", "dspi": 0}]}, {"type": "CAPTAINS_INVOLVED", "stats": [{"tt": "*TWM Latham", "sp": "2019-2020", "mt": 3, "in": 3, "pr": "captain_involve=59148", "ds": 1, "ct": 1, "st": 0, "ck": 0, "cf": 1, "mds": "1 (1ct 0st)", "dspi": 0.333}, {"tt": "*BB McCullum", "sp": "2009-2015", "mt": 38, "in": 37, "pr": "captain_involve=10384", "ds": 12, "ct": 12, "st": 0, "ck": 0, "cf": 12, "mds": "3 (3ct 0st)", "dspi": 0.324}, {"tt": "*TG Southee", "sp": "2018-2018", "mt": 1, "in": 1, "pr": "captain_involve=49108", "ds": 0, "ct": 0, "st": 0, "ck": 0, "cf": 0, "mds": "0", "dspi": 0}, {"tt": "*LRPL Taylor", "sp": "2010-2012", "mt": 13, "in": 13, "pr": "captain_involve=44930", "ds": 2, "ct": 2, "st": 0, "ck": 0, "cf": 2, "mds": "1 (1ct 0st)", "dspi": 0.153}, {"tt": "*DL Vettori", "sp": "2008-2011", "mt": 43, "in": 43, "pr": "captain_involve=4380", "ds": 8, "ct": 8, "st": 0, "ck": 0, "cf": 8, "mds": "2 (2ct 0st)", "dspi": 0.186}, {"tt": "*KS Williamson", "sp": "2012-2020", "mt": 45, "in": 45, "pr": "captain_involve=51088", "ds": 16, "ct": 16, "st": 0, "ck": 0, "cf": 16, "mds": "2 (2ct 0st)", "dspi": 0.355}]}, {"type": "CAPTAIN", "stats": [{"tt": "is captain", "sp": "2018-2018", "mt": 1, "in": 1, "pr": "captain=1", "ds": 0, "ct": 0, "st": 0, "ck": 0, "cf": 0, "mds": "0", "dspi": 0}, {"tt": "is not captain", "sp": "2008-2020", "mt": 142, "in": 141, "pr": "captain=0", "ds": 39, "ct": 39, "st": 0, "ck": 0, "cf": 39, "mds": "3 (3ct 0st)", "dspi": 0.276}]}, {"type": "KEEPER", "stats": [{"tt": "is not keeper", "sp": "2008-2020", "mt": 143, "in": 142, "pr": "keeper=0", "ds": 39, "ct": 39, "st": 0, "ck": 0, "cf": 39, "mds": "3 (3ct 0st)", "dspi": 0.274}]}, {"type": "TOSS", "stats": [{"tt": "won the toss", "sp": "2008-2020", "mt": 65, "in": 65, "pr": "toss=1", "ds": 16, "ct": 16, "st": 0, "ck": 0, "cf": 16, "mds": "2 (2ct 0st)", "dspi": 0.246}, {"tt": "lost the toss", "sp": "2008-2020", "mt": 78, "in": 77, "pr": "toss=2", "ds": 23, "ct": 23, "st": 0, "ck": 0, "cf": 23, "mds": "3 (3ct 0st)", "dspi": 0.298}]}, {"type": "BATTING_FIELDING_SEQUENCE_AND_TOSS", "stats": [{"tt": "won toss &amp; batted", "sp": "2008-2019", "mt": 32, "in": 32, "pr": "batting_fielding_first=1;toss=1", "ds": 7, "ct": 7, "st": 0, "ck": 0, "cf": 7, "mds": "1 (1ct 0st)", "dspi": 0.218}, {"tt": "won toss &amp; fielded", "sp": "2008-2020", "mt": 33, "in": 33, "pr": "batting_fielding_first=2;toss=1", "ds": 9, "ct": 9, "st": 0, "ck": 0, "cf": 9, "mds": "2 (2ct 0st)", "dspi": 0.272}, {"tt": "lost toss &amp; sent in", "sp": "2008-2020", "mt": 46, "in": 45, "pr": "batting_fielding_first=1;toss=2", "ds": 14, "ct": 14, "st": 0, "ck": 0, "cf": 14, "mds": "3 (3ct 0st)", "dspi": 0.311}, {"tt": "lost toss &amp; fielded", "sp": "2009-2019", "mt": 32, "in": 32, "pr": "batting_fielding_first=2;toss=2", "ds": 9, "ct": 9, "st": 0, "ck": 0, "cf": 9, "mds": "2 (2ct 0st)", "dspi": 0.281}]}, {"type": "BATTING_FIELDING_SEQUENCE", "stats": [{"tt": "matches batting first", "sp": "2008-2020", "mt": 78, "in": 77, "pr": "batting_fielding_first=1", "ds": 21, "ct": 21, "st": 0, "ck": 0, "cf": 21, "mds": "3 (3ct 0st)", "dspi": 0.272}, {"tt": "matches fielding first", "sp": "2008-2020", "mt": 65, "in": 65, "pr": "batting_fielding_first=2", "ds": 18, "ct": 18, "st": 0, "ck": 0, "cf": 18, "mds": "2 (2ct 0st)", "dspi": 0.276}]}, {"type": "TEAM_INNINGS", "stats": [{"tt": "1st team innings", "sp": "2008-2020", "mt": 142, "in": 142, "pr": "innings_number=1;innings_number=2", "ds": 39, "ct": 39, "st": 0, "ck": 0, "cf": 39, "mds": "3 (3ct 0st)", "dspi": 0.274}]}, {"type": "MATCH_INNINGS", "stats": [{"tt": "1st match innings", "sp": "2008-2020", "mt": 65, "in": 65, "pr": "innings_number=1", "ds": 18, "ct": 18, "st": 0, "ck": 0, "cf": 18, "mds": "2 (2ct 0st)", "dspi": 0.276}, {"tt": "2nd match innings", "sp": "2008-2020", "mt": 77, "in": 77, "pr": "innings_number=2", "ds": 21, "ct": 21, "st": 0, "ck": 0, "cf": 21, "mds": "3 (3ct 0st)", "dspi": 0.272}]}, {"type": "FLOODLIT", "stats": [{"tt": "day match", "sp": "2008-2019", "mt": 62, "in": 62, "pr": "floodlit=1", "ds": 16, "ct": 16, "st": 0, "ck": 0, "cf": 16, "mds": "2 (2ct 0st)", "dspi": 0.258}, {"tt": "day/night match", "sp": "2009-2020", "mt": 81, "in": 80, "pr": "floodlit=2", "ds": 23, "ct": 23, "st": 0, "ck": 0, "cf": 23, "mds": "3 (3ct 0st)", "dspi": 0.287}]}, {"type": "RESULT", "stats": [{"tt": "won match", "sp": "2008-2020", "mt": 71, "in": 71, "pr": "result=1", "ds": 29, "ct": 29, "st": 0, "ck": 0, "cf": 29, "mds": "3 (3ct 0st)", "dspi": 0.408}, {"tt": "lost match", "sp": "2008-2019", "mt": 61, "in": 61, "pr": "result=2", "ds": 8, "ct": 8, "st": 0, "ck": 0, "cf": 8, "mds": "2 (2ct 0st)", "dspi": 0.131}, {"tt": "tied match", "sp": "2014-2014", "mt": 1, "in": 1, "pr": "result=3", "ds": 1, "ct": 1, "st": 0, "ck": 0, "cf": 1, "mds": "1 (1ct 0st)", "dspi": 1}, {"tt": "no result", "sp": "2008-2017", "mt": 10, "in": 9, "pr": "result=5", "ds": 1, "ct": 1, "st": 0, "ck": 0, "cf": 1, "mds": "1 (1ct 0st)", "dspi": 0.111}]}, {"type": "BATTING_FIELDING_SEQUENCE_AND_RESULT", "stats": [{"tt": "won batting first", "sp": "2008-2020", "mt": 39, "in": 39, "pr": "batting_fielding_first=1;result=1", "ds": 18, "ct": 18, "st": 0, "ck": 0, "cf": 18, "mds": "3 (3ct 0st)", "dspi": 0.461}, {"tt": "won fielding first", "sp": "2008-2020", "mt": 32, "in": 32, "pr": "batting_fielding_first=2;result=1", "ds": 11, "ct": 11, "st": 0, "ck": 0, "cf": 11, "mds": "2 (2ct 0st)", "dspi": 0.343}, {"tt": "lost batting first", "sp": "2008-2019", "mt": 35, "in": 35, "pr": "batting_fielding_first=1;result=2", "ds": 2, "ct": 2, "st": 0, "ck": 0, "cf": 2, "mds": "1 (1ct 0st)", "dspi": 0.057}, {"tt": "lost fielding first", "sp": "2008-2019", "mt": 26, "in": 26, "pr": "batting_fielding_first=2;result=2", "ds": 6, "ct": 6, "st": 0, "ck": 0, "cf": 6, "mds": "2 (2ct 0st)", "dspi": 0.23}, {"tt": "tied batting first", "sp": "2014-2014", "mt": 1, "in": 1, "pr": "batting_fielding_first=1;result=3", "ds": 1, "ct": 1, "st": 0, "ck": 0, "cf": 1, "mds": "1 (1ct 0st)", "dspi": 1}, {"tt": "no result batting first", "sp": "2009-2017", "mt": 3, "in": 2, "pr": "batting_fielding_first=1;result=5", "ds": 0, "ct": 0, "st": 0, "ck": 0, "cf": 0, "mds": "0", "dspi": 0}, {"tt": "no result fielding first", "sp": "2008-2014", "mt": 7, "in": 7, "pr": "batting_fielding_first=2;result=5", "ds": 1, "ct": 1, "st": 0, "ck": 0, "cf": 1, "mds": "1 (1ct 0st)", "dspi": 0.142}]}, {"type": "TOURNAMENT_TYPE", "stats": [{"tt": "2 team series", "sp": "2008-2020", "mt": 118, "in": 117, "pr": "tournament_type=2", "ds": 36, "ct": 36, "st": 0, "ck": 0, "cf": 36, "mds": "3 (3ct 0st)", "dspi": 0.307}, {"tt": "3-4 team tournaments", "sp": "2008-2010", "mt": 4, "in": 4, "pr": "tournament_type=3", "ds": 0, "ct": 0, "st": 0, "ck": 0, "cf": 0, "mds": "0", "dspi": 0}, {"tt": "5+ team tournaments", "sp": "2011-2019", "mt": 23, "in": 23, "pr": "tournament_type=5", "ds": 4, "ct": 4, "st": 0, "ck": 0, "cf": 4, "mds": "1 (1ct 0st)", "dspi": 0.173}]}, {"type": "MATCH_NUMBER", "stats": [{"tt": "only match in series", "sp": "2011-2015", "mt": 2, "in": 2, "pr": "match_number=0", "ds": 1, "ct": 1, "st": 0, "ck": 0, "cf": 1, "mds": "1 (1ct 0st)", "dspi": 0.5}, {"tt": "1st match in series", "sp": "2008-2020", "mt": 26, "in": 26, "pr": "match_number=1", "ds": 9, "ct": 9, "st": 0, "ck": 0, "cf": 9, "mds": "3 (3ct 0st)", "dspi": 0.346}, {"tt": "2nd match in series", "sp": "2008-2020", "mt": 28, "in": 28, "pr": "match_number=2", "ds": 7, "ct": 7, "st": 0, "ck": 0, "cf": 7, "mds": "2 (2ct 0st)", "dspi": 0.25}, {"tt": "3rd match in series", "sp": "2008-2020", "mt": 30, "in": 29, "pr": "match_number=3", "ds": 9, "ct": 9, "st": 0, "ck": 0, "cf": 9, "mds": "2 (2ct 0st)", "dspi": 0.31}, {"tt": "4th match in series", "sp": "2008-2018", "mt": 16, "in": 16, "pr": "match_number=4", "ds": 5, "ct": 5, "st": 0, "ck": 0, "cf": 5, "mds": "2 (2ct 0st)", "dspi": 0.312}, {"tt": "5th match in series", "sp": "2008-2018", "mt": 14, "in": 14, "pr": "match_number=5", "ds": 5, "ct": 5, "st": 0, "ck": 0, "cf": 5, "mds": "2 (2ct 0st)", "dspi": 0.357}, {"tt": "6th match in series", "sp": "2011-2011", "mt": 1, "in": 1, "pr": "match_number=6", "ds": 0, "ct": 0, "st": 0, "ck": 0, "cf": 0, "mds": "0", "dspi": 0}, {"tt": "7th match in series", "sp": "2015-2015", "mt": 1, "in": 1, "pr": "match_number=7", "ds": 0, "ct": 0, "st": 0, "ck": 0, "cf": 0, "mds": "0", "dspi": 0}]}, {"type": "MAJOR_TROPHY", "stats": [{"tt": "World Cup", "sp": "2011-2019", "mt": 18, "in": 18, "pr": "trophy=12", "ds": 3, "ct": 3, "st": 0, "ck": 0, "cf": 3, "mds": "1 (1ct 0st)", "dspi": 0.166}, {"tt": "Chappell-Hadlee", "sp": "2009-2017", "mt": 16, "in": 16, "pr": "trophy=65", "ds": 3, "ct": 3, "st": 0, "ck": 0, "cf": 3, "mds": "2 (2ct 0st)", "dspi": 0.187}, {"tt": "ICC Champions Trophy", "sp": "2013-2017", "mt": 5, "in": 5, "pr": "trophy=44", "ds": 1, "ct": 1, "st": 0, "ck": 0, "cf": 1, "mds": "1 (1ct 0st)", "dspi": 0.2}]}, {"type": "FINAL_TYPE", "stats": [{"tt": "tournament finals", "sp": "2015-2015", "mt": 1, "in": 1, "pr": "final_type=1", "ds": 0, "ct": 0, "st": 0, "ck": 0, "cf": 0, "mds": "0", "dspi": 0}, {"tt": "tournament semi-finals", "sp": "2011-2015", "mt": 2, "in": 2, "pr": "final_type=3", "ds": 1, "ct": 1, "st": 0, "ck": 0, "cf": 1, "mds": "1 (1ct 0st)", "dspi": 0.5}, {"tt": "tournament quarter-finals", "sp": "2011-2015", "mt": 2, "in": 2, "pr": "final_type=4", "ds": 1, "ct": 1, "st": 0, "ck": 0, "cf": 1, "mds": "1 (1ct 0st)", "dspi": 0.5}, {"tt": "preliminary matches", "sp": "2008-2019", "mt": 22, "in": 22, "pr": "final_type=0", "ds": 2, "ct": 2, "st": 0, "ck": 0, "cf": 2, "mds": "1 (1ct 0st)", "dspi": 0.09}]}]}}