{"summary": {"recordClassId": 2, "type": "ALLROUND", "groups": [{"type": "CAREER_AVERAGES", "stats": [{"tt": "overview", "sp": "2008-2020", "mt": 143, "pr": null, "rn": 679, "wk": 190, "ct": 39, "st": 0, "hs": "55", "hn": 0, "bbi": "7/33", "bta": 12.57, "bwa": 34.51, "fw": 3, "bbad": -21.94}]}, {"type": "OPPOSITION_TEAM", "stats": [{"tt": "v Afghanistan", "sp": "2015-2015", "mt": 1, "pr": "opposition=40", "rn": null, "wk": 0, "ct": 0, "st": 0, "hs": null, "hn": null, "bbi": "-", "bta": null, "bwa": null, "fw": 0, "bbad": null}, {"tt": "v Australia", "sp": "2009-2017", "mt": 19, "pr": "opposition=2", "rn": 68, "wk": 15, "ct": 3, "st": 0, "hs": "17", "hn": 0, "bbi": "4/36", "bta": 6.18, "bwa": 62.4, "fw": 0, "bbad": -56.21}, {"tt": "v Bangladesh", "sp": "2008-2019", "mt": 15, "pr": "opposition=25", "rn": 52, "wk": 22, "ct": 5, "st": 0, "hs": "19*", "hn": 0, "bbi": "6/65", "bta": 8.66, "bwa": 28.31, "fw": 1, "bbad": -19.65}, {"tt": "v Canada", "sp": "2011-2011", "mt": 1, "pr": "opposition=17", "rn": null, "wk": 1, "ct": 0, "st": 0, "hs": null, "hn": null, "bbi": "1/36", "bta": null, "bwa": 36, "fw": 0, "bbad": null}, {"tt": "v England", "sp": "2008-2019", "mt": 21, "pr": "opposition=1", "rn": 98, "wk": 36, "ct": 7, "st": 0, "hs": "18", "hn": 0, "bbi": "7/33", "bta": 8.9, "bwa": 29.3, "fw": 1, "bbad": -20.39}, {"tt": "v India", "sp": "2009-2020", "mt": 21, "pr": "opposition=6", "rn": 192, "wk": 30, "ct": 9, "st": 0, "hs": "55", "hn": 0, "bbi": "4/49", "bta": 21.33, "bwa": 38.53, "fw": 0, "bbad": -17.2}, {"tt": "v Ireland", "sp": "2008-2008", "mt": 1, "pr": "opposition=29", "rn": null, "wk": 3, "ct": 0, "st": 0, "hs": null, "hn": null, "bbi": "3/22", "bta": null, "bwa": 7.33, "fw": 0, "bbad": null}, {"tt": "v Kenya", "sp": "2011-2011", "mt": 1, "pr": "opposition=26", "rn": null, "wk": 3, "ct": 0, "st": 0, "hs": null, "hn": null, "bbi": "3/13", "bta": null, "bwa": 4.33, "fw": 0, "bbad": null}, {"tt": "v Pakistan", "sp": "2009-2018", "mt": 17, "pr": "opposition=7", "rn": 83, "wk": 25, "ct": 6, "st": 0, "hs": "20", "hn": 0, "bbi": "5/33", "bta": 16.6, "bwa": 27.56, "fw": 1, "bbad": -10.96}, {"tt": "v Scotland", "sp": "2008-2015", "mt": 2, "pr": "opposition=30", "rn": null, "wk": 2, "ct": 0, "st": 0, "hs": null, "hn": null, "bbi": "2/35", "bta": null, "bwa": 23.5, "fw": 0, "bbad": null}, {"tt": "v South Africa", "sp": "2011-2017", "mt": 11, "pr": "opposition=3", "rn": 72, "wk": 9, "ct": 4, "st": 0, "hs": "28", "hn": 0, "bbi": "2/47", "bta": 18, "bwa": 65.11, "fw": 0, "bbad": -47.11}, {"tt": "v Sri Lanka", "sp": "2010-2019", "mt": 16, "pr": "opposition=8", "rn": 61, "wk": 23, "ct": 2, "st": 0, "hs": "18*", "hn": 0, "bbi": "3/18", "bta": 15.25, "bwa": 28.43, "fw": 0, "bbad": -13.18}, {"tt": "v West Indies", "sp": "2008-2017", "mt": 14, "pr": "opposition=4", "rn": 50, "wk": 17, "ct": 3, "st": 0, "hs": "17*", "hn": 0, "bbi": "3/37", "bta": 16.66, "bwa": 34.82, "fw": 0, "bbad": -18.15}, {"tt": "v Zimbabwe", "sp": "2011-2012", "mt": 3, "pr": "opposition=9", "rn": 3, "wk": 4, "ct": 0, "st": 0, "hs": "3", "hn": 0, "bbi": "3/29", "bta": 3, "bwa": 26.5, "fw": 0, "bbad": -23.5}]}, {"type": "HOST_COUNTRY", "stats": [{"tt": "in Australia", "sp": "2009-2016", "mt": 8, "pr": "host=2", "rn": 44, "wk": 5, "ct": 0, "st": 0, "hs": "17", "hn": 0, "bbi": "2/63", "bta": 8.8, "bwa": 85.2, "fw": 0, "bbad": -76.4}, {"tt": "in Bangladesh", "sp": "2008-2013", "mt": 8, "pr": "host=25", "rn": 20, "wk": 6, "ct": 2, "st": 0, "hs": "19*", "hn": 0, "bbi": "3/34", "bta": 5, "bwa": 49, "fw": 0, "bbad": -44}, {"tt": "in England", "sp": "2008-2019", "mt": 17, "pr": "host=1", "rn": 83, "wk": 26, "ct": 3, "st": 0, "hs": "18", "hn": 0, "bbi": "4/38", "bta": 11.85, "bwa": 29.76, "fw": 0, "bbad": -17.91}, {"tt": "in India", "sp": "2010-2017", "mt": 16, "pr": "host=6", "rn": 122, "wk": 25, "ct": 3, "st": 0, "hs": "55", "hn": 0, "bbi": "3/13", "bta": 17.42, "bwa": 29.68, "fw": 0, "bbad": -12.25}, {"tt": "in New Zealand", "sp": "2008-2020", "mt": 74, "pr": "host=5", "rn": 307, "wk": 94, "ct": 27, "st": 0, "hs": "32", "hn": 0, "bbi": "7/33", "bta": 13.95, "bwa": 38.26, "fw": 3, "bbad": -24.31}, {"tt": "in Scotland", "sp": "2008-2008", "mt": 2, "pr": "host=30", "rn": null, "wk": 3, "ct": 0, "st": 0, "hs": null, "hn": null, "bbi": "3/22", "bta": null, "bwa": 11.33, "fw": 0, "bbad": null}, {"tt": "in Sri Lanka", "sp": "2010-2012", "mt": 8, "pr": "host=8", "rn": 30, "wk": 16, "ct": 1, "st": 0, "hs": "13", "hn": 0, "bbi": "4/49", "bta": 10, "bwa": 18, "fw": 0, "bbad": -8}, {"tt": "in U.A.E.", "sp": "2009-2018", "mt": 5, "pr": "host=27", "rn": 38, "wk": 5, "ct": 1, "st": 0, "hs": "20", "hn": 0, "bbi": "2/26", "bta": 9.5, "bwa": 41.4, "fw": 0, "bbad": -31.9}, {"tt": "in West Indies", "sp": "2012-2012", "mt": 5, "pr": "host=4", "rn": 35, "wk": 10, "ct": 2, "st": 0, "hs": "17*", "hn": 0, "bbi": "3/37", "bta": 17.5, "bwa": 19.6, "fw": 0, "bbad": -2.1}]}, {"type": "CONTINENT", "stats": [{"tt": "in Americas", "sp": "2012-2012", "mt": 5, "pr": "continent=3", "rn": 35, "wk": 10, "ct": 2, "st": 0, "hs": "17*", "hn": 0, "bbi": "3/37", "bta": 17.5, "bwa": 19.6, "fw": 0, "bbad": -2.1}, {"tt": "in Asia", "sp": "2008-2018", "mt": 37, "pr": "continent=2", "rn": 210, "wk": 52, "ct": 7, "st": 0, "hs": "55", "hn": 0, "bbi": "4/49", "bta": 11.66, "bwa": 29.44, "fw": 0, "bbad": -17.77}, {"tt": "in Europe", "sp": "2008-2019", "mt": 19, "pr": "continent=4", "rn": 83, "wk": 29, "ct": 3, "st": 0, "hs": "18", "hn": 0, "bbi": "4/38", "bta": 11.85, "bwa": 27.86, "fw": 0, "bbad": -16}, {"tt": "in Oceania", "sp": "2008-2020", "mt": 82, "pr": "continent=5", "rn": 351, "wk": 99, "ct": 27, "st": 0, "hs": "32", "hn": 0, "bbi": "7/33", "bta": 13, "bwa": 40.63, "fw": 3, "bbad": -27.63}]}, {"type": "HOME_OR_AWAY", "stats": [{"tt": "home", "sp": "2008-2020", "mt": 74, "pr": "home_or_away=1", "rn": 307, "wk": 94, "ct": 27, "st": 0, "hs": "32", "hn": 0, "bbi": "7/33", "bta": 13.95, "bwa": 38.26, "fw": 3, "bbad": -24.31}, {"tt": "away", "sp": "2008-2019", "mt": 51, "pr": "home_or_away=2", "rn": 287, "wk": 66, "ct": 10, "st": 0, "hs": "55", "hn": 0, "bbi": "4/38", "bta": 11.48, "bwa": 35.1, "fw": 0, "bbad": -23.62}, {"tt": "neutral", "sp": "2008-2018", "mt": 18, "pr": "home_or_away=3", "rn": 85, "wk": 30, "ct": 2, "st": 0, "hs": "20", "hn": 0, "bbi": "4/49", "bta": 12.14, "bwa": 21.46, "fw": 0, "bbad": -9.32}]}, {"type": "YEAR", "stats": [{"tt": "year 2008", "sp": null, "mt": 11, "pr": "year=2008", "rn": 31, "wk": 20, "ct": 1, "st": 0, "hs": "19*", "hn": 0, "bbi": "4/38", "bta": 7.75, "bwa": 20.9, "fw": 0, "bbad": -13.15}, {"tt": "year 2009", "sp": null, "mt": 13, "pr": "year=2009", "rn": 70, "wk": 10, "ct": 1, "st": 0, "hs": "32", "hn": 0, "bbi": "2/26", "bta": 14, "bwa": 63.3, "fw": 0, "bbad": -49.3}, {"tt": "year 2010", "sp": null, "mt": 14, "pr": "year=2010", "rn": 34, "wk": 15, "ct": 5, "st": 0, "hs": "13", "hn": 0, "bbi": "4/36", "bta": 4.85, "bwa": 38.13, "fw": 0, "bbad": -33.27}, {"tt": "year 2011", "sp": null, "mt": 13, "pr": "year=2011", "rn": 27, "wk": 25, "ct": 1, "st": 0, "hs": "13*", "hn": 0, "bbi": "5/33", "bta": 9, "bwa": 21.16, "fw": 1, "bbad": -12.16}, {"tt": "year 2012", "sp": null, "mt": 13, "pr": "year=2012", "rn": 77, "wk": 17, "ct": 3, "st": 0, "hs": "28", "hn": 0, "bbi": "3/18", "bta": 19.25, "bwa": 30.23, "fw": 0, "bbad": -10.98}, {"tt": "year 2013", "sp": null, "mt": 8, "pr": "year=2013", "rn": 35, "wk": 10, "ct": 1, "st": 0, "hs": "15", "hn": 0, "bbi": "3/34", "bta": 8.75, "bwa": 33.4, "fw": 0, "bbad": -24.65}, {"tt": "year 2014", "sp": null, "mt": 8, "pr": "year=2014", "rn": 44, "wk": 10, "ct": 7, "st": 0, "hs": "27", "hn": 0, "bbi": "4/72", "bta": 14.66, "bwa": 38.9, "fw": 0, "bbad": -24.23}, {"tt": "year 2015", "sp": null, "mt": 19, "pr": "year=2015", "rn": 66, "wk": 28, "ct": 4, "st": 0, "hs": "18*", "hn": 0, "bbi": "7/33", "bta": 13.2, "bwa": 33.17, "fw": 1, "bbad": -19.97}, {"tt": "year 2016", "sp": null, "mt": 10, "pr": "year=2016", "rn": 93, "wk": 14, "ct": 2, "st": 0, "hs": "55", "hn": 0, "bbi": "3/40", "bta": 13.28, "bwa": 36.35, "fw": 0, "bbad": -23.07}, {"tt": "year 2017", "sp": null, "mt": 14, "pr": "year=2017", "rn": 86, "wk": 17, "ct": 5, "st": 0, "hs": "25*", "hn": 0, "bbi": "3/45", "bta": 17.2, "bwa": 43.35, "fw": 0, "bbad": -26.15}, {"tt": "year 2018", "sp": null, "mt": 12, "pr": "year=2018", "rn": 96, "wk": 11, "ct": 7, "st": 0, "hs": "20", "hn": 0, "bbi": "3/22", "bta": 16, "bwa": 47.63, "fw": 0, "bbad": -31.63}, {"tt": "year 2019", "sp": null, "mt": 5, "pr": "year=2019", "rn": 17, "wk": 9, "ct": 2, "st": 0, "hs": "9*", "hn": 0, "bbi": "6/65", "bta": null, "bwa": 31.66, "fw": 1, "bbad": null}, {"tt": "year 2020", "sp": null, "mt": 3, "pr": "year=2020", "rn": 3, "wk": 4, "ct": 0, "st": 0, "hs": "3", "hn": 0, "bbi": "2/41", "bta": 3, "bwa": 46.25, "fw": 0, "bbad": -43.25}]}, {"type": "SEASON", "stats": [{"tt": "season 2008", "sp": null, "mt": 7, "pr": "season=2008", "rn": 12, "wk": 16, "ct": 1, "st": 0, "hs": "6", "hn": 0, "bbi": "4/38", "bta": 4, "bwa": 16.93, "fw": 0, "bbad": -12.93}, {"tt": "season 2008/09", "sp": null, "mt": 14, "pr": "season=2008/09", "rn": 84, "wk": 10, "ct": 0, "st": 0, "hs": "32", "hn": 0, "bbi": "2/33", "bta": 21, "bwa": 65.2, "fw": 0, "bbad": -44.2}, {"tt": "season 2009/10", "sp": null, "mt": 10, "pr": "season=2009/10", "rn": 13, "wk": 13, "ct": 5, "st": 0, "hs": "4*", "hn": 0, "bbi": "4/36", "bta": 2.6, "bwa": 35.07, "fw": 0, "bbad": -32.47}, {"tt": "season 2010", "sp": null, "mt": 2, "pr": "season=2010", "rn": 23, "wk": 5, "ct": 0, "st": 0, "hs": "13", "hn": 0, "bbi": "4/49", "bta": 11.5, "bwa": 18, "fw": 0, "bbad": -6.5}, {"tt": "season 2010/11", "sp": null, "mt": 18, "pr": "season=2010/11", "rn": 30, "wk": 26, "ct": 2, "st": 0, "hs": "13*", "hn": 0, "bbi": "5/33", "bta": 6, "bwa": 26.26, "fw": 1, "bbad": -20.26}, {"tt": "season 2011/12", "sp": null, "mt": 4, "pr": "season=2011/12", "rn": 35, "wk": 2, "ct": 0, "st": 0, "hs": "28", "hn": 0, "bbi": "1/50", "bta": 17.5, "bwa": 101, "fw": 0, "bbad": -83.5}, {"tt": "season 2012", "sp": null, "mt": 5, "pr": "season=2012", "rn": 35, "wk": 10, "ct": 2, "st": 0, "hs": "17*", "hn": 0, "bbi": "3/37", "bta": 17.5, "bwa": 19.6, "fw": 0, "bbad": -2.1}, {"tt": "season 2012/13", "sp": null, "mt": 6, "pr": "season=2012/13", "rn": 14, "wk": 9, "ct": 2, "st": 0, "hs": "7*", "hn": 0, "bbi": "3/18", "bta": 14, "bwa": 24.22, "fw": 0, "bbad": -10.22}, {"tt": "season 2013", "sp": null, "mt": 4, "pr": "season=2013", "rn": 28, "wk": 3, "ct": 0, "st": 0, "hs": "15", "hn": 0, "bbi": "3/37", "bta": 28, "bwa": 51, "fw": 0, "bbad": -23}, {"tt": "season 2013/14", "sp": null, "mt": 8, "pr": "season=2013/14", "rn": 39, "wk": 11, "ct": 7, "st": 0, "hs": "27", "hn": 0, "bbi": "4/72", "bta": 9.75, "bwa": 35.36, "fw": 0, "bbad": -25.61}, {"tt": "season 2014/15", "sp": null, "mt": 16, "pr": "season=2014/15", "rn": 29, "wk": 26, "ct": 3, "st": 0, "hs": "12*", "hn": 0, "bbi": "7/33", "bta": 7.25, "bwa": 29, "fw": 1, "bbad": -21.75}, {"tt": "season 2015", "sp": null, "mt": 4, "pr": "season=2015", "rn": 24, "wk": 4, "ct": 1, "st": 0, "hs": "18", "hn": 0, "bbi": "3/44", "bta": 12, "bwa": 52.5, "fw": 0, "bbad": -40.5}, {"tt": "season 2015/16", "sp": null, "mt": 1, "pr": "season=2015/16", "rn": 18, "wk": 0, "ct": 0, "st": 0, "hs": "18*", "hn": 0, "bbi": "-", "bta": null, "bwa": null, "fw": 0, "bbad": null}, {"tt": "season 2016/17", "sp": null, "mt": 17, "pr": "season=2016/17", "rn": 138, "wk": 20, "ct": 4, "st": 0, "hs": "55", "hn": 0, "bbi": "3/40", "bta": 12.54, "bwa": 44.7, "fw": 0, "bbad": -32.15}, {"tt": "season 2017", "sp": null, "mt": 3, "pr": "season=2017", "rn": 12, "wk": 5, "ct": 1, "st": 0, "hs": "10*", "hn": 0, "bbi": "3/45", "bta": 12, "bwa": 20.8, "fw": 0, "bbad": -8.8}, {"tt": "season 2017/18", "sp": null, "mt": 14, "pr": "season=2017/18", "rn": 92, "wk": 16, "ct": 9, "st": 0, "hs": "25*", "hn": 0, "bbi": "3/22", "bta": 23, "bwa": 43.31, "fw": 0, "bbad": -20.31}, {"tt": "season 2018/19", "sp": null, "mt": 6, "pr": "season=2018/19", "rn": 43, "wk": 9, "ct": 2, "st": 0, "hs": "20", "hn": 0, "bbi": "6/65", "bta": 21.5, "bwa": 32.66, "fw": 1, "bbad": -11.16}, {"tt": "season 2019", "sp": null, "mt": 1, "pr": "season=2019", "rn": 7, "wk": 1, "ct": 0, "st": 0, "hs": "7*", "hn": 0, "bbi": "1/70", "bta": null, "bwa": 70, "fw": 0, "bbad": null}, {"tt": "season 2019/20", "sp": null, "mt": 3, "pr": "season=2019/20", "rn": 3, "wk": 4, "ct": 0, "st": 0, "hs": "3", "hn": 0, "bbi": "2/41", "bta": 3, "bwa": 46.25, "fw": 0, "bbad": -43.25}]}, {"type": "CAPTAINS_INVOLVED", "stats": [{"tt": "*TWM Latham", "sp": "2019-2020", "mt": 3, "pr": "captain_involve=59148", "rn": 3, "wk": 10, "ct": 1, "st": 0, "hs": "3", "hn": 0, "bbi": "6/65", "bta": 3, "bwa": 19.1, "fw": 1, "bbad": -16.1}, {"tt": "*BB McCullum", "sp": "2009-2015", "mt": 38, "pr": "captain_involve=10384", "rn": 193, "wk": 48, "ct": 12, "st": 0, "hs": "32", "hn": 0, "bbi": "7/33", "bta": 13.78, "bwa": 38.85, "fw": 1, "bbad": -25.06}, {"tt": "*TG Southee", "sp": "2018-2018", "mt": 1, "pr": "captain_involve=49108", "rn": 6, "wk": 0, "ct": 0, "st": 0, "hs": "6", "hn": 0, "bbi": "-", "bta": 6, "bwa": null, "fw": 0, "bbad": null}, {"tt": "*LRPL Taylor", "sp": "2010-2012", "mt": 13, "pr": "captain_involve=44930", "rn": 60, "wk": 23, "ct": 2, "st": 0, "hs": "13*", "hn": 0, "bbi": "4/49", "bta": 12, "bwa": 24.56, "fw": 0, "bbad": -12.56}, {"tt": "*DL Vettori", "sp": "2008-2011", "mt": 43, "pr": "captain_involve=4380", "rn": 84, "wk": 58, "ct": 8, "st": 0, "hs": "19*", "hn": 0, "bbi": "5/33", "bta": 6, "bwa": 29.1, "fw": 1, "bbad": -23.1}, {"tt": "*KS Williamson", "sp": "2012-2020", "mt": 45, "pr": "captain_involve=51088", "rn": 333, "wk": 51, "ct": 16, "st": 0, "hs": "55", "hn": 0, "bbi": "3/22", "bta": 17.52, "bwa": 43.01, "fw": 0, "bbad": -25.49}]}, {"type": "CAPTAIN", "stats": [{"tt": "is captain", "sp": "2018-2018", "mt": 1, "pr": "captain=1", "rn": 6, "wk": 0, "ct": 0, "st": 0, "hs": "6", "hn": 0, "bbi": "-", "bta": 6, "bwa": null, "fw": 0, "bbad": null}, {"tt": "is not captain", "sp": "2008-2020", "mt": 142, "pr": "captain=0", "rn": 673, "wk": 190, "ct": 39, "st": 0, "hs": "55", "hn": 0, "bbi": "7/33", "bta": 12.69, "bwa": 34.22, "fw": 3, "bbad": -21.52}]}, {"type": "KEEPER", "stats": [{"tt": "is not keeper", "sp": "2008-2020", "mt": 143, "pr": "keeper=0", "rn": 679, "wk": 190, "ct": 39, "st": 0, "hs": "55", "hn": 0, "bbi": "7/33", "bta": 12.57, "bwa": 34.51, "fw": 3, "bbad": -21.94}]}, {"type": "TOSS", "stats": [{"tt": "won the toss", "sp": "2008-2020", "mt": 65, "pr": "toss=1", "rn": 322, "wk": 72, "ct": 16, "st": 0, "hs": "32", "hn": 0, "bbi": "3/18", "bta": 14, "bwa": 42.84, "fw": 0, "bbad": -28.84}, {"tt": "lost the toss", "sp": "2008-2020", "mt": 78, "pr": "toss=2", "rn": 357, "wk": 118, "ct": 23, "st": 0, "hs": "55", "hn": 0, "bbi": "7/33", "bta": 11.51, "bwa": 29.43, "fw": 3, "bbad": -17.91}]}, {"type": "BATTING_FIELDING_SEQUENCE_AND_TOSS", "stats": [{"tt": "won toss &amp; batted", "sp": "2008-2019", "mt": 32, "pr": "batting_fielding_first=1;toss=1", "rn": 182, "wk": 30, "ct": 7, "st": 0, "hs": "25*", "hn": 0, "bbi": "3/25", "bta": 16.54, "bwa": 47.93, "fw": 0, "bbad": -31.38}, {"tt": "won toss &amp; fielded", "sp": "2008-2020", "mt": 33, "pr": "batting_fielding_first=2;toss=1", "rn": 140, "wk": 42, "ct": 9, "st": 0, "hs": "32", "hn": 0, "bbi": "3/18", "bta": 11.66, "bwa": 39.21, "fw": 0, "bbad": -27.54}, {"tt": "lost toss &amp; sent in", "sp": "2008-2020", "mt": 46, "pr": "batting_fielding_first=1;toss=2", "rn": 286, "wk": 60, "ct": 14, "st": 0, "hs": "55", "hn": 0, "bbi": "6/65", "bta": 15.05, "bwa": 32.35, "fw": 1, "bbad": -17.29}, {"tt": "lost toss &amp; fielded", "sp": "2009-2019", "mt": 32, "pr": "batting_fielding_first=2;toss=2", "rn": 71, "wk": 58, "ct": 9, "st": 0, "hs": "13*", "hn": 0, "bbi": "7/33", "bta": 5.91, "bwa": 26.41, "fw": 2, "bbad": -20.49}]}, {"type": "BATTING_FIELDING_SEQUENCE", "stats": [{"tt": "matches batting first", "sp": "2008-2020", "mt": 78, "pr": "batting_fielding_first=1", "rn": 468, "wk": 90, "ct": 21, "st": 0, "hs": "55", "hn": 0, "bbi": "6/65", "bta": 15.6, "bwa": 37.54, "fw": 1, "bbad": -21.94}, {"tt": "matches fielding first", "sp": "2008-2020", "mt": 65, "pr": "batting_fielding_first=2", "rn": 211, "wk": 100, "ct": 18, "st": 0, "hs": "32", "hn": 0, "bbi": "7/33", "bta": 8.79, "bwa": 31.79, "fw": 2, "bbad": -22.99}]}, {"type": "TEAM_INNINGS", "stats": [{"tt": "1st team innings", "sp": "2008-2020", "mt": 143, "pr": "innings_number=2;innings_number=1", "rn": 679, "wk": 190, "ct": 39, "st": 0, "hs": "55", "hn": 0, "bbi": "7/33", "bta": 12.57, "bwa": 34.51, "fw": 3, "bbad": -21.94}]}, {"type": "MATCH_INNINGS", "stats": [{"tt": "1st match innings", "sp": "2008-2020", "mt": 143, "pr": "innings_number=1", "rn": 468, "wk": 100, "ct": 18, "st": 0, "hs": "55", "hn": 0, "bbi": "7/33", "bta": 15.6, "bwa": 31.79, "fw": 2, "bbad": -16.19}, {"tt": "2nd match innings", "sp": "2008-2020", "mt": 138, "pr": "innings_number=2", "rn": 211, "wk": 90, "ct": 21, "st": 0, "hs": "32", "hn": 0, "bbi": "6/65", "bta": 8.79, "bwa": 37.54, "fw": 1, "bbad": -28.75}]}, {"type": "FLOODLIT", "stats": [{"tt": "day match", "sp": "2008-2019", "mt": 62, "pr": "floodlit=1", "rn": 220, "wk": 82, "ct": 16, "st": 0, "hs": "19*", "hn": 0, "bbi": "6/65", "bta": 12.94, "bwa": 30.14, "fw": 1, "bbad": -17.2}, {"tt": "day/night match", "sp": "2009-2020", "mt": 81, "pr": "floodlit=2", "rn": 459, "wk": 108, "ct": 23, "st": 0, "hs": "55", "hn": 0, "bbi": "7/33", "bta": 12.4, "bwa": 37.83, "fw": 2, "bbad": -25.42}]}, {"type": "RESULT", "stats": [{"tt": "won match", "sp": "2008-2020", "mt": 71, "pr": "result=1", "rn": 161, "wk": 122, "ct": 29, "st": 0, "hs": "20", "hn": 0, "bbi": "7/33", "bta": 10.06, "bwa": 26.27, "fw": 3, "bbad": -16.21}, {"tt": "lost match", "sp": "2008-2019", "mt": 61, "pr": "result=2", "rn": 491, "wk": 60, "ct": 8, "st": 0, "hs": "55", "hn": 0, "bbi": "4/49", "bta": 13.27, "bwa": 50.88, "fw": 0, "bbad": -37.61}, {"tt": "tied match", "sp": "2014-2014", "mt": 1, "pr": "result=3", "rn": 27, "wk": 1, "ct": 1, "st": 0, "hs": "27", "hn": 0, "bbi": "1/74", "bta": 27, "bwa": 74, "fw": 0, "bbad": -47}, {"tt": "no result", "sp": "2008-2017", "mt": 10, "pr": "result=5", "rn": 0, "wk": 7, "ct": 1, "st": 0, "hs": "0*", "hn": 0, "bbi": "3/18", "bta": null, "bwa": 32.14, "fw": 0, "bbad": null}]}, {"type": "BATTING_FIELDING_SEQUENCE_AND_RESULT", "stats": [{"tt": "won batting first", "sp": "2008-2020", "mt": 39, "pr": "batting_fielding_first=1;result=1", "rn": 112, "wk": 65, "ct": 18, "st": 0, "hs": "20", "hn": 0, "bbi": "6/65", "bta": 9.33, "bwa": 25.84, "fw": 1, "bbad": -16.51}, {"tt": "won fielding first", "sp": "2008-2020", "mt": 32, "pr": "batting_fielding_first=2;result=1", "rn": 49, "wk": 57, "ct": 11, "st": 0, "hs": "13*", "hn": 0, "bbi": "7/33", "bta": 12.25, "bwa": 26.77, "fw": 2, "bbad": -14.52}, {"tt": "lost batting first", "sp": "2008-2019", "mt": 35, "pr": "batting_fielding_first=1;result=2", "rn": 329, "wk": 24, "ct": 2, "st": 0, "hs": "55", "hn": 0, "bbi": "3/45", "bta": 19.35, "bwa": 66.66, "fw": 0, "bbad": -47.31}, {"tt": "lost fielding first", "sp": "2008-2019", "mt": 26, "pr": "batting_fielding_first=2;result=2", "rn": 162, "wk": 36, "ct": 6, "st": 0, "hs": "32", "hn": 0, "bbi": "4/49", "bta": 8.1, "bwa": 40.36, "fw": 0, "bbad": -32.26}, {"tt": "tied batting first", "sp": "2014-2014", "mt": 1, "pr": "batting_fielding_first=1;result=3", "rn": 27, "wk": 1, "ct": 1, "st": 0, "hs": "27", "hn": 0, "bbi": "1/74", "bta": 27, "bwa": 74, "fw": 0, "bbad": -47}, {"tt": "no result batting first", "sp": "2009-2017", "mt": 3, "pr": "batting_fielding_first=1;result=5", "rn": 0, "wk": 0, "ct": 0, "st": 0, "hs": "0*", "hn": 0, "bbi": "-", "bta": null, "bwa": null, "fw": 0, "bbad": null}, {"tt": "no result fielding first", "sp": "2008-2014", "mt": 7, "pr": "batting_fielding_first=2;result=5", "rn": null, "wk": 7, "ct": 1, "st": 0, "hs": null, "hn": null, "bbi": "3/18", "bta": null, "bwa": 28.57, "fw": 0, "bbad": null}]}, {"type": "TOURNAMENT_TYPE", "stats": [{"tt": "2 team series", "sp": "2008-2020", "mt": 118, "pr": "tournament_type=2", "rn": 593, "wk": 146, "ct": 36, "st": 0, "hs": "55", "hn": 0, "bbi": "6/65", "bta": 12.35, "bwa": 37.91, "fw": 2, "bbad": -25.55}, {"tt": "3-4 team tournaments", "sp": "2008-2010", "mt": 4, "pr": "tournament_type=3", "rn": 23, "wk": 8, "ct": 0, "st": 0, "hs": "13", "hn": 0, "bbi": "4/49", "bta": 11.5, "bwa": 15.5, "fw": 0, "bbad": -4}, {"tt": "5+ team tournaments", "sp": "2011-2019", "mt": 23, "pr": "tournament_type=5", "rn": 69, "wk": 39, "ct": 4, "st": 0, "hs": "13*", "hn": 0, "bbi": "7/33", "bta": 11.5, "bwa": 25.87, "fw": 1, "bbad": -14.37}]}, {"type": "MATCH_NUMBER", "stats": [{"tt": "only match in series", "sp": "2011-2015", "mt": 2, "pr": "match_number=0", "rn": 6, "wk": 3, "ct": 1, "st": 0, "hs": "6", "hn": 0, "bbi": "2/65", "bta": 3, "bwa": 36.66, "fw": 0, "bbad": -33.66}, {"tt": "1st match in series", "sp": "2008-2020", "mt": 26, "pr": "match_number=1", "rn": 186, "wk": 33, "ct": 9, "st": 0, "hs": "55", "hn": 0, "bbi": "5/33", "bta": 18.6, "bwa": 36.81, "fw": 1, "bbad": -18.21}, {"tt": "2nd match in series", "sp": "2008-2020", "mt": 28, "pr": "match_number=2", "rn": 102, "wk": 33, "ct": 7, "st": 0, "hs": "28", "hn": 0, "bbi": "4/72", "bta": 8.5, "bwa": 41.54, "fw": 0, "bbad": -33.04}, {"tt": "3rd match in series", "sp": "2008-2020", "mt": 30, "pr": "match_number=3", "rn": 203, "wk": 37, "ct": 9, "st": 0, "hs": "32", "hn": 0, "bbi": "6/65", "bta": 14.5, "bwa": 37.16, "fw": 1, "bbad": -22.66}, {"tt": "4th match in series", "sp": "2008-2018", "mt": 16, "pr": "match_number=4", "rn": 34, "wk": 23, "ct": 5, "st": 0, "hs": "9*", "hn": 0, "bbi": "3/40", "bta": 11.33, "bwa": 35.6, "fw": 0, "bbad": -24.27}, {"tt": "5th match in series", "sp": "2008-2018", "mt": 14, "pr": "match_number=5", "rn": 61, "wk": 15, "ct": 5, "st": 0, "hs": "18", "hn": 0, "bbi": "4/36", "bta": 10.16, "bwa": 36.53, "fw": 0, "bbad": -26.36}, {"tt": "6th match in series", "sp": "2011-2011", "mt": 1, "pr": "match_number=6", "rn": null, "wk": 0, "ct": 0, "st": 0, "hs": null, "hn": null, "bbi": "-", "bta": null, "bwa": null, "fw": 0, "bbad": null}, {"tt": "7th match in series", "sp": "2015-2015", "mt": 1, "pr": "match_number=7", "rn": 1, "wk": 2, "ct": 0, "st": 0, "hs": "1", "hn": 0, "bbi": "2/50", "bta": 1, "bwa": 25, "fw": 0, "bbad": -24}]}, {"type": "MAJOR_TROPHY", "stats": [{"tt": "World Cup", "sp": "2011-2019", "mt": 18, "pr": "trophy=12", "rn": 44, "wk": 34, "ct": 3, "st": 0, "hs": "12*", "hn": 0, "bbi": "7/33", "bta": 8.8, "bwa": 25.11, "fw": 1, "bbad": -16.31}, {"tt": "Chappell-Hadlee", "sp": "2009-2017", "mt": 16, "pr": "trophy=65", "rn": 57, "wk": 15, "ct": 3, "st": 0, "hs": "17", "hn": 0, "bbi": "4/36", "bta": 5.7, "bwa": 55.33, "fw": 0, "bbad": -49.63}, {"tt": "ICC Champions Trophy", "sp": "2013-2017", "mt": 5, "pr": "trophy=44", "rn": 25, "wk": 5, "ct": 1, "st": 0, "hs": "13*", "hn": 0, "bbi": "3/45", "bta": 25, "bwa": 31, "fw": 0, "bbad": -6}]}, {"type": "FINAL_TYPE", "stats": [{"tt": "tournament finals", "sp": "2015-2015", "mt": 1, "pr": "final_type=1", "rn": 11, "wk": 0, "ct": 0, "st": 0, "hs": "11", "hn": 0, "bbi": "-", "bta": 11, "bwa": null, "fw": 0, "bbad": null}, {"tt": "tournament semi-finals", "sp": "2011-2015", "mt": 2, "pr": "final_type=3", "rn": 0, "wk": 3, "ct": 1, "st": 0, "hs": "0", "hn": 0, "bbi": "3/57", "bta": 0, "bwa": 37.33, "fw": 0, "bbad": -37.33}, {"tt": "tournament quarter-finals", "sp": "2011-2015", "mt": 2, "pr": "final_type=4", "rn": null, "wk": 3, "ct": 1, "st": 0, "hs": null, "hn": null, "bbi": "2/82", "bta": null, "bwa": 42, "fw": 0, "bbad": null}, {"tt": "preliminary matches", "sp": "2008-2019", "mt": 22, "pr": "final_type=0", "rn": 81, "wk": 41, "ct": 2, "st": 0, "hs": "13*", "hn": 0, "bbi": "7/33", "bta": 13.5, "bwa": 20.24, "fw": 1, "bbad": -6.74}]}]}}