{"summary": {"recordClassId": 3, "type": "ALLROUND", "groups": [{"type": "CAREER_AVERAGES", "stats": [{"tt": "overview", "sp": "2008-2021", "mt": 83, "pr": null, "rn": 249, "wk": 99, "ct": 44, "st": 0, "hs": "39", "hn": 0, "bbi": "5/18", "bta": 11.31, "bwa": 25.17, "fw": 1, "bbad": -13.85}]}, {"type": "OPPOSITION_TEAM", "stats": [{"tt": "v Australia", "sp": "2009-2021", "mt": 10, "pr": "opposition=2", "rn": 31, "wk": 9, "ct": 5, "st": 0, "hs": "9", "hn": 0, "bbi": "2/10", "bta": 6.2, "bwa": 37.22, "fw": 0, "bbad": -31.02}, {"tt": "v Bangladesh", "sp": "2010-2021", "mt": 6, "pr": "opposition=25", "rn": null, "wk": 12, "ct": 4, "st": 0, "hs": null, "hn": null, "bbi": "3/15", "bta": null, "bwa": 11.58, "fw": 0, "bbad": null}, {"tt": "v England", "sp": "2008-2019", "mt": 12, "pr": "opposition=1", "rn": 57, "wk": 12, "ct": 5, "st": 0, "hs": "39", "hn": 0, "bbi": "2/22", "bta": 19, "bwa": 32.25, "fw": 0, "bbad": -13.25}, {"tt": "v India", "sp": "2009-2020", "mt": 12, "pr": "opposition=6", "rn": 17, "wk": 10, "ct": 11, "st": 0, "hs": "8", "hn": 0, "bbi": "3/17", "bta": 5.66, "bwa": 42, "fw": 0, "bbad": -36.33}, {"tt": "v Pakistan", "sp": "2009-2020", "mt": 13, "pr": "opposition=7", "rn": 18, "wk": 23, "ct": 9, "st": 0, "hs": "6*", "hn": 0, "bbi": "5/18", "bta": 3.6, "bwa": 16.13, "fw": 1, "bbad": -12.53}, {"tt": "v South Africa", "sp": "2010-2017", "mt": 6, "pr": "opposition=3", "rn": 20, "wk": 8, "ct": 2, "st": 0, "hs": "20", "hn": 0, "bbi": "3/28", "bta": 20, "bwa": 27.75, "fw": 0, "bbad": -7.75}, {"tt": "v Sri Lanka", "sp": "2010-2019", "mt": 9, "pr": "opposition=8", "rn": 66, "wk": 6, "ct": 1, "st": 0, "hs": "28*", "hn": 0, "bbi": "2/18", "bta": 66, "bwa": 27.5, "fw": 0, "bbad": 38.5}, {"tt": "v West Indies", "sp": "2008-2020", "mt": 13, "pr": "opposition=4", "rn": 40, "wk": 18, "ct": 6, "st": 0, "hs": "23", "hn": 0, "bbi": "3/21", "bta": 10, "bwa": 22.22, "fw": 0, "bbad": -12.22}, {"tt": "v Zimbabwe", "sp": "2010-2012", "mt": 2, "pr": "opposition=9", "rn": null, "wk": 1, "ct": 1, "st": 0, "hs": null, "hn": null, "bbi": "1/18", "bta": null, "bwa": 53, "fw": 0, "bbad": null}]}, {"type": "HOST_COUNTRY", "stats": [{"tt": "in Australia", "sp": "2009-2018", "mt": 2, "pr": "host=2", "rn": 9, "wk": 2, "ct": 1, "st": 0, "hs": "9", "hn": 0, "bbi": "1/27", "bta": 9, "bwa": 29, "fw": 0, "bbad": -20}, {"tt": "in Bangladesh", "sp": "2013-2014", "mt": 3, "pr": "host=25", "rn": 0, "wk": 6, "ct": 2, "st": 0, "hs": "0*", "hn": 0, "bbi": "3/38", "bta": null, "bwa": 21.66, "fw": 0, "bbad": null}, {"tt": "in England", "sp": "2015-2015", "mt": 1, "pr": "host=1", "rn": 0, "wk": 1, "ct": 0, "st": 0, "hs": "0", "hn": 0, "bbi": "1/45", "bta": 0, "bwa": 45, "fw": 0, "bbad": -45}, {"tt": "in India", "sp": "2017-2017", "mt": 2, "pr": "host=6", "rn": 8, "wk": 2, "ct": 0, "st": 0, "hs": "8", "hn": 0, "bbi": "2/13", "bta": 8, "bwa": 28.5, "fw": 0, "bbad": -20.5}, {"tt": "in New Zealand", "sp": "2008-2021", "mt": 52, "pr": "host=5", "rn": 139, "wk": 65, "ct": 31, "st": 0, "hs": "39", "hn": 0, "bbi": "5/18", "bta": 12.63, "bwa": 24.98, "fw": 1, "bbad": -12.34}, {"tt": "in Sri Lanka", "sp": "2012-2019", "mt": 9, "pr": "host=8", "rn": 50, "wk": 12, "ct": 3, "st": 0, "hs": "28*", "hn": 0, "bbi": "3/16", "bta": 50, "bwa": 16.5, "fw": 0, "bbad": 33.5}, {"tt": "in U.A.E.", "sp": "2009-2018", "mt": 5, "pr": "host=27", "rn": 11, "wk": 4, "ct": 3, "st": 0, "hs": "6", "hn": 0, "bbi": "3/28", "bta": 3.66, "bwa": 36.25, "fw": 0, "bbad": -32.58}, {"tt": "in U.S.A.", "sp": "2010-2012", "mt": 4, "pr": "host=11", "rn": 30, "wk": 1, "ct": 2, "st": 0, "hs": "23", "hn": 0, "bbi": "1/43", "bta": 10, "bwa": 103, "fw": 0, "bbad": -93}, {"tt": "in West Indies", "sp": "2010-2014", "mt": 5, "pr": "host=4", "rn": 2, "wk": 6, "ct": 2, "st": 0, "hs": "2", "hn": 0, "bbi": "2/20", "bta": 2, "bwa": 22, "fw": 0, "bbad": -20}]}, {"type": "CONTINENT", "stats": [{"tt": "in Americas", "sp": "2010-2014", "mt": 9, "pr": "continent=3", "rn": 32, "wk": 7, "ct": 4, "st": 0, "hs": "23", "hn": 0, "bbi": "2/20", "bta": 8, "bwa": 33.57, "fw": 0, "bbad": -25.57}, {"tt": "in Asia", "sp": "2009-2019", "mt": 19, "pr": "continent=2", "rn": 69, "wk": 24, "ct": 8, "st": 0, "hs": "28*", "hn": 0, "bbi": "3/16", "bta": 13.8, "bwa": 22.08, "fw": 0, "bbad": -8.28}, {"tt": "in Europe", "sp": "2015-2015", "mt": 1, "pr": "continent=4", "rn": 0, "wk": 1, "ct": 0, "st": 0, "hs": "0", "hn": 0, "bbi": "1/45", "bta": 0, "bwa": 45, "fw": 0, "bbad": -45}, {"tt": "in Oceania", "sp": "2008-2021", "mt": 54, "pr": "continent=5", "rn": 148, "wk": 67, "ct": 32, "st": 0, "hs": "39", "hn": 0, "bbi": "5/18", "bta": 12.33, "bwa": 25.1, "fw": 1, "bbad": -12.77}]}, {"type": "HOME_OR_AWAY", "stats": [{"tt": "home", "sp": "2008-2021", "mt": 52, "pr": "home_or_away=1", "rn": 139, "wk": 65, "ct": 31, "st": 0, "hs": "39", "hn": 0, "bbi": "5/18", "bta": 12.63, "bwa": 24.98, "fw": 1, "bbad": -12.34}, {"tt": "away", "sp": "2009-2019", "mt": 13, "pr": "home_or_away=2", "rn": 68, "wk": 15, "ct": 4, "st": 0, "hs": "28*", "hn": 0, "bbi": "3/38", "bta": 17, "bwa": 23.33, "fw": 0, "bbad": -6.33}, {"tt": "neutral", "sp": "2009-2018", "mt": 18, "pr": "home_or_away=3", "rn": 42, "wk": 19, "ct": 9, "st": 0, "hs": "23", "hn": 0, "bbi": "3/16", "bta": 6, "bwa": 27.26, "fw": 0, "bbad": -21.26}]}, {"type": "YEAR", "stats": [{"tt": "year 2008", "sp": null, "mt": 4, "pr": "year=2008", "rn": 15, "wk": 5, "ct": 1, "st": 0, "hs": "12*", "hn": 0, "bbi": "2/22", "bta": 7.5, "bwa": 28.6, "fw": 0, "bbad": -21.1}, {"tt": "year 2009", "sp": null, "mt": 5, "pr": "year=2009", "rn": 6, "wk": 6, "ct": 3, "st": 0, "hs": "6", "hn": 0, "bbi": "3/28", "bta": 6, "bwa": 28, "fw": 0, "bbad": -22}, {"tt": "year 2010", "sp": null, "mt": 10, "pr": "year=2010", "rn": 4, "wk": 11, "ct": 3, "st": 0, "hs": "4", "hn": 0, "bbi": "5/18", "bta": 2, "bwa": 23.54, "fw": 1, "bbad": -21.54}, {"tt": "year 2012", "sp": null, "mt": 12, "pr": "year=2012", "rn": 48, "wk": 14, "ct": 6, "st": 0, "hs": "23", "hn": 0, "bbi": "3/16", "bta": 16, "bwa": 24.78, "fw": 0, "bbad": -8.78}, {"tt": "year 2013", "sp": null, "mt": 1, "pr": "year=2013", "rn": null, "wk": 3, "ct": 1, "st": 0, "hs": null, "hn": null, "bbi": "3/38", "bta": null, "bwa": 12.66, "fw": 0, "bbad": null}, {"tt": "year 2014", "sp": null, "mt": 5, "pr": "year=2014", "rn": 2, "wk": 6, "ct": 2, "st": 0, "hs": "2", "hn": 0, "bbi": "2/20", "bta": 2, "bwa": 30.33, "fw": 0, "bbad": -28.33}, {"tt": "year 2015", "sp": null, "mt": 1, "pr": "year=2015", "rn": 0, "wk": 1, "ct": 0, "st": 0, "hs": "0", "hn": 0, "bbi": "1/45", "bta": 0, "bwa": 45, "fw": 0, "bbad": -45}, {"tt": "year 2017", "sp": null, "mt": 4, "pr": "year=2017", "rn": 38, "wk": 5, "ct": 0, "st": 0, "hs": "20", "hn": 0, "bbi": "3/36", "bta": 19, "bwa": 28, "fw": 0, "bbad": -9}, {"tt": "year 2018", "sp": null, "mt": 12, "pr": "year=2018", "rn": 19, "wk": 12, "ct": 5, "st": 0, "hs": "9", "hn": 0, "bbi": "3/13", "bta": 4.75, "bwa": 25.58, "fw": 0, "bbad": -20.83}, {"tt": "year 2019", "sp": null, "mt": 12, "pr": "year=2019", "rn": 88, "wk": 12, "ct": 8, "st": 0, "hs": "39", "hn": 0, "bbi": "3/17", "bta": 44, "bwa": 27.08, "fw": 0, "bbad": 16.91}, {"tt": "year 2020", "sp": null, "mt": 9, "pr": "year=2020", "rn": 12, "wk": 12, "ct": 9, "st": 0, "hs": "6*", "hn": 0, "bbi": "4/21", "bta": 12, "bwa": 25.33, "fw": 0, "bbad": -13.33}, {"tt": "year 2021", "sp": null, "mt": 8, "pr": "year=2021", "rn": 17, "wk": 12, "ct": 6, "st": 0, "hs": "6", "hn": 0, "bbi": "3/15", "bta": 5.66, "bwa": 19.5, "fw": 0, "bbad": -13.83}]}, {"type": "SEASON", "stats": [{"tt": "season 2007/08", "sp": null, "mt": 2, "pr": "season=2007/08", "rn": 13, "wk": 3, "ct": 0, "st": 0, "hs": "12*", "hn": 0, "bbi": "2/22", "bta": 13, "bwa": 20, "fw": 0, "bbad": -7}, {"tt": "season 2008/09", "sp": null, "mt": 5, "pr": "season=2008/09", "rn": 2, "wk": 5, "ct": 3, "st": 0, "hs": "2", "hn": 0, "bbi": "1/31", "bta": 2, "bwa": 38.4, "fw": 0, "bbad": -36.4}, {"tt": "season 2009/10", "sp": null, "mt": 4, "pr": "season=2009/10", "rn": 6, "wk": 3, "ct": 2, "st": 0, "hs": "6", "hn": 0, "bbi": "3/28", "bta": 6, "bwa": 39.33, "fw": 0, "bbad": -33.33}, {"tt": "season 2010", "sp": null, "mt": 5, "pr": "season=2010", "rn": 4, "wk": 3, "ct": 1, "st": 0, "hs": "4", "hn": 0, "bbi": "1/18", "bta": 4, "bwa": 34.33, "fw": 0, "bbad": -30.33}, {"tt": "season 2010/11", "sp": null, "mt": 3, "pr": "season=2010/11", "rn": 0, "wk": 8, "ct": 1, "st": 0, "hs": "0", "hn": 0, "bbi": "5/18", "bta": 0, "bwa": 12.12, "fw": 1, "bbad": -12.12}, {"tt": "season 2011/12", "sp": null, "mt": 4, "pr": "season=2011/12", "rn": 0, "wk": 5, "ct": 2, "st": 0, "hs": "0*", "hn": 0, "bbi": "3/28", "bta": null, "bwa": 25, "fw": 0, "bbad": null}, {"tt": "season 2012", "sp": null, "mt": 2, "pr": "season=2012", "rn": 26, "wk": 1, "ct": 2, "st": 0, "hs": "23", "hn": 0, "bbi": "1/43", "bta": 13, "bwa": 78, "fw": 0, "bbad": -65}, {"tt": "season 2012/13", "sp": null, "mt": 6, "pr": "season=2012/13", "rn": 22, "wk": 8, "ct": 2, "st": 0, "hs": "21*", "hn": 0, "bbi": "3/16", "bta": 22, "bwa": 18, "fw": 0, "bbad": 4}, {"tt": "season 2013/14", "sp": null, "mt": 4, "pr": "season=2013/14", "rn": 0, "wk": 6, "ct": 2, "st": 0, "hs": "0*", "hn": 0, "bbi": "3/38", "bta": null, "bwa": 27.66, "fw": 0, "bbad": null}, {"tt": "season 2014", "sp": null, "mt": 2, "pr": "season=2014", "rn": 2, "wk": 3, "ct": 1, "st": 0, "hs": "2", "hn": 0, "bbi": "2/20", "bta": 2, "bwa": 18, "fw": 0, "bbad": -16}, {"tt": "season 2015", "sp": null, "mt": 1, "pr": "season=2015", "rn": 0, "wk": 1, "ct": 0, "st": 0, "hs": "0", "hn": 0, "bbi": "1/45", "bta": 0, "bwa": 45, "fw": 0, "bbad": -45}, {"tt": "season 2016/17", "sp": null, "mt": 1, "pr": "season=2016/17", "rn": 20, "wk": 0, "ct": 0, "st": 0, "hs": "20", "hn": 0, "bbi": "-", "bta": 20, "bwa": null, "fw": 0, "bbad": null}, {"tt": "season 2017/18", "sp": null, "mt": 12, "pr": "season=2017/18", "rn": 32, "wk": 16, "ct": 3, "st": 0, "hs": "10*", "hn": 0, "bbi": "3/13", "bta": 10.66, "bwa": 19.62, "fw": 0, "bbad": -8.95}, {"tt": "season 2018/19", "sp": null, "mt": 7, "pr": "season=2018/19", "rn": 21, "wk": 5, "ct": 6, "st": 0, "hs": "13*", "hn": 0, "bbi": "3/17", "bta": 7, "bwa": 41, "fw": 0, "bbad": -34}, {"tt": "season 2019", "sp": null, "mt": 3, "pr": "season=2019", "rn": 28, "wk": 4, "ct": 1, "st": 0, "hs": "28*", "hn": 0, "bbi": "2/18", "bta": null, "bwa": 13.5, "fw": 0, "bbad": null}, {"tt": "season 2019/20", "sp": null, "mt": 10, "pr": "season=2019/20", "rn": 50, "wk": 7, "ct": 9, "st": 0, "hs": "39", "hn": 0, "bbi": "2/20", "bta": 25, "bwa": 48.42, "fw": 0, "bbad": -23.42}, {"tt": "season 2020/21", "sp": null, "mt": 12, "pr": "season=2020/21", "rn": 23, "wk": 21, "ct": 9, "st": 0, "hs": "6*", "hn": 0, "bbi": "4/21", "bta": 7.66, "bwa": 16.71, "fw": 0, "bbad": -9.04}]}, {"type": "CAPTAINS_INVOLVED", "stats": [{"tt": "*BB McCullum", "sp": "2008-2015", "mt": 13, "pr": "captain_involve=10384", "rn": 19, "wk": 17, "ct": 5, "st": 0, "hs": "12*", "hn": 0, "bbi": "3/28", "bta": 6.33, "bwa": 25.7, "fw": 0, "bbad": -19.37}, {"tt": "*KD Mills", "sp": "2013-2013", "mt": 1, "pr": "captain_involve=10303", "rn": null, "wk": 3, "ct": 1, "st": 0, "hs": null, "hn": null, "bbi": "3/38", "bta": null, "bwa": 12.66, "fw": 0, "bbad": null}, {"tt": "*TG Southee", "sp": "2017-2021", "mt": 18, "pr": "captain_involve=49108", "rn": 101, "wk": 25, "ct": 11, "st": 0, "hs": "39", "hn": 0, "bbi": "3/13", "bta": 50.5, "bwa": 19.88, "fw": 0, "bbad": 30.62}, {"tt": "*LRPL Taylor", "sp": "2010-2012", "mt": 10, "pr": "captain_involve=44930", "rn": 45, "wk": 16, "ct": 3, "st": 0, "hs": "23", "hn": 0, "bbi": "5/18", "bta": 15, "bwa": 17.25, "fw": 1, "bbad": -2.25}, {"tt": "*DL Vettori", "sp": "2008-2010", "mt": 12, "pr": "captain_involve=4380", "rn": 6, "wk": 8, "ct": 5, "st": 0, "hs": "4", "hn": 0, "bbi": "1/18", "bta": 3, "bwa": 44.25, "fw": 0, "bbad": -41.25}, {"tt": "*KS Williamson", "sp": "2012-2021", "mt": 29, "pr": "captain_involve=51088", "rn": 78, "wk": 30, "ct": 19, "st": 0, "hs": "20", "hn": 0, "bbi": "4/21", "bta": 6.5, "bwa": 29.66, "fw": 0, "bbad": -23.16}]}, {"type": "CAPTAIN", "stats": [{"tt": "is captain", "sp": "2017-2021", "mt": 18, "pr": "captain=1", "rn": 101, "wk": 25, "ct": 11, "st": 0, "hs": "39", "hn": 0, "bbi": "3/13", "bta": 50.5, "bwa": 19.88, "fw": 0, "bbad": 30.62}, {"tt": "is not captain", "sp": "2008-2021", "mt": 65, "pr": "captain=0", "rn": 148, "wk": 74, "ct": 33, "st": 0, "hs": "23", "hn": 0, "bbi": "5/18", "bta": 7.4, "bwa": 26.95, "fw": 1, "bbad": -19.55}]}, {"type": "KEEPER", "stats": [{"tt": "is not keeper", "sp": "2008-2021", "mt": 83, "pr": "keeper=0", "rn": 249, "wk": 99, "ct": 44, "st": 0, "hs": "39", "hn": 0, "bbi": "5/18", "bta": 11.31, "bwa": 25.17, "fw": 1, "bbad": -13.85}]}, {"type": "TOSS", "stats": [{"tt": "won the toss", "sp": "2008-2021", "mt": 41, "pr": "toss=1", "rn": 119, "wk": 51, "ct": 19, "st": 0, "hs": "39", "hn": 0, "bbi": "5/18", "bta": 9.15, "bwa": 25.05, "fw": 1, "bbad": -15.9}, {"tt": "lost the toss", "sp": "2008-2021", "mt": 42, "pr": "toss=2", "rn": 130, "wk": 48, "ct": 25, "st": 0, "hs": "28*", "hn": 0, "bbi": "4/21", "bta": 14.44, "bwa": 25.29, "fw": 0, "bbad": -10.84}]}, {"type": "BATTING_FIELDING_SEQUENCE_AND_TOSS", "stats": [{"tt": "won toss &amp; batted", "sp": "2008-2021", "mt": 17, "pr": "batting_fielding_first=1;toss=1", "rn": 15, "wk": 13, "ct": 7, "st": 0, "hs": "5", "hn": 0, "bbi": "3/21", "bta": 3, "bwa": 41.07, "fw": 0, "bbad": -38.07}, {"tt": "won toss &amp; fielded", "sp": "2008-2021", "mt": 24, "pr": "batting_fielding_first=2;toss=1", "rn": 104, "wk": 38, "ct": 12, "st": 0, "hs": "39", "hn": 0, "bbi": "5/18", "bta": 13, "bwa": 19.57, "fw": 1, "bbad": -6.57}, {"tt": "lost toss &amp; sent in", "sp": "2010-2021", "mt": 21, "pr": "batting_fielding_first=1;toss=2", "rn": 69, "wk": 28, "ct": 12, "st": 0, "hs": "21*", "hn": 0, "bbi": "3/15", "bta": 34.5, "bwa": 19.71, "fw": 0, "bbad": 14.78}, {"tt": "lost toss &amp; fielded", "sp": "2008-2021", "mt": 21, "pr": "batting_fielding_first=2;toss=2", "rn": 61, "wk": 20, "ct": 13, "st": 0, "hs": "28*", "hn": 0, "bbi": "4/21", "bta": 8.71, "bwa": 33.1, "fw": 0, "bbad": -24.38}]}, {"type": "BATTING_FIELDING_SEQUENCE", "stats": [{"tt": "matches batting first", "sp": "2008-2021", "mt": 38, "pr": "batting_fielding_first=1", "rn": 84, "wk": 41, "ct": 19, "st": 0, "hs": "21*", "hn": 0, "bbi": "3/15", "bta": 12, "bwa": 26.48, "fw": 0, "bbad": -14.48}, {"tt": "matches fielding first", "sp": "2008-2021", "mt": 45, "pr": "batting_fielding_first=2", "rn": 165, "wk": 58, "ct": 25, "st": 0, "hs": "39", "hn": 0, "bbi": "5/18", "bta": 11, "bwa": 24.24, "fw": 1, "bbad": -13.24}]}, {"type": "TEAM_INNINGS", "stats": [{"tt": "1st team innings", "sp": "2008-2021", "mt": 83, "pr": "innings_number=2;innings_number=1", "rn": 249, "wk": 99, "ct": 44, "st": 0, "hs": "39", "hn": 0, "bbi": "5/18", "bta": 11.31, "bwa": 25.17, "fw": 1, "bbad": -13.85}]}, {"type": "MATCH_INNINGS", "stats": [{"tt": "1st match innings", "sp": "2008-2021", "mt": 83, "pr": "innings_number=1", "rn": 84, "wk": 58, "ct": 25, "st": 0, "hs": "21*", "hn": 0, "bbi": "5/18", "bta": 12, "bwa": 24.24, "fw": 1, "bbad": -12.24}, {"tt": "2nd match innings", "sp": "2008-2021", "mt": 82, "pr": "innings_number=2", "rn": 165, "wk": 41, "ct": 19, "st": 0, "hs": "39", "hn": 0, "bbi": "3/15", "bta": 11, "bwa": 26.48, "fw": 0, "bbad": -15.48}]}, {"type": "FLOODLIT", "stats": [{"tt": "day match", "sp": "2010-2021", "mt": 21, "pr": "floodlit=1", "rn": 74, "wk": 26, "ct": 11, "st": 0, "hs": "23", "hn": 0, "bbi": "5/18", "bta": 14.8, "bwa": 23.07, "fw": 1, "bbad": -8.27}, {"tt": "day/night match", "sp": "2008-2018", "mt": 24, "pr": "floodlit=2", "rn": 22, "wk": 30, "ct": 11, "st": 0, "hs": "12*", "hn": 0, "bbi": "3/13", "bta": 4.4, "bwa": 25.96, "fw": 0, "bbad": -21.56}, {"tt": "night match", "sp": "2010-2021", "mt": 38, "pr": "floodlit=3", "rn": 153, "wk": 43, "ct": 22, "st": 0, "hs": "39", "hn": 0, "bbi": "4/21", "bta": 12.75, "bwa": 25.88, "fw": 0, "bbad": -13.13}]}, {"type": "RESULT", "stats": [{"tt": "won match", "sp": "2008-2021", "mt": 36, "pr": "result=1", "rn": 36, "wk": 62, "ct": 23, "st": 0, "hs": "13*", "hn": 0, "bbi": "5/18", "bta": 18, "bwa": 15.83, "fw": 1, "bbad": 2.16}, {"tt": "lost match", "sp": "2008-2021", "mt": 38, "pr": "result=2", "rn": 192, "wk": 31, "ct": 15, "st": 0, "hs": "39", "hn": 0, "bbi": "3/28", "bta": 9.6, "bwa": 41.06, "fw": 0, "bbad": -31.46}, {"tt": "tied match", "sp": "2008-2020", "mt": 7, "pr": "result=3", "rn": null, "wk": 6, "ct": 6, "st": 0, "hs": null, "hn": null, "bbi": "3/21", "bta": null, "bwa": 39.5, "fw": 0, "bbad": null}, {"tt": "no result", "sp": "2012-2018", "mt": 2, "pr": "result=5", "rn": 21, "wk": null, "ct": 0, "st": 0, "hs": "21*", "hn": 0, "bbi": null, "bta": null, "bwa": null, "fw": null, "bbad": null}]}, {"type": "BATTING_FIELDING_SEQUENCE_AND_RESULT", "stats": [{"tt": "won batting first", "sp": "2008-2021", "mt": 20, "pr": "batting_fielding_first=1;result=1", "rn": 36, "wk": 32, "ct": 12, "st": 0, "hs": "13*", "hn": 0, "bbi": "3/15", "bta": 18, "bwa": 17.84, "fw": 0, "bbad": 0.15}, {"tt": "won fielding first", "sp": "2009-2021", "mt": 16, "pr": "batting_fielding_first=2;result=1", "rn": 0, "wk": 30, "ct": 11, "st": 0, "hs": "0*", "hn": 0, "bbi": "5/18", "bta": null, "bwa": 13.7, "fw": 1, "bbad": null}, {"tt": "lost batting first", "sp": "2010-2020", "mt": 12, "pr": "batting_fielding_first=1;result=2", "rn": 27, "wk": 7, "ct": 5, "st": 0, "hs": "9", "hn": 0, "bbi": "2/20", "bta": 5.4, "bwa": 52.28, "fw": 0, "bbad": -46.88}, {"tt": "lost fielding first", "sp": "2008-2021", "mt": 26, "pr": "batting_fielding_first=2;result=2", "rn": 165, "wk": 24, "ct": 10, "st": 0, "hs": "39", "hn": 0, "bbi": "3/28", "bta": 11, "bwa": 37.79, "fw": 0, "bbad": -26.79}, {"tt": "tied batting first", "sp": "2008-2019", "mt": 4, "pr": "batting_fielding_first=1;result=3", "rn": null, "wk": 2, "ct": 2, "st": 0, "hs": null, "hn": null, "bbi": "1/22", "bta": null, "bwa": 74.5, "fw": 0, "bbad": null}, {"tt": "tied fielding first", "sp": "2012-2020", "mt": 3, "pr": "batting_fielding_first=2;result=3", "rn": null, "wk": 4, "ct": 4, "st": 0, "hs": null, "hn": null, "bbi": "3/21", "bta": null, "bwa": 22, "fw": 0, "bbad": null}, {"tt": "no result batting first", "sp": "2012-2018", "mt": 2, "pr": "batting_fielding_first=1;result=5", "rn": 21, "wk": null, "ct": 0, "st": 0, "hs": "21*", "hn": 0, "bbi": null, "bta": null, "bwa": null, "fw": null, "bbad": null}]}, {"type": "TOURNAMENT_TYPE", "stats": [{"tt": "2 team series", "sp": "2008-2021", "mt": 68, "pr": "tournament_type=2", "rn": 234, "wk": 80, "ct": 39, "st": 0, "hs": "39", "hn": 0, "bbi": "5/18", "bta": 12.31, "bwa": 25.37, "fw": 1, "bbad": -13.05}, {"tt": "3-4 team tournaments", "sp": "2018-2018", "mt": 5, "pr": "tournament_type=3", "rn": 14, "wk": 5, "ct": 1, "st": 0, "hs": "9", "hn": 0, "bbi": "2/22", "bta": 7, "bwa": 29.6, "fw": 0, "bbad": -22.6}, {"tt": "5+ team tournaments", "sp": "2010-2014", "mt": 10, "pr": "tournament_type=5", "rn": 1, "wk": 14, "ct": 4, "st": 0, "hs": "1", "hn": 0, "bbi": "3/16", "bta": 1, "bwa": 22.42, "fw": 0, "bbad": -21.42}]}, {"type": "MATCH_NUMBER", "stats": [{"tt": "only match in series", "sp": "2009-2019", "mt": 7, "pr": "match_number=0", "rn": 54, "wk": 6, "ct": 2, "st": 0, "hs": "21*", "hn": 0, "bbi": "3/38", "bta": 27, "bwa": 32.83, "fw": 0, "bbad": -5.83}, {"tt": "1st match in series", "sp": "2008-2021", "mt": 21, "pr": "match_number=1", "rn": 53, "wk": 32, "ct": 10, "st": 0, "hs": "23", "hn": 0, "bbi": "5/18", "bta": 13.25, "bwa": 18.68, "fw": 1, "bbad": -5.43}, {"tt": "2nd match in series", "sp": "2008-2021", "mt": 21, "pr": "match_number=2", "rn": 36, "wk": 23, "ct": 16, "st": 0, "hs": "12*", "hn": 0, "bbi": "4/21", "bta": 5.14, "bwa": 27.43, "fw": 0, "bbad": -22.29}, {"tt": "3rd match in series", "sp": "2010-2021", "mt": 13, "pr": "match_number=3", "rn": 40, "wk": 14, "ct": 7, "st": 0, "hs": "28*", "hn": 0, "bbi": "3/15", "bta": 13.33, "bwa": 27.5, "fw": 0, "bbad": -14.16}, {"tt": "4th match in series", "sp": "2019-2021", "mt": 3, "pr": "match_number=4", "rn": 45, "wk": 2, "ct": 3, "st": 0, "hs": "39", "hn": 0, "bbi": "1/28", "bta": 22.5, "bwa": 53.5, "fw": 0, "bbad": -31}, {"tt": "5th match in series", "sp": "2019-2021", "mt": 3, "pr": "match_number=5", "rn": 6, "wk": 3, "ct": 1, "st": 0, "hs": "6", "hn": 0, "bbi": "2/38", "bta": 6, "bwa": 37.33, "fw": 0, "bbad": -31.33}]}, {"type": "MAJOR_TROPHY", "stats": [{"tt": "Men's T20 World Cup", "sp": "2010-2014", "mt": 10, "pr": "trophy=89", "rn": 1, "wk": 14, "ct": 4, "st": 0, "hs": "1", "hn": 0, "bbi": "3/16", "bta": 1, "bwa": 22.42, "fw": 0, "bbad": -21.42}]}, {"type": "FINAL_TYPE", "stats": [{"tt": "tournament finals", "sp": "2018-2018", "mt": 1, "pr": "final_type=1", "rn": 5, "wk": 0, "ct": 0, "st": 0, "hs": "5", "hn": 0, "bbi": "-", "bta": 5, "bwa": null, "fw": 0, "bbad": null}, {"tt": "preliminary matches", "sp": "2010-2018", "mt": 14, "pr": "final_type=0", "rn": 10, "wk": 19, "ct": 5, "st": 0, "hs": "9", "hn": 0, "bbi": "3/16", "bta": 5, "bwa": 23.21, "fw": 0, "bbad": -18.21}]}]}}