{"summary": {"recordClassId": 3, "type": "ALLROUND", "groups": [{"type": "CAREER_AVERAGES", "stats": [{"tt": "overview", "sp": "2016-2021", "mt": 4, "pr": null, "rn": 4, "wk": 7, "ct": 3, "st": 0, "hs": "3", "hn": 0, "bbi": "4/13", "bta": 2, "bwa": 11.71, "fw": 0, "bbad": -9.71}]}, {"type": "OPPOSITION_TEAM", "stats": [{"tt": "v Bangladesh", "sp": "2021-2021", "mt": 1, "pr": "opposition=25", "rn": null, "wk": 4, "ct": 0, "st": 0, "hs": null, "hn": null, "bbi": "4/13", "bta": null, "bwa": 3.25, "fw": 0, "bbad": null}, {"tt": "v Pakistan", "sp": "2016-2016", "mt": 2, "pr": "opposition=7", "rn": 1, "wk": 0, "ct": 2, "st": 0, "hs": "1", "hn": 0, "bbi": "-", "bta": 1, "bwa": null, "fw": 0, "bbad": null}, {"tt": "v Sri Lanka", "sp": "2019-2019", "mt": 1, "pr": "opposition=8", "rn": 3, "wk": 3, "ct": 1, "st": 0, "hs": "3", "hn": 0, "bbi": "3/28", "bta": 3, "bwa": 9.33, "fw": 0, "bbad": -6.33}]}, {"type": "HOST_COUNTRY", "stats": [{"tt": "in New Zealand", "sp": "2016-2021", "mt": 3, "pr": "host=5", "rn": 1, "wk": 4, "ct": 2, "st": 0, "hs": "1", "hn": 0, "bbi": "4/13", "bta": 1, "bwa": 13.5, "fw": 0, "bbad": -12.5}, {"tt": "in Sri Lanka", "sp": "2019-2019", "mt": 1, "pr": "host=8", "rn": 3, "wk": 3, "ct": 1, "st": 0, "hs": "3", "hn": 0, "bbi": "3/28", "bta": 3, "bwa": 9.33, "fw": 0, "bbad": -6.33}]}, {"type": "CONTINENT", "stats": [{"tt": "in Asia", "sp": "2019-2019", "mt": 1, "pr": "continent=2", "rn": 3, "wk": 3, "ct": 1, "st": 0, "hs": "3", "hn": 0, "bbi": "3/28", "bta": 3, "bwa": 9.33, "fw": 0, "bbad": -6.33}, {"tt": "in Oceania", "sp": "2016-2021", "mt": 3, "pr": "continent=5", "rn": 1, "wk": 4, "ct": 2, "st": 0, "hs": "1", "hn": 0, "bbi": "4/13", "bta": 1, "bwa": 13.5, "fw": 0, "bbad": -12.5}]}, {"type": "HOME_OR_AWAY", "stats": [{"tt": "home", "sp": "2016-2021", "mt": 3, "pr": "home_or_away=1", "rn": 1, "wk": 4, "ct": 2, "st": 0, "hs": "1", "hn": 0, "bbi": "4/13", "bta": 1, "bwa": 13.5, "fw": 0, "bbad": -12.5}, {"tt": "away", "sp": "2019-2019", "mt": 1, "pr": "home_or_away=2", "rn": 3, "wk": 3, "ct": 1, "st": 0, "hs": "3", "hn": 0, "bbi": "3/28", "bta": 3, "bwa": 9.33, "fw": 0, "bbad": -6.33}]}, {"type": "YEAR", "stats": [{"tt": "year 2016", "sp": null, "mt": 2, "pr": "year=2016", "rn": 1, "wk": 0, "ct": 2, "st": 0, "hs": "1", "hn": 0, "bbi": "-", "bta": 1, "bwa": null, "fw": 0, "bbad": null}, {"tt": "year 2019", "sp": null, "mt": 1, "pr": "year=2019", "rn": 3, "wk": 3, "ct": 1, "st": 0, "hs": "3", "hn": 0, "bbi": "3/28", "bta": 3, "bwa": 9.33, "fw": 0, "bbad": -6.33}, {"tt": "year 2021", "sp": null, "mt": 1, "pr": "year=2021", "rn": null, "wk": 4, "ct": 0, "st": 0, "hs": null, "hn": null, "bbi": "4/13", "bta": null, "bwa": 3.25, "fw": 0, "bbad": null}]}, {"type": "SEASON", "stats": [{"tt": "season 2015/16", "sp": null, "mt": 2, "pr": "season=2015/16", "rn": 1, "wk": 0, "ct": 2, "st": 0, "hs": "1", "hn": 0, "bbi": "-", "bta": 1, "bwa": null, "fw": 0, "bbad": null}, {"tt": "season 2019", "sp": null, "mt": 1, "pr": "season=2019", "rn": 3, "wk": 3, "ct": 1, "st": 0, "hs": "3", "hn": 0, "bbi": "3/28", "bta": 3, "bwa": 9.33, "fw": 0, "bbad": -6.33}, {"tt": "season 2020/21", "sp": null, "mt": 1, "pr": "season=2020/21", "rn": null, "wk": 4, "ct": 0, "st": 0, "hs": null, "hn": null, "bbi": "4/13", "bta": null, "bwa": 3.25, "fw": 0, "bbad": null}]}, {"type": "CAPTAINS_INVOLVED", "stats": [{"tt": "*TG Southee", "sp": "2019-2021", "mt": 2, "pr": "captain_involve=49108", "rn": 3, "wk": 7, "ct": 1, "st": 0, "hs": "3", "hn": 0, "bbi": "4/13", "bta": 3, "bwa": 5.85, "fw": 0, "bbad": -2.85}, {"tt": "*KS Williamson", "sp": "2016-2016", "mt": 2, "pr": "captain_involve=51088", "rn": 1, "wk": 0, "ct": 2, "st": 0, "hs": "1", "hn": 0, "bbi": "-", "bta": 1, "bwa": null, "fw": 0, "bbad": null}]}, {"type": "CAPTAIN", "stats": [{"tt": "is not captain", "sp": "2016-2021", "mt": 4, "pr": "captain=0", "rn": 4, "wk": 7, "ct": 3, "st": 0, "hs": "3", "hn": 0, "bbi": "4/13", "bta": 2, "bwa": 11.71, "fw": 0, "bbad": -9.71}]}, {"type": "KEEPER", "stats": [{"tt": "is not keeper", "sp": "2016-2021", "mt": 4, "pr": "keeper=0", "rn": 4, "wk": 7, "ct": 3, "st": 0, "hs": "3", "hn": 0, "bbi": "4/13", "bta": 2, "bwa": 11.71, "fw": 0, "bbad": -9.71}]}, {"type": "TOSS", "stats": [{"tt": "won the toss", "sp": "2016-2016", "mt": 1, "pr": "toss=1", "rn": 1, "wk": 0, "ct": 1, "st": 0, "hs": "1", "hn": 0, "bbi": "-", "bta": 1, "bwa": null, "fw": 0, "bbad": null}, {"tt": "lost the toss", "sp": "2016-2021", "mt": 3, "pr": "toss=2", "rn": 3, "wk": 7, "ct": 2, "st": 0, "hs": "3", "hn": 0, "bbi": "4/13", "bta": 3, "bwa": 7.71, "fw": 0, "bbad": -4.71}]}, {"type": "BATTING_FIELDING_SEQUENCE_AND_TOSS", "stats": [{"tt": "won toss &amp; fielded", "sp": "2016-2016", "mt": 1, "pr": "batting_fielding_first=2;toss=1", "rn": 1, "wk": 0, "ct": 1, "st": 0, "hs": "1", "hn": 0, "bbi": "-", "bta": 1, "bwa": null, "fw": 0, "bbad": null}, {"tt": "lost toss &amp; sent in", "sp": "2021-2021", "mt": 1, "pr": "batting_fielding_first=1;toss=2", "rn": null, "wk": 4, "ct": 0, "st": 0, "hs": null, "hn": null, "bbi": "4/13", "bta": null, "bwa": 3.25, "fw": 0, "bbad": null}, {"tt": "lost toss &amp; fielded", "sp": "2016-2019", "mt": 2, "pr": "batting_fielding_first=2;toss=2", "rn": 3, "wk": 3, "ct": 2, "st": 0, "hs": "3", "hn": 0, "bbi": "3/28", "bta": 3, "bwa": 13.66, "fw": 0, "bbad": -10.66}]}, {"type": "BATTING_FIELDING_SEQUENCE", "stats": [{"tt": "matches batting first", "sp": "2021-2021", "mt": 1, "pr": "batting_fielding_first=1", "rn": null, "wk": 4, "ct": 0, "st": 0, "hs": null, "hn": null, "bbi": "4/13", "bta": null, "bwa": 3.25, "fw": 0, "bbad": null}, {"tt": "matches fielding first", "sp": "2016-2019", "mt": 3, "pr": "batting_fielding_first=2", "rn": 4, "wk": 3, "ct": 3, "st": 0, "hs": "3", "hn": 0, "bbi": "3/28", "bta": 2, "bwa": 23, "fw": 0, "bbad": -21}]}, {"type": "TEAM_INNINGS", "stats": [{"tt": "1st team innings", "sp": "2016-2021", "mt": 4, "pr": "innings_number=1;innings_number=2", "rn": 4, "wk": 7, "ct": 3, "st": 0, "hs": "3", "hn": 0, "bbi": "4/13", "bta": 2, "bwa": 11.71, "fw": 0, "bbad": -9.71}]}, {"type": "MATCH_INNINGS", "stats": [{"tt": "1st match innings", "sp": "2016-2021", "mt": 4, "pr": "innings_number=1", "rn": null, "wk": 3, "ct": 3, "st": 0, "hs": null, "hn": null, "bbi": "3/28", "bta": null, "bwa": 23, "fw": 0, "bbad": null}, {"tt": "2nd match innings", "sp": "2016-2021", "mt": 4, "pr": "innings_number=2", "rn": 4, "wk": 4, "ct": 0, "st": 0, "hs": "3", "hn": 0, "bbi": "4/13", "bta": 2, "bwa": 3.25, "fw": 0, "bbad": -1.25}]}, {"type": "FLOODLIT", "stats": [{"tt": "day/night match", "sp": "2016-2016", "mt": 2, "pr": "floodlit=2", "rn": 1, "wk": 0, "ct": 2, "st": 0, "hs": "1", "hn": 0, "bbi": "-", "bta": 1, "bwa": null, "fw": 0, "bbad": null}, {"tt": "night match", "sp": "2019-2021", "mt": 2, "pr": "floodlit=3", "rn": 3, "wk": 7, "ct": 1, "st": 0, "hs": "3", "hn": 0, "bbi": "4/13", "bta": 3, "bwa": 5.85, "fw": 0, "bbad": -2.85}]}, {"type": "RESULT", "stats": [{"tt": "won match", "sp": "2016-2021", "mt": 2, "pr": "result=1", "rn": null, "wk": 4, "ct": 1, "st": 0, "hs": null, "hn": null, "bbi": "4/13", "bta": null, "bwa": 6.5, "fw": 0, "bbad": null}, {"tt": "lost match", "sp": "2016-2019", "mt": 2, "pr": "result=2", "rn": 4, "wk": 3, "ct": 2, "st": 0, "hs": "3", "hn": 0, "bbi": "3/28", "bta": 2, "bwa": 18.66, "fw": 0, "bbad": -16.66}]}, {"type": "BATTING_FIELDING_SEQUENCE_AND_RESULT", "stats": [{"tt": "won batting first", "sp": "2021-2021", "mt": 1, "pr": "batting_fielding_first=1;result=1", "rn": null, "wk": 4, "ct": 0, "st": 0, "hs": null, "hn": null, "bbi": "4/13", "bta": null, "bwa": 3.25, "fw": 0, "bbad": null}, {"tt": "won fielding first", "sp": "2016-2016", "mt": 1, "pr": "batting_fielding_first=2;result=1", "rn": null, "wk": 0, "ct": 1, "st": 0, "hs": null, "hn": null, "bbi": "-", "bta": null, "bwa": null, "fw": 0, "bbad": null}, {"tt": "lost fielding first", "sp": "2016-2019", "mt": 2, "pr": "batting_fielding_first=2;result=2", "rn": 4, "wk": 3, "ct": 2, "st": 0, "hs": "3", "hn": 0, "bbi": "3/28", "bta": 2, "bwa": 18.66, "fw": 0, "bbad": -16.66}]}, {"type": "TOURNAMENT_TYPE", "stats": [{"tt": "2 team series", "sp": "2016-2021", "mt": 4, "pr": "tournament_type=2", "rn": 4, "wk": 7, "ct": 3, "st": 0, "hs": "3", "hn": 0, "bbi": "4/13", "bta": 2, "bwa": 11.71, "fw": 0, "bbad": -9.71}]}, {"type": "MATCH_NUMBER", "stats": [{"tt": "1st match in series", "sp": "2016-2016", "mt": 1, "pr": "match_number=1", "rn": 1, "wk": 0, "ct": 1, "st": 0, "hs": "1", "hn": 0, "bbi": "-", "bta": 1, "bwa": null, "fw": 0, "bbad": null}, {"tt": "2nd match in series", "sp": "2016-2016", "mt": 1, "pr": "match_number=2", "rn": null, "wk": 0, "ct": 1, "st": 0, "hs": null, "hn": null, "bbi": "-", "bta": null, "bwa": null, "fw": 0, "bbad": null}, {"tt": "3rd match in series", "sp": "2019-2021", "mt": 2, "pr": "match_number=3", "rn": 3, "wk": 7, "ct": 1, "st": 0, "hs": "3", "hn": 0, "bbi": "4/13", "bta": 3, "bwa": 5.85, "fw": 0, "bbad": -2.85}]}]}}