{"summary": {"recordClassId": 2, "type": "BOWLING", "groups": [{"type": "CAREER_AVERAGES", "stats": [{"bl": null, "tt": "overview", "sp": "2017-2019", "mt": 9, "in": 8, "pr": null, "ov": 45, "cd": 246, "md": 1, "wk": 10, "fwk": 0, "fw": 0, "tw": 0, "bbi": "3/33", "bbm": "3/33", "bwa": 24.6, "bwe": 5.46, "bwsr": 27}]}, {"type": "OPPOSITION_TEAM", "stats": [{"bl": null, "tt": "vs Bangladesh", "sp": "2019-2019", "mt": 1, "in": 1, "pr": "opposition=25", "ov": 10, "cd": 52, "md": 0, "wk": 2, "fwk": 0, "fw": 0, "tw": 0, "bbi": "2/52", "bbm": "2/52", "bwa": 26, "bwe": 5.2, "bwsr": 30}, {"bl": null, "tt": "vs India", "sp": "2019-2019", "mt": 2, "in": 2, "pr": "opposition=6", "ov": 7, "cd": 44, "md": 0, "wk": 1, "fwk": 0, "fw": 0, "tw": 0, "bbi": "1/9", "bbm": "1/9", "bwa": 44, "bwe": 6.28, "bwsr": 42}, {"bl": null, "tt": "vs Pakistan", "sp": "2018-2018", "mt": 3, "in": 2, "pr": "opposition=7", "ov": 12, "cd": 79, "md": 0, "wk": 3, "fwk": 0, "fw": 0, "tw": 0, "bbi": "2/50", "bbm": "2/50", "bwa": 26.33, "bwe": 6.58, "bwsr": 24}, {"bl": null, "tt": "vs West Indies", "sp": "2017-2017", "mt": 3, "in": 3, "pr": "opposition=4", "ov": 16, "cd": 71, "md": 1, "wk": 4, "fwk": 0, "fw": 0, "tw": 0, "bbi": "3/33", "bbm": "3/33", "bwa": 17.75, "bwe": 4.43, "bwsr": 24}]}, {"type": "HOST_COUNTRY", "stats": [{"bl": null, "tt": "in New Zealand", "sp": "2017-2019", "mt": 9, "in": 8, "pr": "host=5", "ov": 45, "cd": 246, "md": 1, "wk": 10, "fwk": 0, "fw": 0, "tw": 0, "bbi": "3/33", "bbm": "3/33", "bwa": 24.6, "bwe": 5.46, "bwsr": 27}]}, {"type": "CONTINENT", "stats": [{"bl": null, "tt": "in Oceania", "sp": "2017-2019", "mt": 9, "in": 8, "pr": "continent=5", "ov": 45, "cd": 246, "md": 1, "wk": 10, "fwk": 0, "fw": 0, "tw": 0, "bbi": "3/33", "bbm": "3/33", "bwa": 24.6, "bwe": 5.46, "bwsr": 27}]}, {"type": "HOME_OR_AWAY", "stats": [{"bl": null, "tt": "home", "sp": "2017-2019", "mt": 9, "in": 8, "pr": "home_or_away=1", "ov": 45, "cd": 246, "md": 1, "wk": 10, "fwk": 0, "fw": 0, "tw": 0, "bbi": "3/33", "bbm": "3/33", "bwa": 24.6, "bwe": 5.46, "bwsr": 27}]}, {"type": "YEAR", "stats": [{"bl": null, "tt": "year 2017", "sp": null, "mt": 3, "in": 3, "pr": "year=2017", "ov": 16, "cd": 71, "md": 1, "wk": 4, "fwk": 0, "fw": 0, "tw": 0, "bbi": "3/33", "bbm": "3/33", "bwa": 17.75, "bwe": 4.43, "bwsr": 24}, {"bl": null, "tt": "year 2018", "sp": null, "mt": 3, "in": 2, "pr": "year=2018", "ov": 12, "cd": 79, "md": 0, "wk": 3, "fwk": 0, "fw": 0, "tw": 0, "bbi": "2/50", "bbm": "2/50", "bwa": 26.33, "bwe": 6.58, "bwsr": 24}, {"bl": null, "tt": "year 2019", "sp": null, "mt": 3, "in": 3, "pr": "year=2019", "ov": 17, "cd": 96, "md": 0, "wk": 3, "fwk": 0, "fw": 0, "tw": 0, "bbi": "2/52", "bbm": "2/52", "bwa": 32, "bwe": 5.64, "bwsr": 34}]}, {"type": "SEASON", "stats": [{"bl": null, "tt": "season 2017/18", "sp": null, "mt": 6, "in": 5, "pr": "season=2017/18", "ov": 28, "cd": 150, "md": 1, "wk": 7, "fwk": 0, "fw": 0, "tw": 0, "bbi": "3/33", "bbm": "3/33", "bwa": 21.42, "bwe": 5.35, "bwsr": 24}, {"bl": null, "tt": "season 2018/19", "sp": null, "mt": 3, "in": 3, "pr": "season=2018/19", "ov": 17, "cd": 96, "md": 0, "wk": 3, "fwk": 0, "fw": 0, "tw": 0, "bbi": "2/52", "bbm": "2/52", "bwa": 32, "bwe": 5.64, "bwsr": 34}]}, {"type": "CAPTAINS_INVOLVED", "stats": [{"bl": null, "tt": "*TWM Latham", "sp": "2017-2017", "mt": 2, "in": 2, "pr": "captain_involve=59148", "ov": 6, "cd": 38, "md": 0, "wk": 1, "fwk": 0, "fw": 0, "tw": 0, "bbi": "1/24", "bbm": "1/24", "bwa": 38, "bwe": 6.33, "bwsr": 36}, {"bl": null, "tt": "*KS Williamson", "sp": "2017-2019", "mt": 7, "in": 6, "pr": "captain_involve=51088", "ov": 39, "cd": 208, "md": 1, "wk": 9, "fwk": 0, "fw": 0, "tw": 0, "bbi": "3/33", "bbm": "3/33", "bwa": 23.11, "bwe": 5.33, "bwsr": 26}]}, {"type": "CAPTAIN", "stats": [{"bl": null, "tt": "is not captain", "sp": "2017-2019", "mt": 9, "in": 8, "pr": "captain=0", "ov": 45, "cd": 246, "md": 1, "wk": 10, "fwk": 0, "fw": 0, "tw": 0, "bbi": "3/33", "bbm": "3/33", "bwa": 24.6, "bwe": 5.46, "bwsr": 27}]}, {"type": "KEEPER", "stats": [{"bl": null, "tt": "is not keeper", "sp": "2017-2019", "mt": 9, "in": 8, "pr": "keeper=0", "ov": 45, "cd": 246, "md": 1, "wk": 10, "fwk": 0, "fw": 0, "tw": 0, "bbi": "3/33", "bbm": "3/33", "bwa": 24.6, "bwe": 5.46, "bwsr": 27}]}, {"type": "TOSS", "stats": [{"bl": null, "tt": "won the toss", "sp": "2017-2019", "mt": 5, "in": 4, "pr": "toss=1", "ov": 26, "cd": 118, "md": 1, "wk": 7, "fwk": 0, "fw": 0, "tw": 0, "bbi": "3/33", "bbm": "3/33", "bwa": 16.85, "bwe": 4.53, "bwsr": 22.2}, {"bl": null, "tt": "lost the toss", "sp": "2017-2019", "mt": 4, "in": 4, "pr": "toss=2", "ov": 19, "cd": 128, "md": 0, "wk": 3, "fwk": 0, "fw": 0, "tw": 0, "bbi": "2/50", "bbm": "2/50", "bwa": 42.66, "bwe": 6.73, "bwsr": 38}]}, {"type": "BATTING_FIELDING_SEQUENCE_AND_TOSS", "stats": [{"bl": null, "tt": "won toss &amp; batted", "sp": "2017-2018", "mt": 2, "in": 1, "pr": "batting_fielding_first=1;toss=1", "ov": 4, "cd": 24, "md": 0, "wk": 1, "fwk": 0, "fw": 0, "tw": 0, "bbi": "1/24", "bbm": "1/24", "bwa": 24, "bwe": 6, "bwsr": 24}, {"bl": null, "tt": "won toss &amp; fielded", "sp": "2017-2019", "mt": 3, "in": 3, "pr": "batting_fielding_first=2;toss=1", "ov": 22, "cd": 94, "md": 1, "wk": 6, "fwk": 0, "fw": 0, "tw": 0, "bbi": "3/33", "bbm": "3/33", "bwa": 15.66, "bwe": 4.27, "bwsr": 22}, {"bl": null, "tt": "lost toss &amp; sent in", "sp": "2017-2018", "mt": 2, "in": 2, "pr": "batting_fielding_first=1;toss=2", "ov": 7, "cd": 43, "md": 0, "wk": 1, "fwk": 0, "fw": 0, "tw": 0, "bbi": "1/29", "bbm": "1/29", "bwa": 43, "bwe": 6.14, "bwsr": 42}, {"bl": null, "tt": "lost toss &amp; fielded", "sp": "2018-2019", "mt": 2, "in": 2, "pr": "batting_fielding_first=2;toss=2", "ov": 12, "cd": 85, "md": 0, "wk": 2, "fwk": 0, "fw": 0, "tw": 0, "bbi": "2/50", "bbm": "2/50", "bwa": 42.5, "bwe": 7.08, "bwsr": 36}]}, {"type": "BATTING_FIELDING_SEQUENCE", "stats": [{"bl": null, "tt": "matches batting first", "sp": "2017-2018", "mt": 4, "in": 3, "pr": "batting_fielding_first=1", "ov": 11, "cd": 67, "md": 0, "wk": 2, "fwk": 0, "fw": 0, "tw": 0, "bbi": "1/24", "bbm": "1/24", "bwa": 33.5, "bwe": 6.09, "bwsr": 33}, {"bl": null, "tt": "matches fielding first", "sp": "2017-2019", "mt": 5, "in": 5, "pr": "batting_fielding_first=2", "ov": 34, "cd": 179, "md": 1, "wk": 8, "fwk": 0, "fw": 0, "tw": 0, "bbi": "3/33", "bbm": "3/33", "bwa": 22.37, "bwe": 5.26, "bwsr": 25.5}]}, {"type": "TEAM_INNINGS", "stats": [{"bl": null, "tt": "1st team innings", "sp": "2017-2019", "mt": 9, "in": 8, "pr": "innings_number=1;innings_number=2", "ov": 45, "cd": 246, "md": 1, "wk": 10, "fwk": 0, "fw": 0, "tw": 0, "bbi": "3/33", "bbm": "3/33", "bwa": 24.6, "bwe": 5.46, "bwsr": 27}]}, {"type": "MATCH_INNINGS", "stats": [{"bl": null, "tt": "1st match innings", "sp": "2017-2019", "mt": 5, "in": 5, "pr": "innings_number=1", "ov": 34, "cd": 179, "md": 1, "wk": 8, "fwk": 0, "fw": 0, "tw": 0, "bbi": "3/33", "bbm": "3/33", "bwa": 22.37, "bwe": 5.26, "bwsr": 25.5}, {"bl": null, "tt": "2nd match innings", "sp": "2017-2018", "mt": 4, "in": 3, "pr": "innings_number=2", "ov": 11, "cd": 67, "md": 0, "wk": 2, "fwk": 0, "fw": 0, "tw": 0, "bbi": "1/24", "bbm": "1/24", "bwa": 33.5, "bwe": 6.09, "bwsr": 33}]}, {"type": "FLOODLIT", "stats": [{"bl": null, "tt": "day match", "sp": "2017-2019", "mt": 7, "in": 6, "pr": "floodlit=1", "ov": 38, "cd": 202, "md": 1, "wk": 9, "fwk": 0, "fw": 0, "tw": 0, "bbi": "3/33", "bbm": "3/33", "bwa": 22.44, "bwe": 5.31, "bwsr": 25.3}, {"bl": null, "tt": "day/night match", "sp": "2019-2019", "mt": 2, "in": 2, "pr": "floodlit=2", "ov": 7, "cd": 44, "md": 0, "wk": 1, "fwk": 0, "fw": 0, "tw": 0, "bbi": "1/9", "bbm": "1/9", "bwa": 44, "bwe": 6.28, "bwsr": 42}]}, {"type": "RESULT", "stats": [{"bl": null, "tt": "won match", "sp": "2017-2019", "mt": 8, "in": 7, "pr": "result=1", "ov": 40, "cd": 211, "md": 1, "wk": 10, "fwk": 0, "fw": 0, "tw": 0, "bbi": "3/33", "bbm": "3/33", "bwa": 21.1, "bwe": 5.27, "bwsr": 24}, {"bl": null, "tt": "lost match", "sp": "2019-2019", "mt": 1, "in": 1, "pr": "result=2", "ov": 5, "cd": 35, "md": 0, "wk": 0, "fwk": 0, "fw": 0, "tw": 0, "bbi": null, "bbm": null, "bwa": null, "bwe": 7, "bwsr": null}]}, {"type": "BATTING_FIELDING_SEQUENCE_AND_RESULT", "stats": [{"bl": null, "tt": "won batting first", "sp": "2017-2018", "mt": 4, "in": 3, "pr": "batting_fielding_first=1;result=1", "ov": 11, "cd": 67, "md": 0, "wk": 2, "fwk": 0, "fw": 0, "tw": 0, "bbi": "1/24", "bbm": "1/24", "bwa": 33.5, "bwe": 6.09, "bwsr": 33}, {"bl": null, "tt": "won fielding first", "sp": "2017-2019", "mt": 4, "in": 4, "pr": "batting_fielding_first=2;result=1", "ov": 29, "cd": 144, "md": 1, "wk": 8, "fwk": 0, "fw": 0, "tw": 0, "bbi": "3/33", "bbm": "3/33", "bwa": 18, "bwe": 4.96, "bwsr": 21.7}, {"bl": null, "tt": "lost fielding first", "sp": "2019-2019", "mt": 1, "in": 1, "pr": "batting_fielding_first=2;result=2", "ov": 5, "cd": 35, "md": 0, "wk": 0, "fwk": 0, "fw": 0, "tw": 0, "bbi": null, "bbm": null, "bwa": null, "bwe": 7, "bwsr": null}]}, {"type": "TOURNAMENT_TYPE", "stats": [{"bl": null, "tt": "2 team series", "sp": "2017-2019", "mt": 9, "in": 8, "pr": "tournament_type=2", "ov": 45, "cd": 246, "md": 1, "wk": 10, "fwk": 0, "fw": 0, "tw": 0, "bbi": "3/33", "bbm": "3/33", "bwa": 24.6, "bwe": 5.46, "bwsr": 27}]}, {"type": "MATCH_NUMBER", "stats": [{"bl": null, "tt": "1st match in series", "sp": "2017-2018", "mt": 2, "in": 2, "pr": "match_number=1", "ov": 15, "cd": 62, "md": 1, "wk": 4, "fwk": 0, "fw": 0, "tw": 0, "bbi": "3/33", "bbm": "3/33", "bwa": 15.5, "bwe": 4.13, "bwsr": 22.5}, {"bl": null, "tt": "2nd match in series", "sp": "2017-2019", "mt": 3, "in": 3, "pr": "match_number=2", "ov": 19, "cd": 116, "md": 0, "wk": 4, "fwk": 0, "fw": 0, "tw": 0, "bbi": "2/50", "bbm": "2/50", "bwa": 29, "bwe": 6.1, "bwsr": 28.5}, {"bl": null, "tt": "3rd match in series", "sp": "2017-2018", "mt": 2, "in": 1, "pr": "match_number=3", "ov": 4, "cd": 24, "md": 0, "wk": 1, "fwk": 0, "fw": 0, "tw": 0, "bbi": "1/24", "bbm": "1/24", "bwa": 24, "bwe": 6, "bwsr": 24}, {"bl": null, "tt": "4th match in series", "sp": "2019-2019", "mt": 1, "in": 1, "pr": "match_number=4", "ov": 2, "cd": 9, "md": 0, "wk": 1, "fwk": 0, "fw": 0, "tw": 0, "bbi": "1/9", "bbm": "1/9", "bwa": 9, "bwe": 4.5, "bwsr": 12}, {"bl": null, "tt": "5th match in series", "sp": "2019-2019", "mt": 1, "in": 1, "pr": "match_number=5", "ov": 5, "cd": 35, "md": 0, "wk": 0, "fwk": 0, "fw": 0, "tw": 0, "bbi": null, "bbm": null, "bwa": null, "bwe": 7, "bwsr": null}]}, {"type": "BOWLING_POSITION", "stats": [{"bl": null, "tt": "4th position", "sp": "2019-2019", "mt": 1, "in": 1, "pr": "bowling_positionval1=bowling_position;bowling_positionmin1=4;bowling_positionmax1=4", "ov": 2, "cd": 9, "md": 0, "wk": 1, "fwk": 0, "fw": 0, "tw": 0, "bbi": "1/9", "bbm": "1/9", "bwa": 9, "bwe": 4.5, "bwsr": 12}, {"bl": null, "tt": "5th position", "sp": "2017-2019", "mt": 6, "in": 6, "pr": "bowling_positionval1=bowling_position;bowling_positionmin1=5;bowling_positionmax1=5", "ov": 38, "cd": 202, "md": 1, "wk": 9, "fwk": 0, "fw": 0, "tw": 0, "bbi": "3/33", "bbm": "3/33", "bwa": 22.44, "bwe": 5.31, "bwsr": 25.3}, {"bl": null, "tt": "7th position", "sp": "2019-2019", "mt": 1, "in": 1, "pr": "bowling_positionval1=bowling_position;bowling_positionmin1=7;bowling_positionmax1=7", "ov": 5, "cd": 35, "md": 0, "wk": 0, "fwk": 0, "fw": 0, "tw": 0, "bbi": null, "bbm": null, "bwa": null, "bwe": 7, "bwsr": null}]}]}}