{"summary": {"recordClassId": 3, "type": "BOWLING", "groups": [{"type": "CAREER_AVERAGES", "stats": [{"bl": null, "tt": "overview", "sp": "2016-2021", "mt": 4, "in": 4, "pr": null, "ov": 10, "cd": 82, "md": 0, "wk": 7, "fwk": 1, "fw": 0, "tw": 0, "bbi": "4/13", "bbm": "4/13", "bwa": 11.71, "bwe": 8.2, "bwsr": 8.5}]}, {"type": "OPPOSITION_TEAM", "stats": [{"bl": null, "tt": "vs Bangladesh", "sp": "2021-2021", "mt": 1, "in": 1, "pr": "opposition=25", "ov": 2, "cd": 13, "md": 0, "wk": 4, "fwk": 1, "fw": 0, "tw": 0, "bbi": "4/13", "bbm": "4/13", "bwa": 3.25, "bwe": 6.5, "bwsr": 3}, {"bl": null, "tt": "vs Pakistan", "sp": "2016-2016", "mt": 2, "in": 2, "pr": "opposition=7", "ov": 4, "cd": 41, "md": 0, "wk": 0, "fwk": 0, "fw": 0, "tw": 0, "bbi": null, "bbm": null, "bwa": null, "bwe": 10.25, "bwsr": null}, {"bl": null, "tt": "vs Sri Lanka", "sp": "2019-2019", "mt": 1, "in": 1, "pr": "opposition=8", "ov": 4, "cd": 28, "md": 0, "wk": 3, "fwk": 0, "fw": 0, "tw": 0, "bbi": "3/28", "bbm": "3/28", "bwa": 9.33, "bwe": 7, "bwsr": 8}]}, {"type": "HOST_COUNTRY", "stats": [{"bl": null, "tt": "in New Zealand", "sp": "2016-2021", "mt": 3, "in": 3, "pr": "host=5", "ov": 6, "cd": 54, "md": 0, "wk": 4, "fwk": 1, "fw": 0, "tw": 0, "bbi": "4/13", "bbm": "4/13", "bwa": 13.5, "bwe": 9, "bwsr": 9}, {"bl": null, "tt": "in Sri Lanka", "sp": "2019-2019", "mt": 1, "in": 1, "pr": "host=8", "ov": 4, "cd": 28, "md": 0, "wk": 3, "fwk": 0, "fw": 0, "tw": 0, "bbi": "3/28", "bbm": "3/28", "bwa": 9.33, "bwe": 7, "bwsr": 8}]}, {"type": "CONTINENT", "stats": [{"bl": null, "tt": "in Asia", "sp": "2019-2019", "mt": 1, "in": 1, "pr": "continent=2", "ov": 4, "cd": 28, "md": 0, "wk": 3, "fwk": 0, "fw": 0, "tw": 0, "bbi": "3/28", "bbm": "3/28", "bwa": 9.33, "bwe": 7, "bwsr": 8}, {"bl": null, "tt": "in Oceania", "sp": "2016-2021", "mt": 3, "in": 3, "pr": "continent=5", "ov": 6, "cd": 54, "md": 0, "wk": 4, "fwk": 1, "fw": 0, "tw": 0, "bbi": "4/13", "bbm": "4/13", "bwa": 13.5, "bwe": 9, "bwsr": 9}]}, {"type": "HOME_OR_AWAY", "stats": [{"bl": null, "tt": "home", "sp": "2016-2021", "mt": 3, "in": 3, "pr": "home_or_away=1", "ov": 6, "cd": 54, "md": 0, "wk": 4, "fwk": 1, "fw": 0, "tw": 0, "bbi": "4/13", "bbm": "4/13", "bwa": 13.5, "bwe": 9, "bwsr": 9}, {"bl": null, "tt": "away", "sp": "2019-2019", "mt": 1, "in": 1, "pr": "home_or_away=2", "ov": 4, "cd": 28, "md": 0, "wk": 3, "fwk": 0, "fw": 0, "tw": 0, "bbi": "3/28", "bbm": "3/28", "bwa": 9.33, "bwe": 7, "bwsr": 8}]}, {"type": "YEAR", "stats": [{"bl": null, "tt": "year 2016", "sp": null, "mt": 2, "in": 2, "pr": "year=2016", "ov": 4, "cd": 41, "md": 0, "wk": 0, "fwk": 0, "fw": 0, "tw": 0, "bbi": null, "bbm": null, "bwa": null, "bwe": 10.25, "bwsr": null}, {"bl": null, "tt": "year 2019", "sp": null, "mt": 1, "in": 1, "pr": "year=2019", "ov": 4, "cd": 28, "md": 0, "wk": 3, "fwk": 0, "fw": 0, "tw": 0, "bbi": "3/28", "bbm": "3/28", "bwa": 9.33, "bwe": 7, "bwsr": 8}, {"bl": null, "tt": "year 2021", "sp": null, "mt": 1, "in": 1, "pr": "year=2021", "ov": 2, "cd": 13, "md": 0, "wk": 4, "fwk": 1, "fw": 0, "tw": 0, "bbi": "4/13", "bbm": "4/13", "bwa": 3.25, "bwe": 6.5, "bwsr": 3}]}, {"type": "SEASON", "stats": [{"bl": null, "tt": "season 2015/16", "sp": null, "mt": 2, "in": 2, "pr": "season=2015/16", "ov": 4, "cd": 41, "md": 0, "wk": 0, "fwk": 0, "fw": 0, "tw": 0, "bbi": null, "bbm": null, "bwa": null, "bwe": 10.25, "bwsr": null}, {"bl": null, "tt": "season 2019", "sp": null, "mt": 1, "in": 1, "pr": "season=2019", "ov": 4, "cd": 28, "md": 0, "wk": 3, "fwk": 0, "fw": 0, "tw": 0, "bbi": "3/28", "bbm": "3/28", "bwa": 9.33, "bwe": 7, "bwsr": 8}, {"bl": null, "tt": "season 2020/21", "sp": null, "mt": 1, "in": 1, "pr": "season=2020/21", "ov": 2, "cd": 13, "md": 0, "wk": 4, "fwk": 1, "fw": 0, "tw": 0, "bbi": "4/13", "bbm": "4/13", "bwa": 3.25, "bwe": 6.5, "bwsr": 3}]}, {"type": "CAPTAINS_INVOLVED", "stats": [{"bl": null, "tt": "*TG Southee", "sp": "2019-2021", "mt": 2, "in": 2, "pr": "captain_involve=49108", "ov": 6, "cd": 41, "md": 0, "wk": 7, "fwk": 1, "fw": 0, "tw": 0, "bbi": "4/13", "bbm": "4/13", "bwa": 5.85, "bwe": 6.83, "bwsr": 5.1}, {"bl": null, "tt": "*KS Williamson", "sp": "2016-2016", "mt": 2, "in": 2, "pr": "captain_involve=51088", "ov": 4, "cd": 41, "md": 0, "wk": 0, "fwk": 0, "fw": 0, "tw": 0, "bbi": null, "bbm": null, "bwa": null, "bwe": 10.25, "bwsr": null}]}, {"type": "CAPTAIN", "stats": [{"bl": null, "tt": "is not captain", "sp": "2016-2021", "mt": 4, "in": 4, "pr": "captain=0", "ov": 10, "cd": 82, "md": 0, "wk": 7, "fwk": 1, "fw": 0, "tw": 0, "bbi": "4/13", "bbm": "4/13", "bwa": 11.71, "bwe": 8.2, "bwsr": 8.5}]}, {"type": "KEEPER", "stats": [{"bl": null, "tt": "is not keeper", "sp": "2016-2021", "mt": 4, "in": 4, "pr": "keeper=0", "ov": 10, "cd": 82, "md": 0, "wk": 7, "fwk": 1, "fw": 0, "tw": 0, "bbi": "4/13", "bbm": "4/13", "bwa": 11.71, "bwe": 8.2, "bwsr": 8.5}]}, {"type": "TOSS", "stats": [{"bl": null, "tt": "won the toss", "sp": "2016-2016", "mt": 1, "in": 1, "pr": "toss=1", "ov": 3, "cd": 28, "md": 0, "wk": 0, "fwk": 0, "fw": 0, "tw": 0, "bbi": null, "bbm": null, "bwa": null, "bwe": 9.33, "bwsr": null}, {"bl": null, "tt": "lost the toss", "sp": "2016-2021", "mt": 3, "in": 3, "pr": "toss=2", "ov": 7, "cd": 54, "md": 0, "wk": 7, "fwk": 1, "fw": 0, "tw": 0, "bbi": "4/13", "bbm": "4/13", "bwa": 7.71, "bwe": 7.71, "bwsr": 6}]}, {"type": "BATTING_FIELDING_SEQUENCE_AND_TOSS", "stats": [{"bl": null, "tt": "won toss &amp; fielded", "sp": "2016-2016", "mt": 1, "in": 1, "pr": "batting_fielding_first=2;toss=1", "ov": 3, "cd": 28, "md": 0, "wk": 0, "fwk": 0, "fw": 0, "tw": 0, "bbi": null, "bbm": null, "bwa": null, "bwe": 9.33, "bwsr": null}, {"bl": null, "tt": "lost toss &amp; sent in", "sp": "2021-2021", "mt": 1, "in": 1, "pr": "batting_fielding_first=1;toss=2", "ov": 2, "cd": 13, "md": 0, "wk": 4, "fwk": 1, "fw": 0, "tw": 0, "bbi": "4/13", "bbm": "4/13", "bwa": 3.25, "bwe": 6.5, "bwsr": 3}, {"bl": null, "tt": "lost toss &amp; fielded", "sp": "2016-2019", "mt": 2, "in": 2, "pr": "batting_fielding_first=2;toss=2", "ov": 5, "cd": 41, "md": 0, "wk": 3, "fwk": 0, "fw": 0, "tw": 0, "bbi": "3/28", "bbm": "3/28", "bwa": 13.66, "bwe": 8.2, "bwsr": 10}]}, {"type": "BATTING_FIELDING_SEQUENCE", "stats": [{"bl": null, "tt": "matches batting first", "sp": "2021-2021", "mt": 1, "in": 1, "pr": "batting_fielding_first=1", "ov": 2, "cd": 13, "md": 0, "wk": 4, "fwk": 1, "fw": 0, "tw": 0, "bbi": "4/13", "bbm": "4/13", "bwa": 3.25, "bwe": 6.5, "bwsr": 3}, {"bl": null, "tt": "matches fielding first", "sp": "2016-2019", "mt": 3, "in": 3, "pr": "batting_fielding_first=2", "ov": 8, "cd": 69, "md": 0, "wk": 3, "fwk": 0, "fw": 0, "tw": 0, "bbi": "3/28", "bbm": "3/28", "bwa": 23, "bwe": 8.62, "bwsr": 16}]}, {"type": "TEAM_INNINGS", "stats": [{"bl": null, "tt": "1st team innings", "sp": "2016-2021", "mt": 4, "in": 4, "pr": "innings_number=1;innings_number=2", "ov": 10, "cd": 82, "md": 0, "wk": 7, "fwk": 1, "fw": 0, "tw": 0, "bbi": "4/13", "bbm": "4/13", "bwa": 11.71, "bwe": 8.2, "bwsr": 8.5}]}, {"type": "MATCH_INNINGS", "stats": [{"bl": null, "tt": "1st match innings", "sp": "2016-2019", "mt": 3, "in": 3, "pr": "innings_number=1", "ov": 8, "cd": 69, "md": 0, "wk": 3, "fwk": 0, "fw": 0, "tw": 0, "bbi": "3/28", "bbm": "3/28", "bwa": 23, "bwe": 8.62, "bwsr": 16}, {"bl": null, "tt": "2nd match innings", "sp": "2021-2021", "mt": 1, "in": 1, "pr": "innings_number=2", "ov": 2, "cd": 13, "md": 0, "wk": 4, "fwk": 1, "fw": 0, "tw": 0, "bbi": "4/13", "bbm": "4/13", "bwa": 3.25, "bwe": 6.5, "bwsr": 3}]}, {"type": "FLOODLIT", "stats": [{"bl": null, "tt": "day/night match", "sp": "2016-2016", "mt": 2, "in": 2, "pr": "floodlit=2", "ov": 4, "cd": 41, "md": 0, "wk": 0, "fwk": 0, "fw": 0, "tw": 0, "bbi": null, "bbm": null, "bwa": null, "bwe": 10.25, "bwsr": null}, {"bl": null, "tt": "night match", "sp": "2019-2021", "mt": 2, "in": 2, "pr": "floodlit=3", "ov": 6, "cd": 41, "md": 0, "wk": 7, "fwk": 1, "fw": 0, "tw": 0, "bbi": "4/13", "bbm": "4/13", "bwa": 5.85, "bwe": 6.83, "bwsr": 5.1}]}, {"type": "RESULT", "stats": [{"bl": null, "tt": "won match", "sp": "2016-2021", "mt": 2, "in": 2, "pr": "result=1", "ov": 3, "cd": 26, "md": 0, "wk": 4, "fwk": 1, "fw": 0, "tw": 0, "bbi": "4/13", "bbm": "4/13", "bwa": 6.5, "bwe": 8.66, "bwsr": 4.5}, {"bl": null, "tt": "lost match", "sp": "2016-2019", "mt": 2, "in": 2, "pr": "result=2", "ov": 7, "cd": 56, "md": 0, "wk": 3, "fwk": 0, "fw": 0, "tw": 0, "bbi": "3/28", "bbm": "3/28", "bwa": 18.66, "bwe": 8, "bwsr": 14}]}, {"type": "BATTING_FIELDING_SEQUENCE_AND_RESULT", "stats": [{"bl": null, "tt": "won batting first", "sp": "2021-2021", "mt": 1, "in": 1, "pr": "batting_fielding_first=1;result=1", "ov": 2, "cd": 13, "md": 0, "wk": 4, "fwk": 1, "fw": 0, "tw": 0, "bbi": "4/13", "bbm": "4/13", "bwa": 3.25, "bwe": 6.5, "bwsr": 3}, {"bl": null, "tt": "won fielding first", "sp": "2016-2016", "mt": 1, "in": 1, "pr": "batting_fielding_first=2;result=1", "ov": 1, "cd": 13, "md": 0, "wk": 0, "fwk": 0, "fw": 0, "tw": 0, "bbi": null, "bbm": null, "bwa": null, "bwe": 13, "bwsr": null}, {"bl": null, "tt": "lost fielding first", "sp": "2016-2019", "mt": 2, "in": 2, "pr": "batting_fielding_first=2;result=2", "ov": 7, "cd": 56, "md": 0, "wk": 3, "fwk": 0, "fw": 0, "tw": 0, "bbi": "3/28", "bbm": "3/28", "bwa": 18.66, "bwe": 8, "bwsr": 14}]}, {"type": "TOURNAMENT_TYPE", "stats": [{"bl": null, "tt": "2 team series", "sp": "2016-2021", "mt": 4, "in": 4, "pr": "tournament_type=2", "ov": 10, "cd": 82, "md": 0, "wk": 7, "fwk": 1, "fw": 0, "tw": 0, "bbi": "4/13", "bbm": "4/13", "bwa": 11.71, "bwe": 8.2, "bwsr": 8.5}]}, {"type": "MATCH_NUMBER", "stats": [{"bl": null, "tt": "1st match in series", "sp": "2016-2016", "mt": 1, "in": 1, "pr": "match_number=1", "ov": 3, "cd": 28, "md": 0, "wk": 0, "fwk": 0, "fw": 0, "tw": 0, "bbi": null, "bbm": null, "bwa": null, "bwe": 9.33, "bwsr": null}, {"bl": null, "tt": "2nd match in series", "sp": "2016-2016", "mt": 1, "in": 1, "pr": "match_number=2", "ov": 1, "cd": 13, "md": 0, "wk": 0, "fwk": 0, "fw": 0, "tw": 0, "bbi": null, "bbm": null, "bwa": null, "bwe": 13, "bwsr": null}, {"bl": null, "tt": "3rd match in series", "sp": "2019-2021", "mt": 2, "in": 2, "pr": "match_number=3", "ov": 6, "cd": 41, "md": 0, "wk": 7, "fwk": 1, "fw": 0, "tw": 0, "bbi": "4/13", "bbm": "4/13", "bwa": 5.85, "bwe": 6.83, "bwsr": 5.1}]}, {"type": "BOWLING_POSITION", "stats": [{"bl": null, "tt": "4th position", "sp": "2021-2021", "mt": 1, "in": 1, "pr": "bowling_positionval1=bowling_position;bowling_positionmin1=4;bowling_positionmax1=4", "ov": 2, "cd": 13, "md": 0, "wk": 4, "fwk": 1, "fw": 0, "tw": 0, "bbi": "4/13", "bbm": "4/13", "bwa": 3.25, "bwe": 6.5, "bwsr": 3}, {"bl": null, "tt": "5th position", "sp": "2016-2019", "mt": 2, "in": 2, "pr": "bowling_positionval1=bowling_position;bowling_positionmin1=5;bowling_positionmax1=5", "ov": 5, "cd": 41, "md": 0, "wk": 3, "fwk": 0, "fw": 0, "tw": 0, "bbi": "3/28", "bbm": "3/28", "bwa": 13.66, "bwe": 8.2, "bwsr": 10}, {"bl": null, "tt": "6th position", "sp": "2016-2016", "mt": 1, "in": 1, "pr": "bowling_positionval1=bowling_position;bowling_positionmin1=6;bowling_positionmax1=6", "ov": 3, "cd": 28, "md": 0, "wk": 0, "fwk": 0, "fw": 0, "tw": 0, "bbi": null, "bbm": null, "bwa": null, "bwe": 9.33, "bwsr": null}]}]}}