{"summary": {"recordClassId": 3, "type": "FIELDING", "groups": [{"type": "CAREER_AVERAGES", "stats": [{"tt": "overview", "sp": "2016-2021", "mt": 4, "in": 4, "pr": null, "ds": 3, "ct": 3, "st": 0, "ck": 0, "cf": 3, "mds": "1 (1ct 0st)", "dspi": 0.75}]}, {"type": "OPPOSITION_TEAM", "stats": [{"tt": "vs Bangladesh", "sp": "2021-2021", "mt": 1, "in": 1, "pr": "opposition=25", "ds": 0, "ct": 0, "st": 0, "ck": 0, "cf": 0, "mds": "0", "dspi": 0}, {"tt": "vs Pakistan", "sp": "2016-2016", "mt": 2, "in": 2, "pr": "opposition=7", "ds": 2, "ct": 2, "st": 0, "ck": 0, "cf": 2, "mds": "1 (1ct 0st)", "dspi": 1}, {"tt": "vs Sri Lanka", "sp": "2019-2019", "mt": 1, "in": 1, "pr": "opposition=8", "ds": 1, "ct": 1, "st": 0, "ck": 0, "cf": 1, "mds": "1 (1ct 0st)", "dspi": 1}]}, {"type": "HOST_COUNTRY", "stats": [{"tt": "in New Zealand", "sp": "2016-2021", "mt": 3, "in": 3, "pr": "host=5", "ds": 2, "ct": 2, "st": 0, "ck": 0, "cf": 2, "mds": "1 (1ct 0st)", "dspi": 0.666}, {"tt": "in Sri Lanka", "sp": "2019-2019", "mt": 1, "in": 1, "pr": "host=8", "ds": 1, "ct": 1, "st": 0, "ck": 0, "cf": 1, "mds": "1 (1ct 0st)", "dspi": 1}]}, {"type": "CONTINENT", "stats": [{"tt": "in Asia", "sp": "2019-2019", "mt": 1, "in": 1, "pr": "continent=2", "ds": 1, "ct": 1, "st": 0, "ck": 0, "cf": 1, "mds": "1 (1ct 0st)", "dspi": 1}, {"tt": "in Oceania", "sp": "2016-2021", "mt": 3, "in": 3, "pr": "continent=5", "ds": 2, "ct": 2, "st": 0, "ck": 0, "cf": 2, "mds": "1 (1ct 0st)", "dspi": 0.666}]}, {"type": "HOME_OR_AWAY", "stats": [{"tt": "home", "sp": "2016-2021", "mt": 3, "in": 3, "pr": "home_or_away=1", "ds": 2, "ct": 2, "st": 0, "ck": 0, "cf": 2, "mds": "1 (1ct 0st)", "dspi": 0.666}, {"tt": "away", "sp": "2019-2019", "mt": 1, "in": 1, "pr": "home_or_away=2", "ds": 1, "ct": 1, "st": 0, "ck": 0, "cf": 1, "mds": "1 (1ct 0st)", "dspi": 1}]}, {"type": "YEAR", "stats": [{"tt": "year 2016", "sp": null, "mt": 2, "in": 2, "pr": "year=2016", "ds": 2, "ct": 2, "st": 0, "ck": 0, "cf": 2, "mds": "1 (1ct 0st)", "dspi": 1}, {"tt": "year 2019", "sp": null, "mt": 1, "in": 1, "pr": "year=2019", "ds": 1, "ct": 1, "st": 0, "ck": 0, "cf": 1, "mds": "1 (1ct 0st)", "dspi": 1}, {"tt": "year 2021", "sp": null, "mt": 1, "in": 1, "pr": "year=2021", "ds": 0, "ct": 0, "st": 0, "ck": 0, "cf": 0, "mds": "0", "dspi": 0}]}, {"type": "SEASON", "stats": [{"tt": "season 2015/16", "sp": null, "mt": 2, "in": 2, "pr": "season=2015/16", "ds": 2, "ct": 2, "st": 0, "ck": 0, "cf": 2, "mds": "1 (1ct 0st)", "dspi": 1}, {"tt": "season 2019", "sp": null, "mt": 1, "in": 1, "pr": "season=2019", "ds": 1, "ct": 1, "st": 0, "ck": 0, "cf": 1, "mds": "1 (1ct 0st)", "dspi": 1}, {"tt": "season 2020/21", "sp": null, "mt": 1, "in": 1, "pr": "season=2020/21", "ds": 0, "ct": 0, "st": 0, "ck": 0, "cf": 0, "mds": "0", "dspi": 0}]}, {"type": "CAPTAINS_INVOLVED", "stats": [{"tt": "*TG Southee", "sp": "2019-2021", "mt": 2, "in": 2, "pr": "captain_involve=49108", "ds": 1, "ct": 1, "st": 0, "ck": 0, "cf": 1, "mds": "1 (1ct 0st)", "dspi": 0.5}, {"tt": "*KS Williamson", "sp": "2016-2016", "mt": 2, "in": 2, "pr": "captain_involve=51088", "ds": 2, "ct": 2, "st": 0, "ck": 0, "cf": 2, "mds": "1 (1ct 0st)", "dspi": 1}]}, {"type": "CAPTAIN", "stats": [{"tt": "is not captain", "sp": "2016-2021", "mt": 4, "in": 4, "pr": "captain=0", "ds": 3, "ct": 3, "st": 0, "ck": 0, "cf": 3, "mds": "1 (1ct 0st)", "dspi": 0.75}]}, {"type": "KEEPER", "stats": [{"tt": "is not keeper", "sp": "2016-2021", "mt": 4, "in": 4, "pr": "keeper=0", "ds": 3, "ct": 3, "st": 0, "ck": 0, "cf": 3, "mds": "1 (1ct 0st)", "dspi": 0.75}]}, {"type": "TOSS", "stats": [{"tt": "won the toss", "sp": "2016-2016", "mt": 1, "in": 1, "pr": "toss=1", "ds": 1, "ct": 1, "st": 0, "ck": 0, "cf": 1, "mds": "1 (1ct 0st)", "dspi": 1}, {"tt": "lost the toss", "sp": "2016-2021", "mt": 3, "in": 3, "pr": "toss=2", "ds": 2, "ct": 2, "st": 0, "ck": 0, "cf": 2, "mds": "1 (1ct 0st)", "dspi": 0.666}]}, {"type": "BATTING_FIELDING_SEQUENCE_AND_TOSS", "stats": [{"tt": "won toss &amp; fielded", "sp": "2016-2016", "mt": 1, "in": 1, "pr": "batting_fielding_first=2;toss=1", "ds": 1, "ct": 1, "st": 0, "ck": 0, "cf": 1, "mds": "1 (1ct 0st)", "dspi": 1}, {"tt": "lost toss &amp; sent in", "sp": "2021-2021", "mt": 1, "in": 1, "pr": "batting_fielding_first=1;toss=2", "ds": 0, "ct": 0, "st": 0, "ck": 0, "cf": 0, "mds": "0", "dspi": 0}, {"tt": "lost toss &amp; fielded", "sp": "2016-2019", "mt": 2, "in": 2, "pr": "batting_fielding_first=2;toss=2", "ds": 2, "ct": 2, "st": 0, "ck": 0, "cf": 2, "mds": "1 (1ct 0st)", "dspi": 1}]}, {"type": "BATTING_FIELDING_SEQUENCE", "stats": [{"tt": "matches batting first", "sp": "2021-2021", "mt": 1, "in": 1, "pr": "batting_fielding_first=1", "ds": 0, "ct": 0, "st": 0, "ck": 0, "cf": 0, "mds": "0", "dspi": 0}, {"tt": "matches fielding first", "sp": "2016-2019", "mt": 3, "in": 3, "pr": "batting_fielding_first=2", "ds": 3, "ct": 3, "st": 0, "ck": 0, "cf": 3, "mds": "1 (1ct 0st)", "dspi": 1}]}, {"type": "TEAM_INNINGS", "stats": [{"tt": "1st team innings", "sp": "2016-2021", "mt": 4, "in": 4, "pr": "innings_number=1;innings_number=2", "ds": 3, "ct": 3, "st": 0, "ck": 0, "cf": 3, "mds": "1 (1ct 0st)", "dspi": 0.75}]}, {"type": "MATCH_INNINGS", "stats": [{"tt": "1st match innings", "sp": "2016-2019", "mt": 3, "in": 3, "pr": "innings_number=1", "ds": 3, "ct": 3, "st": 0, "ck": 0, "cf": 3, "mds": "1 (1ct 0st)", "dspi": 1}, {"tt": "2nd match innings", "sp": "2021-2021", "mt": 1, "in": 1, "pr": "innings_number=2", "ds": 0, "ct": 0, "st": 0, "ck": 0, "cf": 0, "mds": "0", "dspi": 0}]}, {"type": "FLOODLIT", "stats": [{"tt": "day/night match", "sp": "2016-2016", "mt": 2, "in": 2, "pr": "floodlit=2", "ds": 2, "ct": 2, "st": 0, "ck": 0, "cf": 2, "mds": "1 (1ct 0st)", "dspi": 1}, {"tt": "night match", "sp": "2019-2021", "mt": 2, "in": 2, "pr": "floodlit=3", "ds": 1, "ct": 1, "st": 0, "ck": 0, "cf": 1, "mds": "1 (1ct 0st)", "dspi": 0.5}]}, {"type": "RESULT", "stats": [{"tt": "won match", "sp": "2016-2021", "mt": 2, "in": 2, "pr": "result=1", "ds": 1, "ct": 1, "st": 0, "ck": 0, "cf": 1, "mds": "1 (1ct 0st)", "dspi": 0.5}, {"tt": "lost match", "sp": "2016-2019", "mt": 2, "in": 2, "pr": "result=2", "ds": 2, "ct": 2, "st": 0, "ck": 0, "cf": 2, "mds": "1 (1ct 0st)", "dspi": 1}]}, {"type": "BATTING_FIELDING_SEQUENCE_AND_RESULT", "stats": [{"tt": "won batting first", "sp": "2021-2021", "mt": 1, "in": 1, "pr": "batting_fielding_first=1;result=1", "ds": 0, "ct": 0, "st": 0, "ck": 0, "cf": 0, "mds": "0", "dspi": 0}, {"tt": "won fielding first", "sp": "2016-2016", "mt": 1, "in": 1, "pr": "batting_fielding_first=2;result=1", "ds": 1, "ct": 1, "st": 0, "ck": 0, "cf": 1, "mds": "1 (1ct 0st)", "dspi": 1}, {"tt": "lost fielding first", "sp": "2016-2019", "mt": 2, "in": 2, "pr": "batting_fielding_first=2;result=2", "ds": 2, "ct": 2, "st": 0, "ck": 0, "cf": 2, "mds": "1 (1ct 0st)", "dspi": 1}]}, {"type": "TOURNAMENT_TYPE", "stats": [{"tt": "2 team series", "sp": "2016-2021", "mt": 4, "in": 4, "pr": "tournament_type=2", "ds": 3, "ct": 3, "st": 0, "ck": 0, "cf": 3, "mds": "1 (1ct 0st)", "dspi": 0.75}]}, {"type": "MATCH_NUMBER", "stats": [{"tt": "1st match in series", "sp": "2016-2016", "mt": 1, "in": 1, "pr": "match_number=1", "ds": 1, "ct": 1, "st": 0, "ck": 0, "cf": 1, "mds": "1 (1ct 0st)", "dspi": 1}, {"tt": "2nd match in series", "sp": "2016-2016", "mt": 1, "in": 1, "pr": "match_number=2", "ds": 1, "ct": 1, "st": 0, "ck": 0, "cf": 1, "mds": "1 (1ct 0st)", "dspi": 1}, {"tt": "3rd match in series", "sp": "2019-2021", "mt": 2, "in": 2, "pr": "match_number=3", "ds": 1, "ct": 1, "st": 0, "ck": 0, "cf": 1, "mds": "1 (1ct 0st)", "dspi": 0.5}]}]}}