{"summary": {"recordClassId": 2, "type": "BATTING", "groups": [{"type": "CAREER_AVERAGES", "stats": [{"tt": "overview", "sp": "2017-2019", "mt": 9, "in": 5, "pr": null, "rn": 79, "fo": 5, "si": 2, "ft": 0, "hn": 0, "bf": 77, "dk": 0, "no": 2, "hs": "49", "bta": 26.33, "btsr": 102.59}]}, {"type": "OPPOSITION_TEAM", "stats": [{"tt": "vs Bangladesh", "sp": "2019-2019", "mt": 1, "in": null, "pr": "opposition=25", "rn": null, "fo": null, "si": null, "ft": null, "hn": null, "bf": null, "dk": null, "no": null, "hs": null, "bta": null, "btsr": null}, {"tt": "vs India", "sp": "2019-2019", "mt": 2, "in": 1, "pr": "opposition=6", "rn": 10, "fo": 1, "si": 0, "ft": 0, "hn": 0, "bf": 16, "dk": 0, "no": 0, "hs": "10", "bta": 10, "btsr": 62.5}, {"tt": "vs Pakistan", "sp": "2018-2018", "mt": 3, "in": 2, "pr": "opposition=7", "rn": 5, "fo": 1, "si": 0, "ft": 0, "hn": 0, "bf": 3, "dk": 0, "no": 1, "hs": "5", "bta": 5, "btsr": 166.66}, {"tt": "vs West Indies", "sp": "2017-2017", "mt": 3, "in": 2, "pr": "opposition=4", "rn": 64, "fo": 3, "si": 2, "ft": 0, "hn": 0, "bf": 58, "dk": 0, "no": 1, "hs": "49", "bta": 64, "btsr": 110.34}]}, {"type": "HOST_COUNTRY", "stats": [{"tt": "in New Zealand", "sp": "2017-2019", "mt": 9, "in": 5, "pr": "host=5", "rn": 79, "fo": 5, "si": 2, "ft": 0, "hn": 0, "bf": 77, "dk": 0, "no": 2, "hs": "49", "bta": 26.33, "btsr": 102.59}]}, {"type": "CONTINENT", "stats": [{"tt": "in Oceania", "sp": "2017-2019", "mt": 9, "in": 5, "pr": "continent=5", "rn": 79, "fo": 5, "si": 2, "ft": 0, "hn": 0, "bf": 77, "dk": 0, "no": 2, "hs": "49", "bta": 26.33, "btsr": 102.59}]}, {"type": "HOME_OR_AWAY", "stats": [{"tt": "home", "sp": "2017-2019", "mt": 9, "in": 5, "pr": "home_or_away=1", "rn": 79, "fo": 5, "si": 2, "ft": 0, "hn": 0, "bf": 77, "dk": 0, "no": 2, "hs": "49", "bta": 26.33, "btsr": 102.59}]}, {"type": "YEAR", "stats": [{"tt": "year 2017", "sp": null, "mt": 3, "in": 2, "pr": "year=2017", "rn": 64, "fo": 3, "si": 2, "ft": 0, "hn": 0, "bf": 58, "dk": 0, "no": 1, "hs": "49", "bta": 64, "btsr": 110.34}, {"tt": "year 2018", "sp": null, "mt": 3, "in": 2, "pr": "year=2018", "rn": 5, "fo": 1, "si": 0, "ft": 0, "hn": 0, "bf": 3, "dk": 0, "no": 1, "hs": "5", "bta": 5, "btsr": 166.66}, {"tt": "year 2019", "sp": null, "mt": 3, "in": 1, "pr": "year=2019", "rn": 10, "fo": 1, "si": 0, "ft": 0, "hn": 0, "bf": 16, "dk": 0, "no": 0, "hs": "10", "bta": 10, "btsr": 62.5}]}, {"type": "SEASON", "stats": [{"tt": "season 2017/18", "sp": null, "mt": 6, "in": 4, "pr": "season=NaN", "rn": 69, "fo": 4, "si": 2, "ft": 0, "hn": 0, "bf": 61, "dk": 0, "no": 2, "hs": "49", "bta": 34.5, "btsr": 113.11}, {"tt": "season 2018/19", "sp": null, "mt": 3, "in": 1, "pr": "season=NaN", "rn": 10, "fo": 1, "si": 0, "ft": 0, "hn": 0, "bf": 16, "dk": 0, "no": 0, "hs": "10", "bta": 10, "btsr": 62.5}]}, {"type": "CAPTAINS_INVOLVED", "stats": [{"tt": "*TWM Latham", "sp": "2017-2017", "mt": 2, "in": 1, "pr": "captain_involve=59148", "rn": 49, "fo": 1, "si": 2, "ft": 0, "hn": 0, "bf": 45, "dk": 0, "no": 0, "hs": "49", "bta": 49, "btsr": 108.88}, {"tt": "*KS Williamson", "sp": "2017-2019", "mt": 7, "in": 4, "pr": "captain_involve=51088", "rn": 30, "fo": 4, "si": 0, "ft": 0, "hn": 0, "bf": 32, "dk": 0, "no": 2, "hs": "15*", "bta": 15, "btsr": 93.75}]}, {"type": "CAPTAIN", "stats": [{"tt": "is not captain", "sp": "2017-2019", "mt": 9, "in": 5, "pr": "captain=0", "rn": 79, "fo": 5, "si": 2, "ft": 0, "hn": 0, "bf": 77, "dk": 0, "no": 2, "hs": "49", "bta": 26.33, "btsr": 102.59}]}, {"type": "KEEPER", "stats": [{"tt": "is not keeper", "sp": "2017-2019", "mt": 9, "in": 5, "pr": "keeper=0", "rn": 79, "fo": 5, "si": 2, "ft": 0, "hn": 0, "bf": 77, "dk": 0, "no": 2, "hs": "49", "bta": 26.33, "btsr": 102.59}]}, {"type": "TOSS", "stats": [{"tt": "won the toss", "sp": "2017-2019", "mt": 5, "in": 2, "pr": "toss=1", "rn": 20, "fo": 3, "si": 0, "ft": 0, "hn": 0, "bf": 16, "dk": 0, "no": 1, "hs": "15*", "bta": 20, "btsr": 125}, {"tt": "lost the toss", "sp": "2017-2019", "mt": 4, "in": 3, "pr": "toss=2", "rn": 59, "fo": 2, "si": 2, "ft": 0, "hn": 0, "bf": 61, "dk": 0, "no": 1, "hs": "49", "bta": 29.5, "btsr": 96.72}]}, {"type": "BATTING_FIELDING_SEQUENCE_AND_TOSS", "stats": [{"tt": "won toss &amp; batted", "sp": "2017-2018", "mt": 2, "in": 1, "pr": "batting_fielding_first=1;toss=1", "rn": 5, "fo": 1, "si": 0, "ft": 0, "hn": 0, "bf": 3, "dk": 0, "no": 0, "hs": "5", "bta": 5, "btsr": 166.66}, {"tt": "won toss &amp; fielded", "sp": "2017-2019", "mt": 3, "in": 1, "pr": "batting_fielding_first=2;toss=1", "rn": 15, "fo": 2, "si": 0, "ft": 0, "hn": 0, "bf": 13, "dk": 0, "no": 1, "hs": "15*", "bta": null, "btsr": 115.38}, {"tt": "lost toss &amp; sent in", "sp": "2017-2018", "mt": 2, "in": 2, "pr": "batting_fielding_first=1;toss=2", "rn": 49, "fo": 1, "si": 2, "ft": 0, "hn": 0, "bf": 45, "dk": 0, "no": 1, "hs": "49", "bta": 49, "btsr": 108.88}, {"tt": "lost toss &amp; fielded", "sp": "2018-2019", "mt": 2, "in": 1, "pr": "batting_fielding_first=2;toss=2", "rn": 10, "fo": 1, "si": 0, "ft": 0, "hn": 0, "bf": 16, "dk": 0, "no": 0, "hs": "10", "bta": 10, "btsr": 62.5}]}, {"type": "BATTING_FIELDING_SEQUENCE", "stats": [{"tt": "matches batting first", "sp": "2017-2018", "mt": 4, "in": 3, "pr": "batting_fielding_first=1", "rn": 54, "fo": 2, "si": 2, "ft": 0, "hn": 0, "bf": 48, "dk": 0, "no": 1, "hs": "49", "bta": 27, "btsr": 112.5}, {"tt": "matches fielding first", "sp": "2017-2019", "mt": 5, "in": 2, "pr": "batting_fielding_first=2", "rn": 25, "fo": 3, "si": 0, "ft": 0, "hn": 0, "bf": 29, "dk": 0, "no": 1, "hs": "15*", "bta": 25, "btsr": 86.2}]}, {"type": "TEAM_INNINGS", "stats": [{"tt": "1st team innings", "sp": "2017-2019", "mt": 9, "in": 5, "pr": null, "rn": 79, "fo": 5, "si": 2, "ft": 0, "hn": 0, "bf": 77, "dk": 0, "no": 2, "hs": "49", "bta": 26.33, "btsr": 102.59}]}, {"type": "MATCH_INNINGS", "stats": [{"tt": "1st match innings", "sp": "2017-2018", "mt": 4, "in": 3, "pr": "innings_number=1", "rn": 54, "fo": 2, "si": 2, "ft": 0, "hn": 0, "bf": 48, "dk": 0, "no": 1, "hs": "49", "bta": 27, "btsr": 112.5}, {"tt": "2nd match innings", "sp": "2017-2019", "mt": 5, "in": 2, "pr": "innings_number=2", "rn": 25, "fo": 3, "si": 0, "ft": 0, "hn": 0, "bf": 29, "dk": 0, "no": 1, "hs": "15*", "bta": 25, "btsr": 86.2}]}, {"type": "FLOODLIT", "stats": [{"tt": "day match", "sp": "2017-2019", "mt": 7, "in": 4, "pr": "floodlit=1", "rn": 69, "fo": 4, "si": 2, "ft": 0, "hn": 0, "bf": 61, "dk": 0, "no": 2, "hs": "49", "bta": 34.5, "btsr": 113.11}, {"tt": "day/night match", "sp": "2019-2019", "mt": 2, "in": 1, "pr": "floodlit=2", "rn": 10, "fo": 1, "si": 0, "ft": 0, "hn": 0, "bf": 16, "dk": 0, "no": 0, "hs": "10", "bta": 10, "btsr": 62.5}]}, {"type": "RESULT", "stats": [{"tt": "won match", "sp": "2017-2019", "mt": 8, "in": 4, "pr": "result=1", "rn": 69, "fo": 4, "si": 2, "ft": 0, "hn": 0, "bf": 61, "dk": 0, "no": 2, "hs": "49", "bta": 34.5, "btsr": 113.11}, {"tt": "lost match", "sp": "2019-2019", "mt": 1, "in": 1, "pr": "result=2", "rn": 10, "fo": 1, "si": 0, "ft": 0, "hn": 0, "bf": 16, "dk": 0, "no": 0, "hs": "10", "bta": 10, "btsr": 62.5}]}, {"type": "BATTING_FIELDING_SEQUENCE_AND_RESULT", "stats": [{"tt": "won batting first", "sp": "2017-2018", "mt": 4, "in": 3, "pr": "batting_fielding_first=1;result=1", "rn": 54, "fo": 2, "si": 2, "ft": 0, "hn": 0, "bf": 48, "dk": 0, "no": 1, "hs": "49", "bta": 27, "btsr": 112.5}, {"tt": "won fielding first", "sp": "2017-2019", "mt": 4, "in": 1, "pr": "batting_fielding_first=2;result=1", "rn": 15, "fo": 2, "si": 0, "ft": 0, "hn": 0, "bf": 13, "dk": 0, "no": 1, "hs": "15*", "bta": null, "btsr": 115.38}, {"tt": "lost fielding first", "sp": "2019-2019", "mt": 1, "in": 1, "pr": "batting_fielding_first=2;result=2", "rn": 10, "fo": 1, "si": 0, "ft": 0, "hn": 0, "bf": 16, "dk": 0, "no": 0, "hs": "10", "bta": 10, "btsr": 62.5}]}, {"type": "TOURNAMENT_TYPE", "stats": [{"tt": "2 team series", "sp": "2017-2019", "mt": 9, "in": 5, "pr": "tournament_type=2", "rn": 79, "fo": 5, "si": 2, "ft": 0, "hn": 0, "bf": 77, "dk": 0, "no": 2, "hs": "49", "bta": 26.33, "btsr": 102.59}]}, {"type": "MATCH_NUMBER", "stats": [{"tt": "1st match in series", "sp": "2017-2018", "mt": 2, "in": 2, "pr": "match_number=1", "rn": 15, "fo": 2, "si": 0, "ft": 0, "hn": 0, "bf": 13, "dk": 0, "no": 2, "hs": "15*", "bta": null, "btsr": 115.38}, {"tt": "2nd match in series", "sp": "2017-2019", "mt": 3, "in": 1, "pr": "match_number=2", "rn": 49, "fo": 1, "si": 2, "ft": 0, "hn": 0, "bf": 45, "dk": 0, "no": 0, "hs": "49", "bta": 49, "btsr": 108.88}, {"tt": "3rd match in series", "sp": "2017-2018", "mt": 2, "in": 1, "pr": "match_number=3", "rn": 5, "fo": 1, "si": 0, "ft": 0, "hn": 0, "bf": 3, "dk": 0, "no": 0, "hs": "5", "bta": 5, "btsr": 166.66}, {"tt": "4th match in series", "sp": "2019-2019", "mt": 1, "in": null, "pr": "match_number=4", "rn": null, "fo": null, "si": null, "ft": null, "hn": null, "bf": null, "dk": null, "no": null, "hs": null, "bta": null, "btsr": null}, {"tt": "5th match in series", "sp": "2019-2019", "mt": 1, "in": 1, "pr": "match_number=5", "rn": 10, "fo": 1, "si": 0, "ft": 0, "hn": 0, "bf": 16, "dk": 0, "no": 0, "hs": "10", "bta": 10, "btsr": 62.5}]}, {"type": "BATTING_POSITION", "stats": [{"tt": "7th position", "sp": "2017-2017", "mt": 2, "in": 2, "pr": "batting_positionval1=batting_position;batting_positionmin1=7;batting_positionmax1=7", "rn": 64, "fo": 3, "si": 2, "ft": 0, "hn": 0, "bf": 58, "dk": 0, "no": 1, "hs": "49", "bta": 64, "btsr": 110.34}, {"tt": "8th position", "sp": "2018-2018", "mt": 1, "in": 1, "pr": "batting_positionval1=batting_position;batting_positionmin1=8;batting_positionmax1=8", "rn": 5, "fo": 1, "si": 0, "ft": 0, "hn": 0, "bf": 3, "dk": 0, "no": 0, "hs": "5", "bta": 5, "btsr": 166.66}, {"tt": "9th position", "sp": "2018-2019", "mt": 2, "in": 2, "pr": "batting_positionval1=batting_position;batting_positionmin1=9;batting_positionmax1=9", "rn": 10, "fo": 1, "si": 0, "ft": 0, "hn": 0, "bf": 16, "dk": 0, "no": 1, "hs": "10", "bta": 10, "btsr": 62.5}]}]}}