{"player": {"id": 48641, "objectId": 213674, "name": "TD Astle", "longName": "Todd Astle", "mobileName": "Astle", "indexName": "Astle, TD", "battingName": "TD Astle", "fieldingName": "Astle", "slug": "todd-astle", "gender": "M", "playingRole": "bowler", "battingStyles": ["rhb"], "bowlingStyles": ["lb"], "longBattingStyles": ["right-hand bat"], "longBowlingStyles": ["legbreak"], "image": {"id": 303671, "objectId": 1222469, "slug": "todd-astle-portrait", "url": "/db/PICTURES/CMS/303600/303671.png", "width": 160, "height": 201, "caption": "Todd Astle portrait", "longCaption": "Todd Astle, May 2020", "credit": "Getty Images", "photographer": null, "peerUrls": null}, "countryTeamId": 5, "playingRoleType": "P", "playingRoles": ["bowler"], "dateOfBirth": {"year": 1986, "month": 9, "date": 24}, "dateOfDeath": null, "fullName": "Todd Duncan Astle", "nickNames": "", "alsoKnownAs": "", "height": 0, "heightUnit": null, "education": "", "country": {"id": 5, "objectId": 5, "name": "New Zealand", "shortName": "New Zealand", "image": {"id": 313127, "objectId": 1241586, "slug": "new-zealand-logo", "url": "/db/PICTURES/CMS/313100/313127.logo.png", "width": 500, "height": 500, "caption": "New Zealand logo", "longCaption": "New Zealand logo", "credit": null, "photographer": null, "peerUrls": null}}, "altCountryTeamId": null, "placeOfBirth": "Palmerston North, New Zealand", "dobText": null, "dodText": null, "placeOfDeath": "", "intlCareerSpan": "2012 - 2021", "headshotImage": {"id": 321314, "objectId": 1262887, "slug": "todd-astle-player-page-headshot-cutout-2021", "url": "/db/PICTURES/CMS/321300/321314.png", "width": 600, "height": 436, "caption": "Todd Astle player page headshot cutout, 2021", "longCaption": "Todd Astle player page headshot cutout, 2021", "credit": "", "photographer": null, "peerUrls": {"FILM": null, "WIDE": null, "SQUARE": "/db/PICTURES/CMS/321300/321314.square.png"}}, "backgroundImage": {"id": 152184, "objectId": 594180, "slug": "todd-astle-scored-35-and-shared-a-97-run-stand-with-ross-taylor", "url": "/db/PICTURES/CMS/152100/152184.jpg", "width": 900, "height": 1000, "caption": "Todd Astle scored 35, and shared a 97-run stand with Ross Taylor", "longCaption": "Todd Astle scored 35, and shared a 97-run stand with Ross Taylor, Sri Lanka v New Zealand, 2nd Test, Colombo, 4th day, November 28, 2012", "credit": "Associated Press", "photographer": null, "peerUrls": {"FILM": null, "WIDE": "/db/PICTURES/CMS/152100/152184.5.jpg", "SQUARE": "/db/PICTURES/CMS/152100/152184.2.jpg"}}, "externalLinks": [], "fieldingStyles": [], "otherStyles": [], "matchPlayerTypes": [1], "hasRecords": true, "hasStats": true, "hasMatches": true, "totalStories": 60, "totalVideos": 1, "totalImages": 32}, "teams": [{"team": {"id": 5, "objectId": 5, "scribeId": 5, "slug": "new-zealand", "name": "New Zealand", "longName": "New Zealand", "abbreviation": "NZ", "isCountry": true, "primaryColor": "#000000", "image": {"id": 313127, "objectId": 1241586, "slug": "new-zealand-logo", "url": "/db/PICTURES/CMS/313100/313127.logo.png", "width": 500, "height": 500, "caption": "New Zealand logo", "longCaption": "New Zealand logo", "credit": null, "photographer": null, "peerUrls": null}}, "current": false}, {"team": {"id": 2520, "objectId": 2469, "scribeId": 2469, "slug": "canterbury", "name": "Canterbury", "longName": "Canterbury", "abbreviation": "CANT", "isCountry": false, "primaryColor": null, "image": {"id": 313330, "objectId": 1241789, "slug": "canterbury-logo", "url": "/db/PICTURES/CMS/313300/313330.logo.png", "width": 500, "height": 500, "caption": "Canterbury logo", "longCaption": "Canterbury logo", "credit": null, "photographer": null, "peerUrls": null}}, "current": false}, {"team": {"id": 2591, "objectId": 2540, "scribeId": 2540, "slug": "new-zealand-a", "name": "NZ A", "longName": "New Zealand A", "abbreviation": "NZ-A", "isCountry": false, "primaryColor": null, "image": {"id": 313333, "objectId": 1241792, "slug": "new-zealand-a-logo", "url": "/db/PICTURES/CMS/313300/313333.logo.png", "width": 500, "height": 500, "caption": "New Zealand A logo", "longCaption": "New Zealand A logo", "credit": null, "photographer": null, "peerUrls": null}}, "current": false}, {"team": {"id": 2592, "objectId": 2541, "scribeId": 2541, "slug": "new-zealand-academy", "name": "", "longName": "New Zealand Academy", "abbreviation": "", "isCountry": false, "primaryColor": null, "image": null}, "current": false}]}