{"summary": {"recordClassId": 2, "type": "FIELDING", "groups": [{"type": "CAREER_AVERAGES", "stats": [{"tt": "overview", "sp": "2017-2019", "mt": 9, "in": 9, "pr": null, "ds": 2, "ct": 2, "st": 0, "ck": 0, "cf": 2, "mds": "1 (1ct 0st)", "dspi": 0.222}]}, {"type": "OPPOSITION_TEAM", "stats": [{"tt": "vs Bangladesh", "sp": "2019-2019", "mt": 1, "in": 1, "pr": "opposition=25", "ds": 0, "ct": 0, "st": 0, "ck": 0, "cf": 0, "mds": "0", "dspi": 0}, {"tt": "vs India", "sp": "2019-2019", "mt": 2, "in": 2, "pr": "opposition=6", "ds": 0, "ct": 0, "st": 0, "ck": 0, "cf": 0, "mds": "0", "dspi": 0}, {"tt": "vs Pakistan", "sp": "2018-2018", "mt": 3, "in": 3, "pr": "opposition=7", "ds": 2, "ct": 2, "st": 0, "ck": 0, "cf": 2, "mds": "1 (1ct 0st)", "dspi": 0.666}, {"tt": "vs West Indies", "sp": "2017-2017", "mt": 3, "in": 3, "pr": "opposition=4", "ds": 0, "ct": 0, "st": 0, "ck": 0, "cf": 0, "mds": "0", "dspi": 0}]}, {"type": "HOST_COUNTRY", "stats": [{"tt": "in New Zealand", "sp": "2017-2019", "mt": 9, "in": 9, "pr": "host=5", "ds": 2, "ct": 2, "st": 0, "ck": 0, "cf": 2, "mds": "1 (1ct 0st)", "dspi": 0.222}]}, {"type": "CONTINENT", "stats": [{"tt": "in Oceania", "sp": "2017-2019", "mt": 9, "in": 9, "pr": "continent=5", "ds": 2, "ct": 2, "st": 0, "ck": 0, "cf": 2, "mds": "1 (1ct 0st)", "dspi": 0.222}]}, {"type": "HOME_OR_AWAY", "stats": [{"tt": "home", "sp": "2017-2019", "mt": 9, "in": 9, "pr": "home_or_away=1", "ds": 2, "ct": 2, "st": 0, "ck": 0, "cf": 2, "mds": "1 (1ct 0st)", "dspi": 0.222}]}, {"type": "YEAR", "stats": [{"tt": "year 2017", "sp": null, "mt": 3, "in": 3, "pr": "year=2017", "ds": 0, "ct": 0, "st": 0, "ck": 0, "cf": 0, "mds": "0", "dspi": 0}, {"tt": "year 2018", "sp": null, "mt": 3, "in": 3, "pr": "year=2018", "ds": 2, "ct": 2, "st": 0, "ck": 0, "cf": 2, "mds": "1 (1ct 0st)", "dspi": 0.666}, {"tt": "year 2019", "sp": null, "mt": 3, "in": 3, "pr": "year=2019", "ds": 0, "ct": 0, "st": 0, "ck": 0, "cf": 0, "mds": "0", "dspi": 0}]}, {"type": "SEASON", "stats": [{"tt": "season 2017/18", "sp": null, "mt": 6, "in": 6, "pr": "season=2017/18", "ds": 2, "ct": 2, "st": 0, "ck": 0, "cf": 2, "mds": "1 (1ct 0st)", "dspi": 0.333}, {"tt": "season 2018/19", "sp": null, "mt": 3, "in": 3, "pr": "season=2018/19", "ds": 0, "ct": 0, "st": 0, "ck": 0, "cf": 0, "mds": "0", "dspi": 0}]}, {"type": "CAPTAINS_INVOLVED", "stats": [{"tt": "*TWM Latham", "sp": "2017-2017", "mt": 2, "in": 2, "pr": "captain_involve=59148", "ds": 0, "ct": 0, "st": 0, "ck": 0, "cf": 0, "mds": "0", "dspi": 0}, {"tt": "*KS Williamson", "sp": "2017-2019", "mt": 7, "in": 7, "pr": "captain_involve=51088", "ds": 2, "ct": 2, "st": 0, "ck": 0, "cf": 2, "mds": "1 (1ct 0st)", "dspi": 0.285}]}, {"type": "CAPTAIN", "stats": [{"tt": "is not captain", "sp": "2017-2019", "mt": 9, "in": 9, "pr": "captain=0", "ds": 2, "ct": 2, "st": 0, "ck": 0, "cf": 2, "mds": "1 (1ct 0st)", "dspi": 0.222}]}, {"type": "KEEPER", "stats": [{"tt": "is not keeper", "sp": "2017-2019", "mt": 9, "in": 9, "pr": "keeper=0", "ds": 2, "ct": 2, "st": 0, "ck": 0, "cf": 2, "mds": "1 (1ct 0st)", "dspi": 0.222}]}, {"type": "TOSS", "stats": [{"tt": "won the toss", "sp": "2017-2019", "mt": 5, "in": 5, "pr": "toss=1", "ds": 1, "ct": 1, "st": 0, "ck": 0, "cf": 1, "mds": "1 (1ct 0st)", "dspi": 0.2}, {"tt": "lost the toss", "sp": "2017-2019", "mt": 4, "in": 4, "pr": "toss=2", "ds": 1, "ct": 1, "st": 0, "ck": 0, "cf": 1, "mds": "1 (1ct 0st)", "dspi": 0.25}]}, {"type": "BATTING_FIELDING_SEQUENCE_AND_TOSS", "stats": [{"tt": "won toss &amp; batted", "sp": "2017-2018", "mt": 2, "in": 2, "pr": "batting_fielding_first=1;toss=1", "ds": 1, "ct": 1, "st": 0, "ck": 0, "cf": 1, "mds": "1 (1ct 0st)", "dspi": 0.5}, {"tt": "won toss &amp; fielded", "sp": "2017-2019", "mt": 3, "in": 3, "pr": "batting_fielding_first=2;toss=1", "ds": 0, "ct": 0, "st": 0, "ck": 0, "cf": 0, "mds": "0", "dspi": 0}, {"tt": "lost toss &amp; sent in", "sp": "2017-2018", "mt": 2, "in": 2, "pr": "batting_fielding_first=1;toss=2", "ds": 0, "ct": 0, "st": 0, "ck": 0, "cf": 0, "mds": "0", "dspi": 0}, {"tt": "lost toss &amp; fielded", "sp": "2018-2019", "mt": 2, "in": 2, "pr": "batting_fielding_first=2;toss=2", "ds": 1, "ct": 1, "st": 0, "ck": 0, "cf": 1, "mds": "1 (1ct 0st)", "dspi": 0.5}]}, {"type": "BATTING_FIELDING_SEQUENCE", "stats": [{"tt": "matches batting first", "sp": "2017-2018", "mt": 4, "in": 4, "pr": "batting_fielding_first=1", "ds": 1, "ct": 1, "st": 0, "ck": 0, "cf": 1, "mds": "1 (1ct 0st)", "dspi": 0.25}, {"tt": "matches fielding first", "sp": "2017-2019", "mt": 5, "in": 5, "pr": "batting_fielding_first=2", "ds": 1, "ct": 1, "st": 0, "ck": 0, "cf": 1, "mds": "1 (1ct 0st)", "dspi": 0.2}]}, {"type": "TEAM_INNINGS", "stats": [{"tt": "1st team innings", "sp": "2017-2019", "mt": 9, "in": 9, "pr": "innings_number=1;innings_number=2", "ds": 2, "ct": 2, "st": 0, "ck": 0, "cf": 2, "mds": "1 (1ct 0st)", "dspi": 0.222}]}, {"type": "MATCH_INNINGS", "stats": [{"tt": "1st match innings", "sp": "2017-2019", "mt": 5, "in": 5, "pr": "innings_number=1", "ds": 1, "ct": 1, "st": 0, "ck": 0, "cf": 1, "mds": "1 (1ct 0st)", "dspi": 0.2}, {"tt": "2nd match innings", "sp": "2017-2018", "mt": 4, "in": 4, "pr": "innings_number=2", "ds": 1, "ct": 1, "st": 0, "ck": 0, "cf": 1, "mds": "1 (1ct 0st)", "dspi": 0.25}]}, {"type": "FLOODLIT", "stats": [{"tt": "day match", "sp": "2017-2019", "mt": 7, "in": 7, "pr": "floodlit=1", "ds": 2, "ct": 2, "st": 0, "ck": 0, "cf": 2, "mds": "1 (1ct 0st)", "dspi": 0.285}, {"tt": "day/night match", "sp": "2019-2019", "mt": 2, "in": 2, "pr": "floodlit=2", "ds": 0, "ct": 0, "st": 0, "ck": 0, "cf": 0, "mds": "0", "dspi": 0}]}, {"type": "RESULT", "stats": [{"tt": "won match", "sp": "2017-2019", "mt": 8, "in": 8, "pr": "result=1", "ds": 2, "ct": 2, "st": 0, "ck": 0, "cf": 2, "mds": "1 (1ct 0st)", "dspi": 0.25}, {"tt": "lost match", "sp": "2019-2019", "mt": 1, "in": 1, "pr": "result=2", "ds": 0, "ct": 0, "st": 0, "ck": 0, "cf": 0, "mds": "0", "dspi": 0}]}, {"type": "BATTING_FIELDING_SEQUENCE_AND_RESULT", "stats": [{"tt": "won batting first", "sp": "2017-2018", "mt": 4, "in": 4, "pr": "batting_fielding_first=1;result=1", "ds": 1, "ct": 1, "st": 0, "ck": 0, "cf": 1, "mds": "1 (1ct 0st)", "dspi": 0.25}, {"tt": "won fielding first", "sp": "2017-2019", "mt": 4, "in": 4, "pr": "batting_fielding_first=2;result=1", "ds": 1, "ct": 1, "st": 0, "ck": 0, "cf": 1, "mds": "1 (1ct 0st)", "dspi": 0.25}, {"tt": "lost fielding first", "sp": "2019-2019", "mt": 1, "in": 1, "pr": "batting_fielding_first=2;result=2", "ds": 0, "ct": 0, "st": 0, "ck": 0, "cf": 0, "mds": "0", "dspi": 0}]}, {"type": "TOURNAMENT_TYPE", "stats": [{"tt": "2 team series", "sp": "2017-2019", "mt": 9, "in": 9, "pr": "tournament_type=2", "ds": 2, "ct": 2, "st": 0, "ck": 0, "cf": 2, "mds": "1 (1ct 0st)", "dspi": 0.222}]}, {"type": "MATCH_NUMBER", "stats": [{"tt": "1st match in series", "sp": "2017-2018", "mt": 2, "in": 2, "pr": "match_number=1", "ds": 0, "ct": 0, "st": 0, "ck": 0, "cf": 0, "mds": "0", "dspi": 0}, {"tt": "2nd match in series", "sp": "2017-2019", "mt": 3, "in": 3, "pr": "match_number=2", "ds": 1, "ct": 1, "st": 0, "ck": 0, "cf": 1, "mds": "1 (1ct 0st)", "dspi": 0.333}, {"tt": "3rd match in series", "sp": "2017-2018", "mt": 2, "in": 2, "pr": "match_number=3", "ds": 1, "ct": 1, "st": 0, "ck": 0, "cf": 1, "mds": "1 (1ct 0st)", "dspi": 0.5}, {"tt": "4th match in series", "sp": "2019-2019", "mt": 1, "in": 1, "pr": "match_number=4", "ds": 0, "ct": 0, "st": 0, "ck": 0, "cf": 0, "mds": "0", "dspi": 0}, {"tt": "5th match in series", "sp": "2019-2019", "mt": 1, "in": 1, "pr": "match_number=5", "ds": 0, "ct": 0, "st": 0, "ck": 0, "cf": 0, "mds": "0", "dspi": 0}]}]}}