{"summary": {"recordClassId": 2, "type": "ALLROUND", "groups": [{"type": "CAREER_AVERAGES", "stats": [{"tt": "overview", "sp": "2017-2019", "mt": 9, "pr": null, "rn": 79, "wk": 10, "ct": 2, "st": 0, "hs": "49", "hn": 0, "bbi": "3/33", "bta": 26.33, "bwa": 24.6, "fw": 0, "bbad": 1.73}]}, {"type": "OPPOSITION_TEAM", "stats": [{"tt": "v Bangladesh", "sp": "2019-2019", "mt": 1, "pr": "opposition=25", "rn": null, "wk": 2, "ct": 0, "st": 0, "hs": null, "hn": null, "bbi": "2/52", "bta": null, "bwa": 26, "fw": 0, "bbad": null}, {"tt": "v India", "sp": "2019-2019", "mt": 2, "pr": "opposition=6", "rn": 10, "wk": 1, "ct": 0, "st": 0, "hs": "10", "hn": 0, "bbi": "1/9", "bta": 10, "bwa": 44, "fw": 0, "bbad": -34}, {"tt": "v Pakistan", "sp": "2018-2018", "mt": 3, "pr": "opposition=7", "rn": 5, "wk": 3, "ct": 2, "st": 0, "hs": "5", "hn": 0, "bbi": "2/50", "bta": 5, "bwa": 26.33, "fw": 0, "bbad": -21.33}, {"tt": "v West Indies", "sp": "2017-2017", "mt": 3, "pr": "opposition=4", "rn": 64, "wk": 4, "ct": 0, "st": 0, "hs": "49", "hn": 0, "bbi": "3/33", "bta": 64, "bwa": 17.75, "fw": 0, "bbad": 46.25}]}, {"type": "HOST_COUNTRY", "stats": [{"tt": "in New Zealand", "sp": "2017-2019", "mt": 9, "pr": "host=5", "rn": 79, "wk": 10, "ct": 2, "st": 0, "hs": "49", "hn": 0, "bbi": "3/33", "bta": 26.33, "bwa": 24.6, "fw": 0, "bbad": 1.73}]}, {"type": "CONTINENT", "stats": [{"tt": "in Oceania", "sp": "2017-2019", "mt": 9, "pr": "continent=5", "rn": 79, "wk": 10, "ct": 2, "st": 0, "hs": "49", "hn": 0, "bbi": "3/33", "bta": 26.33, "bwa": 24.6, "fw": 0, "bbad": 1.73}]}, {"type": "HOME_OR_AWAY", "stats": [{"tt": "home", "sp": "2017-2019", "mt": 9, "pr": "home_or_away=1", "rn": 79, "wk": 10, "ct": 2, "st": 0, "hs": "49", "hn": 0, "bbi": "3/33", "bta": 26.33, "bwa": 24.6, "fw": 0, "bbad": 1.73}]}, {"type": "YEAR", "stats": [{"tt": "year 2017", "sp": null, "mt": 3, "pr": "year=2017", "rn": 64, "wk": 4, "ct": 0, "st": 0, "hs": "49", "hn": 0, "bbi": "3/33", "bta": 64, "bwa": 17.75, "fw": 0, "bbad": 46.25}, {"tt": "year 2018", "sp": null, "mt": 3, "pr": "year=2018", "rn": 5, "wk": 3, "ct": 2, "st": 0, "hs": "5", "hn": 0, "bbi": "2/50", "bta": 5, "bwa": 26.33, "fw": 0, "bbad": -21.33}, {"tt": "year 2019", "sp": null, "mt": 3, "pr": "year=2019", "rn": 10, "wk": 3, "ct": 0, "st": 0, "hs": "10", "hn": 0, "bbi": "2/52", "bta": 10, "bwa": 32, "fw": 0, "bbad": -22}]}, {"type": "SEASON", "stats": [{"tt": "season 2017/18", "sp": null, "mt": 6, "pr": "season=2017/18", "rn": 69, "wk": 7, "ct": 2, "st": 0, "hs": "49", "hn": 0, "bbi": "3/33", "bta": 34.5, "bwa": 21.42, "fw": 0, "bbad": 13.07}, {"tt": "season 2018/19", "sp": null, "mt": 3, "pr": "season=2018/19", "rn": 10, "wk": 3, "ct": 0, "st": 0, "hs": "10", "hn": 0, "bbi": "2/52", "bta": 10, "bwa": 32, "fw": 0, "bbad": -22}]}, {"type": "CAPTAINS_INVOLVED", "stats": [{"tt": "*TWM Latham", "sp": "2017-2017", "mt": 2, "pr": "captain_involve=59148", "rn": 49, "wk": 1, "ct": 0, "st": 0, "hs": "49", "hn": 0, "bbi": "1/24", "bta": 49, "bwa": 38, "fw": 0, "bbad": 11}, {"tt": "*KS Williamson", "sp": "2017-2019", "mt": 7, "pr": "captain_involve=51088", "rn": 30, "wk": 9, "ct": 2, "st": 0, "hs": "15*", "hn": 0, "bbi": "3/33", "bta": 15, "bwa": 23.11, "fw": 0, "bbad": -8.11}]}, {"type": "CAPTAIN", "stats": [{"tt": "is not captain", "sp": "2017-2019", "mt": 9, "pr": "captain=0", "rn": 79, "wk": 10, "ct": 2, "st": 0, "hs": "49", "hn": 0, "bbi": "3/33", "bta": 26.33, "bwa": 24.6, "fw": 0, "bbad": 1.73}]}, {"type": "KEEPER", "stats": [{"tt": "is not keeper", "sp": "2017-2019", "mt": 9, "pr": "keeper=0", "rn": 79, "wk": 10, "ct": 2, "st": 0, "hs": "49", "hn": 0, "bbi": "3/33", "bta": 26.33, "bwa": 24.6, "fw": 0, "bbad": 1.73}]}, {"type": "TOSS", "stats": [{"tt": "won the toss", "sp": "2017-2019", "mt": 5, "pr": "toss=1", "rn": 20, "wk": 7, "ct": 1, "st": 0, "hs": "15*", "hn": 0, "bbi": "3/33", "bta": 20, "bwa": 16.85, "fw": 0, "bbad": 3.14}, {"tt": "lost the toss", "sp": "2017-2019", "mt": 4, "pr": "toss=2", "rn": 59, "wk": 3, "ct": 1, "st": 0, "hs": "49", "hn": 0, "bbi": "2/50", "bta": 29.5, "bwa": 42.66, "fw": 0, "bbad": -13.16}]}, {"type": "BATTING_FIELDING_SEQUENCE_AND_TOSS", "stats": [{"tt": "won toss &amp; batted", "sp": "2017-2018", "mt": 2, "pr": "batting_fielding_first=1;toss=1", "rn": 5, "wk": 1, "ct": 1, "st": 0, "hs": "5", "hn": 0, "bbi": "1/24", "bta": 5, "bwa": 24, "fw": 0, "bbad": -19}, {"tt": "won toss &amp; fielded", "sp": "2017-2019", "mt": 3, "pr": "batting_fielding_first=2;toss=1", "rn": 15, "wk": 6, "ct": 0, "st": 0, "hs": "15*", "hn": 0, "bbi": "3/33", "bta": null, "bwa": 15.66, "fw": 0, "bbad": null}, {"tt": "lost toss &amp; sent in", "sp": "2017-2018", "mt": 2, "pr": "batting_fielding_first=1;toss=2", "rn": 49, "wk": 1, "ct": 0, "st": 0, "hs": "49", "hn": 0, "bbi": "1/29", "bta": 49, "bwa": 43, "fw": 0, "bbad": 6}, {"tt": "lost toss &amp; fielded", "sp": "2018-2019", "mt": 2, "pr": "batting_fielding_first=2;toss=2", "rn": 10, "wk": 2, "ct": 1, "st": 0, "hs": "10", "hn": 0, "bbi": "2/50", "bta": 10, "bwa": 42.5, "fw": 0, "bbad": -32.5}]}, {"type": "BATTING_FIELDING_SEQUENCE", "stats": [{"tt": "matches batting first", "sp": "2017-2018", "mt": 4, "pr": "batting_fielding_first=1", "rn": 54, "wk": 2, "ct": 1, "st": 0, "hs": "49", "hn": 0, "bbi": "1/24", "bta": 27, "bwa": 33.5, "fw": 0, "bbad": -6.5}, {"tt": "matches fielding first", "sp": "2017-2019", "mt": 5, "pr": "batting_fielding_first=2", "rn": 25, "wk": 8, "ct": 1, "st": 0, "hs": "15*", "hn": 0, "bbi": "3/33", "bta": 25, "bwa": 22.37, "fw": 0, "bbad": 2.62}]}, {"type": "TEAM_INNINGS", "stats": [{"tt": "1st team innings", "sp": "2017-2019", "mt": 9, "pr": "innings_number=1;innings_number=2", "rn": 79, "wk": 10, "ct": 2, "st": 0, "hs": "49", "hn": 0, "bbi": "3/33", "bta": 26.33, "bwa": 24.6, "fw": 0, "bbad": 1.73}]}, {"type": "MATCH_INNINGS", "stats": [{"tt": "1st match innings", "sp": "2017-2019", "mt": 9, "pr": "innings_number=1", "rn": 54, "wk": 8, "ct": 1, "st": 0, "hs": "49", "hn": 0, "bbi": "3/33", "bta": 27, "bwa": 22.37, "fw": 0, "bbad": 4.62}, {"tt": "2nd match innings", "sp": "2017-2019", "mt": 9, "pr": "innings_number=2", "rn": 25, "wk": 2, "ct": 1, "st": 0, "hs": "15*", "hn": 0, "bbi": "1/24", "bta": 25, "bwa": 33.5, "fw": 0, "bbad": -8.5}]}, {"type": "FLOODLIT", "stats": [{"tt": "day match", "sp": "2017-2019", "mt": 7, "pr": "floodlit=1", "rn": 69, "wk": 9, "ct": 2, "st": 0, "hs": "49", "hn": 0, "bbi": "3/33", "bta": 34.5, "bwa": 22.44, "fw": 0, "bbad": 12.05}, {"tt": "day/night match", "sp": "2019-2019", "mt": 2, "pr": "floodlit=2", "rn": 10, "wk": 1, "ct": 0, "st": 0, "hs": "10", "hn": 0, "bbi": "1/9", "bta": 10, "bwa": 44, "fw": 0, "bbad": -34}]}, {"type": "RESULT", "stats": [{"tt": "won match", "sp": "2017-2019", "mt": 8, "pr": "result=1", "rn": 69, "wk": 10, "ct": 2, "st": 0, "hs": "49", "hn": 0, "bbi": "3/33", "bta": 34.5, "bwa": 21.1, "fw": 0, "bbad": 13.4}, {"tt": "lost match", "sp": "2019-2019", "mt": 1, "pr": "result=2", "rn": 10, "wk": 0, "ct": 0, "st": 0, "hs": "10", "hn": 0, "bbi": "-", "bta": 10, "bwa": null, "fw": 0, "bbad": null}]}, {"type": "BATTING_FIELDING_SEQUENCE_AND_RESULT", "stats": [{"tt": "won batting first", "sp": "2017-2018", "mt": 4, "pr": "batting_fielding_first=1;result=1", "rn": 54, "wk": 2, "ct": 1, "st": 0, "hs": "49", "hn": 0, "bbi": "1/24", "bta": 27, "bwa": 33.5, "fw": 0, "bbad": -6.5}, {"tt": "won fielding first", "sp": "2017-2019", "mt": 4, "pr": "batting_fielding_first=2;result=1", "rn": 15, "wk": 8, "ct": 1, "st": 0, "hs": "15*", "hn": 0, "bbi": "3/33", "bta": null, "bwa": 18, "fw": 0, "bbad": null}, {"tt": "lost fielding first", "sp": "2019-2019", "mt": 1, "pr": "batting_fielding_first=2;result=2", "rn": 10, "wk": 0, "ct": 0, "st": 0, "hs": "10", "hn": 0, "bbi": "-", "bta": 10, "bwa": null, "fw": 0, "bbad": null}]}, {"type": "TOURNAMENT_TYPE", "stats": [{"tt": "2 team series", "sp": "2017-2019", "mt": 9, "pr": "tournament_type=2", "rn": 79, "wk": 10, "ct": 2, "st": 0, "hs": "49", "hn": 0, "bbi": "3/33", "bta": 26.33, "bwa": 24.6, "fw": 0, "bbad": 1.73}]}, {"type": "MATCH_NUMBER", "stats": [{"tt": "1st match in series", "sp": "2017-2018", "mt": 2, "pr": "match_number=1", "rn": 15, "wk": 4, "ct": 0, "st": 0, "hs": "15*", "hn": 0, "bbi": "3/33", "bta": null, "bwa": 15.5, "fw": 0, "bbad": null}, {"tt": "2nd match in series", "sp": "2017-2019", "mt": 3, "pr": "match_number=2", "rn": 49, "wk": 4, "ct": 1, "st": 0, "hs": "49", "hn": 0, "bbi": "2/50", "bta": 49, "bwa": 29, "fw": 0, "bbad": 20}, {"tt": "3rd match in series", "sp": "2017-2018", "mt": 2, "pr": "match_number=3", "rn": 5, "wk": 1, "ct": 1, "st": 0, "hs": "5", "hn": 0, "bbi": "1/24", "bta": 5, "bwa": 24, "fw": 0, "bbad": -19}, {"tt": "4th match in series", "sp": "2019-2019", "mt": 1, "pr": "match_number=4", "rn": null, "wk": 1, "ct": 0, "st": 0, "hs": null, "hn": null, "bbi": "1/9", "bta": null, "bwa": 9, "fw": 0, "bbad": null}, {"tt": "5th match in series", "sp": "2019-2019", "mt": 1, "pr": "match_number=5", "rn": 10, "wk": 0, "ct": 0, "st": 0, "hs": "10", "hn": 0, "bbi": "-", "bta": 10, "bwa": null, "fw": 0, "bbad": null}]}]}}