{"summary": {"recordClassId": 3, "type": "BATTING", "groups": [{"type": "CAREER_AVERAGES", "stats": [{"tt": "overview", "sp": "2016-2021", "mt": 4, "in": 2, "pr": null, "rn": 4, "fo": 0, "si": 0, "ft": 0, "hn": 0, "bf": 10, "dk": 0, "no": 0, "hs": "3", "bta": 2, "btsr": 40}]}, {"type": "OPPOSITION_TEAM", "stats": [{"tt": "vs Bangladesh", "sp": "2021-2021", "mt": 1, "in": null, "pr": "opposition=25", "rn": null, "fo": null, "si": null, "ft": null, "hn": null, "bf": null, "dk": null, "no": null, "hs": null, "bta": null, "btsr": null}, {"tt": "vs Pakistan", "sp": "2016-2016", "mt": 2, "in": 1, "pr": "opposition=7", "rn": 1, "fo": 0, "si": 0, "ft": 0, "hn": 0, "bf": 5, "dk": 0, "no": 0, "hs": "1", "bta": 1, "btsr": 20}, {"tt": "vs Sri Lanka", "sp": "2019-2019", "mt": 1, "in": 1, "pr": "opposition=8", "rn": 3, "fo": 0, "si": 0, "ft": 0, "hn": 0, "bf": 5, "dk": 0, "no": 0, "hs": "3", "bta": 3, "btsr": 60}]}, {"type": "HOST_COUNTRY", "stats": [{"tt": "in New Zealand", "sp": "2016-2021", "mt": 3, "in": 1, "pr": "host=5", "rn": 1, "fo": 0, "si": 0, "ft": 0, "hn": 0, "bf": 5, "dk": 0, "no": 0, "hs": "1", "bta": 1, "btsr": 20}, {"tt": "in Sri Lanka", "sp": "2019-2019", "mt": 1, "in": 1, "pr": "host=8", "rn": 3, "fo": 0, "si": 0, "ft": 0, "hn": 0, "bf": 5, "dk": 0, "no": 0, "hs": "3", "bta": 3, "btsr": 60}]}, {"type": "CONTINENT", "stats": [{"tt": "in Asia", "sp": "2019-2019", "mt": 1, "in": 1, "pr": "continent=2", "rn": 3, "fo": 0, "si": 0, "ft": 0, "hn": 0, "bf": 5, "dk": 0, "no": 0, "hs": "3", "bta": 3, "btsr": 60}, {"tt": "in Oceania", "sp": "2016-2021", "mt": 3, "in": 1, "pr": "continent=5", "rn": 1, "fo": 0, "si": 0, "ft": 0, "hn": 0, "bf": 5, "dk": 0, "no": 0, "hs": "1", "bta": 1, "btsr": 20}]}, {"type": "HOME_OR_AWAY", "stats": [{"tt": "home", "sp": "2016-2021", "mt": 3, "in": 1, "pr": "home_or_away=1", "rn": 1, "fo": 0, "si": 0, "ft": 0, "hn": 0, "bf": 5, "dk": 0, "no": 0, "hs": "1", "bta": 1, "btsr": 20}, {"tt": "away", "sp": "2019-2019", "mt": 1, "in": 1, "pr": "home_or_away=2", "rn": 3, "fo": 0, "si": 0, "ft": 0, "hn": 0, "bf": 5, "dk": 0, "no": 0, "hs": "3", "bta": 3, "btsr": 60}]}, {"type": "YEAR", "stats": [{"tt": "year 2016", "sp": null, "mt": 2, "in": 1, "pr": "year=2016", "rn": 1, "fo": 0, "si": 0, "ft": 0, "hn": 0, "bf": 5, "dk": 0, "no": 0, "hs": "1", "bta": 1, "btsr": 20}, {"tt": "year 2019", "sp": null, "mt": 1, "in": 1, "pr": "year=2019", "rn": 3, "fo": 0, "si": 0, "ft": 0, "hn": 0, "bf": 5, "dk": 0, "no": 0, "hs": "3", "bta": 3, "btsr": 60}, {"tt": "year 2021", "sp": null, "mt": 1, "in": null, "pr": "year=2021", "rn": null, "fo": null, "si": null, "ft": null, "hn": null, "bf": null, "dk": null, "no": null, "hs": null, "bta": null, "btsr": null}]}, {"type": "SEASON", "stats": [{"tt": "season 2015/16", "sp": null, "mt": 2, "in": 1, "pr": "season=NaN", "rn": 1, "fo": 0, "si": 0, "ft": 0, "hn": 0, "bf": 5, "dk": 0, "no": 0, "hs": "1", "bta": 1, "btsr": 20}, {"tt": "season 2019", "sp": null, "mt": 1, "in": 1, "pr": "season=2019", "rn": 3, "fo": 0, "si": 0, "ft": 0, "hn": 0, "bf": 5, "dk": 0, "no": 0, "hs": "3", "bta": 3, "btsr": 60}, {"tt": "season 2020/21", "sp": null, "mt": 1, "in": null, "pr": "season=NaN", "rn": null, "fo": null, "si": null, "ft": null, "hn": null, "bf": null, "dk": null, "no": null, "hs": null, "bta": null, "btsr": null}]}, {"type": "CAPTAINS_INVOLVED", "stats": [{"tt": "*TG Southee", "sp": "2019-2021", "mt": 2, "in": 1, "pr": "captain_involve=49108", "rn": 3, "fo": 0, "si": 0, "ft": 0, "hn": 0, "bf": 5, "dk": 0, "no": 0, "hs": "3", "bta": 3, "btsr": 60}, {"tt": "*KS Williamson", "sp": "2016-2016", "mt": 2, "in": 1, "pr": "captain_involve=51088", "rn": 1, "fo": 0, "si": 0, "ft": 0, "hn": 0, "bf": 5, "dk": 0, "no": 0, "hs": "1", "bta": 1, "btsr": 20}]}, {"type": "CAPTAIN", "stats": [{"tt": "is not captain", "sp": "2016-2021", "mt": 4, "in": 2, "pr": "captain=0", "rn": 4, "fo": 0, "si": 0, "ft": 0, "hn": 0, "bf": 10, "dk": 0, "no": 0, "hs": "3", "bta": 2, "btsr": 40}]}, {"type": "KEEPER", "stats": [{"tt": "is not keeper", "sp": "2016-2021", "mt": 4, "in": 2, "pr": "keeper=0", "rn": 4, "fo": 0, "si": 0, "ft": 0, "hn": 0, "bf": 10, "dk": 0, "no": 0, "hs": "3", "bta": 2, "btsr": 40}]}, {"type": "TOSS", "stats": [{"tt": "won the toss", "sp": "2016-2016", "mt": 1, "in": 1, "pr": "toss=1", "rn": 1, "fo": 0, "si": 0, "ft": 0, "hn": 0, "bf": 5, "dk": 0, "no": 0, "hs": "1", "bta": 1, "btsr": 20}, {"tt": "lost the toss", "sp": "2016-2021", "mt": 3, "in": 1, "pr": "toss=2", "rn": 3, "fo": 0, "si": 0, "ft": 0, "hn": 0, "bf": 5, "dk": 0, "no": 0, "hs": "3", "bta": 3, "btsr": 60}]}, {"type": "BATTING_FIELDING_SEQUENCE_AND_TOSS", "stats": [{"tt": "won toss &amp; fielded", "sp": "2016-2016", "mt": 1, "in": 1, "pr": "batting_fielding_first=2;toss=1", "rn": 1, "fo": 0, "si": 0, "ft": 0, "hn": 0, "bf": 5, "dk": 0, "no": 0, "hs": "1", "bta": 1, "btsr": 20}, {"tt": "lost toss &amp; sent in", "sp": "2021-2021", "mt": 1, "in": null, "pr": "batting_fielding_first=1;toss=2", "rn": null, "fo": null, "si": null, "ft": null, "hn": null, "bf": null, "dk": null, "no": null, "hs": null, "bta": null, "btsr": null}, {"tt": "lost toss &amp; fielded", "sp": "2016-2019", "mt": 2, "in": 1, "pr": "batting_fielding_first=2;toss=2", "rn": 3, "fo": 0, "si": 0, "ft": 0, "hn": 0, "bf": 5, "dk": 0, "no": 0, "hs": "3", "bta": 3, "btsr": 60}]}, {"type": "BATTING_FIELDING_SEQUENCE", "stats": [{"tt": "matches batting first", "sp": "2021-2021", "mt": 1, "in": null, "pr": "batting_fielding_first=1", "rn": null, "fo": null, "si": null, "ft": null, "hn": null, "bf": null, "dk": null, "no": null, "hs": null, "bta": null, "btsr": null}, {"tt": "matches fielding first", "sp": "2016-2019", "mt": 3, "in": 2, "pr": "batting_fielding_first=2", "rn": 4, "fo": 0, "si": 0, "ft": 0, "hn": 0, "bf": 10, "dk": 0, "no": 0, "hs": "3", "bta": 2, "btsr": 40}]}, {"type": "TEAM_INNINGS", "stats": [{"tt": "1st team innings", "sp": "2016-2021", "mt": 4, "in": 2, "pr": null, "rn": 4, "fo": 0, "si": 0, "ft": 0, "hn": 0, "bf": 10, "dk": 0, "no": 0, "hs": "3", "bta": 2, "btsr": 40}]}, {"type": "MATCH_INNINGS", "stats": [{"tt": "1st match innings", "sp": "2021-2021", "mt": 1, "in": null, "pr": "innings_number=1", "rn": null, "fo": null, "si": null, "ft": null, "hn": null, "bf": null, "dk": null, "no": null, "hs": null, "bta": null, "btsr": null}, {"tt": "2nd match innings", "sp": "2016-2019", "mt": 3, "in": 2, "pr": "innings_number=2", "rn": 4, "fo": 0, "si": 0, "ft": 0, "hn": 0, "bf": 10, "dk": 0, "no": 0, "hs": "3", "bta": 2, "btsr": 40}]}, {"type": "FLOODLIT", "stats": [{"tt": "day/night match", "sp": "2016-2016", "mt": 2, "in": 1, "pr": "floodlit=2", "rn": 1, "fo": 0, "si": 0, "ft": 0, "hn": 0, "bf": 5, "dk": 0, "no": 0, "hs": "1", "bta": 1, "btsr": 20}, {"tt": "night match", "sp": "2019-2021", "mt": 2, "in": 1, "pr": "floodlit=3", "rn": 3, "fo": 0, "si": 0, "ft": 0, "hn": 0, "bf": 5, "dk": 0, "no": 0, "hs": "3", "bta": 3, "btsr": 60}]}, {"type": "RESULT", "stats": [{"tt": "won match", "sp": "2016-2021", "mt": 2, "in": null, "pr": "result=1", "rn": null, "fo": null, "si": null, "ft": null, "hn": null, "bf": null, "dk": null, "no": null, "hs": null, "bta": null, "btsr": null}, {"tt": "lost match", "sp": "2016-2019", "mt": 2, "in": 2, "pr": "result=2", "rn": 4, "fo": 0, "si": 0, "ft": 0, "hn": 0, "bf": 10, "dk": 0, "no": 0, "hs": "3", "bta": 2, "btsr": 40}]}, {"type": "BATTING_FIELDING_SEQUENCE_AND_RESULT", "stats": [{"tt": "won batting first", "sp": "2021-2021", "mt": 1, "in": null, "pr": "batting_fielding_first=1;result=1", "rn": null, "fo": null, "si": null, "ft": null, "hn": null, "bf": null, "dk": null, "no": null, "hs": null, "bta": null, "btsr": null}, {"tt": "won fielding first", "sp": "2016-2016", "mt": 1, "in": null, "pr": "batting_fielding_first=2;result=1", "rn": null, "fo": null, "si": null, "ft": null, "hn": null, "bf": null, "dk": null, "no": null, "hs": null, "bta": null, "btsr": null}, {"tt": "lost fielding first", "sp": "2016-2019", "mt": 2, "in": 2, "pr": "batting_fielding_first=2;result=2", "rn": 4, "fo": 0, "si": 0, "ft": 0, "hn": 0, "bf": 10, "dk": 0, "no": 0, "hs": "3", "bta": 2, "btsr": 40}]}, {"type": "TOURNAMENT_TYPE", "stats": [{"tt": "2 team series", "sp": "2016-2021", "mt": 4, "in": 2, "pr": "tournament_type=2", "rn": 4, "fo": 0, "si": 0, "ft": 0, "hn": 0, "bf": 10, "dk": 0, "no": 0, "hs": "3", "bta": 2, "btsr": 40}]}, {"type": "MATCH_NUMBER", "stats": [{"tt": "1st match in series", "sp": "2016-2016", "mt": 1, "in": 1, "pr": "match_number=1", "rn": 1, "fo": 0, "si": 0, "ft": 0, "hn": 0, "bf": 5, "dk": 0, "no": 0, "hs": "1", "bta": 1, "btsr": 20}, {"tt": "2nd match in series", "sp": "2016-2016", "mt": 1, "in": null, "pr": "match_number=2", "rn": null, "fo": null, "si": null, "ft": null, "hn": null, "bf": null, "dk": null, "no": null, "hs": null, "bta": null, "btsr": null}, {"tt": "3rd match in series", "sp": "2019-2021", "mt": 2, "in": 1, "pr": "match_number=3", "rn": 3, "fo": 0, "si": 0, "ft": 0, "hn": 0, "bf": 5, "dk": 0, "no": 0, "hs": "3", "bta": 3, "btsr": 60}]}, {"type": "BATTING_POSITION", "stats": [{"tt": "8th position", "sp": "2016-2016", "mt": 1, "in": 1, "pr": "batting_positionval1=batting_position;batting_positionmin1=8;batting_positionmax1=8", "rn": 1, "fo": 0, "si": 0, "ft": 0, "hn": 0, "bf": 5, "dk": 0, "no": 0, "hs": "1", "bta": 1, "btsr": 20}, {"tt": "10th position", "sp": "2019-2019", "mt": 1, "in": 1, "pr": "batting_positionval1=batting_position;batting_positionmin1=10;batting_positionmax1=10", "rn": 3, "fo": 0, "si": 0, "ft": 0, "hn": 0, "bf": 5, "dk": 0, "no": 0, "hs": "3", "bta": 3, "btsr": 60}]}]}}