{"summary": {"recordClassId": 2, "type": "BATTING", "groups": [{"type": "CAREER_AVERAGES", "stats": [{"tt": "overview", "sp": "2016-2020", "mt": 37, "in": 16, "pr": null, "rn": 63, "fo": 3, "si": 1, "ft": 0, "hn": 0, "bf": 132, "dk": 4, "no": 7, "hs": "19", "bta": 7, "btsr": 47.72}]}, {"type": "OPPOSITION_TEAM", "stats": [{"tt": "vs Afghanistan", "sp": "2019-2019", "mt": 1, "in": null, "pr": "opposition=40", "rn": null, "fo": null, "si": null, "ft": null, "hn": null, "bf": null, "dk": null, "no": null, "hs": null, "bta": null, "btsr": null}, {"tt": "vs Australia", "sp": "2016-2020", "mt": 6, "in": 6, "pr": "opposition=2", "rn": 8, "fo": 0, "si": 0, "ft": 0, "hn": 0, "bf": 35, "dk": 3, "no": 2, "hs": "4*", "bta": 2, "btsr": 22.85}, {"tt": "vs Bangladesh", "sp": "2016-2019", "mt": 6, "in": 2, "pr": "opposition=25", "rn": 8, "fo": 2, "si": 0, "ft": 0, "hn": 0, "bf": 10, "dk": 0, "no": 1, "hs": "4*", "bta": 8, "btsr": 80}, {"tt": "vs England", "sp": "2018-2019", "mt": 2, "in": 1, "pr": "opposition=1", "rn": 19, "fo": 0, "si": 1, "ft": 0, "hn": 0, "bf": 38, "dk": 0, "no": 0, "hs": "19", "bta": 19, "btsr": 50}, {"tt": "vs India", "sp": "2019-2019", "mt": 4, "in": 3, "pr": "opposition=6", "rn": 14, "fo": 1, "si": 0, "ft": 0, "hn": 0, "bf": 25, "dk": 1, "no": 1, "hs": "12", "bta": 7, "btsr": 56}, {"tt": "vs Pakistan", "sp": "2018-2019", "mt": 9, "in": 3, "pr": "opposition=7", "rn": 10, "fo": 0, "si": 0, "ft": 0, "hn": 0, "bf": 11, "dk": 0, "no": 3, "hs": "6*", "bta": null, "btsr": 90.9}, {"tt": "vs South Africa", "sp": "2017-2019", "mt": 2, "in": 1, "pr": "opposition=3", "rn": 4, "fo": 0, "si": 0, "ft": 0, "hn": 0, "bf": 13, "dk": 0, "no": 0, "hs": "4", "bta": 4, "btsr": 30.76}, {"tt": "vs Sri Lanka", "sp": "2019-2019", "mt": 3, "in": null, "pr": "opposition=8", "rn": null, "fo": null, "si": null, "ft": null, "hn": null, "bf": null, "dk": null, "no": null, "hs": null, "bta": null, "btsr": null}, {"tt": "vs West Indies", "sp": "2017-2019", "mt": 4, "in": null, "pr": "opposition=4", "rn": null, "fo": null, "si": null, "ft": null, "hn": null, "bf": null, "dk": null, "no": null, "hs": null, "bta": null, "btsr": null}]}, {"type": "HOST_COUNTRY", "stats": [{"tt": "in Australia", "sp": "2016-2020", "mt": 3, "in": 3, "pr": "host=2", "rn": 5, "fo": 0, "si": 0, "ft": 0, "hn": 0, "bf": 25, "dk": 1, "no": 1, "hs": "4*", "bta": 2.5, "btsr": 20}, {"tt": "in England", "sp": "2019-2019", "mt": 9, "in": 2, "pr": "host=1", "rn": 4, "fo": 1, "si": 0, "ft": 0, "hn": 0, "bf": 6, "dk": 1, "no": 1, "hs": "4*", "bta": 4, "btsr": 66.66}, {"tt": "in New Zealand", "sp": "2016-2019", "mt": 22, "in": 9, "pr": "host=5", "rn": 50, "fo": 2, "si": 1, "ft": 0, "hn": 0, "bf": 96, "dk": 2, "no": 3, "hs": "19", "bta": 8.33, "btsr": 52.08}, {"tt": "in U.A.E.", "sp": "2018-2018", "mt": 3, "in": 2, "pr": "host=27", "rn": 4, "fo": 0, "si": 0, "ft": 0, "hn": 0, "bf": 5, "dk": 0, "no": 2, "hs": "3*", "bta": null, "btsr": 80}]}, {"type": "CONTINENT", "stats": [{"tt": "in Asia", "sp": "2018-2018", "mt": 3, "in": 2, "pr": "continent=2", "rn": 4, "fo": 0, "si": 0, "ft": 0, "hn": 0, "bf": 5, "dk": 0, "no": 2, "hs": "3*", "bta": null, "btsr": 80}, {"tt": "in Europe", "sp": "2019-2019", "mt": 9, "in": 2, "pr": "continent=4", "rn": 4, "fo": 1, "si": 0, "ft": 0, "hn": 0, "bf": 6, "dk": 1, "no": 1, "hs": "4*", "bta": 4, "btsr": 66.66}, {"tt": "in Oceania", "sp": "2016-2020", "mt": 25, "in": 12, "pr": "continent=5", "rn": 55, "fo": 2, "si": 1, "ft": 0, "hn": 0, "bf": 121, "dk": 3, "no": 4, "hs": "19", "bta": 6.87, "btsr": 45.45}]}, {"type": "HOME_OR_AWAY", "stats": [{"tt": "home", "sp": "2016-2019", "mt": 22, "in": 9, "pr": "home_or_away=1", "rn": 50, "fo": 2, "si": 1, "ft": 0, "hn": 0, "bf": 96, "dk": 2, "no": 3, "hs": "19", "bta": 8.33, "btsr": 52.08}, {"tt": "away", "sp": "2016-2020", "mt": 4, "in": 3, "pr": "home_or_away=2", "rn": 5, "fo": 0, "si": 0, "ft": 0, "hn": 0, "bf": 25, "dk": 1, "no": 1, "hs": "4*", "bta": 2.5, "btsr": 20}, {"tt": "neutral", "sp": "2018-2019", "mt": 11, "in": 4, "pr": "home_or_away=3", "rn": 8, "fo": 1, "si": 0, "ft": 0, "hn": 0, "bf": 11, "dk": 1, "no": 3, "hs": "4*", "bta": 8, "btsr": 72.72}]}, {"type": "YEAR", "stats": [{"tt": "year 2016", "sp": null, "mt": 4, "in": 3, "pr": "year=2016", "rn": 8, "fo": 1, "si": 0, "ft": 0, "hn": 0, "bf": 25, "dk": 1, "no": 1, "hs": "4*", "bta": 4, "btsr": 32}, {"tt": "year 2017", "sp": null, "mt": 6, "in": 3, "pr": "year=2017", "rn": 7, "fo": 0, "si": 0, "ft": 0, "hn": 0, "bf": 20, "dk": 1, "no": 1, "hs": "4", "bta": 3.5, "btsr": 35}, {"tt": "year 2018", "sp": null, "mt": 9, "in": 4, "pr": "year=2018", "rn": 29, "fo": 0, "si": 1, "ft": 0, "hn": 0, "bf": 49, "dk": 0, "no": 3, "hs": "19", "bta": 29, "btsr": 59.18}, {"tt": "year 2019", "sp": null, "mt": 17, "in": 5, "pr": "year=2019", "rn": 18, "fo": 2, "si": 0, "ft": 0, "hn": 0, "bf": 31, "dk": 2, "no": 2, "hs": "12", "bta": 6, "btsr": 58.06}, {"tt": "year 2020", "sp": null, "mt": 1, "in": 1, "pr": "year=2020", "rn": 1, "fo": 0, "si": 0, "ft": 0, "hn": 0, "bf": 7, "dk": 0, "no": 0, "hs": "1", "bta": 1, "btsr": 14.28}]}, {"type": "SEASON", "stats": [{"tt": "season 2016/17", "sp": null, "mt": 7, "in": 6, "pr": "season=NaN", "rn": 15, "fo": 1, "si": 0, "ft": 0, "hn": 0, "bf": 45, "dk": 2, "no": 2, "hs": "4*", "bta": 3.75, "btsr": 33.33}, {"tt": "season 2017/18", "sp": null, "mt": 9, "in": 2, "pr": "season=NaN", "rn": 25, "fo": 0, "si": 1, "ft": 0, "hn": 0, "bf": 44, "dk": 0, "no": 1, "hs": "19", "bta": 25, "btsr": 56.81}, {"tt": "season 2018/19", "sp": null, "mt": 11, "in": 5, "pr": "season=NaN", "rn": 18, "fo": 1, "si": 0, "ft": 0, "hn": 0, "bf": 30, "dk": 1, "no": 3, "hs": "12", "bta": 9, "btsr": 60}, {"tt": "season 2019", "sp": null, "mt": 9, "in": 2, "pr": "season=2019", "rn": 4, "fo": 1, "si": 0, "ft": 0, "hn": 0, "bf": 6, "dk": 1, "no": 1, "hs": "4*", "bta": 4, "btsr": 66.66}, {"tt": "season 2019/20", "sp": null, "mt": 1, "in": 1, "pr": "season=NaN", "rn": 1, "fo": 0, "si": 0, "ft": 0, "hn": 0, "bf": 7, "dk": 0, "no": 0, "hs": "1", "bta": 1, "btsr": 14.28}]}, {"type": "CAPTAINS_INVOLVED", "stats": [{"tt": "*TWM Latham", "sp": "2017-2019", "mt": 4, "in": null, "pr": "captain_involve=59148", "rn": null, "fo": null, "si": null, "ft": null, "hn": null, "bf": null, "dk": null, "no": null, "hs": null, "bta": null, "btsr": null}, {"tt": "*TG Southee", "sp": "2018-2018", "mt": 1, "in": 1, "pr": "captain_involve=49108", "rn": 19, "fo": 0, "si": 1, "ft": 0, "hn": 0, "bf": 38, "dk": 0, "no": 0, "hs": "19", "bta": 19, "btsr": 50}, {"tt": "*KS Williamson", "sp": "2016-2020", "mt": 32, "in": 15, "pr": "captain_involve=51088", "rn": 44, "fo": 3, "si": 0, "ft": 0, "hn": 0, "bf": 94, "dk": 4, "no": 7, "hs": "12", "bta": 5.5, "btsr": 46.8}]}, {"type": "CAPTAIN", "stats": [{"tt": "is not captain", "sp": "2016-2020", "mt": 37, "in": 16, "pr": "captain=0", "rn": 63, "fo": 3, "si": 1, "ft": 0, "hn": 0, "bf": 132, "dk": 4, "no": 7, "hs": "19", "bta": 7, "btsr": 47.72}]}, {"type": "KEEPER", "stats": [{"tt": "is not keeper", "sp": "2016-2020", "mt": 37, "in": 16, "pr": "keeper=0", "rn": 63, "fo": 3, "si": 1, "ft": 0, "hn": 0, "bf": 132, "dk": 4, "no": 7, "hs": "19", "bta": 7, "btsr": 47.72}]}, {"type": "TOSS", "stats": [{"tt": "won the toss", "sp": "2016-2019", "mt": 19, "in": 7, "pr": "toss=1", "rn": 16, "fo": 1, "si": 0, "ft": 0, "hn": 0, "bf": 20, "dk": 2, "no": 5, "hs": "6*", "bta": 8, "btsr": 80}, {"tt": "lost the toss", "sp": "2016-2020", "mt": 18, "in": 9, "pr": "toss=2", "rn": 47, "fo": 2, "si": 1, "ft": 0, "hn": 0, "bf": 112, "dk": 2, "no": 2, "hs": "19", "bta": 6.71, "btsr": 41.96}]}, {"type": "BATTING_FIELDING_SEQUENCE_AND_TOSS", "stats": [{"tt": "won toss &amp; batted", "sp": "2016-2019", "mt": 13, "in": 6, "pr": "batting_fielding_first=1;toss=1", "rn": 12, "fo": 0, "si": 0, "ft": 0, "hn": 0, "bf": 17, "dk": 2, "no": 4, "hs": "6*", "bta": 6, "btsr": 70.58}, {"tt": "won toss &amp; fielded", "sp": "2017-2019", "mt": 6, "in": 1, "pr": "batting_fielding_first=2;toss=1", "rn": 4, "fo": 1, "si": 0, "ft": 0, "hn": 0, "bf": 3, "dk": 0, "no": 1, "hs": "4*", "bta": null, "btsr": 133.33}, {"tt": "lost toss &amp; sent in", "sp": "2016-2019", "mt": 8, "in": 3, "pr": "batting_fielding_first=1;toss=2", "rn": 26, "fo": 1, "si": 1, "ft": 0, "hn": 0, "bf": 51, "dk": 0, "no": 1, "hs": "19", "bta": 13, "btsr": 50.98}, {"tt": "lost toss &amp; fielded", "sp": "2016-2020", "mt": 10, "in": 6, "pr": "batting_fielding_first=2;toss=2", "rn": 21, "fo": 1, "si": 0, "ft": 0, "hn": 0, "bf": 61, "dk": 2, "no": 1, "hs": "12", "bta": 4.2, "btsr": 34.42}]}, {"type": "BATTING_FIELDING_SEQUENCE", "stats": [{"tt": "matches batting first", "sp": "2016-2019", "mt": 21, "in": 9, "pr": "batting_fielding_first=1", "rn": 38, "fo": 1, "si": 1, "ft": 0, "hn": 0, "bf": 68, "dk": 2, "no": 5, "hs": "19", "bta": 9.5, "btsr": 55.88}, {"tt": "matches fielding first", "sp": "2016-2020", "mt": 16, "in": 7, "pr": "batting_fielding_first=2", "rn": 25, "fo": 2, "si": 0, "ft": 0, "hn": 0, "bf": 64, "dk": 2, "no": 2, "hs": "12", "bta": 5, "btsr": 39.06}]}, {"type": "TEAM_INNINGS", "stats": [{"tt": "1st team innings", "sp": "2016-2020", "mt": 37, "in": 16, "pr": null, "rn": 63, "fo": 3, "si": 1, "ft": 0, "hn": 0, "bf": 132, "dk": 4, "no": 7, "hs": "19", "bta": 7, "btsr": 47.72}]}, {"type": "MATCH_INNINGS", "stats": [{"tt": "1st match innings", "sp": "2016-2019", "mt": 21, "in": 9, "pr": "innings_number=1", "rn": 38, "fo": 1, "si": 1, "ft": 0, "hn": 0, "bf": 68, "dk": 2, "no": 5, "hs": "19", "bta": 9.5, "btsr": 55.88}, {"tt": "2nd match innings", "sp": "2016-2020", "mt": 16, "in": 7, "pr": "innings_number=2", "rn": 25, "fo": 2, "si": 0, "ft": 0, "hn": 0, "bf": 64, "dk": 2, "no": 2, "hs": "12", "bta": 5, "btsr": 39.06}]}, {"type": "FLOODLIT", "stats": [{"tt": "day match", "sp": "2016-2019", "mt": 19, "in": 4, "pr": "floodlit=1", "rn": 13, "fo": 1, "si": 0, "ft": 0, "hn": 0, "bf": 20, "dk": 1, "no": 2, "hs": "6*", "bta": 6.5, "btsr": 65}, {"tt": "day/night match", "sp": "2016-2020", "mt": 18, "in": 12, "pr": "floodlit=2", "rn": 50, "fo": 2, "si": 1, "ft": 0, "hn": 0, "bf": 112, "dk": 3, "no": 5, "hs": "19", "bta": 7.14, "btsr": 44.64}]}, {"type": "RESULT", "stats": [{"tt": "won match", "sp": "2016-2019", "mt": 24, "in": 6, "pr": "result=1", "rn": 20, "fo": 2, "si": 0, "ft": 0, "hn": 0, "bf": 27, "dk": 1, "no": 4, "hs": "6*", "bta": 10, "btsr": 74.07}, {"tt": "lost match", "sp": "2016-2020", "mt": 11, "in": 10, "pr": "result=2", "rn": 43, "fo": 1, "si": 1, "ft": 0, "hn": 0, "bf": 105, "dk": 3, "no": 3, "hs": "19", "bta": 6.14, "btsr": 40.95}, {"tt": "tied match", "sp": "2019-2019", "mt": 1, "in": null, "pr": "result=3", "rn": null, "fo": null, "si": null, "ft": null, "hn": null, "bf": null, "dk": null, "no": null, "hs": null, "bta": null, "btsr": null}, {"tt": "no result", "sp": "2018-2018", "mt": 1, "in": null, "pr": "result=5", "rn": null, "fo": null, "si": null, "ft": null, "hn": null, "bf": null, "dk": null, "no": null, "hs": null, "bta": null, "btsr": null}]}, {"type": "BATTING_FIELDING_SEQUENCE_AND_RESULT", "stats": [{"tt": "won batting first", "sp": "2016-2019", "mt": 15, "in": 5, "pr": "batting_fielding_first=1;result=1", "rn": 16, "fo": 1, "si": 0, "ft": 0, "hn": 0, "bf": 24, "dk": 1, "no": 3, "hs": "6*", "bta": 8, "btsr": 66.66}, {"tt": "won fielding first", "sp": "2017-2019", "mt": 9, "in": 1, "pr": "batting_fielding_first=2;result=1", "rn": 4, "fo": 1, "si": 0, "ft": 0, "hn": 0, "bf": 3, "dk": 0, "no": 1, "hs": "4*", "bta": null, "btsr": 133.33}, {"tt": "lost batting first", "sp": "2018-2019", "mt": 5, "in": 4, "pr": "batting_fielding_first=1;result=2", "rn": 22, "fo": 0, "si": 1, "ft": 0, "hn": 0, "bf": 44, "dk": 1, "no": 2, "hs": "19", "bta": 11, "btsr": 50}, {"tt": "lost fielding first", "sp": "2016-2020", "mt": 6, "in": 6, "pr": "batting_fielding_first=2;result=2", "rn": 21, "fo": 1, "si": 0, "ft": 0, "hn": 0, "bf": 61, "dk": 2, "no": 1, "hs": "12", "bta": 4.2, "btsr": 34.42}, {"tt": "tied batting first", "sp": "2019-2019", "mt": 1, "in": null, "pr": "batting_fielding_first=1;result=3", "rn": null, "fo": null, "si": null, "ft": null, "hn": null, "bf": null, "dk": null, "no": null, "hs": null, "bta": null, "btsr": null}, {"tt": "no result fielding first", "sp": "2018-2018", "mt": 1, "in": null, "pr": "batting_fielding_first=2;result=5", "rn": null, "fo": null, "si": null, "ft": null, "hn": null, "bf": null, "dk": null, "no": null, "hs": null, "bta": null, "btsr": null}]}, {"type": "TOURNAMENT_TYPE", "stats": [{"tt": "2 team series", "sp": "2016-2020", "mt": 28, "in": 14, "pr": "tournament_type=2", "rn": 59, "fo": 2, "si": 1, "ft": 0, "hn": 0, "bf": 126, "dk": 3, "no": 6, "hs": "19", "bta": 7.37, "btsr": 46.82}, {"tt": "5+ team tournaments", "sp": "2019-2019", "mt": 9, "in": 2, "pr": "tournament_type=5", "rn": 4, "fo": 1, "si": 0, "ft": 0, "hn": 0, "bf": 6, "dk": 1, "no": 1, "hs": "4*", "bta": 4, "btsr": 66.66}]}, {"type": "MATCH_NUMBER", "stats": [{"tt": "1st match in series", "sp": "2016-2020", "mt": 10, "in": 5, "pr": "match_number=1", "rn": 7, "fo": 0, "si": 0, "ft": 0, "hn": 0, "bf": 23, "dk": 2, "no": 2, "hs": "3*", "bta": 2.33, "btsr": 30.43}, {"tt": "2nd match in series", "sp": "2016-2019", "mt": 7, "in": 4, "pr": "match_number=2", "rn": 36, "fo": 2, "si": 1, "ft": 0, "hn": 0, "bf": 66, "dk": 0, "no": 1, "hs": "19", "bta": 12, "btsr": 54.54}, {"tt": "3rd match in series", "sp": "2016-2019", "mt": 9, "in": 5, "pr": "match_number=3", "rn": 16, "fo": 0, "si": 0, "ft": 0, "hn": 0, "bf": 37, "dk": 1, "no": 3, "hs": "6*", "bta": 8, "btsr": 43.24}, {"tt": "4th match in series", "sp": "2018-2018", "mt": 1, "in": null, "pr": "match_number=4", "rn": null, "fo": null, "si": null, "ft": null, "hn": null, "bf": null, "dk": null, "no": null, "hs": null, "bta": null, "btsr": null}, {"tt": "5th match in series", "sp": "2018-2018", "mt": 1, "in": null, "pr": "match_number=5", "rn": null, "fo": null, "si": null, "ft": null, "hn": null, "bf": null, "dk": null, "no": null, "hs": null, "bta": null, "btsr": null}]}, {"type": "MAJOR_TROPHY", "stats": [{"tt": "World Cup", "sp": "2019-2019", "mt": 9, "in": 2, "pr": "trophy=12", "rn": 4, "fo": 1, "si": 0, "ft": 0, "hn": 0, "bf": 6, "dk": 1, "no": 1, "hs": "4*", "bta": 4, "btsr": 66.66}, {"tt": "Chappell-Hadlee", "sp": "2016-2020", "mt": 5, "in": 5, "pr": "trophy=65", "rn": 8, "fo": 0, "si": 0, "ft": 0, "hn": 0, "bf": 32, "dk": 2, "no": 2, "hs": "4*", "bta": 2.66, "btsr": 25}]}, {"type": "FINAL_TYPE", "stats": [{"tt": "tournament finals", "sp": "2019-2019", "mt": 1, "in": null, "pr": "final_type=1", "rn": null, "fo": null, "si": null, "ft": null, "hn": null, "bf": null, "dk": null, "no": null, "hs": null, "bta": null, "btsr": null}, {"tt": "tournament semi-finals", "sp": "2019-2019", "mt": 1, "in": null, "pr": "final_type=3", "rn": null, "fo": null, "si": null, "ft": null, "hn": null, "bf": null, "dk": null, "no": null, "hs": null, "bta": null, "btsr": null}, {"tt": "preliminary matches", "sp": "2019-2019", "mt": 7, "in": 2, "pr": "final_type=0", "rn": 4, "fo": 1, "si": 0, "ft": 0, "hn": 0, "bf": 6, "dk": 1, "no": 1, "hs": "4*", "bta": 4, "btsr": 66.66}]}, {"type": "BATTING_POSITION", "stats": [{"tt": "10th position", "sp": "2016-2020", "mt": 14, "in": 14, "pr": "batting_positionval1=batting_position;batting_positionmin1=10;batting_positionmax1=10", "rn": 60, "fo": 3, "si": 1, "ft": 0, "hn": 0, "bf": 129, "dk": 4, "no": 5, "hs": "19", "bta": 6.66, "btsr": 46.51}, {"tt": "11th position", "sp": "2018-2019", "mt": 2, "in": 2, "pr": "batting_positionval1=batting_position;batting_positionmin1=11;batting_positionmax1=11", "rn": 3, "fo": 0, "si": 0, "ft": 0, "hn": 0, "bf": 3, "dk": 0, "no": 2, "hs": "2*", "bta": null, "btsr": 100}]}]}}