{"player": {"id": 64402, "objectId": 493773, "name": "LH Ferguson", "longName": "Lockie Ferguson", "mobileName": "Ferguson", "indexName": "Ferguson, LH", "battingName": "LH Ferguson", "fieldingName": "Ferguson", "slug": "lockie-ferguson", "gender": "M", "playingRole": "bowler", "battingStyles": ["rhb"], "bowlingStyles": ["rf"], "longBattingStyles": ["right-hand bat"], "longBowlingStyles": ["right-arm fast"], "image": {"id": 303800, "objectId": 1222627, "slug": "lockie-ferguson-portrait", "url": "/db/PICTURES/CMS/303800/303800.png", "width": 160, "height": 202, "caption": "Lockie Ferguson portrait", "longCaption": "Lockie Ferguson, May 2020", "credit": "Getty Images", "photographer": null, "peerUrls": null}, "countryTeamId": 5, "playingRoleType": "P", "playingRoles": ["bowler"], "dateOfBirth": {"year": 1991, "month": 6, "date": 13}, "dateOfDeath": null, "fullName": "Lachlan Hammond Ferguson", "nickNames": "Lockie", "alsoKnownAs": "", "height": 0, "heightUnit": null, "education": "", "country": {"id": 5, "objectId": 5, "name": "New Zealand", "shortName": "New Zealand", "image": {"id": 313127, "objectId": 1241586, "slug": "new-zealand-logo", "url": "/db/PICTURES/CMS/313100/313127.logo.png", "width": 500, "height": 500, "caption": "New Zealand logo", "longCaption": "New Zealand logo", "credit": null, "photographer": null, "peerUrls": null}}, "altCountryTeamId": null, "placeOfBirth": "Auckland", "dobText": null, "dodText": null, "placeOfDeath": "", "intlCareerSpan": "2016 - 2021", "headshotImage": {"id": 321239, "objectId": 1262808, "slug": "lockie-ferguson-player-page-headshot-cutout-2021", "url": "/db/PICTURES/CMS/321200/321239.png", "width": 600, "height": 436, "caption": "Lockie Ferguson player page headshot cutout, 2021", "longCaption": "Lockie Ferguson player page headshot cutout, 2021", "credit": "", "photographer": null, "peerUrls": {"FILM": null, "WIDE": null, "SQUARE": "/db/PICTURES/CMS/321200/321239.square.png"}}, "backgroundImage": {"id": 318625, "objectId": 1257038, "slug": "lockie-ferguson-struck-in-his-first-over-back-after-injury", "url": "/db/PICTURES/CMS/318600/318625.jpg", "width": 1400, "height": 933, "caption": "Lockie Ferguson struck in his first over back after injury", "longCaption": "Lockie Ferguson struck in his first over back after injury, New Zealand vs Bangladesh, 1st T20I, Hamilton, March 28, 2021", "credit": "Getty Images", "photographer": null, "peerUrls": {"FILM": "/db/PICTURES/CMS/318600/318625.jpg", "WIDE": "/db/PICTURES/CMS/318600/318625.6.jpg", "SQUARE": "/db/PICTURES/CMS/318600/318625.10.jpg"}}, "externalLinks": [], "fieldingStyles": [], "otherStyles": [], "matchPlayerTypes": [1], "hasRecords": true, "hasStats": true, "hasMatches": true, "totalStories": 86, "totalVideos": 4, "totalImages": 66}, "teams": [{"team": {"id": 5, "objectId": 5, "scribeId": 5, "slug": "new-zealand", "name": "New Zealand", "longName": "New Zealand", "abbreviation": "NZ", "isCountry": true, "primaryColor": "#000000", "image": {"id": 313127, "objectId": 1241586, "slug": "new-zealand-logo", "url": "/db/PICTURES/CMS/313100/313127.logo.png", "width": 500, "height": 500, "caption": "New Zealand logo", "longCaption": "New Zealand logo", "credit": null, "photographer": null, "peerUrls": null}}, "current": false}, {"team": {"id": 2510, "objectId": 2459, "scribeId": 2459, "slug": "auckland", "name": "Auckland", "longName": "Auckland", "abbreviation": "AUCK", "isCountry": false, "primaryColor": null, "image": {"id": 313329, "objectId": 1241788, "slug": "auckland-logo", "url": "/db/PICTURES/CMS/313300/313329.logo.png", "width": 500, "height": 500, "caption": "Auckland logo", "longCaption": "Auckland logo", "credit": null, "photographer": null, "peerUrls": null}}, "current": false}, {"team": {"id": 2514, "objectId": 2463, "scribeId": 2463, "slug": "auckland-under-19s", "name": "", "longName": "Auckland Under-19s", "abbreviation": "", "isCountry": false, "primaryColor": null, "image": null}, "current": false}, {"team": {"id": 4341, "objectId": 335971, "scribeId": 335971, "slug": "kolkata-knight-riders", "name": "KKR", "longName": "Kolkata Knight Riders", "abbreviation": "KKR", "isCountry": false, "primaryColor": "#3d2256", "image": {"id": 313419, "objectId": 1241878, "slug": "kolkata-knight-riders-logo", "url": "/db/PICTURES/CMS/313400/313419.logo.png", "width": 500, "height": 500, "caption": "Kolkata Knight Riders logo", "longCaption": "Kolkata Knight Riders logo", "credit": null, "photographer": null, "peerUrls": null}}, "current": false}, {"team": {"id": 6679, "objectId": 1204499, "scribeId": 1204499, "slug": "manchester-originals-men", "name": "Originals", "longName": "Manchester Originals (Men)", "abbreviation": "MO-M", "isCountry": false, "primaryColor": null, "image": {"id": 317114, "objectId": 1252750, "slug": "manchester-originals-team-logo", "url": "/db/PICTURES/CMS/317100/317114.png", "width": 500, "height": 500, "caption": "Manchester Originals team logo", "longCaption": "Manchester Originals team logo", "credit": "Unknown", "photographer": null, "peerUrls": null}}, "current": false}, {"team": {"id": 5843, "objectId": 968721, "scribeId": 968721, "slug": "rising-pune-supergiant", "name": "Supergiant", "longName": "Rising Pune Supergiant", "abbreviation": "RPS", "isCountry": false, "primaryColor": null, "image": {"id": 313524, "objectId": 1241983, "slug": "rising-pune-supergiant-logo", "url": "/db/PICTURES/CMS/313500/313524.logo.png", "width": 500, "height": 500, "caption": "Rising Pune Supergiant logo", "longCaption": "Rising Pune Supergiant logo", "credit": null, "photographer": null, "peerUrls": null}}, "current": false}]}