{"summary": {"recordClassId": 3, "type": "ALLROUND", "groups": [{"type": "CAREER_AVERAGES", "stats": [{"tt": "overview", "sp": "2017-2021", "mt": 13, "pr": null, "rn": 1, "wk": 24, "ct": 4, "st": 0, "hs": "1", "hn": 0, "bbi": "5/21", "bta": 1, "bwa": 13.16, "fw": 1, "bbad": -12.16}]}, {"type": "OPPOSITION_TEAM", "stats": [{"tt": "v Bangladesh", "sp": "2017-2021", "mt": 3, "pr": "opposition=25", "rn": null, "wk": 6, "ct": 0, "st": 0, "hs": null, "hn": null, "bbi": "3/32", "bta": null, "bwa": 11.66, "fw": 0, "bbad": null}, {"tt": "v England", "sp": "2019-2019", "mt": 3, "pr": "opposition=1", "rn": null, "wk": 4, "ct": 0, "st": 0, "hs": null, "hn": null, "bbi": "2/25", "bta": null, "bwa": 21.75, "fw": 0, "bbad": null}, {"tt": "v India", "sp": "2019-2019", "mt": 2, "pr": "opposition=6", "rn": null, "wk": 3, "ct": 2, "st": 0, "hs": null, "hn": null, "bbi": "2/22", "bta": null, "bwa": 17.66, "fw": 0, "bbad": null}, {"tt": "v Pakistan", "sp": "2018-2018", "mt": 1, "pr": "opposition=7", "rn": 1, "wk": 1, "ct": 1, "st": 0, "hs": "1", "hn": 0, "bbi": "1/29", "bta": 1, "bwa": 29, "fw": 0, "bbad": -28}, {"tt": "v Sri Lanka", "sp": "2019-2019", "mt": 1, "pr": "opposition=8", "rn": null, "wk": 3, "ct": 0, "st": 0, "hs": null, "hn": null, "bbi": "3/21", "bta": null, "bwa": 7, "fw": 0, "bbad": null}, {"tt": "v West Indies", "sp": "2020-2020", "mt": 3, "pr": "opposition=4", "rn": null, "wk": 7, "ct": 1, "st": 0, "hs": null, "hn": null, "bbi": "5/21", "bta": null, "bwa": 8, "fw": 1, "bbad": null}]}, {"type": "HOST_COUNTRY", "stats": [{"tt": "in New Zealand", "sp": "2017-2021", "mt": 12, "pr": "host=5", "rn": null, "wk": 23, "ct": 3, "st": 0, "hs": null, "hn": null, "bbi": "5/21", "bta": null, "bwa": 12.47, "fw": 1, "bbad": null}, {"tt": "in U.A.E.", "sp": "2018-2018", "mt": 1, "pr": "host=27", "rn": 1, "wk": 1, "ct": 1, "st": 0, "hs": "1", "hn": 0, "bbi": "1/29", "bta": 1, "bwa": 29, "fw": 0, "bbad": -28}]}, {"type": "CONTINENT", "stats": [{"tt": "in Asia", "sp": "2018-2018", "mt": 1, "pr": "continent=2", "rn": 1, "wk": 1, "ct": 1, "st": 0, "hs": "1", "hn": 0, "bbi": "1/29", "bta": 1, "bwa": 29, "fw": 0, "bbad": -28}, {"tt": "in Oceania", "sp": "2017-2021", "mt": 12, "pr": "continent=5", "rn": null, "wk": 23, "ct": 3, "st": 0, "hs": null, "hn": null, "bbi": "5/21", "bta": null, "bwa": 12.47, "fw": 1, "bbad": null}]}, {"type": "HOME_OR_AWAY", "stats": [{"tt": "home", "sp": "2017-2021", "mt": 12, "pr": "home_or_away=1", "rn": null, "wk": 23, "ct": 3, "st": 0, "hs": null, "hn": null, "bbi": "5/21", "bta": null, "bwa": 12.47, "fw": 1, "bbad": null}, {"tt": "neutral", "sp": "2018-2018", "mt": 1, "pr": "home_or_away=3", "rn": 1, "wk": 1, "ct": 1, "st": 0, "hs": "1", "hn": 0, "bbi": "1/29", "bta": 1, "bwa": 29, "fw": 0, "bbad": -28}]}, {"type": "YEAR", "stats": [{"tt": "year 2017", "sp": null, "mt": 1, "pr": "year=2017", "rn": null, "wk": 3, "ct": 0, "st": 0, "hs": null, "hn": null, "bbi": "3/32", "bta": null, "bwa": 10.66, "fw": 0, "bbad": null}, {"tt": "year 2018", "sp": null, "mt": 1, "pr": "year=2018", "rn": 1, "wk": 1, "ct": 1, "st": 0, "hs": "1", "hn": 0, "bbi": "1/29", "bta": 1, "bwa": 29, "fw": 0, "bbad": -28}, {"tt": "year 2019", "sp": null, "mt": 6, "pr": "year=2019", "rn": null, "wk": 10, "ct": 2, "st": 0, "hs": null, "hn": null, "bbi": "3/21", "bta": null, "bwa": 16.1, "fw": 0, "bbad": null}, {"tt": "year 2020", "sp": null, "mt": 3, "pr": "year=2020", "rn": null, "wk": 7, "ct": 1, "st": 0, "hs": null, "hn": null, "bbi": "5/21", "bta": null, "bwa": 8, "fw": 1, "bbad": null}, {"tt": "year 2021", "sp": null, "mt": 2, "pr": "year=2021", "rn": null, "wk": 3, "ct": 0, "st": 0, "hs": null, "hn": null, "bbi": "2/25", "bta": null, "bwa": 12.66, "fw": 0, "bbad": null}]}, {"type": "SEASON", "stats": [{"tt": "season 2016/17", "sp": null, "mt": 1, "pr": "season=2016/17", "rn": null, "wk": 3, "ct": 0, "st": 0, "hs": null, "hn": null, "bbi": "3/32", "bta": null, "bwa": 10.66, "fw": 0, "bbad": null}, {"tt": "season 2018/19", "sp": null, "mt": 4, "pr": "season=2018/19", "rn": 1, "wk": 7, "ct": 3, "st": 0, "hs": "1", "hn": 0, "bbi": "3/21", "bta": 1, "bwa": 14.71, "fw": 0, "bbad": -13.71}, {"tt": "season 2019/20", "sp": null, "mt": 3, "pr": "season=2019/20", "rn": null, "wk": 4, "ct": 0, "st": 0, "hs": null, "hn": null, "bbi": "2/25", "bta": null, "bwa": 21.75, "fw": 0, "bbad": null}, {"tt": "season 2020/21", "sp": null, "mt": 5, "pr": "season=2020/21", "rn": null, "wk": 10, "ct": 1, "st": 0, "hs": null, "hn": null, "bbi": "5/21", "bta": null, "bwa": 9.4, "fw": 1, "bbad": null}]}, {"type": "CAPTAINS_INVOLVED", "stats": [{"tt": "*MJ Santner", "sp": "2020-2020", "mt": 1, "pr": "captain_involve=64864", "rn": null, "wk": 1, "ct": 0, "st": 0, "hs": null, "hn": null, "bbi": "1/13", "bta": null, "bwa": 13, "fw": 0, "bbad": null}, {"tt": "*TG Southee", "sp": "2019-2021", "mt": 8, "pr": "captain_involve=49108", "rn": null, "wk": 16, "ct": 1, "st": 0, "hs": null, "hn": null, "bbi": "5/21", "bta": null, "bwa": 11.81, "fw": 1, "bbad": null}, {"tt": "*KS Williamson", "sp": "2017-2019", "mt": 4, "pr": "captain_involve=51088", "rn": 1, "wk": 7, "ct": 3, "st": 0, "hs": "1", "hn": 0, "bbi": "3/32", "bta": 1, "bwa": 16.28, "fw": 0, "bbad": -15.28}]}, {"type": "CAPTAIN", "stats": [{"tt": "is not captain", "sp": "2017-2021", "mt": 13, "pr": "captain=0", "rn": 1, "wk": 24, "ct": 4, "st": 0, "hs": "1", "hn": 0, "bbi": "5/21", "bta": 1, "bwa": 13.16, "fw": 1, "bbad": -12.16}]}, {"type": "KEEPER", "stats": [{"tt": "is not keeper", "sp": "2017-2021", "mt": 13, "pr": "keeper=0", "rn": 1, "wk": 24, "ct": 4, "st": 0, "hs": "1", "hn": 0, "bbi": "5/21", "bta": 1, "bwa": 13.16, "fw": 1, "bbad": -12.16}]}, {"type": "TOSS", "stats": [{"tt": "won the toss", "sp": "2019-2021", "mt": 5, "pr": "toss=1", "rn": null, "wk": 11, "ct": 1, "st": 0, "hs": null, "hn": null, "bbi": "5/21", "bta": null, "bwa": 10.45, "fw": 1, "bbad": null}, {"tt": "lost the toss", "sp": "2017-2021", "mt": 8, "pr": "toss=2", "rn": 1, "wk": 13, "ct": 3, "st": 0, "hs": "1", "hn": 0, "bbi": "3/21", "bta": 1, "bwa": 15.46, "fw": 0, "bbad": -14.46}]}, {"type": "BATTING_FIELDING_SEQUENCE_AND_TOSS", "stats": [{"tt": "won toss &amp; batted", "sp": "2019-2021", "mt": 3, "pr": "batting_fielding_first=1;toss=1", "rn": null, "wk": 5, "ct": 0, "st": 0, "hs": null, "hn": null, "bbi": "2/25", "bta": null, "bwa": 16.2, "fw": 0, "bbad": null}, {"tt": "won toss &amp; fielded", "sp": "2020-2020", "mt": 2, "pr": "batting_fielding_first=2;toss=1", "rn": null, "wk": 6, "ct": 1, "st": 0, "hs": null, "hn": null, "bbi": "5/21", "bta": null, "bwa": 5.66, "fw": 1, "bbad": null}, {"tt": "lost toss &amp; sent in", "sp": "2019-2021", "mt": 6, "pr": "batting_fielding_first=1;toss=2", "rn": null, "wk": 9, "ct": 2, "st": 0, "hs": null, "hn": null, "bbi": "3/21", "bta": null, "bwa": 15.55, "fw": 0, "bbad": null}, {"tt": "lost toss &amp; fielded", "sp": "2017-2018", "mt": 2, "pr": "batting_fielding_first=2;toss=2", "rn": 1, "wk": 4, "ct": 1, "st": 0, "hs": "1", "hn": 0, "bbi": "3/32", "bta": 1, "bwa": 15.25, "fw": 0, "bbad": -14.25}]}, {"type": "BATTING_FIELDING_SEQUENCE", "stats": [{"tt": "matches batting first", "sp": "2019-2021", "mt": 9, "pr": "batting_fielding_first=1", "rn": null, "wk": 14, "ct": 2, "st": 0, "hs": null, "hn": null, "bbi": "3/21", "bta": null, "bwa": 15.78, "fw": 0, "bbad": null}, {"tt": "matches fielding first", "sp": "2017-2020", "mt": 4, "pr": "batting_fielding_first=2", "rn": 1, "wk": 10, "ct": 2, "st": 0, "hs": "1", "hn": 0, "bbi": "5/21", "bta": 1, "bwa": 9.5, "fw": 1, "bbad": -8.5}]}, {"type": "TEAM_INNINGS", "stats": [{"tt": "1st team innings", "sp": "2017-2021", "mt": 13, "pr": "innings_number=1;innings_number=2", "rn": 1, "wk": 24, "ct": 4, "st": 0, "hs": "1", "hn": 0, "bbi": "5/21", "bta": 1, "bwa": 13.16, "fw": 1, "bbad": -12.16}]}, {"type": "MATCH_INNINGS", "stats": [{"tt": "1st match innings", "sp": "2017-2021", "mt": 13, "pr": "innings_number=1", "rn": null, "wk": 10, "ct": 2, "st": 0, "hs": null, "hn": null, "bbi": "5/21", "bta": null, "bwa": 9.5, "fw": 1, "bbad": null}, {"tt": "2nd match innings", "sp": "2017-2021", "mt": 12, "pr": "innings_number=2", "rn": 1, "wk": 14, "ct": 2, "st": 0, "hs": "1", "hn": 0, "bbi": "3/21", "bta": 1, "bwa": 15.78, "fw": 0, "bbad": -14.78}]}, {"type": "FLOODLIT", "stats": [{"tt": "day match", "sp": "2019-2021", "mt": 5, "pr": "floodlit=1", "rn": null, "wk": 7, "ct": 0, "st": 0, "hs": null, "hn": null, "bbi": "2/25", "bta": null, "bwa": 19.14, "fw": 0, "bbad": null}, {"tt": "night match", "sp": "2017-2021", "mt": 8, "pr": "floodlit=3", "rn": 1, "wk": 17, "ct": 4, "st": 0, "hs": "1", "hn": 0, "bbi": "5/21", "bta": 1, "bwa": 10.7, "fw": 1, "bbad": -9.7}]}, {"type": "RESULT", "stats": [{"tt": "won match", "sp": "2017-2021", "mt": 9, "pr": "result=1", "rn": null, "wk": 21, "ct": 3, "st": 0, "hs": null, "hn": null, "bbi": "5/21", "bta": null, "bwa": 10.23, "fw": 1, "bbad": null}, {"tt": "lost match", "sp": "2018-2019", "mt": 3, "pr": "result=2", "rn": 1, "wk": 2, "ct": 1, "st": 0, "hs": "1", "hn": 0, "bbi": "1/29", "bta": 1, "bwa": 44, "fw": 0, "bbad": -43}, {"tt": "no result", "sp": "2020-2020", "mt": 1, "pr": "result=5", "rn": null, "wk": 1, "ct": 0, "st": 0, "hs": null, "hn": null, "bbi": "1/13", "bta": null, "bwa": 13, "fw": 0, "bbad": null}]}, {"type": "BATTING_FIELDING_SEQUENCE_AND_RESULT", "stats": [{"tt": "won batting first", "sp": "2019-2021", "mt": 7, "pr": "batting_fielding_first=1;result=1", "rn": null, "wk": 13, "ct": 2, "st": 0, "hs": null, "hn": null, "bbi": "3/21", "bta": null, "bwa": 12.46, "fw": 0, "bbad": null}, {"tt": "won fielding first", "sp": "2017-2020", "mt": 2, "pr": "batting_fielding_first=2;result=1", "rn": null, "wk": 8, "ct": 1, "st": 0, "hs": null, "hn": null, "bbi": "5/21", "bta": null, "bwa": 6.62, "fw": 1, "bbad": null}, {"tt": "lost batting first", "sp": "2019-2019", "mt": 2, "pr": "batting_fielding_first=1;result=2", "rn": null, "wk": 1, "ct": 0, "st": 0, "hs": null, "hn": null, "bbi": "1/31", "bta": null, "bwa": 59, "fw": 0, "bbad": null}, {"tt": "lost fielding first", "sp": "2018-2018", "mt": 1, "pr": "batting_fielding_first=2;result=2", "rn": 1, "wk": 1, "ct": 1, "st": 0, "hs": "1", "hn": 0, "bbi": "1/29", "bta": 1, "bwa": 29, "fw": 0, "bbad": -28}, {"tt": "no result fielding first", "sp": "2020-2020", "mt": 1, "pr": "batting_fielding_first=2;result=5", "rn": null, "wk": 1, "ct": 0, "st": 0, "hs": null, "hn": null, "bbi": "1/13", "bta": null, "bwa": 13, "fw": 0, "bbad": null}]}, {"type": "TOURNAMENT_TYPE", "stats": [{"tt": "2 team series", "sp": "2017-2021", "mt": 13, "pr": "tournament_type=2", "rn": 1, "wk": 24, "ct": 4, "st": 0, "hs": "1", "hn": 0, "bbi": "5/21", "bta": 1, "bwa": 13.16, "fw": 1, "bbad": -12.16}]}, {"type": "MATCH_NUMBER", "stats": [{"tt": "only match in series", "sp": "2019-2019", "mt": 1, "pr": "match_number=0", "rn": null, "wk": 3, "ct": 0, "st": 0, "hs": null, "hn": null, "bbi": "3/21", "bta": null, "bwa": 7, "fw": 0, "bbad": null}, {"tt": "1st match in series", "sp": "2017-2021", "mt": 5, "pr": "match_number=1", "rn": null, "wk": 12, "ct": 3, "st": 0, "hs": null, "hn": null, "bbi": "5/21", "bta": null, "bwa": 10.66, "fw": 1, "bbad": null}, {"tt": "2nd match in series", "sp": "2019-2020", "mt": 3, "pr": "match_number=2", "rn": null, "wk": 4, "ct": 0, "st": 0, "hs": null, "hn": null, "bbi": "2/34", "bta": null, "bwa": 21.75, "fw": 0, "bbad": null}, {"tt": "3rd match in series", "sp": "2018-2021", "mt": 4, "pr": "match_number=3", "rn": 1, "wk": 5, "ct": 1, "st": 0, "hs": "1", "hn": 0, "bbi": "2/25", "bta": 1, "bwa": 16, "fw": 0, "bbad": -15}]}]}}