{"summary": {"recordClassId": 2, "type": "BOWLING", "groups": [{"type": "CAREER_AVERAGES", "stats": [{"bl": null, "tt": "overview", "sp": "2016-2020", "mt": 37, "in": 37, "pr": null, "ov": 326, "cd": 1779, "md": 6, "wk": 69, "fwk": 2, "fw": 1, "tw": 0, "bbi": "5/45", "bbm": "5/45", "bwa": 25.78, "bwe": 5.45, "bwsr": 28.3}]}, {"type": "OPPOSITION_TEAM", "stats": [{"bl": null, "tt": "vs Afghanistan", "sp": "2019-2019", "mt": 1, "in": 1, "pr": "opposition=40", "ov": 9.1, "cd": 37, "md": 3, "wk": 4, "fwk": 1, "fw": 0, "tw": 0, "bbi": "4/37", "bbm": "4/37", "bwa": 9.25, "bwe": 4.03, "bwsr": 13.7}, {"bl": null, "tt": "vs Australia", "sp": "2016-2020", "mt": 6, "in": 6, "pr": "opposition=2", "ov": 55, "cd": 338, "md": 1, "wk": 7, "fwk": 0, "fw": 0, "tw": 0, "bbi": "2/44", "bbm": "2/44", "bwa": 48.28, "bwe": 6.14, "bwsr": 47.1}, {"bl": null, "tt": "vs Bangladesh", "sp": "2016-2019", "mt": 6, "in": 6, "pr": "opposition=25", "ov": 57, "cd": 284, "md": 1, "wk": 10, "fwk": 0, "fw": 0, "tw": 0, "bbi": "3/43", "bbm": "3/43", "bwa": 28.4, "bwe": 4.98, "bwsr": 34.2}, {"bl": null, "tt": "vs England", "sp": "2018-2019", "mt": 2, "in": 2, "pr": "opposition=1", "ov": 18, "cd": 98, "md": 0, "wk": 4, "fwk": 0, "fw": 0, "tw": 0, "bbi": "3/50", "bbm": "3/50", "bwa": 24.5, "bwe": 5.44, "bwsr": 27}, {"bl": null, "tt": "vs India", "sp": "2019-2019", "mt": 4, "in": 4, "pr": "opposition=6", "ov": 38, "cd": 222, "md": 1, "wk": 4, "fwk": 0, "fw": 0, "tw": 0, "bbi": "2/81", "bbm": "2/81", "bwa": 55.5, "bwe": 5.84, "bwsr": 57}, {"bl": null, "tt": "vs Pakistan", "sp": "2018-2019", "mt": 9, "in": 9, "pr": "opposition=7", "ov": 76.3, "cd": 394, "md": 0, "wk": 19, "fwk": 0, "fw": 1, "tw": 0, "bbi": "5/45", "bbm": "5/45", "bwa": 20.73, "bwe": 5.15, "bwsr": 24.1}, {"bl": null, "tt": "vs South Africa", "sp": "2017-2019", "mt": 2, "in": 2, "pr": "opposition=3", "ov": 20, "cd": 130, "md": 0, "wk": 4, "fwk": 0, "fw": 0, "tw": 0, "bbi": "3/59", "bbm": "3/59", "bwa": 32.5, "bwe": 6.5, "bwsr": 30}, {"bl": null, "tt": "vs Sri Lanka", "sp": "2019-2019", "mt": 3, "in": 3, "pr": "opposition=8", "ov": 24.2, "cd": 127, "md": 0, "wk": 9, "fwk": 1, "fw": 0, "tw": 0, "bbi": "4/40", "bbm": "4/40", "bwa": 14.11, "bwe": 5.21, "bwsr": 16.2}, {"bl": null, "tt": "vs West Indies", "sp": "2017-2019", "mt": 4, "in": 4, "pr": "opposition=4", "ov": 28, "cd": 149, "md": 0, "wk": 8, "fwk": 0, "fw": 0, "tw": 0, "bbi": "3/17", "bbm": "3/17", "bwa": 18.62, "bwe": 5.32, "bwsr": 21}]}, {"type": "HOST_COUNTRY", "stats": [{"bl": null, "tt": "in Australia", "sp": "2016-2020", "mt": 3, "in": 3, "pr": "host=2", "ov": 26, "cd": 183, "md": 0, "wk": 3, "fwk": 0, "fw": 0, "tw": 0, "bbi": "2/60", "bbm": "2/60", "bwa": 61, "bwe": 7.03, "bwsr": 52}, {"bl": null, "tt": "in England", "sp": "2019-2019", "mt": 9, "in": 9, "pr": "host=1", "ov": 83.4, "cd": 409, "md": 3, "wk": 21, "fwk": 1, "fw": 0, "tw": 0, "bbi": "4/37", "bbm": "4/37", "bwa": 19.47, "bwe": 4.88, "bwsr": 23.9}, {"bl": null, "tt": "in New Zealand", "sp": "2016-2019", "mt": 22, "in": 22, "pr": "host=5", "ov": 187, "cd": 1046, "md": 3, "wk": 34, "fwk": 1, "fw": 0, "tw": 0, "bbi": "4/40", "bbm": "4/40", "bwa": 30.76, "bwe": 5.59, "bwsr": 33}, {"bl": null, "tt": "in U.A.E.", "sp": "2018-2018", "mt": 3, "in": 3, "pr": "host=27", "ov": 29.2, "cd": 141, "md": 0, "wk": 11, "fwk": 0, "fw": 1, "tw": 0, "bbi": "5/45", "bbm": "5/45", "bwa": 12.81, "bwe": 4.8, "bwsr": 16}]}, {"type": "CONTINENT", "stats": [{"bl": null, "tt": "in Asia", "sp": "2018-2018", "mt": 3, "in": 3, "pr": "continent=2", "ov": 29.2, "cd": 141, "md": 0, "wk": 11, "fwk": 0, "fw": 1, "tw": 0, "bbi": "5/45", "bbm": "5/45", "bwa": 12.81, "bwe": 4.8, "bwsr": 16}, {"bl": null, "tt": "in Europe", "sp": "2019-2019", "mt": 9, "in": 9, "pr": "continent=4", "ov": 83.4, "cd": 409, "md": 3, "wk": 21, "fwk": 1, "fw": 0, "tw": 0, "bbi": "4/37", "bbm": "4/37", "bwa": 19.47, "bwe": 4.88, "bwsr": 23.9}, {"bl": null, "tt": "in Oceania", "sp": "2016-2020", "mt": 25, "in": 25, "pr": "continent=5", "ov": 213, "cd": 1229, "md": 3, "wk": 37, "fwk": 1, "fw": 0, "tw": 0, "bbi": "4/40", "bbm": "4/40", "bwa": 33.21, "bwe": 5.76, "bwsr": 34.5}]}, {"type": "HOME_OR_AWAY", "stats": [{"bl": null, "tt": "home", "sp": "2016-2019", "mt": 22, "in": 22, "pr": "home_or_away=1", "ov": 187, "cd": 1046, "md": 3, "wk": 34, "fwk": 1, "fw": 0, "tw": 0, "bbi": "4/40", "bbm": "4/40", "bwa": 30.76, "bwe": 5.59, "bwsr": 33}, {"bl": null, "tt": "away", "sp": "2016-2020", "mt": 4, "in": 4, "pr": "home_or_away=2", "ov": 36, "cd": 233, "md": 0, "wk": 6, "fwk": 0, "fw": 0, "tw": 0, "bbi": "3/50", "bbm": "3/50", "bwa": 38.83, "bwe": 6.47, "bwsr": 36}, {"bl": null, "tt": "neutral", "sp": "2018-2019", "mt": 11, "in": 11, "pr": "home_or_away=3", "ov": 103, "cd": 500, "md": 3, "wk": 29, "fwk": 1, "fw": 1, "tw": 0, "bbi": "5/45", "bbm": "5/45", "bwa": 17.24, "bwe": 4.85, "bwsr": 21.3}]}, {"type": "YEAR", "stats": [{"bl": null, "tt": "year 2016", "sp": null, "mt": 4, "in": 4, "pr": "year=2016", "ov": 34, "cd": 230, "md": 0, "wk": 5, "fwk": 0, "fw": 0, "tw": 0, "bbi": "3/54", "bbm": "3/54", "bwa": 46, "bwe": 6.76, "bwsr": 40.8}, {"bl": null, "tt": "year 2017", "sp": null, "mt": 6, "in": 6, "pr": "year=2017", "ov": 47, "cd": 267, "md": 1, "wk": 8, "fwk": 0, "fw": 0, "tw": 0, "bbi": "3/17", "bbm": "3/17", "bwa": 33.37, "bwe": 5.68, "bwsr": 35.2}, {"bl": null, "tt": "year 2018", "sp": null, "mt": 9, "in": 9, "pr": "year=2018", "ov": 76.2, "cd": 392, "md": 0, "wk": 19, "fwk": 0, "fw": 1, "tw": 0, "bbi": "5/45", "bbm": "5/45", "bwa": 20.63, "bwe": 5.13, "bwsr": 24.1}, {"bl": null, "tt": "year 2019", "sp": null, "mt": 17, "in": 17, "pr": "year=2019", "ov": 159.4, "cd": 830, "md": 5, "wk": 35, "fwk": 2, "fw": 0, "tw": 0, "bbi": "4/37", "bbm": "4/37", "bwa": 23.71, "bwe": 5.19, "bwsr": 27.3}, {"bl": null, "tt": "year 2020", "sp": null, "mt": 1, "in": 1, "pr": "year=2020", "ov": 9, "cd": 60, "md": 0, "wk": 2, "fwk": 0, "fw": 0, "tw": 0, "bbi": "2/60", "bbm": "2/60", "bwa": 30, "bwe": 6.66, "bwsr": 27}]}, {"type": "SEASON", "stats": [{"bl": null, "tt": "season 2016/17", "sp": null, "mt": 7, "in": 7, "pr": "season=2016/17", "ov": 63, "cd": 407, "md": 1, "wk": 8, "fwk": 0, "fw": 0, "tw": 0, "bbi": "3/54", "bbm": "3/54", "bwa": 50.87, "bwe": 6.46, "bwsr": 47.2}, {"bl": null, "tt": "season 2017/18", "sp": null, "mt": 9, "in": 9, "pr": "season=2017/18", "ov": 65, "cd": 341, "md": 0, "wk": 13, "fwk": 0, "fw": 0, "tw": 0, "bbi": "3/17", "bbm": "3/17", "bwa": 26.23, "bwe": 5.24, "bwsr": 30}, {"bl": null, "tt": "season 2018/19", "sp": null, "mt": 11, "in": 11, "pr": "season=2018/19", "ov": 105.2, "cd": 562, "md": 2, "wk": 25, "fwk": 1, "fw": 1, "tw": 0, "bbi": "5/45", "bbm": "5/45", "bwa": 22.48, "bwe": 5.33, "bwsr": 25.2}, {"bl": null, "tt": "season 2019", "sp": null, "mt": 9, "in": 9, "pr": "season=2019", "ov": 83.4, "cd": 409, "md": 3, "wk": 21, "fwk": 1, "fw": 0, "tw": 0, "bbi": "4/37", "bbm": "4/37", "bwa": 19.47, "bwe": 4.88, "bwsr": 23.9}, {"bl": null, "tt": "season 2019/20", "sp": null, "mt": 1, "in": 1, "pr": "season=2019/20", "ov": 9, "cd": 60, "md": 0, "wk": 2, "fwk": 0, "fw": 0, "tw": 0, "bbi": "2/60", "bbm": "2/60", "bwa": 30, "bwe": 6.66, "bwsr": 27}]}, {"type": "CAPTAINS_INVOLVED", "stats": [{"bl": null, "tt": "*TWM Latham", "sp": "2017-2019", "mt": 4, "in": 4, "pr": "captain_involve=59148", "ov": 28, "cd": 136, "md": 0, "wk": 8, "fwk": 0, "fw": 1, "tw": 0, "bbi": "5/45", "bbm": "5/45", "bwa": 17, "bwe": 4.85, "bwsr": 21}, {"bl": null, "tt": "*TG Southee", "sp": "2018-2018", "mt": 1, "in": 1, "pr": "captain_involve=49108", "ov": 8, "cd": 48, "md": 0, "wk": 1, "fwk": 0, "fw": 0, "tw": 0, "bbi": "1/48", "bbm": "1/48", "bwa": 48, "bwe": 6, "bwsr": 48}, {"bl": null, "tt": "*KS Williamson", "sp": "2016-2020", "mt": 32, "in": 32, "pr": "captain_involve=51088", "ov": 290, "cd": 1595, "md": 6, "wk": 60, "fwk": 2, "fw": 0, "tw": 0, "bbi": "4/37", "bbm": "4/37", "bwa": 26.58, "bwe": 5.5, "bwsr": 29}]}, {"type": "CAPTAIN", "stats": [{"bl": null, "tt": "is not captain", "sp": "2016-2020", "mt": 37, "in": 37, "pr": "captain=0", "ov": 326, "cd": 1779, "md": 6, "wk": 69, "fwk": 2, "fw": 1, "tw": 0, "bbi": "5/45", "bbm": "5/45", "bwa": 25.78, "bwe": 5.45, "bwsr": 28.3}]}, {"type": "KEEPER", "stats": [{"bl": null, "tt": "is not keeper", "sp": "2016-2020", "mt": 37, "in": 37, "pr": "keeper=0", "ov": 326, "cd": 1779, "md": 6, "wk": 69, "fwk": 2, "fw": 1, "tw": 0, "bbi": "5/45", "bbm": "5/45", "bwa": 25.78, "bwe": 5.45, "bwsr": 28.3}]}, {"type": "TOSS", "stats": [{"bl": null, "tt": "won the toss", "sp": "2016-2019", "mt": 19, "in": 19, "pr": "toss=1", "ov": 169, "cd": 884, "md": 5, "wk": 37, "fwk": 1, "fw": 0, "tw": 0, "bbi": "4/37", "bbm": "4/37", "bwa": 23.89, "bwe": 5.23, "bwsr": 27.4}, {"bl": null, "tt": "lost the toss", "sp": "2016-2020", "mt": 18, "in": 18, "pr": "toss=2", "ov": 157, "cd": 895, "md": 1, "wk": 32, "fwk": 1, "fw": 1, "tw": 0, "bbi": "5/45", "bbm": "5/45", "bwa": 27.96, "bwe": 5.7, "bwsr": 29.4}]}, {"type": "BATTING_FIELDING_SEQUENCE_AND_TOSS", "stats": [{"bl": null, "tt": "won toss &amp; batted", "sp": "2016-2019", "mt": 13, "in": 13, "pr": "batting_fielding_first=1;toss=1", "ov": 113.3, "cd": 634, "md": 2, "wk": 21, "fwk": 0, "fw": 0, "tw": 0, "bbi": "3/36", "bbm": "3/36", "bwa": 30.19, "bwe": 5.58, "bwsr": 32.4}, {"bl": null, "tt": "won toss &amp; fielded", "sp": "2017-2019", "mt": 6, "in": 6, "pr": "batting_fielding_first=2;toss=1", "ov": 55.3, "cd": 250, "md": 3, "wk": 16, "fwk": 1, "fw": 0, "tw": 0, "bbi": "4/37", "bbm": "4/37", "bwa": 15.62, "bwe": 4.5, "bwsr": 20.8}, {"bl": null, "tt": "lost toss &amp; sent in", "sp": "2016-2019", "mt": 8, "in": 8, "pr": "batting_fielding_first=1;toss=2", "ov": 65, "cd": 351, "md": 0, "wk": 14, "fwk": 1, "fw": 0, "tw": 0, "bbi": "4/40", "bbm": "4/40", "bwa": 25.07, "bwe": 5.4, "bwsr": 27.8}, {"bl": null, "tt": "lost toss &amp; fielded", "sp": "2016-2020", "mt": 10, "in": 10, "pr": "batting_fielding_first=2;toss=2", "ov": 92, "cd": 544, "md": 1, "wk": 18, "fwk": 0, "fw": 1, "tw": 0, "bbi": "5/45", "bbm": "5/45", "bwa": 30.22, "bwe": 5.91, "bwsr": 30.6}]}, {"type": "BATTING_FIELDING_SEQUENCE", "stats": [{"bl": null, "tt": "matches batting first", "sp": "2016-2019", "mt": 21, "in": 21, "pr": "batting_fielding_first=1", "ov": 178.3, "cd": 985, "md": 2, "wk": 35, "fwk": 1, "fw": 0, "tw": 0, "bbi": "4/40", "bbm": "4/40", "bwa": 28.14, "bwe": 5.51, "bwsr": 30.6}, {"bl": null, "tt": "matches fielding first", "sp": "2016-2020", "mt": 16, "in": 16, "pr": "batting_fielding_first=2", "ov": 147.3, "cd": 794, "md": 4, "wk": 34, "fwk": 1, "fw": 1, "tw": 0, "bbi": "5/45", "bbm": "5/45", "bwa": 23.35, "bwe": 5.38, "bwsr": 26}]}, {"type": "TEAM_INNINGS", "stats": [{"bl": null, "tt": "1st team innings", "sp": "2016-2020", "mt": 37, "in": 37, "pr": "innings_number=1;innings_number=2", "ov": 326, "cd": 1779, "md": 6, "wk": 69, "fwk": 2, "fw": 1, "tw": 0, "bbi": "5/45", "bbm": "5/45", "bwa": 25.78, "bwe": 5.45, "bwsr": 28.3}]}, {"type": "MATCH_INNINGS", "stats": [{"bl": null, "tt": "1st match innings", "sp": "2016-2020", "mt": 16, "in": 16, "pr": "innings_number=1", "ov": 147.3, "cd": 794, "md": 4, "wk": 34, "fwk": 1, "fw": 1, "tw": 0, "bbi": "5/45", "bbm": "5/45", "bwa": 23.35, "bwe": 5.38, "bwsr": 26}, {"bl": null, "tt": "2nd match innings", "sp": "2016-2019", "mt": 21, "in": 21, "pr": "innings_number=2", "ov": 178.3, "cd": 985, "md": 2, "wk": 35, "fwk": 1, "fw": 0, "tw": 0, "bbi": "4/40", "bbm": "4/40", "bwa": 28.14, "bwe": 5.51, "bwsr": 30.6}]}, {"type": "FLOODLIT", "stats": [{"bl": null, "tt": "day match", "sp": "2016-2019", "mt": 19, "in": 19, "pr": "floodlit=1", "ov": 159.3, "cd": 831, "md": 1, "wk": 36, "fwk": 1, "fw": 0, "tw": 0, "bbi": "4/40", "bbm": "4/40", "bwa": 23.08, "bwe": 5.21, "bwsr": 26.5}, {"bl": null, "tt": "day/night match", "sp": "2016-2020", "mt": 18, "in": 18, "pr": "floodlit=2", "ov": 166.3, "cd": 948, "md": 5, "wk": 33, "fwk": 1, "fw": 1, "tw": 0, "bbi": "5/45", "bbm": "5/45", "bwa": 28.72, "bwe": 5.69, "bwsr": 30.2}]}, {"type": "RESULT", "stats": [{"bl": null, "tt": "won match", "sp": "2016-2019", "mt": 24, "in": 24, "pr": "result=1", "ov": 205.5, "cd": 1044, "md": 5, "wk": 47, "fwk": 2, "fw": 0, "tw": 0, "bbi": "4/37", "bbm": "4/37", "bwa": 22.21, "bwe": 5.07, "bwsr": 26.2}, {"bl": null, "tt": "lost match", "sp": "2016-2020", "mt": 11, "in": 11, "pr": "result=2", "ov": 100.1, "cd": 640, "md": 1, "wk": 14, "fwk": 0, "fw": 0, "tw": 0, "bbi": "3/60", "bbm": "3/60", "bwa": 45.71, "bwe": 6.38, "bwsr": 42.9}, {"bl": null, "tt": "tied match", "sp": "2019-2019", "mt": 1, "in": 1, "pr": "result=3", "ov": 10, "cd": 50, "md": 0, "wk": 3, "fwk": 0, "fw": 0, "tw": 0, "bbi": "3/50", "bbm": "3/50", "bwa": 16.66, "bwe": 5, "bwsr": 20}, {"bl": null, "tt": "no result", "sp": "2018-2018", "mt": 1, "in": 1, "pr": "result=5", "ov": 10, "cd": 45, "md": 0, "wk": 5, "fwk": 0, "fw": 1, "tw": 0, "bbi": "5/45", "bbm": "5/45", "bwa": 9, "bwe": 4.5, "bwsr": 12}]}, {"type": "BATTING_FIELDING_SEQUENCE_AND_RESULT", "stats": [{"bl": null, "tt": "won batting first", "sp": "2016-2019", "mt": 15, "in": 15, "pr": "batting_fielding_first=1;result=1", "ov": 124.2, "cd": 679, "md": 1, "wk": 26, "fwk": 1, "fw": 0, "tw": 0, "bbi": "4/40", "bbm": "4/40", "bwa": 26.11, "bwe": 5.46, "bwsr": 28.6}, {"bl": null, "tt": "won fielding first", "sp": "2017-2019", "mt": 9, "in": 9, "pr": "batting_fielding_first=2;result=1", "ov": 81.3, "cd": 365, "md": 4, "wk": 21, "fwk": 1, "fw": 0, "tw": 0, "bbi": "4/37", "bbm": "4/37", "bwa": 17.38, "bwe": 4.47, "bwsr": 23.2}, {"bl": null, "tt": "lost batting first", "sp": "2018-2019", "mt": 5, "in": 5, "pr": "batting_fielding_first=1;result=2", "ov": 44.1, "cd": 256, "md": 1, "wk": 6, "fwk": 0, "fw": 0, "tw": 0, "bbi": "3/60", "bbm": "3/60", "bwa": 42.66, "bwe": 5.79, "bwsr": 44.1}, {"bl": null, "tt": "lost fielding first", "sp": "2016-2020", "mt": 6, "in": 6, "pr": "batting_fielding_first=2;result=2", "ov": 56, "cd": 384, "md": 0, "wk": 8, "fwk": 0, "fw": 0, "tw": 0, "bbi": "2/49", "bbm": "2/49", "bwa": 48, "bwe": 6.85, "bwsr": 42}, {"bl": null, "tt": "tied batting first", "sp": "2019-2019", "mt": 1, "in": 1, "pr": "batting_fielding_first=1;result=3", "ov": 10, "cd": 50, "md": 0, "wk": 3, "fwk": 0, "fw": 0, "tw": 0, "bbi": "3/50", "bbm": "3/50", "bwa": 16.66, "bwe": 5, "bwsr": 20}, {"bl": null, "tt": "no result fielding first", "sp": "2018-2018", "mt": 1, "in": 1, "pr": "batting_fielding_first=2;result=5", "ov": 10, "cd": 45, "md": 0, "wk": 5, "fwk": 0, "fw": 1, "tw": 0, "bbi": "5/45", "bbm": "5/45", "bwa": 9, "bwe": 4.5, "bwsr": 12}]}, {"type": "TOURNAMENT_TYPE", "stats": [{"bl": null, "tt": "2 team series", "sp": "2016-2020", "mt": 28, "in": 28, "pr": "tournament_type=2", "ov": 242.2, "cd": 1370, "md": 3, "wk": 48, "fwk": 1, "fw": 1, "tw": 0, "bbi": "5/45", "bbm": "5/45", "bwa": 28.54, "bwe": 5.65, "bwsr": 30.2}, {"bl": null, "tt": "5+ team tournaments", "sp": "2019-2019", "mt": 9, "in": 9, "pr": "tournament_type=5", "ov": 83.4, "cd": 409, "md": 3, "wk": 21, "fwk": 1, "fw": 0, "tw": 0, "bbi": "4/37", "bbm": "4/37", "bwa": 19.47, "bwe": 4.88, "bwsr": 23.9}]}, {"type": "MATCH_NUMBER", "stats": [{"bl": null, "tt": "1st match in series", "sp": "2016-2020", "mt": 10, "in": 10, "pr": "match_number=1", "ov": 91.2, "cd": 506, "md": 1, "wk": 18, "fwk": 0, "fw": 0, "tw": 0, "bbi": "3/36", "bbm": "3/36", "bwa": 28.11, "bwe": 5.54, "bwsr": 30.4}, {"bl": null, "tt": "2nd match in series", "sp": "2016-2019", "mt": 7, "in": 7, "pr": "match_number=2", "ov": 60, "cd": 341, "md": 0, "wk": 16, "fwk": 0, "fw": 0, "tw": 0, "bbi": "3/17", "bbm": "3/17", "bwa": 21.31, "bwe": 5.68, "bwsr": 22.5}, {"bl": null, "tt": "3rd match in series", "sp": "2016-2019", "mt": 9, "in": 9, "pr": "match_number=3", "ov": 75, "cd": 427, "md": 2, "wk": 12, "fwk": 1, "fw": 1, "tw": 0, "bbi": "5/45", "bbm": "5/45", "bwa": 35.58, "bwe": 5.69, "bwsr": 37.5}, {"bl": null, "tt": "4th match in series", "sp": "2018-2018", "mt": 1, "in": 1, "pr": "match_number=4", "ov": 6, "cd": 32, "md": 0, "wk": 0, "fwk": 0, "fw": 0, "tw": 0, "bbi": null, "bbm": null, "bwa": null, "bwe": 5.33, "bwsr": null}, {"bl": null, "tt": "5th match in series", "sp": "2018-2018", "mt": 1, "in": 1, "pr": "match_number=5", "ov": 10, "cd": 64, "md": 0, "wk": 2, "fwk": 0, "fw": 0, "tw": 0, "bbi": "2/64", "bbm": "2/64", "bwa": 32, "bwe": 6.4, "bwsr": 30}]}, {"type": "MAJOR_TROPHY", "stats": [{"bl": null, "tt": "World Cup", "sp": "2019-2019", "mt": 9, "in": 9, "pr": "trophy=12", "ov": 83.4, "cd": 409, "md": 3, "wk": 21, "fwk": 1, "fw": 0, "tw": 0, "bbi": "4/37", "bbm": "4/37", "bwa": 19.47, "bwe": 4.88, "bwsr": 23.9}, {"bl": null, "tt": "Chappell-Hadlee", "sp": "2016-2020", "mt": 5, "in": 5, "pr": "trophy=65", "ov": 45, "cd": 289, "md": 1, "wk": 5, "fwk": 0, "fw": 0, "tw": 0, "bbi": "2/44", "bbm": "2/44", "bwa": 57.8, "bwe": 6.42, "bwsr": 54}]}, {"type": "FINAL_TYPE", "stats": [{"bl": null, "tt": "tournament finals", "sp": "2019-2019", "mt": 1, "in": 1, "pr": "final_type=1", "ov": 10, "cd": 50, "md": 0, "wk": 3, "fwk": 0, "fw": 0, "tw": 0, "bbi": "3/50", "bbm": "3/50", "bwa": 16.66, "bwe": 5, "bwsr": 20}, {"bl": null, "tt": "tournament semi-finals", "sp": "2019-2019", "mt": 1, "in": 1, "pr": "final_type=3", "ov": 10, "cd": 43, "md": 0, "wk": 1, "fwk": 0, "fw": 0, "tw": 0, "bbi": "1/43", "bbm": "1/43", "bwa": 43, "bwe": 4.3, "bwsr": 60}, {"bl": null, "tt": "preliminary matches", "sp": "2019-2019", "mt": 7, "in": 7, "pr": "final_type=0", "ov": 63.4, "cd": 316, "md": 3, "wk": 17, "fwk": 1, "fw": 0, "tw": 0, "bbi": "4/37", "bbm": "4/37", "bwa": 18.58, "bwe": 4.96, "bwsr": 22.4}]}, {"type": "BOWLING_POSITION", "stats": [{"bl": null, "tt": "2nd position", "sp": "2020-2020", "mt": 1, "in": 1, "pr": "bowling_positionval1=bowling_position;bowling_positionmin1=2;bowling_positionmax1=2", "ov": 9, "cd": 60, "md": 0, "wk": 2, "fwk": 0, "fw": 0, "tw": 0, "bbi": "2/60", "bbm": "2/60", "bwa": 30, "bwe": 6.66, "bwsr": 27}, {"bl": null, "tt": "3rd position", "sp": "2016-2019", "mt": 26, "in": 26, "pr": "bowling_positionval1=bowling_position;bowling_positionmin1=3;bowling_positionmax1=3", "ov": 231, "cd": 1283, "md": 5, "wk": 47, "fwk": 2, "fw": 1, "tw": 0, "bbi": "5/45", "bbm": "5/45", "bwa": 27.29, "bwe": 5.55, "bwsr": 29.4}, {"bl": null, "tt": "4th position", "sp": "2016-2019", "mt": 10, "in": 10, "pr": "bowling_positionval1=bowling_position;bowling_positionmin1=4;bowling_positionmax1=4", "ov": 86, "cd": 436, "md": 1, "wk": 20, "fwk": 0, "fw": 0, "tw": 0, "bbi": "3/17", "bbm": "3/17", "bwa": 21.8, "bwe": 5.06, "bwsr": 25.8}]}]}}