{"summary": {"recordClassId": 3, "type": "BOWLING", "groups": [{"type": "CAREER_AVERAGES", "stats": [{"bl": null, "tt": "overview", "sp": "2017-2021", "mt": 13, "in": 13, "pr": null, "ov": 46, "cd": 316, "md": 0, "wk": 24, "fwk": 0, "fw": 1, "tw": 0, "bbi": "5/21", "bbm": "5/21", "bwa": 13.16, "bwe": 6.86, "bwsr": 11.5}]}, {"type": "OPPOSITION_TEAM", "stats": [{"bl": null, "tt": "vs Bangladesh", "sp": "2017-2021", "mt": 3, "in": 3, "pr": "opposition=25", "ov": 10, "cd": 70, "md": 0, "wk": 6, "fwk": 0, "fw": 0, "tw": 0, "bbi": "3/32", "bbm": "3/32", "bwa": 11.66, "bwe": 7, "bwsr": 10}, {"bl": null, "tt": "vs England", "sp": "2019-2019", "mt": 3, "in": 3, "pr": "opposition=1", "ov": 12, "cd": 87, "md": 0, "wk": 4, "fwk": 0, "fw": 0, "tw": 0, "bbi": "2/25", "bbm": "2/25", "bwa": 21.75, "bwe": 7.25, "bwsr": 18}, {"bl": null, "tt": "vs India", "sp": "2019-2019", "mt": 2, "in": 2, "pr": "opposition=6", "ov": 8, "cd": 53, "md": 0, "wk": 3, "fwk": 0, "fw": 0, "tw": 0, "bbi": "2/22", "bbm": "2/22", "bwa": 17.66, "bwe": 6.62, "bwsr": 16}, {"bl": null, "tt": "vs Pakistan", "sp": "2018-2018", "mt": 1, "in": 1, "pr": "opposition=7", "ov": 4, "cd": 29, "md": 0, "wk": 1, "fwk": 0, "fw": 0, "tw": 0, "bbi": "1/29", "bbm": "1/29", "bwa": 29, "bwe": 7.25, "bwsr": 24}, {"bl": null, "tt": "vs Sri Lanka", "sp": "2019-2019", "mt": 1, "in": 1, "pr": "opposition=8", "ov": 3, "cd": 21, "md": 0, "wk": 3, "fwk": 0, "fw": 0, "tw": 0, "bbi": "3/21", "bbm": "3/21", "bwa": 7, "bwe": 7, "bwsr": 6}, {"bl": null, "tt": "vs West Indies", "sp": "2020-2020", "mt": 3, "in": 3, "pr": "opposition=4", "ov": 9, "cd": 56, "md": 0, "wk": 7, "fwk": 0, "fw": 1, "tw": 0, "bbi": "5/21", "bbm": "5/21", "bwa": 8, "bwe": 6.22, "bwsr": 7.7}]}, {"type": "HOST_COUNTRY", "stats": [{"bl": null, "tt": "in New Zealand", "sp": "2017-2021", "mt": 12, "in": 12, "pr": "host=5", "ov": 42, "cd": 287, "md": 0, "wk": 23, "fwk": 0, "fw": 1, "tw": 0, "bbi": "5/21", "bbm": "5/21", "bwa": 12.47, "bwe": 6.83, "bwsr": 10.9}, {"bl": null, "tt": "in U.A.E.", "sp": "2018-2018", "mt": 1, "in": 1, "pr": "host=27", "ov": 4, "cd": 29, "md": 0, "wk": 1, "fwk": 0, "fw": 0, "tw": 0, "bbi": "1/29", "bbm": "1/29", "bwa": 29, "bwe": 7.25, "bwsr": 24}]}, {"type": "CONTINENT", "stats": [{"bl": null, "tt": "in Asia", "sp": "2018-2018", "mt": 1, "in": 1, "pr": "continent=2", "ov": 4, "cd": 29, "md": 0, "wk": 1, "fwk": 0, "fw": 0, "tw": 0, "bbi": "1/29", "bbm": "1/29", "bwa": 29, "bwe": 7.25, "bwsr": 24}, {"bl": null, "tt": "in Oceania", "sp": "2017-2021", "mt": 12, "in": 12, "pr": "continent=5", "ov": 42, "cd": 287, "md": 0, "wk": 23, "fwk": 0, "fw": 1, "tw": 0, "bbi": "5/21", "bbm": "5/21", "bwa": 12.47, "bwe": 6.83, "bwsr": 10.9}]}, {"type": "HOME_OR_AWAY", "stats": [{"bl": null, "tt": "home", "sp": "2017-2021", "mt": 12, "in": 12, "pr": "home_or_away=1", "ov": 42, "cd": 287, "md": 0, "wk": 23, "fwk": 0, "fw": 1, "tw": 0, "bbi": "5/21", "bbm": "5/21", "bwa": 12.47, "bwe": 6.83, "bwsr": 10.9}, {"bl": null, "tt": "neutral", "sp": "2018-2018", "mt": 1, "in": 1, "pr": "home_or_away=3", "ov": 4, "cd": 29, "md": 0, "wk": 1, "fwk": 0, "fw": 0, "tw": 0, "bbi": "1/29", "bbm": "1/29", "bwa": 29, "bwe": 7.25, "bwsr": 24}]}, {"type": "YEAR", "stats": [{"bl": null, "tt": "year 2017", "sp": null, "mt": 1, "in": 1, "pr": "year=2017", "ov": 4, "cd": 32, "md": 0, "wk": 3, "fwk": 0, "fw": 0, "tw": 0, "bbi": "3/32", "bbm": "3/32", "bwa": 10.66, "bwe": 8, "bwsr": 8}, {"bl": null, "tt": "year 2018", "sp": null, "mt": 1, "in": 1, "pr": "year=2018", "ov": 4, "cd": 29, "md": 0, "wk": 1, "fwk": 0, "fw": 0, "tw": 0, "bbi": "1/29", "bbm": "1/29", "bwa": 29, "bwe": 7.25, "bwsr": 24}, {"bl": null, "tt": "year 2019", "sp": null, "mt": 6, "in": 6, "pr": "year=2019", "ov": 23, "cd": 161, "md": 0, "wk": 10, "fwk": 0, "fw": 0, "tw": 0, "bbi": "3/21", "bbm": "3/21", "bwa": 16.1, "bwe": 7, "bwsr": 13.8}, {"bl": null, "tt": "year 2020", "sp": null, "mt": 3, "in": 3, "pr": "year=2020", "ov": 9, "cd": 56, "md": 0, "wk": 7, "fwk": 0, "fw": 1, "tw": 0, "bbi": "5/21", "bbm": "5/21", "bwa": 8, "bwe": 6.22, "bwsr": 7.7}, {"bl": null, "tt": "year 2021", "sp": null, "mt": 2, "in": 2, "pr": "year=2021", "ov": 6, "cd": 38, "md": 0, "wk": 3, "fwk": 0, "fw": 0, "tw": 0, "bbi": "2/25", "bbm": "2/25", "bwa": 12.66, "bwe": 6.33, "bwsr": 12}]}, {"type": "SEASON", "stats": [{"bl": null, "tt": "season 2016/17", "sp": null, "mt": 1, "in": 1, "pr": "season=2016/17", "ov": 4, "cd": 32, "md": 0, "wk": 3, "fwk": 0, "fw": 0, "tw": 0, "bbi": "3/32", "bbm": "3/32", "bwa": 10.66, "bwe": 8, "bwsr": 8}, {"bl": null, "tt": "season 2018/19", "sp": null, "mt": 4, "in": 4, "pr": "season=2018/19", "ov": 15, "cd": 103, "md": 0, "wk": 7, "fwk": 0, "fw": 0, "tw": 0, "bbi": "3/21", "bbm": "3/21", "bwa": 14.71, "bwe": 6.86, "bwsr": 12.8}, {"bl": null, "tt": "season 2019/20", "sp": null, "mt": 3, "in": 3, "pr": "season=2019/20", "ov": 12, "cd": 87, "md": 0, "wk": 4, "fwk": 0, "fw": 0, "tw": 0, "bbi": "2/25", "bbm": "2/25", "bwa": 21.75, "bwe": 7.25, "bwsr": 18}, {"bl": null, "tt": "season 2020/21", "sp": null, "mt": 5, "in": 5, "pr": "season=2020/21", "ov": 15, "cd": 94, "md": 0, "wk": 10, "fwk": 0, "fw": 1, "tw": 0, "bbi": "5/21", "bbm": "5/21", "bwa": 9.4, "bwe": 6.26, "bwsr": 9}]}, {"type": "CAPTAINS_INVOLVED", "stats": [{"bl": null, "tt": "*MJ Santner", "sp": "2020-2020", "mt": 1, "in": 1, "pr": "captain_involve=64864", "ov": 1, "cd": 13, "md": 0, "wk": 1, "fwk": 0, "fw": 0, "tw": 0, "bbi": "1/13", "bbm": "1/13", "bwa": 13, "bwe": 13, "bwsr": 6}, {"bl": null, "tt": "*TG Southee", "sp": "2019-2021", "mt": 8, "in": 8, "pr": "captain_involve=49108", "ov": 29, "cd": 189, "md": 0, "wk": 16, "fwk": 0, "fw": 1, "tw": 0, "bbi": "5/21", "bbm": "5/21", "bwa": 11.81, "bwe": 6.51, "bwsr": 10.8}, {"bl": null, "tt": "*KS Williamson", "sp": "2017-2019", "mt": 4, "in": 4, "pr": "captain_involve=51088", "ov": 16, "cd": 114, "md": 0, "wk": 7, "fwk": 0, "fw": 0, "tw": 0, "bbi": "3/32", "bbm": "3/32", "bwa": 16.28, "bwe": 7.12, "bwsr": 13.7}]}, {"type": "CAPTAIN", "stats": [{"bl": null, "tt": "is not captain", "sp": "2017-2021", "mt": 13, "in": 13, "pr": "captain=0", "ov": 46, "cd": 316, "md": 0, "wk": 24, "fwk": 0, "fw": 1, "tw": 0, "bbi": "5/21", "bbm": "5/21", "bwa": 13.16, "bwe": 6.86, "bwsr": 11.5}]}, {"type": "KEEPER", "stats": [{"bl": null, "tt": "is not keeper", "sp": "2017-2021", "mt": 13, "in": 13, "pr": "keeper=0", "ov": 46, "cd": 316, "md": 0, "wk": 24, "fwk": 0, "fw": 1, "tw": 0, "bbi": "5/21", "bbm": "5/21", "bwa": 13.16, "bwe": 6.86, "bwsr": 11.5}]}, {"type": "TOSS", "stats": [{"bl": null, "tt": "won the toss", "sp": "2019-2021", "mt": 5, "in": 5, "pr": "toss=1", "ov": 17, "cd": 115, "md": 0, "wk": 11, "fwk": 0, "fw": 1, "tw": 0, "bbi": "5/21", "bbm": "5/21", "bwa": 10.45, "bwe": 6.76, "bwsr": 9.2}, {"bl": null, "tt": "lost the toss", "sp": "2017-2021", "mt": 8, "in": 8, "pr": "toss=2", "ov": 29, "cd": 201, "md": 0, "wk": 13, "fwk": 0, "fw": 0, "tw": 0, "bbi": "3/21", "bbm": "3/21", "bwa": 15.46, "bwe": 6.93, "bwsr": 13.3}]}, {"type": "BATTING_FIELDING_SEQUENCE_AND_TOSS", "stats": [{"bl": null, "tt": "won toss &amp; batted", "sp": "2019-2021", "mt": 3, "in": 3, "pr": "batting_fielding_first=1;toss=1", "ov": 12, "cd": 81, "md": 0, "wk": 5, "fwk": 0, "fw": 0, "tw": 0, "bbi": "2/25", "bbm": "2/25", "bwa": 16.2, "bwe": 6.75, "bwsr": 14.4}, {"bl": null, "tt": "won toss &amp; fielded", "sp": "2020-2020", "mt": 2, "in": 2, "pr": "batting_fielding_first=2;toss=1", "ov": 5, "cd": 34, "md": 0, "wk": 6, "fwk": 0, "fw": 1, "tw": 0, "bbi": "5/21", "bbm": "5/21", "bwa": 5.66, "bwe": 6.8, "bwsr": 5}, {"bl": null, "tt": "lost toss &amp; sent in", "sp": "2019-2021", "mt": 6, "in": 6, "pr": "batting_fielding_first=1;toss=2", "ov": 21, "cd": 140, "md": 0, "wk": 9, "fwk": 0, "fw": 0, "tw": 0, "bbi": "3/21", "bbm": "3/21", "bwa": 15.55, "bwe": 6.66, "bwsr": 14}, {"bl": null, "tt": "lost toss &amp; fielded", "sp": "2017-2018", "mt": 2, "in": 2, "pr": "batting_fielding_first=2;toss=2", "ov": 8, "cd": 61, "md": 0, "wk": 4, "fwk": 0, "fw": 0, "tw": 0, "bbi": "3/32", "bbm": "3/32", "bwa": 15.25, "bwe": 7.62, "bwsr": 12}]}, {"type": "BATTING_FIELDING_SEQUENCE", "stats": [{"bl": null, "tt": "matches batting first", "sp": "2019-2021", "mt": 9, "in": 9, "pr": "batting_fielding_first=1", "ov": 33, "cd": 221, "md": 0, "wk": 14, "fwk": 0, "fw": 0, "tw": 0, "bbi": "3/21", "bbm": "3/21", "bwa": 15.78, "bwe": 6.69, "bwsr": 14.1}, {"bl": null, "tt": "matches fielding first", "sp": "2017-2020", "mt": 4, "in": 4, "pr": "batting_fielding_first=2", "ov": 13, "cd": 95, "md": 0, "wk": 10, "fwk": 0, "fw": 1, "tw": 0, "bbi": "5/21", "bbm": "5/21", "bwa": 9.5, "bwe": 7.3, "bwsr": 7.8}]}, {"type": "TEAM_INNINGS", "stats": [{"bl": null, "tt": "1st team innings", "sp": "2017-2021", "mt": 13, "in": 13, "pr": "innings_number=1;innings_number=2", "ov": 46, "cd": 316, "md": 0, "wk": 24, "fwk": 0, "fw": 1, "tw": 0, "bbi": "5/21", "bbm": "5/21", "bwa": 13.16, "bwe": 6.86, "bwsr": 11.5}]}, {"type": "MATCH_INNINGS", "stats": [{"bl": null, "tt": "1st match innings", "sp": "2017-2020", "mt": 4, "in": 4, "pr": "innings_number=1", "ov": 13, "cd": 95, "md": 0, "wk": 10, "fwk": 0, "fw": 1, "tw": 0, "bbi": "5/21", "bbm": "5/21", "bwa": 9.5, "bwe": 7.3, "bwsr": 7.8}, {"bl": null, "tt": "2nd match innings", "sp": "2019-2021", "mt": 9, "in": 9, "pr": "innings_number=2", "ov": 33, "cd": 221, "md": 0, "wk": 14, "fwk": 0, "fw": 0, "tw": 0, "bbi": "3/21", "bbm": "3/21", "bwa": 15.78, "bwe": 6.69, "bwsr": 14.1}]}, {"type": "FLOODLIT", "stats": [{"bl": null, "tt": "day match", "sp": "2019-2021", "mt": 5, "in": 5, "pr": "floodlit=1", "ov": 20, "cd": 134, "md": 0, "wk": 7, "fwk": 0, "fw": 0, "tw": 0, "bbi": "2/25", "bbm": "2/25", "bwa": 19.14, "bwe": 6.7, "bwsr": 17.1}, {"bl": null, "tt": "night match", "sp": "2017-2021", "mt": 8, "in": 8, "pr": "floodlit=3", "ov": 26, "cd": 182, "md": 0, "wk": 17, "fwk": 0, "fw": 1, "tw": 0, "bbi": "5/21", "bbm": "5/21", "bwa": 10.7, "bwe": 7, "bwsr": 9.1}]}, {"type": "RESULT", "stats": [{"bl": null, "tt": "won match", "sp": "2017-2021", "mt": 9, "in": 9, "pr": "result=1", "ov": 33, "cd": 215, "md": 0, "wk": 21, "fwk": 0, "fw": 1, "tw": 0, "bbi": "5/21", "bbm": "5/21", "bwa": 10.23, "bwe": 6.51, "bwsr": 9.4}, {"bl": null, "tt": "lost match", "sp": "2018-2019", "mt": 3, "in": 3, "pr": "result=2", "ov": 12, "cd": 88, "md": 0, "wk": 2, "fwk": 0, "fw": 0, "tw": 0, "bbi": "1/29", "bbm": "1/29", "bwa": 44, "bwe": 7.33, "bwsr": 36}, {"bl": null, "tt": "no result", "sp": "2020-2020", "mt": 1, "in": 1, "pr": "result=5", "ov": 1, "cd": 13, "md": 0, "wk": 1, "fwk": 0, "fw": 0, "tw": 0, "bbi": "1/13", "bbm": "1/13", "bwa": 13, "bwe": 13, "bwsr": 6}]}, {"type": "BATTING_FIELDING_SEQUENCE_AND_RESULT", "stats": [{"bl": null, "tt": "won batting first", "sp": "2019-2021", "mt": 7, "in": 7, "pr": "batting_fielding_first=1;result=1", "ov": 25, "cd": 162, "md": 0, "wk": 13, "fwk": 0, "fw": 0, "tw": 0, "bbi": "3/21", "bbm": "3/21", "bwa": 12.46, "bwe": 6.48, "bwsr": 11.5}, {"bl": null, "tt": "won fielding first", "sp": "2017-2020", "mt": 2, "in": 2, "pr": "batting_fielding_first=2;result=1", "ov": 8, "cd": 53, "md": 0, "wk": 8, "fwk": 0, "fw": 1, "tw": 0, "bbi": "5/21", "bbm": "5/21", "bwa": 6.62, "bwe": 6.62, "bwsr": 6}, {"bl": null, "tt": "lost batting first", "sp": "2019-2019", "mt": 2, "in": 2, "pr": "batting_fielding_first=1;result=2", "ov": 8, "cd": 59, "md": 0, "wk": 1, "fwk": 0, "fw": 0, "tw": 0, "bbi": "1/31", "bbm": "1/31", "bwa": 59, "bwe": 7.37, "bwsr": 48}, {"bl": null, "tt": "lost fielding first", "sp": "2018-2018", "mt": 1, "in": 1, "pr": "batting_fielding_first=2;result=2", "ov": 4, "cd": 29, "md": 0, "wk": 1, "fwk": 0, "fw": 0, "tw": 0, "bbi": "1/29", "bbm": "1/29", "bwa": 29, "bwe": 7.25, "bwsr": 24}, {"bl": null, "tt": "no result fielding first", "sp": "2020-2020", "mt": 1, "in": 1, "pr": "batting_fielding_first=2;result=5", "ov": 1, "cd": 13, "md": 0, "wk": 1, "fwk": 0, "fw": 0, "tw": 0, "bbi": "1/13", "bbm": "1/13", "bwa": 13, "bwe": 13, "bwsr": 6}]}, {"type": "TOURNAMENT_TYPE", "stats": [{"bl": null, "tt": "2 team series", "sp": "2017-2021", "mt": 13, "in": 13, "pr": "tournament_type=2", "ov": 46, "cd": 316, "md": 0, "wk": 24, "fwk": 0, "fw": 1, "tw": 0, "bbi": "5/21", "bbm": "5/21", "bwa": 13.16, "bwe": 6.86, "bwsr": 11.5}]}, {"type": "MATCH_NUMBER", "stats": [{"bl": null, "tt": "only match in series", "sp": "2019-2019", "mt": 1, "in": 1, "pr": "match_number=0", "ov": 3, "cd": 21, "md": 0, "wk": 3, "fwk": 0, "fw": 0, "tw": 0, "bbi": "3/21", "bbm": "3/21", "bwa": 7, "bwe": 7, "bwsr": 6}, {"bl": null, "tt": "1st match in series", "sp": "2017-2021", "mt": 5, "in": 5, "pr": "match_number=1", "ov": 20, "cd": 128, "md": 0, "wk": 12, "fwk": 0, "fw": 1, "tw": 0, "bbi": "5/21", "bbm": "5/21", "bwa": 10.66, "bwe": 6.4, "bwsr": 10}, {"bl": null, "tt": "2nd match in series", "sp": "2019-2020", "mt": 3, "in": 3, "pr": "match_number=2", "ov": 12, "cd": 87, "md": 0, "wk": 4, "fwk": 0, "fw": 0, "tw": 0, "bbi": "2/34", "bbm": "2/34", "bwa": 21.75, "bwe": 7.25, "bwsr": 18}, {"bl": null, "tt": "3rd match in series", "sp": "2018-2021", "mt": 4, "in": 4, "pr": "match_number=3", "ov": 11, "cd": 80, "md": 0, "wk": 5, "fwk": 0, "fw": 0, "tw": 0, "bbi": "2/25", "bbm": "2/25", "bwa": 16, "bwe": 7.27, "bwsr": 13.2}]}, {"type": "BOWLING_POSITION", "stats": [{"bl": null, "tt": "1st position", "sp": "2019-2019", "mt": 1, "in": 1, "pr": "bowling_positionval1=bowling_position;bowling_positionmin1=1;bowling_positionmax1=1", "ov": 3, "cd": 21, "md": 0, "wk": 3, "fwk": 0, "fw": 0, "tw": 0, "bbi": "3/21", "bbm": "3/21", "bwa": 7, "bwe": 7, "bwsr": 6}, {"bl": null, "tt": "2nd position", "sp": "2019-2020", "mt": 4, "in": 4, "pr": "bowling_positionval1=bowling_position;bowling_positionmin1=2;bowling_positionmax1=2", "ov": 13, "cd": 100, "md": 0, "wk": 5, "fwk": 0, "fw": 0, "tw": 0, "bbi": "2/25", "bbm": "2/25", "bwa": 20, "bwe": 7.69, "bwsr": 15.6}, {"bl": null, "tt": "3rd position", "sp": "2017-2021", "mt": 7, "in": 7, "pr": "bowling_positionval1=bowling_position;bowling_positionmin1=3;bowling_positionmax1=3", "ov": 26, "cd": 174, "md": 0, "wk": 11, "fwk": 0, "fw": 0, "tw": 0, "bbi": "3/32", "bbm": "3/32", "bwa": 15.81, "bwe": 6.69, "bwsr": 14.1}, {"bl": null, "tt": "4th position", "sp": "2020-2020", "mt": 1, "in": 1, "pr": "bowling_positionval1=bowling_position;bowling_positionmin1=4;bowling_positionmax1=4", "ov": 4, "cd": 21, "md": 0, "wk": 5, "fwk": 0, "fw": 1, "tw": 0, "bbi": "5/21", "bbm": "5/21", "bwa": 4.2, "bwe": 5.25, "bwsr": 4.8}]}]}}