{"summary": {"recordClassId": 2, "type": "FIELDING", "groups": [{"type": "CAREER_AVERAGES", "stats": [{"tt": "overview", "sp": "2016-2020", "mt": 37, "in": 37, "pr": null, "ds": 10, "ct": 10, "st": 0, "ck": 0, "cf": 10, "mds": "1 (1ct 0st)", "dspi": 0.27}]}, {"type": "OPPOSITION_TEAM", "stats": [{"tt": "vs Afghanistan", "sp": "2019-2019", "mt": 1, "in": 1, "pr": "opposition=40", "ds": 0, "ct": 0, "st": 0, "ck": 0, "cf": 0, "mds": "0", "dspi": 0}, {"tt": "vs Australia", "sp": "2016-2020", "mt": 6, "in": 6, "pr": "opposition=2", "ds": 0, "ct": 0, "st": 0, "ck": 0, "cf": 0, "mds": "0", "dspi": 0}, {"tt": "vs Bangladesh", "sp": "2016-2019", "mt": 6, "in": 6, "pr": "opposition=25", "ds": 1, "ct": 1, "st": 0, "ck": 0, "cf": 1, "mds": "1 (1ct 0st)", "dspi": 0.166}, {"tt": "vs England", "sp": "2018-2019", "mt": 2, "in": 2, "pr": "opposition=1", "ds": 1, "ct": 1, "st": 0, "ck": 0, "cf": 1, "mds": "1 (1ct 0st)", "dspi": 0.5}, {"tt": "vs India", "sp": "2019-2019", "mt": 4, "in": 4, "pr": "opposition=6", "ds": 1, "ct": 1, "st": 0, "ck": 0, "cf": 1, "mds": "1 (1ct 0st)", "dspi": 0.25}, {"tt": "vs Pakistan", "sp": "2018-2019", "mt": 9, "in": 9, "pr": "opposition=7", "ds": 2, "ct": 2, "st": 0, "ck": 0, "cf": 2, "mds": "1 (1ct 0st)", "dspi": 0.222}, {"tt": "vs South Africa", "sp": "2017-2019", "mt": 2, "in": 2, "pr": "opposition=3", "ds": 0, "ct": 0, "st": 0, "ck": 0, "cf": 0, "mds": "0", "dspi": 0}, {"tt": "vs Sri Lanka", "sp": "2019-2019", "mt": 3, "in": 3, "pr": "opposition=8", "ds": 2, "ct": 2, "st": 0, "ck": 0, "cf": 2, "mds": "1 (1ct 0st)", "dspi": 0.666}, {"tt": "vs West Indies", "sp": "2017-2019", "mt": 4, "in": 4, "pr": "opposition=4", "ds": 3, "ct": 3, "st": 0, "ck": 0, "cf": 3, "mds": "1 (1ct 0st)", "dspi": 0.75}]}, {"type": "HOST_COUNTRY", "stats": [{"tt": "in Australia", "sp": "2016-2020", "mt": 3, "in": 3, "pr": "host=2", "ds": 0, "ct": 0, "st": 0, "ck": 0, "cf": 0, "mds": "0", "dspi": 0}, {"tt": "in England", "sp": "2019-2019", "mt": 9, "in": 9, "pr": "host=1", "ds": 2, "ct": 2, "st": 0, "ck": 0, "cf": 2, "mds": "1 (1ct 0st)", "dspi": 0.222}, {"tt": "in New Zealand", "sp": "2016-2019", "mt": 22, "in": 22, "pr": "host=5", "ds": 8, "ct": 8, "st": 0, "ck": 0, "cf": 8, "mds": "1 (1ct 0st)", "dspi": 0.363}, {"tt": "in U.A.E.", "sp": "2018-2018", "mt": 3, "in": 3, "pr": "host=27", "ds": 0, "ct": 0, "st": 0, "ck": 0, "cf": 0, "mds": "0", "dspi": 0}]}, {"type": "CONTINENT", "stats": [{"tt": "in Asia", "sp": "2018-2018", "mt": 3, "in": 3, "pr": "continent=2", "ds": 0, "ct": 0, "st": 0, "ck": 0, "cf": 0, "mds": "0", "dspi": 0}, {"tt": "in Europe", "sp": "2019-2019", "mt": 9, "in": 9, "pr": "continent=4", "ds": 2, "ct": 2, "st": 0, "ck": 0, "cf": 2, "mds": "1 (1ct 0st)", "dspi": 0.222}, {"tt": "in Oceania", "sp": "2016-2020", "mt": 25, "in": 25, "pr": "continent=5", "ds": 8, "ct": 8, "st": 0, "ck": 0, "cf": 8, "mds": "1 (1ct 0st)", "dspi": 0.32}]}, {"type": "HOME_OR_AWAY", "stats": [{"tt": "home", "sp": "2016-2019", "mt": 22, "in": 22, "pr": "home_or_away=1", "ds": 8, "ct": 8, "st": 0, "ck": 0, "cf": 8, "mds": "1 (1ct 0st)", "dspi": 0.363}, {"tt": "away", "sp": "2016-2020", "mt": 4, "in": 4, "pr": "home_or_away=2", "ds": 1, "ct": 1, "st": 0, "ck": 0, "cf": 1, "mds": "1 (1ct 0st)", "dspi": 0.25}, {"tt": "neutral", "sp": "2018-2019", "mt": 11, "in": 11, "pr": "home_or_away=3", "ds": 1, "ct": 1, "st": 0, "ck": 0, "cf": 1, "mds": "1 (1ct 0st)", "dspi": 0.09}]}, {"type": "YEAR", "stats": [{"tt": "year 2016", "sp": null, "mt": 4, "in": 4, "pr": "year=2016", "ds": 0, "ct": 0, "st": 0, "ck": 0, "cf": 0, "mds": "0", "dspi": 0}, {"tt": "year 2017", "sp": null, "mt": 6, "in": 6, "pr": "year=2017", "ds": 3, "ct": 3, "st": 0, "ck": 0, "cf": 3, "mds": "1 (1ct 0st)", "dspi": 0.5}, {"tt": "year 2018", "sp": null, "mt": 9, "in": 9, "pr": "year=2018", "ds": 1, "ct": 1, "st": 0, "ck": 0, "cf": 1, "mds": "1 (1ct 0st)", "dspi": 0.111}, {"tt": "year 2019", "sp": null, "mt": 17, "in": 17, "pr": "year=2019", "ds": 6, "ct": 6, "st": 0, "ck": 0, "cf": 6, "mds": "1 (1ct 0st)", "dspi": 0.352}, {"tt": "year 2020", "sp": null, "mt": 1, "in": 1, "pr": "year=2020", "ds": 0, "ct": 0, "st": 0, "ck": 0, "cf": 0, "mds": "0", "dspi": 0}]}, {"type": "SEASON", "stats": [{"tt": "season 2016/17", "sp": null, "mt": 7, "in": 7, "pr": "season=2016/17", "ds": 0, "ct": 0, "st": 0, "ck": 0, "cf": 0, "mds": "0", "dspi": 0}, {"tt": "season 2017/18", "sp": null, "mt": 9, "in": 9, "pr": "season=2017/18", "ds": 4, "ct": 4, "st": 0, "ck": 0, "cf": 4, "mds": "1 (1ct 0st)", "dspi": 0.444}, {"tt": "season 2018/19", "sp": null, "mt": 11, "in": 11, "pr": "season=2018/19", "ds": 4, "ct": 4, "st": 0, "ck": 0, "cf": 4, "mds": "1 (1ct 0st)", "dspi": 0.363}, {"tt": "season 2019", "sp": null, "mt": 9, "in": 9, "pr": "season=2019", "ds": 2, "ct": 2, "st": 0, "ck": 0, "cf": 2, "mds": "1 (1ct 0st)", "dspi": 0.222}, {"tt": "season 2019/20", "sp": null, "mt": 1, "in": 1, "pr": "season=2019/20", "ds": 0, "ct": 0, "st": 0, "ck": 0, "cf": 0, "mds": "0", "dspi": 0}]}, {"type": "CAPTAINS_INVOLVED", "stats": [{"tt": "*TWM Latham", "sp": "2017-2019", "mt": 4, "in": 4, "pr": "captain_involve=59148", "ds": 2, "ct": 2, "st": 0, "ck": 0, "cf": 2, "mds": "1 (1ct 0st)", "dspi": 0.5}, {"tt": "*TG Southee", "sp": "2018-2018", "mt": 1, "in": 1, "pr": "captain_involve=49108", "ds": 0, "ct": 0, "st": 0, "ck": 0, "cf": 0, "mds": "0", "dspi": 0}, {"tt": "*KS Williamson", "sp": "2016-2020", "mt": 32, "in": 32, "pr": "captain_involve=51088", "ds": 8, "ct": 8, "st": 0, "ck": 0, "cf": 8, "mds": "1 (1ct 0st)", "dspi": 0.25}]}, {"type": "CAPTAIN", "stats": [{"tt": "is not captain", "sp": "2016-2020", "mt": 37, "in": 37, "pr": "captain=0", "ds": 10, "ct": 10, "st": 0, "ck": 0, "cf": 10, "mds": "1 (1ct 0st)", "dspi": 0.27}]}, {"type": "KEEPER", "stats": [{"tt": "is not keeper", "sp": "2016-2020", "mt": 37, "in": 37, "pr": "keeper=0", "ds": 10, "ct": 10, "st": 0, "ck": 0, "cf": 10, "mds": "1 (1ct 0st)", "dspi": 0.27}]}, {"type": "TOSS", "stats": [{"tt": "won the toss", "sp": "2016-2019", "mt": 19, "in": 19, "pr": "toss=1", "ds": 7, "ct": 7, "st": 0, "ck": 0, "cf": 7, "mds": "1 (1ct 0st)", "dspi": 0.368}, {"tt": "lost the toss", "sp": "2016-2020", "mt": 18, "in": 18, "pr": "toss=2", "ds": 3, "ct": 3, "st": 0, "ck": 0, "cf": 3, "mds": "1 (1ct 0st)", "dspi": 0.166}]}, {"type": "BATTING_FIELDING_SEQUENCE_AND_TOSS", "stats": [{"tt": "won toss &amp; batted", "sp": "2016-2019", "mt": 13, "in": 13, "pr": "batting_fielding_first=1;toss=1", "ds": 5, "ct": 5, "st": 0, "ck": 0, "cf": 5, "mds": "1 (1ct 0st)", "dspi": 0.384}, {"tt": "won toss &amp; fielded", "sp": "2017-2019", "mt": 6, "in": 6, "pr": "batting_fielding_first=2;toss=1", "ds": 2, "ct": 2, "st": 0, "ck": 0, "cf": 2, "mds": "1 (1ct 0st)", "dspi": 0.333}, {"tt": "lost toss &amp; sent in", "sp": "2016-2019", "mt": 8, "in": 8, "pr": "batting_fielding_first=1;toss=2", "ds": 2, "ct": 2, "st": 0, "ck": 0, "cf": 2, "mds": "1 (1ct 0st)", "dspi": 0.25}, {"tt": "lost toss &amp; fielded", "sp": "2016-2020", "mt": 10, "in": 10, "pr": "batting_fielding_first=2;toss=2", "ds": 1, "ct": 1, "st": 0, "ck": 0, "cf": 1, "mds": "1 (1ct 0st)", "dspi": 0.1}]}, {"type": "BATTING_FIELDING_SEQUENCE", "stats": [{"tt": "matches batting first", "sp": "2016-2019", "mt": 21, "in": 21, "pr": "batting_fielding_first=1", "ds": 7, "ct": 7, "st": 0, "ck": 0, "cf": 7, "mds": "1 (1ct 0st)", "dspi": 0.333}, {"tt": "matches fielding first", "sp": "2016-2020", "mt": 16, "in": 16, "pr": "batting_fielding_first=2", "ds": 3, "ct": 3, "st": 0, "ck": 0, "cf": 3, "mds": "1 (1ct 0st)", "dspi": 0.187}]}, {"type": "TEAM_INNINGS", "stats": [{"tt": "1st team innings", "sp": "2016-2020", "mt": 37, "in": 37, "pr": "innings_number=1;innings_number=2", "ds": 10, "ct": 10, "st": 0, "ck": 0, "cf": 10, "mds": "1 (1ct 0st)", "dspi": 0.27}]}, {"type": "MATCH_INNINGS", "stats": [{"tt": "1st match innings", "sp": "2016-2020", "mt": 16, "in": 16, "pr": "innings_number=1", "ds": 3, "ct": 3, "st": 0, "ck": 0, "cf": 3, "mds": "1 (1ct 0st)", "dspi": 0.187}, {"tt": "2nd match innings", "sp": "2016-2019", "mt": 21, "in": 21, "pr": "innings_number=2", "ds": 7, "ct": 7, "st": 0, "ck": 0, "cf": 7, "mds": "1 (1ct 0st)", "dspi": 0.333}]}, {"type": "FLOODLIT", "stats": [{"tt": "day match", "sp": "2016-2019", "mt": 19, "in": 19, "pr": "floodlit=1", "ds": 8, "ct": 8, "st": 0, "ck": 0, "cf": 8, "mds": "1 (1ct 0st)", "dspi": 0.421}, {"tt": "day/night match", "sp": "2016-2020", "mt": 18, "in": 18, "pr": "floodlit=2", "ds": 2, "ct": 2, "st": 0, "ck": 0, "cf": 2, "mds": "1 (1ct 0st)", "dspi": 0.111}]}, {"type": "RESULT", "stats": [{"tt": "won match", "sp": "2016-2019", "mt": 24, "in": 24, "pr": "result=1", "ds": 7, "ct": 7, "st": 0, "ck": 0, "cf": 7, "mds": "1 (1ct 0st)", "dspi": 0.291}, {"tt": "lost match", "sp": "2016-2020", "mt": 11, "in": 11, "pr": "result=2", "ds": 2, "ct": 2, "st": 0, "ck": 0, "cf": 2, "mds": "1 (1ct 0st)", "dspi": 0.181}, {"tt": "tied match", "sp": "2019-2019", "mt": 1, "in": 1, "pr": "result=3", "ds": 1, "ct": 1, "st": 0, "ck": 0, "cf": 1, "mds": "1 (1ct 0st)", "dspi": 1}, {"tt": "no result", "sp": "2018-2018", "mt": 1, "in": 1, "pr": "result=5", "ds": 0, "ct": 0, "st": 0, "ck": 0, "cf": 0, "mds": "0", "dspi": 0}]}, {"type": "BATTING_FIELDING_SEQUENCE_AND_RESULT", "stats": [{"tt": "won batting first", "sp": "2016-2019", "mt": 15, "in": 15, "pr": "batting_fielding_first=1;result=1", "ds": 5, "ct": 5, "st": 0, "ck": 0, "cf": 5, "mds": "1 (1ct 0st)", "dspi": 0.333}, {"tt": "won fielding first", "sp": "2017-2019", "mt": 9, "in": 9, "pr": "batting_fielding_first=2;result=1", "ds": 2, "ct": 2, "st": 0, "ck": 0, "cf": 2, "mds": "1 (1ct 0st)", "dspi": 0.222}, {"tt": "lost batting first", "sp": "2018-2019", "mt": 5, "in": 5, "pr": "batting_fielding_first=1;result=2", "ds": 1, "ct": 1, "st": 0, "ck": 0, "cf": 1, "mds": "1 (1ct 0st)", "dspi": 0.2}, {"tt": "lost fielding first", "sp": "2016-2020", "mt": 6, "in": 6, "pr": "batting_fielding_first=2;result=2", "ds": 1, "ct": 1, "st": 0, "ck": 0, "cf": 1, "mds": "1 (1ct 0st)", "dspi": 0.166}, {"tt": "tied batting first", "sp": "2019-2019", "mt": 1, "in": 1, "pr": "batting_fielding_first=1;result=3", "ds": 1, "ct": 1, "st": 0, "ck": 0, "cf": 1, "mds": "1 (1ct 0st)", "dspi": 1}, {"tt": "no result fielding first", "sp": "2018-2018", "mt": 1, "in": 1, "pr": "batting_fielding_first=2;result=5", "ds": 0, "ct": 0, "st": 0, "ck": 0, "cf": 0, "mds": "0", "dspi": 0}]}, {"type": "TOURNAMENT_TYPE", "stats": [{"tt": "2 team series", "sp": "2016-2020", "mt": 28, "in": 28, "pr": "tournament_type=2", "ds": 8, "ct": 8, "st": 0, "ck": 0, "cf": 8, "mds": "1 (1ct 0st)", "dspi": 0.285}, {"tt": "5+ team tournaments", "sp": "2019-2019", "mt": 9, "in": 9, "pr": "tournament_type=5", "ds": 2, "ct": 2, "st": 0, "ck": 0, "cf": 2, "mds": "1 (1ct 0st)", "dspi": 0.222}]}, {"type": "MATCH_NUMBER", "stats": [{"tt": "1st match in series", "sp": "2016-2020", "mt": 10, "in": 10, "pr": "match_number=1", "ds": 2, "ct": 2, "st": 0, "ck": 0, "cf": 2, "mds": "1 (1ct 0st)", "dspi": 0.2}, {"tt": "2nd match in series", "sp": "2016-2019", "mt": 7, "in": 7, "pr": "match_number=2", "ds": 3, "ct": 3, "st": 0, "ck": 0, "cf": 3, "mds": "1 (1ct 0st)", "dspi": 0.428}, {"tt": "3rd match in series", "sp": "2016-2019", "mt": 9, "in": 9, "pr": "match_number=3", "ds": 2, "ct": 2, "st": 0, "ck": 0, "cf": 2, "mds": "1 (1ct 0st)", "dspi": 0.222}, {"tt": "4th match in series", "sp": "2018-2018", "mt": 1, "in": 1, "pr": "match_number=4", "ds": 0, "ct": 0, "st": 0, "ck": 0, "cf": 0, "mds": "0", "dspi": 0}, {"tt": "5th match in series", "sp": "2018-2018", "mt": 1, "in": 1, "pr": "match_number=5", "ds": 1, "ct": 1, "st": 0, "ck": 0, "cf": 1, "mds": "1 (1ct 0st)", "dspi": 1}]}, {"type": "MAJOR_TROPHY", "stats": [{"tt": "World Cup", "sp": "2019-2019", "mt": 9, "in": 9, "pr": "trophy=12", "ds": 2, "ct": 2, "st": 0, "ck": 0, "cf": 2, "mds": "1 (1ct 0st)", "dspi": 0.222}, {"tt": "Chappell-Hadlee", "sp": "2016-2020", "mt": 5, "in": 5, "pr": "trophy=65", "ds": 0, "ct": 0, "st": 0, "ck": 0, "cf": 0, "mds": "0", "dspi": 0}]}, {"type": "FINAL_TYPE", "stats": [{"tt": "tournament finals", "sp": "2019-2019", "mt": 1, "in": 1, "pr": "final_type=1", "ds": 1, "ct": 1, "st": 0, "ck": 0, "cf": 1, "mds": "1 (1ct 0st)", "dspi": 1}, {"tt": "tournament semi-finals", "sp": "2019-2019", "mt": 1, "in": 1, "pr": "final_type=3", "ds": 0, "ct": 0, "st": 0, "ck": 0, "cf": 0, "mds": "0", "dspi": 0}, {"tt": "preliminary matches", "sp": "2019-2019", "mt": 7, "in": 7, "pr": "final_type=0", "ds": 1, "ct": 1, "st": 0, "ck": 0, "cf": 1, "mds": "1 (1ct 0st)", "dspi": 0.142}]}]}}