{"summary": {"recordClassId": 2, "type": "ALLROUND", "groups": [{"type": "CAREER_AVERAGES", "stats": [{"tt": "overview", "sp": "2016-2020", "mt": 37, "pr": null, "rn": 63, "wk": 69, "ct": 10, "st": 0, "hs": "19", "hn": 0, "bbi": "5/45", "bta": 7, "bwa": 25.78, "fw": 1, "bbad": -18.78}]}, {"type": "OPPOSITION_TEAM", "stats": [{"tt": "v Afghanistan", "sp": "2019-2019", "mt": 1, "pr": "opposition=40", "rn": null, "wk": 4, "ct": 0, "st": 0, "hs": null, "hn": null, "bbi": "4/37", "bta": null, "bwa": 9.25, "fw": 0, "bbad": null}, {"tt": "v Australia", "sp": "2016-2020", "mt": 6, "pr": "opposition=2", "rn": 8, "wk": 7, "ct": 0, "st": 0, "hs": "4*", "hn": 0, "bbi": "2/44", "bta": 2, "bwa": 48.28, "fw": 0, "bbad": -46.28}, {"tt": "v Bangladesh", "sp": "2016-2019", "mt": 6, "pr": "opposition=25", "rn": 8, "wk": 10, "ct": 1, "st": 0, "hs": "4*", "hn": 0, "bbi": "3/43", "bta": 8, "bwa": 28.4, "fw": 0, "bbad": -20.4}, {"tt": "v England", "sp": "2018-2019", "mt": 2, "pr": "opposition=1", "rn": 19, "wk": 4, "ct": 1, "st": 0, "hs": "19", "hn": 0, "bbi": "3/50", "bta": 19, "bwa": 24.5, "fw": 0, "bbad": -5.5}, {"tt": "v India", "sp": "2019-2019", "mt": 4, "pr": "opposition=6", "rn": 14, "wk": 4, "ct": 1, "st": 0, "hs": "12", "hn": 0, "bbi": "2/81", "bta": 7, "bwa": 55.5, "fw": 0, "bbad": -48.5}, {"tt": "v Pakistan", "sp": "2018-2019", "mt": 9, "pr": "opposition=7", "rn": 10, "wk": 19, "ct": 2, "st": 0, "hs": "6*", "hn": 0, "bbi": "5/45", "bta": null, "bwa": 20.73, "fw": 1, "bbad": null}, {"tt": "v South Africa", "sp": "2017-2019", "mt": 2, "pr": "opposition=3", "rn": 4, "wk": 4, "ct": 0, "st": 0, "hs": "4", "hn": 0, "bbi": "3/59", "bta": 4, "bwa": 32.5, "fw": 0, "bbad": -28.5}, {"tt": "v Sri Lanka", "sp": "2019-2019", "mt": 3, "pr": "opposition=8", "rn": null, "wk": 9, "ct": 2, "st": 0, "hs": null, "hn": null, "bbi": "4/40", "bta": null, "bwa": 14.11, "fw": 0, "bbad": null}, {"tt": "v West Indies", "sp": "2017-2019", "mt": 4, "pr": "opposition=4", "rn": null, "wk": 8, "ct": 3, "st": 0, "hs": null, "hn": null, "bbi": "3/17", "bta": null, "bwa": 18.62, "fw": 0, "bbad": null}]}, {"type": "HOST_COUNTRY", "stats": [{"tt": "in Australia", "sp": "2016-2020", "mt": 3, "pr": "host=2", "rn": 5, "wk": 3, "ct": 0, "st": 0, "hs": "4*", "hn": 0, "bbi": "2/60", "bta": 2.5, "bwa": 61, "fw": 0, "bbad": -58.5}, {"tt": "in England", "sp": "2019-2019", "mt": 9, "pr": "host=1", "rn": 4, "wk": 21, "ct": 2, "st": 0, "hs": "4*", "hn": 0, "bbi": "4/37", "bta": 4, "bwa": 19.47, "fw": 0, "bbad": -15.47}, {"tt": "in New Zealand", "sp": "2016-2019", "mt": 22, "pr": "host=5", "rn": 50, "wk": 34, "ct": 8, "st": 0, "hs": "19", "hn": 0, "bbi": "4/40", "bta": 8.33, "bwa": 30.76, "fw": 0, "bbad": -22.43}, {"tt": "in U.A.E.", "sp": "2018-2018", "mt": 3, "pr": "host=27", "rn": 4, "wk": 11, "ct": 0, "st": 0, "hs": "3*", "hn": 0, "bbi": "5/45", "bta": null, "bwa": 12.81, "fw": 1, "bbad": null}]}, {"type": "CONTINENT", "stats": [{"tt": "in Asia", "sp": "2018-2018", "mt": 3, "pr": "continent=2", "rn": 4, "wk": 11, "ct": 0, "st": 0, "hs": "3*", "hn": 0, "bbi": "5/45", "bta": null, "bwa": 12.81, "fw": 1, "bbad": null}, {"tt": "in Europe", "sp": "2019-2019", "mt": 9, "pr": "continent=4", "rn": 4, "wk": 21, "ct": 2, "st": 0, "hs": "4*", "hn": 0, "bbi": "4/37", "bta": 4, "bwa": 19.47, "fw": 0, "bbad": -15.47}, {"tt": "in Oceania", "sp": "2016-2020", "mt": 25, "pr": "continent=5", "rn": 55, "wk": 37, "ct": 8, "st": 0, "hs": "19", "hn": 0, "bbi": "4/40", "bta": 6.87, "bwa": 33.21, "fw": 0, "bbad": -26.34}]}, {"type": "HOME_OR_AWAY", "stats": [{"tt": "home", "sp": "2016-2019", "mt": 22, "pr": "home_or_away=1", "rn": 50, "wk": 34, "ct": 8, "st": 0, "hs": "19", "hn": 0, "bbi": "4/40", "bta": 8.33, "bwa": 30.76, "fw": 0, "bbad": -22.43}, {"tt": "away", "sp": "2016-2020", "mt": 4, "pr": "home_or_away=2", "rn": 5, "wk": 6, "ct": 1, "st": 0, "hs": "4*", "hn": 0, "bbi": "3/50", "bta": 2.5, "bwa": 38.83, "fw": 0, "bbad": -36.33}, {"tt": "neutral", "sp": "2018-2019", "mt": 11, "pr": "home_or_away=3", "rn": 8, "wk": 29, "ct": 1, "st": 0, "hs": "4*", "hn": 0, "bbi": "5/45", "bta": 8, "bwa": 17.24, "fw": 1, "bbad": -9.24}]}, {"type": "YEAR", "stats": [{"tt": "year 2016", "sp": null, "mt": 4, "pr": "year=2016", "rn": 8, "wk": 5, "ct": 0, "st": 0, "hs": "4*", "hn": 0, "bbi": "3/54", "bta": 4, "bwa": 46, "fw": 0, "bbad": -42}, {"tt": "year 2017", "sp": null, "mt": 6, "pr": "year=2017", "rn": 7, "wk": 8, "ct": 3, "st": 0, "hs": "4", "hn": 0, "bbi": "3/17", "bta": 3.5, "bwa": 33.37, "fw": 0, "bbad": -29.87}, {"tt": "year 2018", "sp": null, "mt": 9, "pr": "year=2018", "rn": 29, "wk": 19, "ct": 1, "st": 0, "hs": "19", "hn": 0, "bbi": "5/45", "bta": 29, "bwa": 20.63, "fw": 1, "bbad": 8.36}, {"tt": "year 2019", "sp": null, "mt": 17, "pr": "year=2019", "rn": 18, "wk": 35, "ct": 6, "st": 0, "hs": "12", "hn": 0, "bbi": "4/37", "bta": 6, "bwa": 23.71, "fw": 0, "bbad": -17.71}, {"tt": "year 2020", "sp": null, "mt": 1, "pr": "year=2020", "rn": 1, "wk": 2, "ct": 0, "st": 0, "hs": "1", "hn": 0, "bbi": "2/60", "bta": 1, "bwa": 30, "fw": 0, "bbad": -29}]}, {"type": "SEASON", "stats": [{"tt": "season 2016/17", "sp": null, "mt": 7, "pr": "season=2016/17", "rn": 15, "wk": 8, "ct": 0, "st": 0, "hs": "4*", "hn": 0, "bbi": "3/54", "bta": 3.75, "bwa": 50.87, "fw": 0, "bbad": -47.12}, {"tt": "season 2017/18", "sp": null, "mt": 9, "pr": "season=2017/18", "rn": 25, "wk": 13, "ct": 4, "st": 0, "hs": "19", "hn": 0, "bbi": "3/17", "bta": 25, "bwa": 26.23, "fw": 0, "bbad": -1.23}, {"tt": "season 2018/19", "sp": null, "mt": 11, "pr": "season=2018/19", "rn": 18, "wk": 25, "ct": 4, "st": 0, "hs": "12", "hn": 0, "bbi": "5/45", "bta": 9, "bwa": 22.48, "fw": 1, "bbad": -13.48}, {"tt": "season 2019", "sp": null, "mt": 9, "pr": "season=2019", "rn": 4, "wk": 21, "ct": 2, "st": 0, "hs": "4*", "hn": 0, "bbi": "4/37", "bta": 4, "bwa": 19.47, "fw": 0, "bbad": -15.47}, {"tt": "season 2019/20", "sp": null, "mt": 1, "pr": "season=2019/20", "rn": 1, "wk": 2, "ct": 0, "st": 0, "hs": "1", "hn": 0, "bbi": "2/60", "bta": 1, "bwa": 30, "fw": 0, "bbad": -29}]}, {"type": "CAPTAINS_INVOLVED", "stats": [{"tt": "*TWM Latham", "sp": "2017-2019", "mt": 4, "pr": "captain_involve=59148", "rn": null, "wk": 8, "ct": 2, "st": 0, "hs": null, "hn": null, "bbi": "5/45", "bta": null, "bwa": 17, "fw": 1, "bbad": null}, {"tt": "*TG Southee", "sp": "2018-2018", "mt": 1, "pr": "captain_involve=49108", "rn": 19, "wk": 1, "ct": 0, "st": 0, "hs": "19", "hn": 0, "bbi": "1/48", "bta": 19, "bwa": 48, "fw": 0, "bbad": -29}, {"tt": "*KS Williamson", "sp": "2016-2020", "mt": 32, "pr": "captain_involve=51088", "rn": 44, "wk": 60, "ct": 8, "st": 0, "hs": "12", "hn": 0, "bbi": "4/37", "bta": 5.5, "bwa": 26.58, "fw": 0, "bbad": -21.08}]}, {"type": "CAPTAIN", "stats": [{"tt": "is not captain", "sp": "2016-2020", "mt": 37, "pr": "captain=0", "rn": 63, "wk": 69, "ct": 10, "st": 0, "hs": "19", "hn": 0, "bbi": "5/45", "bta": 7, "bwa": 25.78, "fw": 1, "bbad": -18.78}]}, {"type": "KEEPER", "stats": [{"tt": "is not keeper", "sp": "2016-2020", "mt": 37, "pr": "keeper=0", "rn": 63, "wk": 69, "ct": 10, "st": 0, "hs": "19", "hn": 0, "bbi": "5/45", "bta": 7, "bwa": 25.78, "fw": 1, "bbad": -18.78}]}, {"type": "TOSS", "stats": [{"tt": "won the toss", "sp": "2016-2019", "mt": 19, "pr": "toss=1", "rn": 16, "wk": 37, "ct": 7, "st": 0, "hs": "6*", "hn": 0, "bbi": "4/37", "bta": 8, "bwa": 23.89, "fw": 0, "bbad": -15.89}, {"tt": "lost the toss", "sp": "2016-2020", "mt": 18, "pr": "toss=2", "rn": 47, "wk": 32, "ct": 3, "st": 0, "hs": "19", "hn": 0, "bbi": "5/45", "bta": 6.71, "bwa": 27.96, "fw": 1, "bbad": -21.25}]}, {"type": "BATTING_FIELDING_SEQUENCE_AND_TOSS", "stats": [{"tt": "won toss &amp; batted", "sp": "2016-2019", "mt": 13, "pr": "batting_fielding_first=1;toss=1", "rn": 12, "wk": 21, "ct": 5, "st": 0, "hs": "6*", "hn": 0, "bbi": "3/36", "bta": 6, "bwa": 30.19, "fw": 0, "bbad": -24.19}, {"tt": "won toss &amp; fielded", "sp": "2017-2019", "mt": 6, "pr": "batting_fielding_first=2;toss=1", "rn": 4, "wk": 16, "ct": 2, "st": 0, "hs": "4*", "hn": 0, "bbi": "4/37", "bta": null, "bwa": 15.62, "fw": 0, "bbad": null}, {"tt": "lost toss &amp; sent in", "sp": "2016-2019", "mt": 8, "pr": "batting_fielding_first=1;toss=2", "rn": 26, "wk": 14, "ct": 2, "st": 0, "hs": "19", "hn": 0, "bbi": "4/40", "bta": 13, "bwa": 25.07, "fw": 0, "bbad": -12.07}, {"tt": "lost toss &amp; fielded", "sp": "2016-2020", "mt": 10, "pr": "batting_fielding_first=2;toss=2", "rn": 21, "wk": 18, "ct": 1, "st": 0, "hs": "12", "hn": 0, "bbi": "5/45", "bta": 4.2, "bwa": 30.22, "fw": 1, "bbad": -26.02}]}, {"type": "BATTING_FIELDING_SEQUENCE", "stats": [{"tt": "matches batting first", "sp": "2016-2019", "mt": 21, "pr": "batting_fielding_first=1", "rn": 38, "wk": 35, "ct": 7, "st": 0, "hs": "19", "hn": 0, "bbi": "4/40", "bta": 9.5, "bwa": 28.14, "fw": 0, "bbad": -18.64}, {"tt": "matches fielding first", "sp": "2016-2020", "mt": 16, "pr": "batting_fielding_first=2", "rn": 25, "wk": 34, "ct": 3, "st": 0, "hs": "12", "hn": 0, "bbi": "5/45", "bta": 5, "bwa": 23.35, "fw": 1, "bbad": -18.35}]}, {"type": "TEAM_INNINGS", "stats": [{"tt": "1st team innings", "sp": "2016-2020", "mt": 37, "pr": "innings_number=1;innings_number=2", "rn": 63, "wk": 69, "ct": 10, "st": 0, "hs": "19", "hn": 0, "bbi": "5/45", "bta": 7, "bwa": 25.78, "fw": 1, "bbad": -18.78}]}, {"type": "MATCH_INNINGS", "stats": [{"tt": "1st match innings", "sp": "2016-2020", "mt": 37, "pr": "innings_number=1", "rn": 38, "wk": 34, "ct": 3, "st": 0, "hs": "19", "hn": 0, "bbi": "5/45", "bta": 9.5, "bwa": 23.35, "fw": 1, "bbad": -13.85}, {"tt": "2nd match innings", "sp": "2016-2020", "mt": 37, "pr": "innings_number=2", "rn": 25, "wk": 35, "ct": 7, "st": 0, "hs": "12", "hn": 0, "bbi": "4/40", "bta": 5, "bwa": 28.14, "fw": 0, "bbad": -23.14}]}, {"type": "FLOODLIT", "stats": [{"tt": "day match", "sp": "2016-2019", "mt": 19, "pr": "floodlit=1", "rn": 13, "wk": 36, "ct": 8, "st": 0, "hs": "6*", "hn": 0, "bbi": "4/40", "bta": 6.5, "bwa": 23.08, "fw": 0, "bbad": -16.58}, {"tt": "day/night match", "sp": "2016-2020", "mt": 18, "pr": "floodlit=2", "rn": 50, "wk": 33, "ct": 2, "st": 0, "hs": "19", "hn": 0, "bbi": "5/45", "bta": 7.14, "bwa": 28.72, "fw": 1, "bbad": -21.58}]}, {"type": "RESULT", "stats": [{"tt": "won match", "sp": "2016-2019", "mt": 24, "pr": "result=1", "rn": 20, "wk": 47, "ct": 7, "st": 0, "hs": "6*", "hn": 0, "bbi": "4/37", "bta": 10, "bwa": 22.21, "fw": 0, "bbad": -12.21}, {"tt": "lost match", "sp": "2016-2020", "mt": 11, "pr": "result=2", "rn": 43, "wk": 14, "ct": 2, "st": 0, "hs": "19", "hn": 0, "bbi": "3/60", "bta": 6.14, "bwa": 45.71, "fw": 0, "bbad": -39.57}, {"tt": "tied match", "sp": "2019-2019", "mt": 1, "pr": "result=3", "rn": null, "wk": 3, "ct": 1, "st": 0, "hs": null, "hn": null, "bbi": "3/50", "bta": null, "bwa": 16.66, "fw": 0, "bbad": null}, {"tt": "no result", "sp": "2018-2018", "mt": 1, "pr": "result=5", "rn": null, "wk": 5, "ct": 0, "st": 0, "hs": null, "hn": null, "bbi": "5/45", "bta": null, "bwa": 9, "fw": 1, "bbad": null}]}, {"type": "BATTING_FIELDING_SEQUENCE_AND_RESULT", "stats": [{"tt": "won batting first", "sp": "2016-2019", "mt": 15, "pr": "batting_fielding_first=1;result=1", "rn": 16, "wk": 26, "ct": 5, "st": 0, "hs": "6*", "hn": 0, "bbi": "4/40", "bta": 8, "bwa": 26.11, "fw": 0, "bbad": -18.11}, {"tt": "won fielding first", "sp": "2017-2019", "mt": 9, "pr": "batting_fielding_first=2;result=1", "rn": 4, "wk": 21, "ct": 2, "st": 0, "hs": "4*", "hn": 0, "bbi": "4/37", "bta": null, "bwa": 17.38, "fw": 0, "bbad": null}, {"tt": "lost batting first", "sp": "2018-2019", "mt": 5, "pr": "batting_fielding_first=1;result=2", "rn": 22, "wk": 6, "ct": 1, "st": 0, "hs": "19", "hn": 0, "bbi": "3/60", "bta": 11, "bwa": 42.66, "fw": 0, "bbad": -31.66}, {"tt": "lost fielding first", "sp": "2016-2020", "mt": 6, "pr": "batting_fielding_first=2;result=2", "rn": 21, "wk": 8, "ct": 1, "st": 0, "hs": "12", "hn": 0, "bbi": "2/49", "bta": 4.2, "bwa": 48, "fw": 0, "bbad": -43.8}, {"tt": "tied batting first", "sp": "2019-2019", "mt": 1, "pr": "batting_fielding_first=1;result=3", "rn": null, "wk": 3, "ct": 1, "st": 0, "hs": null, "hn": null, "bbi": "3/50", "bta": null, "bwa": 16.66, "fw": 0, "bbad": null}, {"tt": "no result fielding first", "sp": "2018-2018", "mt": 1, "pr": "batting_fielding_first=2;result=5", "rn": null, "wk": 5, "ct": 0, "st": 0, "hs": null, "hn": null, "bbi": "5/45", "bta": null, "bwa": 9, "fw": 1, "bbad": null}]}, {"type": "TOURNAMENT_TYPE", "stats": [{"tt": "2 team series", "sp": "2016-2020", "mt": 28, "pr": "tournament_type=2", "rn": 59, "wk": 48, "ct": 8, "st": 0, "hs": "19", "hn": 0, "bbi": "5/45", "bta": 7.37, "bwa": 28.54, "fw": 1, "bbad": -21.16}, {"tt": "5+ team tournaments", "sp": "2019-2019", "mt": 9, "pr": "tournament_type=5", "rn": 4, "wk": 21, "ct": 2, "st": 0, "hs": "4*", "hn": 0, "bbi": "4/37", "bta": 4, "bwa": 19.47, "fw": 0, "bbad": -15.47}]}, {"type": "MATCH_NUMBER", "stats": [{"tt": "1st match in series", "sp": "2016-2020", "mt": 10, "pr": "match_number=1", "rn": 7, "wk": 18, "ct": 2, "st": 0, "hs": "3*", "hn": 0, "bbi": "3/36", "bta": 2.33, "bwa": 28.11, "fw": 0, "bbad": -25.77}, {"tt": "2nd match in series", "sp": "2016-2019", "mt": 7, "pr": "match_number=2", "rn": 36, "wk": 16, "ct": 3, "st": 0, "hs": "19", "hn": 0, "bbi": "3/17", "bta": 12, "bwa": 21.31, "fw": 0, "bbad": -9.31}, {"tt": "3rd match in series", "sp": "2016-2019", "mt": 9, "pr": "match_number=3", "rn": 16, "wk": 12, "ct": 2, "st": 0, "hs": "6*", "hn": 0, "bbi": "5/45", "bta": 8, "bwa": 35.58, "fw": 1, "bbad": -27.58}, {"tt": "4th match in series", "sp": "2018-2018", "mt": 1, "pr": "match_number=4", "rn": null, "wk": 0, "ct": 0, "st": 0, "hs": null, "hn": null, "bbi": "-", "bta": null, "bwa": null, "fw": 0, "bbad": null}, {"tt": "5th match in series", "sp": "2018-2018", "mt": 1, "pr": "match_number=5", "rn": null, "wk": 2, "ct": 1, "st": 0, "hs": null, "hn": null, "bbi": "2/64", "bta": null, "bwa": 32, "fw": 0, "bbad": null}]}, {"type": "MAJOR_TROPHY", "stats": [{"tt": "World Cup", "sp": "2019-2019", "mt": 9, "pr": "trophy=12", "rn": 4, "wk": 21, "ct": 2, "st": 0, "hs": "4*", "hn": 0, "bbi": "4/37", "bta": 4, "bwa": 19.47, "fw": 0, "bbad": -15.47}, {"tt": "Chappell-Hadlee", "sp": "2016-2020", "mt": 5, "pr": "trophy=65", "rn": 8, "wk": 5, "ct": 0, "st": 0, "hs": "4*", "hn": 0, "bbi": "2/44", "bta": 2.66, "bwa": 57.8, "fw": 0, "bbad": -55.13}]}, {"type": "FINAL_TYPE", "stats": [{"tt": "tournament finals", "sp": "2019-2019", "mt": 1, "pr": "final_type=1", "rn": null, "wk": 3, "ct": 1, "st": 0, "hs": null, "hn": null, "bbi": "3/50", "bta": null, "bwa": 16.66, "fw": 0, "bbad": null}, {"tt": "tournament semi-finals", "sp": "2019-2019", "mt": 1, "pr": "final_type=3", "rn": null, "wk": 1, "ct": 0, "st": 0, "hs": null, "hn": null, "bbi": "1/43", "bta": null, "bwa": 43, "fw": 0, "bbad": null}, {"tt": "preliminary matches", "sp": "2019-2019", "mt": 7, "pr": "final_type=0", "rn": 4, "wk": 17, "ct": 1, "st": 0, "hs": "4*", "hn": 0, "bbi": "4/37", "bta": 4, "bwa": 18.58, "fw": 0, "bbad": -14.58}]}]}}