{"player": {"id": 61819, "objectId": 439029, "name": "HNK Jensen", "longName": "Hayley Jensen", "mobileName": "Jensen", "indexName": "Jensen, HNK", "battingName": "HNK Jensen", "fieldingName": "Jensen", "slug": "hayley-jensen", "gender": "F", "playingRole": "bowler", "battingStyles": ["rhb"], "bowlingStyles": ["rm"], "longBattingStyles": ["right-hand bat"], "longBowlingStyles": ["right-arm medium"], "image": {"id": 305772, "objectId": 1225729, "slug": "hayley-jensen-portrait", "url": "/db/PICTURES/CMS/305700/305772.png", "width": 160, "height": 200, "caption": "Hayley Jensen portrait", "longCaption": "Hayley Jensen portrait, June 2020", "credit": "Getty Images", "photographer": null, "peerUrls": null}, "countryTeamId": 5, "playingRoleType": "P", "playingRoles": ["bowler"], "dateOfBirth": {"year": 1992, "month": 10, "date": 7}, "dateOfDeath": null, "fullName": "Hayley Nicole Kayla Jensen", "nickNames": "Hails", "alsoKnownAs": "", "height": 0, "heightUnit": null, "education": "", "country": {"id": 5, "objectId": 5, "name": "New Zealand", "shortName": "New Zealand", "image": {"id": 313127, "objectId": 1241586, "slug": "new-zealand-logo", "url": "/db/PICTURES/CMS/313100/313127.logo.png", "width": 500, "height": 500, "caption": "New Zealand logo", "longCaption": "New Zealand logo", "credit": null, "photographer": null, "peerUrls": null}}, "altCountryTeamId": null, "placeOfBirth": "Christchurch, Canterbury", "dobText": null, "dodText": null, "placeOfDeath": "", "intlCareerSpan": "2014 - 2021", "headshotImage": {"id": 320539, "objectId": 1261422, "slug": "hayley-jensen-player-page-headshot-cutout-2021", "url": "/db/PICTURES/CMS/320500/320539.png", "width": 600, "height": 436, "caption": "Hayley Jensen player page headshot cutout, 2021", "longCaption": "Hayley Jensen player page headshot cutout, 2021", "credit": null, "photographer": null, "peerUrls": {"FILM": null, "WIDE": null, "SQUARE": "/db/PICTURES/CMS/320500/320539.square.png"}}, "backgroundImage": {"id": 317126, "objectId": 1252769, "slug": "hayley-jensen-plays-one-on-the-off-side", "url": "/db/PICTURES/CMS/317100/317126.jpg", "width": 1400, "height": 933, "caption": "Hayley Jensen plays one on the off side", "longCaption": "Hayley Jensen plays one on the off side, New Zealand Women vs England Women, 1st ODI, Christchurch, February 23, 2021", "credit": "Getty Images", "photographer": null, "peerUrls": {"FILM": "/db/PICTURES/CMS/317100/317126.jpg", "WIDE": "/db/PICTURES/CMS/317100/317126.6.jpg", "SQUARE": "/db/PICTURES/CMS/317100/317126.10.jpg"}}, "externalLinks": [], "fieldingStyles": [], "otherStyles": [], "matchPlayerTypes": [1], "hasRecords": true, "hasStats": true, "hasMatches": true, "totalStories": 10, "totalVideos": 0, "totalImages": 8}, "teams": [{"team": {"id": 257, "objectId": 206, "scribeId": 206, "slug": "australian-capital-territory-women", "name": "ACT Women", "longName": "Australian Capital Territory Women", "abbreviation": "ACTW", "isCountry": false, "primaryColor": null, "image": null}, "current": false}, {"team": {"id": 2531, "objectId": 2480, "scribeId": 2480, "slug": "canterbury-women", "name": "Cant Women", "longName": "Canterbury Women", "abbreviation": "CAN-W", "isCountry": false, "primaryColor": null, "image": null}, "current": false}, {"team": {"id": 5649, "objectId": 896433, "scribeId": 896433, "slug": "hobart-hurricanes-women", "name": "Hurricanes W", "longName": "Hobart Hurricanes Women", "abbreviation": "HH-W", "isCountry": false, "primaryColor": null, "image": {"id": 313510, "objectId": 1241969, "slug": "hobart-hurricanes-women-logo", "url": "/db/PICTURES/CMS/313500/313510.logo.png", "width": 500, "height": 500, "caption": "Hobart Hurricanes Women logo", "longCaption": "Hobart Hurricanes Women logo", "credit": null, "photographer": null, "peerUrls": null}}, "current": false}, {"team": {"id": 5645, "objectId": 896407, "scribeId": 896407, "slug": "melbourne-renegades-women", "name": "Renegades Wm", "longName": "Melbourne Renegades Women", "abbreviation": "MR-W", "isCountry": false, "primaryColor": null, "image": {"id": 313508, "objectId": 1241967, "slug": "melbourne-renegades-women-logo", "url": "/db/PICTURES/CMS/313500/313508.logo.png", "width": 500, "height": 500, "caption": "Melbourne Renegades Women logo", "longCaption": "Melbourne Renegades Women logo", "credit": null, "photographer": null, "peerUrls": null}}, "current": false}, {"team": {"id": 2614, "objectId": 2563, "scribeId": 2563, "slug": "new-zealand-women", "name": "NZ Women", "longName": "New Zealand Women", "abbreviation": "NZ-W", "isCountry": false, "primaryColor": null, "image": {"id": 313335, "objectId": 1241794, "slug": "new-zealand-women-logo", "url": "/db/PICTURES/CMS/313300/313335.logo.png", "width": 500, "height": 500, "caption": "New Zealand Women logo", "longCaption": "New Zealand Women logo", "credit": null, "photographer": null, "peerUrls": null}}, "current": false}, {"team": {"id": 2573, "objectId": 2522, "scribeId": 2522, "slug": "northern-districts-women", "name": "ND Women", "longName": "Northern Districts Women", "abbreviation": "ND-W", "isCountry": false, "primaryColor": null, "image": null}, "current": false}, {"team": {"id": 2627, "objectId": 2576, "scribeId": 2576, "slug": "otago-women", "name": "Otago Women", "longName": "Otago Women", "abbreviation": "OTG-W", "isCountry": false, "primaryColor": null, "image": null}, "current": false}, {"team": {"id": 651, "objectId": 600, "scribeId": 600, "slug": "victoria-women", "name": "VIC Women", "longName": "Victoria Women", "abbreviation": "VIC-W", "isCountry": false, "primaryColor": null, "image": {"id": 318595, "objectId": 1256987, "slug": "victoria-team-logo-2021", "url": "/db/PICTURES/CMS/318500/318595.jpg", "width": 500, "height": 500, "caption": "Victoria team logo 2021", "longCaption": "Victoria team logo 2021", "credit": "Unknown", "photographer": null, "peerUrls": null}}, "current": false}]}