{"player": {"id": 67070, "objectId": 544428, "name": "TMM Newton", "longName": "Thamsyn Newton", "mobileName": "Newton", "indexName": "Newton,TMM", "battingName": "TMM Newton", "fieldingName": "Newton", "slug": "thamsyn-newton", "gender": "F", "playingRole": "bowler", "battingStyles": ["rhb"], "bowlingStyles": ["rm"], "longBattingStyles": ["right-hand bat"], "longBowlingStyles": ["right-arm medium"], "image": {"id": 305805, "objectId": 1225762, "slug": "thamsyn-newton-portrait", "url": "/db/PICTURES/CMS/305800/305805.png", "width": 160, "height": 202, "caption": "Thamsyn Newton portrait", "longCaption": "Thamsyn Newton portrait, June 2020", "credit": "Getty Images", "photographer": null, "peerUrls": null}, "countryTeamId": 5, "playingRoleType": "P", "playingRoles": ["bowler"], "dateOfBirth": {"year": 1995, "month": 6, "date": 3}, "dateOfDeath": null, "fullName": "Thamsyn Michelle Moupia Newton", "nickNames": "", "alsoKnownAs": "", "height": 0, "heightUnit": null, "education": "", "country": {"id": 5, "objectId": 5, "name": "New Zealand", "shortName": "New Zealand", "image": {"id": 313127, "objectId": 1241586, "slug": "new-zealand-logo", "url": "/db/PICTURES/CMS/313100/313127.logo.png", "width": 500, "height": 500, "caption": "New Zealand logo", "longCaption": "New Zealand logo", "credit": null, "photographer": null, "peerUrls": null}}, "altCountryTeamId": null, "placeOfBirth": "Paraparaumu", "dobText": null, "dodText": null, "placeOfDeath": "", "intlCareerSpan": "2015 - 2021", "headshotImage": null, "backgroundImage": {"id": 270122, "objectId": 1127147, "slug": "thamsyn-newton-scythes-the-ball-into-the-off-side", "url": "/db/PICTURES/CMS/270100/270122.jpg", "width": 1400, "height": 933, "caption": "Thamsyn Newton scythes the ball into the off side", "longCaption": "Thamsyn Newton scythes the ball into the off side, Canterbury v Northern Districts, New Zealand Women's One Day Competition, Christchurch, November 25, 2017", "credit": "Getty Images", "photographer": null, "peerUrls": {"FILM": "/db/PICTURES/CMS/270100/270122.jpg", "WIDE": "/db/PICTURES/CMS/270100/270122.5.jpg", "SQUARE": "/db/PICTURES/CMS/270100/270122.9.jpg"}}, "externalLinks": [], "fieldingStyles": [], "otherStyles": [], "matchPlayerTypes": [1], "hasRecords": true, "hasStats": true, "hasMatches": true, "totalStories": 6, "totalVideos": 0, "totalImages": 3}, "teams": [{"team": {"id": 2614, "objectId": 2563, "scribeId": 2563, "slug": "new-zealand-women", "name": "NZ Women", "longName": "New Zealand Women", "abbreviation": "NZ-W", "isCountry": false, "primaryColor": null, "image": {"id": 313335, "objectId": 1241794, "slug": "new-zealand-women-logo", "url": "/db/PICTURES/CMS/313300/313335.logo.png", "width": 500, "height": 500, "caption": "New Zealand Women logo", "longCaption": "New Zealand Women logo", "credit": null, "photographer": null, "peerUrls": null}}, "current": false}, {"team": {"id": 2659, "objectId": 2608, "scribeId": 2608, "slug": "wellington-women", "name": "Well Women", "longName": "Wellington Women", "abbreviation": "WEL-W", "isCountry": false, "primaryColor": null, "image": null}, "current": false}]}